========================================================
  branch : stage1-mtu-fragmentation
  commit : 1d3911f
  dirty  : 5 file(s) modified
  libnccl: lrwxrwxrwx 1 wangyj05 wangyj05       17 Aug 12 14:55 /home/wangyj05/msccl_azure/executor/msccl-executor-nccl/build/lib/libnccl.so.2 -> libnccl.so.2.23.4
========================================================

========================================================
  CASE A_baseline
  NCCL_IB_FRAG_SIZE=0  NCCL_IB_FRAG_BATCH=2
  Wed Aug 12 17:17:54 CST 2026
========================================================
# nThread 1 nGpus 1 minBytes 3072 maxBytes 134217728 step: 2(factor) warmup iters: 5 iters: 20 agg iters: 1 validation: 1 graph: 0
#
# Using devices
#  Rank  0 Group  0 Pid 1312397 on        ja2 device  0 [0000:01:00] Tesla V100-PCIE-16GB
#  Rank  1 Group  0 Pid 927758 on        ja3 device  0 [0000:01:00] Tesla V100-PCIE-16GB
#  Rank  2 Group  0 Pid 2516912 on        ja4 device  0 [0000:01:00] Tesla V100-PCIE-16GB
ja2:1312397:1312397 [0] NCCL INFO cudaDriverVersion 12000
ja2:1312397:1312397 [0] NCCL INFO NCCL version 2.23.4+cuda12.2
ja2:1312397:1312407 [0] NCCL INFO NET/Plugin: Could not find: libnccl-net.so. Using internal network plugin.
ja2:1312397:1312407 [0] NCCL INFO NCCL_IB_HCA set to mlx5_0
ja2:1312397:1312407 [0] NCCL INFO NET/IB : Using [0]mlx5_0:1/IB [RO]; OOB enp68s0f0:172.23.15.12<0>
ja2:1312397:1312407 [0] NCCL INFO PROFILER/Plugin: Could not find: libnccl-profiler.so.
ja2:1312397:1312407 [0] NCCL INFO Using network IB
ja2:1312397:1312407 [0] NCCL INFO ncclCommInitRank comm 0x3f83d750 rank 0 nranks 3 cudaDev 0 nvmlDev 0 busId 1000 commId 0x42794c1213467dd5 - Init START
ja3:927758:927758 [0] NCCL INFO cudaDriverVersion 12000
ja3:927758:927758 [0] NCCL INFO NCCL version 2.23.4+cuda12.2
ja3:927758:927766 [0] NCCL INFO NET/Plugin: Could not find: libnccl-net.so. Using internal network plugin.
ja3:927758:927766 [0] NCCL INFO NCCL_IB_HCA set to mlx5_0
ja3:927758:927766 [0] NCCL INFO NET/IB : Using [0]mlx5_0:1/IB [RO]; OOB enp68s0f0:172.23.15.13<0>
ja3:927758:927766 [0] NCCL INFO PROFILER/Plugin: Could not find: libnccl-profiler.so.
ja3:927758:927766 [0] NCCL INFO Using network IB
ja3:927758:927766 [0] NCCL INFO ncclCommInitRank comm 0xfcee830 rank 1 nranks 3 cudaDev 0 nvmlDev 0 busId 1000 commId 0x42794c1213467dd5 - Init START
ja4:2516912:2516912 [0] NCCL INFO cudaDriverVersion 12000
ja4:2516912:2516912 [0] NCCL INFO NCCL version 2.23.4+cuda12.2
ja4:2516912:2516921 [0] NCCL INFO NET/Plugin: Could not find: libnccl-net.so. Using internal network plugin.
ja4:2516912:2516921 [0] NCCL INFO NCCL_IB_HCA set to mlx5_0
ja4:2516912:2516921 [0] NCCL INFO NET/IB : Using [0]mlx5_0:1/IB [RO]; OOB enp68s0f0:172.23.15.14<0>
ja4:2516912:2516921 [0] NCCL INFO PROFILER/Plugin: Could not find: libnccl-profiler.so.
ja4:2516912:2516921 [0] NCCL INFO Using network IB
ja4:2516912:2516921 [0] NCCL INFO ncclCommInitRank comm 0x2a468fc0 rank 2 nranks 3 cudaDev 0 nvmlDev 0 busId 1000 commId 0x42794c1213467dd5 - Init START
ja4:2516912:2516921 [0] NCCL INFO NET/IB : GPU Direct RDMA Disabled for HCA 0 'mlx5_0'
ja2:1312397:1312407 [0] NCCL INFO NET/IB : GPU Direct RDMA Disabled for HCA 0 'mlx5_0'
ja3:927758:927766 [0] NCCL INFO NET/IB : GPU Direct RDMA Disabled for HCA 0 'mlx5_0'
ja2:1312397:1312407 [0] NCCL INFO comm 0x3f83d750 rank 0 nRanks 3 nNodes 3 localRanks 1 localRank 0 MNNVL 0
ja4:2516912:2516921 [0] NCCL INFO comm 0x2a468fc0 rank 2 nRanks 3 nNodes 3 localRanks 1 localRank 0 MNNVL 0
ja3:927758:927766 [0] NCCL INFO comm 0xfcee830 rank 1 nRanks 3 nNodes 3 localRanks 1 localRank 0 MNNVL 0
ja2:1312397:1312407 [0] NCCL INFO MSCCL: No external scheduler found, using internal implementation
ja2:1312397:1312407 [0] NCCL INFO MSCCL: Internal Scheduler will use /home/wangyj05/msccl_azure/executor/msccl-executor-nccl/build/lib/msccl-algorithms as algorithm directory and /home/wangyj05/msccl_azure/executor/msccl-executor-nccl/build/lib/../share/nccl/msccl-algorithms as share algorithm directory and /usr/share/nccl/msccl-algorithms as package installed share algorithm directory 
ja4:2516912:2516921 [0] NCCL INFO MSCCL: No external scheduler found, using internal implementation
ja4:2516912:2516921 [0] NCCL INFO MSCCL: Internal Scheduler will use /home/wangyj05/msccl_azure/executor/msccl-executor-nccl/build/lib/msccl-algorithms as algorithm directory and /home/wangyj05/msccl_azure/executor/msccl-executor-nccl/build/lib/../share/nccl/msccl-algorithms as share algorithm directory and /usr/share/nccl/msccl-algorithms as package installed share algorithm directory 
ja3:927758:927766 [0] NCCL INFO MSCCL: No external scheduler found, using internal implementation
ja3:927758:927766 [0] NCCL INFO MSCCL: Internal Scheduler will use /home/wangyj05/msccl_azure/executor/msccl-executor-nccl/build/lib/msccl-algorithms as algorithm directory and /home/wangyj05/msccl_azure/executor/msccl-executor-nccl/build/lib/../share/nccl/msccl-algorithms as share algorithm directory and /usr/share/nccl/msccl-algorithms as package installed share algorithm directory 
ja2:1312397:1312407 [0] NCCL INFO Using MSCCL Algo files from /home/wangyj05/msccl_azure/executor/msccl-executor-nccl/build/lib/msccl-algorithms
ja3:927758:927766 [0] NCCL INFO Using MSCCL Algo files from /home/wangyj05/msccl_azure/executor/msccl-executor-nccl/build/lib/msccl-algorithms
ja4:2516912:2516921 [0] NCCL INFO Using MSCCL Algo files from /home/wangyj05/msccl_azure/executor/msccl-executor-nccl/build/lib/msccl-algorithms
ja2:1312397:1312407 [0] NCCL INFO Channel 00/02 : 0 1 2
ja2:1312397:1312407 [0] NCCL INFO Channel 01/02 : 0 1 2
ja2:1312397:1312407 [0] NCCL INFO Trees [0] 2/-1/-1->0->-1 [1] 2/-1/-1->0->1
ja2:1312397:1312407 [0] NCCL INFO P2P Chunksize set to 131072
ja2:1312397:1312409 [0] NCCL INFO [Proxy Service] Device 0 CPU core 64
ja4:2516912:2516921 [0] NCCL INFO Trees [0] 1/-1/-1->2->0 [1] -1/-1/-1->2->0
ja4:2516912:2516921 [0] NCCL INFO P2P Chunksize set to 131072
ja3:927758:927766 [0] NCCL INFO Trees [0] -1/-1/-1->1->2 [1] 0/-1/-1->1->-1
ja3:927758:927766 [0] NCCL INFO P2P Chunksize set to 131072
ja2:1312397:1312410 [0] NCCL INFO [Proxy Service UDS] Device 0 CPU core 192
ja4:2516912:2516923 [0] NCCL INFO [Proxy Service] Device 0 CPU core 192
ja4:2516912:2516924 [0] NCCL INFO [Proxy Service UDS] Device 0 CPU core 192
ja3:927758:927768 [0] NCCL INFO [Proxy Service] Device 0 CPU core 64
ja3:927758:927769 [0] NCCL INFO [Proxy Service UDS] Device 0 CPU core 64
ja4:2516912:2516921 [0] NCCL INFO NCCL_ALGO set by environment to MSCCL,RING,TREE
ja4:2516912:2516921 [0] NCCL INFO threadThresholds 8/8/64 | 24/8/64 | 512 | 512
ja4:2516912:2516921 [0] NCCL INFO 2 coll channels, 2 collnet channels, 0 nvls channels, 2 p2p channels, 2 p2p channels per peer
ja3:927758:927766 [0] NCCL INFO NCCL_ALGO set by environment to MSCCL,RING,TREE
ja3:927758:927766 [0] NCCL INFO threadThresholds 8/8/64 | 24/8/64 | 512 | 512
ja3:927758:927766 [0] NCCL INFO 2 coll channels, 2 collnet channels, 0 nvls channels, 2 p2p channels, 2 p2p channels per peer
ja2:1312397:1312407 [0] NCCL INFO NCCL_ALGO set by environment to MSCCL,RING,TREE
ja2:1312397:1312407 [0] NCCL INFO threadThresholds 8/8/64 | 24/8/64 | 512 | 512
ja2:1312397:1312407 [0] NCCL INFO 2 coll channels, 2 collnet channels, 0 nvls channels, 2 p2p channels, 2 p2p channels per peer
ja2:1312397:1312407 [0] NCCL INFO CC Off, Multi-GPU CC Off, workFifoBytes 1048576
ja4:2516912:2516923 [0] NCCL INFO New proxy recv connection 0 from local rank 0, transport 2
ja4:2516912:2516921 [0] NCCL INFO Connected to proxy localRank 0 -> connection 0x14cf30000d10
ja4:2516912:2516925 [0] NCCL INFO [Proxy Progress] Device 0 CPU core 192
ja4:2516912:2516921 [0] NCCL INFO Channel 00/0 : 1[0] -> 2[0] [receive] via NET/IB/0
ja4:2516912:2516923 [0] NCCL INFO New proxy send connection 1 from local rank 0, transport 2
ja4:2516912:2516921 [0] NCCL INFO Connected to proxy localRank 0 -> connection 0x14cf30000d88
ja4:2516912:2516921 [0] NCCL INFO Channel 00/0 : 2[0] -> 0[0] [send] via NET/IB/0
ja2:1312397:1312409 [0] NCCL INFO New proxy recv connection 0 from local rank 0, transport 2
ja2:1312397:1312411 [0] NCCL INFO [Proxy Progress] Device 0 CPU core 64
ja2:1312397:1312407 [0] NCCL INFO Connected to proxy localRank 0 -> connection 0x14d014000d10
ja2:1312397:1312407 [0] NCCL INFO Channel 00/0 : 2[0] -> 0[0] [receive] via NET/IB/0
ja2:1312397:1312409 [0] NCCL INFO New proxy send connection 1 from local rank 0, transport 2
ja2:1312397:1312407 [0] NCCL INFO Connected to proxy localRank 0 -> connection 0x14d014000d88
ja2:1312397:1312407 [0] NCCL INFO Channel 00/0 : 0[0] -> 1[0] [send] via NET/IB/0
ja3:927758:927768 [0] NCCL INFO New proxy recv connection 0 from local rank 0, transport 2
ja3:927758:927766 [0] NCCL INFO Connected to proxy localRank 0 -> connection 0x152f14000d10
ja3:927758:927770 [0] NCCL INFO [Proxy Progress] Device 0 CPU core 64
ja3:927758:927766 [0] NCCL INFO Channel 00/0 : 0[0] -> 1[0] [receive] via NET/IB/0
ja3:927758:927768 [0] NCCL INFO New proxy send connection 1 from local rank 0, transport 2
ja3:927758:927766 [0] NCCL INFO Connected to proxy localRank 0 -> connection 0x152f14000d88
ja3:927758:927766 [0] NCCL INFO Channel 00/0 : 1[0] -> 2[0] [send] via NET/IB/0
ja2:1312397:1312409 [0] NCCL INFO New proxy recv connection 2 from local rank 0, transport 2
ja2:1312397:1312407 [0] NCCL INFO Connected to proxy localRank 0 -> connection 0x14d014000e00
ja3:927758:927768 [0] NCCL INFO New proxy recv connection 2 from local rank 0, transport 2
ja3:927758:927766 [0] NCCL INFO Connected to proxy localRank 0 -> connection 0x152f14000e00
ja2:1312397:1312407 [0] NCCL INFO Channel 00/0 : 1[0] -> 0[0] [receive] via NET/IB/0
ja2:1312397:1312409 [0] NCCL INFO New proxy send connection 3 from local rank 0, transport 2
ja2:1312397:1312407 [0] NCCL INFO Connected to proxy localRank 0 -> connection 0x14d014000e78
ja4:2516912:2516923 [0] NCCL INFO New proxy recv connection 2 from local rank 0, transport 2
ja4:2516912:2516921 [0] NCCL INFO Connected to proxy localRank 0 -> connection 0x14cf30000e00
ja3:927758:927766 [0] NCCL INFO Channel 00/0 : 2[0] -> 1[0] [receive] via NET/IB/0
ja2:1312397:1312407 [0] NCCL INFO Channel 00/0 : 0[0] -> 2[0] [send] via NET/IB/0
ja4:2516912:2516921 [0] NCCL INFO Channel 00/0 : 0[0] -> 2[0] [receive] via NET/IB/0
ja4:2516912:2516923 [0] NCCL INFO New proxy send connection 3 from local rank 0, transport 2
ja4:2516912:2516921 [0] NCCL INFO Connected to proxy localRank 0 -> connection 0x14cf30000e78
ja4:2516912:2516921 [0] NCCL INFO Channel 00/0 : 2[0] -> 1[0] [send] via NET/IB/0
ja3:927758:927768 [0] NCCL INFO New proxy send connection 3 from local rank 0, transport 2
ja3:927758:927766 [0] NCCL INFO Connected to proxy localRank 0 -> connection 0x152f14000e78
ja3:927758:927766 [0] NCCL INFO Channel 00/0 : 1[0] -> 0[0] [send] via NET/IB/0
ja4:2516912:2516923 [0] NCCL INFO NCCL_IB_QPS_PER_CONNECTION set by environment to 1.
ja3:927758:927768 [0] NCCL INFO NCCL_IB_QPS_PER_CONNECTION set by environment to 1.
ja2:1312397:1312409 [0] NCCL INFO NCCL_IB_QPS_PER_CONNECTION set by environment to 1.
ja4:2516912:2516923 [0] NCCL INFO NCCL_IB_FRAG_SIZE set by environment to 0.
ja3:927758:927768 [0] NCCL INFO NCCL_IB_FRAG_SIZE set by environment to 0.
ja2:1312397:1312409 [0] NCCL INFO NCCL_IB_FRAG_SIZE set by environment to 0.
ja4:2516912:2516923 [0] NCCL INFO NET/IB: NCCL Dev 0 IbDev 0 Port 1 qpn 1075 mtu 5 LID 28 subnet-prefix 33022  FLID 0 fifoRkey=0x17e6a5 fifoLkey=0x17e6a5
ja3:927758:927768 [0] NCCL INFO NET/IB: NCCL Dev 0 IbDev 0 Port 1 qpn 3686 mtu 5 LID 23 subnet-prefix 33022  FLID 0 fifoRkey=0x180bca fifoLkey=0x180bca
ja2:1312397:1312409 [0] NCCL INFO NET/IB: NCCL Dev 0 IbDev 0 Port 1 qpn 3767 mtu 5 LID 22 subnet-prefix 33022  FLID 0 fifoRkey=0x183af9 fifoLkey=0x183af9
ja4:2516912:2516923 [0] NCCL INFO NET/IB: NCCL Dev 0 IbDev 0 Port 1 qpn 1076 mtu 5 LID 28 subnet-prefix 33022  FLID 0 fifoRkey=0x17d190 fifoLkey=0x17d190
ja3:927758:927768 [0] NCCL INFO NET/IB: NCCL Dev 0 IbDev 0 Port 1 qpn 3687 mtu 5 LID 23 subnet-prefix 33022  FLID 0 fifoRkey=0x1823e2 fifoLkey=0x1823e2
ja2:1312397:1312409 [0] NCCL INFO NET/IB: NCCL Dev 0 IbDev 0 Port 1 qpn 3770 mtu 5 LID 22 subnet-prefix 33022  FLID 0 fifoRkey=0x1832f1 fifoLkey=0x1832f1
ja2:1312397:1312407 [0] NCCL INFO MSCCL: Initialization finished
ja4:2516912:2516921 [0] NCCL INFO MSCCL: Initialization finished
ja3:927758:927766 [0] NCCL INFO MSCCL: Initialization finished
ja4:2516912:2516921 [0] NCCL INFO TUNER/Plugin: Could not find: libnccl-tuner.so libnccl-net.so. Using internal tuner plugin.
ja4:2516912:2516921 [0] NCCL INFO ncclCommInitRank comm 0x2a468fc0 rank 2 nranks 3 cudaDev 0 nvmlDev 0 busId 1000 commId 0x42794c1213467dd5 - Init COMPLETE
ja4:2516912:2516921 [0] NCCL INFO Init timings - ncclCommInitRank: rank 2 nranks 3 total 0.13 (kernels 0.00, alloc 0.03, bootstrap 0.00, allgathers 0.00, topo 0.00, graphs 0.00, connections 0.00, rest 0.10)
ja2:1312397:1312407 [0] NCCL INFO TUNER/Plugin: Could not find: libnccl-tuner.so libnccl-net.so. Using internal tuner plugin.
ja2:1312397:1312407 [0] NCCL INFO ncclCommInitRank comm 0x3f83d750 rank 0 nranks 3 cudaDev 0 nvmlDev 0 busId 1000 commId 0x42794c1213467dd5 - Init COMPLETE
ja2:1312397:1312407 [0] NCCL INFO Init timings - ncclCommInitRank: rank 0 nranks 3 total 0.31 (kernels 0.00, alloc 0.02, bootstrap 0.18, allgathers 0.00, topo 0.00, graphs 0.00, connections 0.00, rest 0.10)
ja3:927758:927766 [0] NCCL INFO TUNER/Plugin: Could not find: libnccl-tuner.so libnccl-net.so. Using internal tuner plugin.
ja3:927758:927766 [0] NCCL INFO ncclCommInitRank comm 0xfcee830 rank 1 nranks 3 cudaDev 0 nvmlDev 0 busId 1000 commId 0x42794c1213467dd5 - Init COMPLETE
ja3:927758:927766 [0] NCCL INFO Init timings - ncclCommInitRank: rank 1 nranks 3 total 0.26 (kernels 0.00, alloc 0.03, bootstrap 0.12, allgathers 0.00, topo 0.00, graphs 0.00, connections 0.00, rest 0.10)
#
#                                                              out-of-place                       in-place          
#       size         count      type   redop    root     time   algbw   busbw #wrong     time   algbw   busbw #wrong
#        (B)    (elements)                               (us)  (GB/s)  (GB/s)            (us)  (GB/s)  (GB/s)       
ja4:2516912:2516923 [0] NCCL INFO New proxy recv connection 4 from local rank 0, transport 2
ja4:2516912:2516926 [0] NCCL INFO Connected to proxy localRank 0 -> connection 0x14cf30000ef0
ja3:927758:927768 [0] NCCL INFO New proxy recv connection 4 from local rank 0, transport 2
ja3:927758:927771 [0] NCCL INFO Connected to proxy localRank 0 -> connection 0x152f14000ef0
ja2:1312397:1312409 [0] NCCL INFO New proxy recv connection 4 from local rank 0, transport 2
ja2:1312397:1312412 [0] NCCL INFO Connected to proxy localRank 0 -> connection 0x14d014000ef0
ja2:1312397:1312412 [0] NCCL INFO Channel 01/0 : 2[0] -> 0[0] [receive] via NET/IB/0
ja2:1312397:1312409 [0] NCCL INFO New proxy send connection 5 from local rank 0, transport 2
ja4:2516912:2516926 [0] NCCL INFO Channel 01/0 : 1[0] -> 2[0] [receive] via NET/IB/0
ja4:2516912:2516923 [0] NCCL INFO New proxy send connection 5 from local rank 0, transport 2
ja3:927758:927771 [0] NCCL INFO Channel 01/0 : 0[0] -> 1[0] [receive] via NET/IB/0
ja3:927758:927768 [0] NCCL INFO New proxy send connection 5 from local rank 0, transport 2
ja4:2516912:2516926 [0] NCCL INFO Connected to proxy localRank 0 -> connection 0x14cf30000f68
ja4:2516912:2516926 [0] NCCL INFO Channel 01/0 : 2[0] -> 0[0] [send] via NET/IB/0
ja3:927758:927771 [0] NCCL INFO Connected to proxy localRank 0 -> connection 0x152f14000f68
ja3:927758:927771 [0] NCCL INFO Channel 01/0 : 1[0] -> 2[0] [send] via NET/IB/0
ja2:1312397:1312412 [0] NCCL INFO Connected to proxy localRank 0 -> connection 0x14d014000f68
ja2:1312397:1312412 [0] NCCL INFO Channel 01/0 : 0[0] -> 1[0] [send] via NET/IB/0
ja4:2516912:2516923 [0] NCCL INFO NET/IB: NCCL Dev 0 IbDev 0 Port 1 qpn 1081 mtu 5 LID 28 subnet-prefix 33022  FLID 0 fifoRkey=0x17ffbe fifoLkey=0x17ffbe
ja2:1312397:1312409 [0] NCCL INFO NET/IB: NCCL Dev 0 IbDev 0 Port 1 qpn 3773 mtu 5 LID 22 subnet-prefix 33022  FLID 0 fifoRkey=0x17fcbb fifoLkey=0x17fcbb
ja3:927758:927768 [0] NCCL INFO NET/IB: NCCL Dev 0 IbDev 0 Port 1 qpn 3692 mtu 5 LID 23 subnet-prefix 33022  FLID 0 fifoRkey=0x1800c0 fifoLkey=0x1800c0
ja4:2516912:2516926 [0] NCCL INFO Connected all rings
ja3:927758:927771 [0] NCCL INFO Connected all rings
ja2:1312397:1312412 [0] NCCL INFO Connected all rings
ja2:1312397:1312411 [0] NCCL INFO NCCL_IB_SPLIT_DATA_ON_QPS set by environment to 0.
ja4:2516912:2516925 [0] NCCL INFO NCCL_IB_SPLIT_DATA_ON_QPS set by environment to 0.
ja4:2516912:2516925 [0] NCCL INFO NCCL_IB_AR_THRESHOLD set by environment to 0.
ja2:1312397:1312411 [0] NCCL INFO NCCL_IB_AR_THRESHOLD set by environment to 0.
ja3:927758:927770 [0] NCCL INFO NCCL_IB_SPLIT_DATA_ON_QPS set by environment to 0.
ja3:927758:927770 [0] NCCL INFO NCCL_IB_AR_THRESHOLD set by environment to 0.
        3072           256     float    none      -1    20.01    0.15    0.10      0ja2:1312397:1312397 [0] NCCL INFO mscclGetCaptureStatus: 0, captureId: 0, size: 0

ja2:1312397:1312397 [0] NCCL INFO mscclSetupProxy: no capture

ja2:1312397:1312397 [0] NCCL INFO MSCCL: Setup Kernel finished, smem 41280 needsFence 1
ja4:2516912:2516912 [0] NCCL INFO mscclGetCaptureStatus: 0, captureId: 0, size: 0

ja4:2516912:2516912 [0] NCCL INFO mscclSetupProxy: no capture

ja4:2516912:2516912 [0] NCCL INFO MSCCL: Setup Kernel finished, smem 41280 needsFence 1
ja3:927758:927758 [0] NCCL INFO mscclGetCaptureStatus: 0, captureId: 0, size: 0

ja3:927758:927758 [0] NCCL INFO mscclSetupProxy: no capture

ja3:927758:927758 [0] NCCL INFO MSCCL: Setup Kernel finished, smem 41280 needsFence 1
ja3:927758:927758 [0] NCCL INFO mscclGetCaptureStatus: 0, captureId: 0, size: 0

ja3:927758:927758 [0] NCCL INFO mscclSetupProxy: no capture

ja3:927758:927758 [0] NCCL INFO MSCCL: Setup Kernel finished, smem 41280 needsFence 1
ja3:927758:927758 [0] NCCL INFO mscclGetCaptureStatus: 0, captureId: 0, size: 0

ja3:927758:927758 [0] NCCL INFO mscclSetupProxy: no capture

ja3:927758:927758 [0] NCCL INFO MSCCL: Setup Kernel finished, smem 41280 needsFence 1
ja2:1312397:1312397 [0] NCCL INFO mscclGetCaptureStatus: 0, captureId: 0, size: 0

ja2:1312397:1312397 [0] NCCL INFO mscclSetupProxy: no capture

ja2:1312397:1312397 [0] NCCL INFO MSCCL: Setup Kernel finished, smem 41280 needsFence 1
ja2:1312397:1312397 [0] NCCL INFO mscclGetCaptureStatus: 0, captureId: 0, size: 0

ja2:1312397:1312397 [0] NCCL INFO mscclSetupProxy: no capture

ja2:1312397:1312397 [0] NCCL INFO MSCCL: Setup Kernel finished, smem 41280 needsFence 1
ja4:2516912:2516912 [0] NCCL INFO mscclGetCaptureStatus: 0, captureId: 0, size: 0

ja4:2516912:2516912 [0] NCCL INFO mscclSetupProxy: no capture

ja4:2516912:2516912 [0] NCCL INFO MSCCL: Setup Kernel finished, smem 41280 needsFence 1
ja4:2516912:2516912 [0] NCCL INFO mscclGetCaptureStatus: 0, captureId: 0, size: 0

ja4:2516912:2516912 [0] NCCL INFO mscclSetupProxy: no capture

ja4:2516912:2516912 [0] NCCL INFO MSCCL: Setup Kernel finished, smem 41280 needsFence 1
ja2:1312397:1312397 [0] NCCL INFO mscclGetCaptureStatus: 0, captureId: 0, size: 0

ja2:1312397:1312397 [0] NCCL INFO mscclSetupProxy: no capture

ja2:1312397:1312397 [0] NCCL INFO MSCCL: Setup Kernel finished, smem 41280 needsFence 1
ja2:1312397:1312397 [0] NCCL INFO mscclGetCaptureStatus: 0, captureId: 0, size: 0

ja4:2516912:2516912 [0] NCCL INFO mscclGetCaptureStatus: 0, captureId: 0, size: 0

ja4:2516912:2516912 [0] NCCL INFO mscclSetupProxy: no capture

ja4:2516912:2516912 [0] NCCL INFO MSCCL: Setup Kernel finished, smem 41280 needsFence 1
ja2:1312397:1312397 [0] NCCL INFO mscclSetupProxy: no capture

ja2:1312397:1312397 [0] NCCL INFO MSCCL: Setup Kernel finished, smem 41280 needsFence 1
ja2:1312397:1312397 [0] NCCL INFO mscclGetCaptureStatus: 0, captureId: 0, size: 0

ja2:1312397:1312397 [0] NCCL INFO mscclSetupProxy: no capture

ja2:1312397:1312397 [0] NCCL INFO MSCCL: Setup Kernel finished, smem 41280 needsFence 1
ja2:1312397:1312397 [0] NCCL INFO mscclGetCaptureStatus: 0, captureId: 0, size: 0

ja2:1312397:1312397 [0] NCCL INFO mscclSetupProxy: no capture

ja2:1312397:1312397 [0] NCCL INFO MSCCL: Setup Kernel finished, smem 41280 needsFence 1
ja2:1312397:1312397 [0] NCCL INFO mscclGetCaptureStatus: 0, captureId: 0, size: 0

ja4:2516912:2516912 [0] NCCL INFO mscclGetCaptureStatus: 0, captureId: 0, size: 0

ja4:2516912:2516912 [0] NCCL INFO mscclSetupProxy: no capture

ja4:2516912:2516912 [0] NCCL INFO MSCCL: Setup Kernel finished, smem 41280 needsFence 1
ja4:2516912:2516912 [0] NCCL INFO mscclGetCaptureStatus: 0, captureId: 0, size: 0

ja4:2516912:2516912 [0] NCCL INFO mscclSetupProxy: no capture

ja4:2516912:2516912 [0] NCCL INFO MSCCL: Setup Kernel finished, smem 41280 needsFence 1
ja4:2516912:2516912 [0] NCCL INFO mscclGetCaptureStatus: 0, captureId: 0, size: 0

ja4:2516912:2516912 [0] NCCL INFO mscclSetupProxy: no capture

ja4:2516912:2516912 [0] NCCL INFO MSCCL: Setup Kernel finished, smem 41280 needsFence 1
ja4:2516912:2516912 [0] NCCL INFO mscclGetCaptureStatus: 0, captureId: 0, size: 0

ja4:2516912:2516912 [0] NCCL INFO mscclSetupProxy: no capture

ja4:2516912:2516912 [0] NCCL INFO MSCCL: Setup Kernel finished, smem 41280 needsFence 1
ja2:1312397:1312397 [0] NCCL INFO mscclSetupProxy: no capture

ja2:1312397:1312397 [0] NCCL INFO MSCCL: Setup Kernel finished, smem 41280 needsFence 1
ja2:1312397:1312397 [0] NCCL INFO mscclGetCaptureStatus: 0, captureId: 0, size: 0

ja2:1312397:1312397 [0] NCCL INFO mscclSetupProxy: no capture

ja2:1312397:1312397 [0] NCCL INFO MSCCL: Setup Kernel finished, smem 41280 needsFence 1
ja2:1312397:1312397 [0] NCCL INFO mscclGetCaptureStatus: 0, captureId: 0, size: 0

ja2:1312397:1312397 [0] NCCL INFO mscclSetupProxy: no capture

ja2:1312397:1312397 [0] NCCL INFO MSCCL: Setup Kernel finished, smem 41280 needsFence 1
ja2:1312397:1312397 [0] NCCL INFO mscclGetCaptureStatus: 0, captureId: 0, size: 0

ja2:1312397:1312397 [0] NCCL INFO mscclSetupProxy: no capture

ja2:1312397:1312397 [0] NCCL INFO MSCCL: Setup Kernel finished, smem 41280 needsFence 1
ja2:1312397:1312397 [0] NCCL INFO mscclGetCaptureStatus: 0, captureId: 0, size: 0

ja3:927758:927758 [0] NCCL INFO mscclGetCaptureStatus: 0, captureId: 0, size: 0

ja3:927758:927758 [0] NCCL INFO mscclSetupProxy: no capture

ja3:927758:927758 [0] NCCL INFO MSCCL: Setup Kernel finished, smem 41280 needsFence 1
ja2:1312397:1312397 [0] NCCL INFO mscclSetupProxy: no capture

ja2:1312397:1312397 [0] NCCL INFO MSCCL: Setup Kernel finished, smem 41280 needsFence 1
ja2:1312397:1312397 [0] NCCL INFO mscclGetCaptureStatus: 0, captureId: 0, size: 0

ja2:1312397:1312397 [0] NCCL INFO mscclSetupProxy: no capture

ja2:1312397:1312397 [0] NCCL INFO MSCCL: Setup Kernel finished, smem 41280 needsFence 1
ja2:1312397:1312397 [0] NCCL INFO mscclGetCaptureStatus: 0, captureId: 0, size: 0

ja2:1312397:1312397 [0] NCCL INFO mscclSetupProxy: no capture

ja2:1312397:1312397 [0] NCCL INFO MSCCL: Setup Kernel finished, smem 41280 needsFence 1
ja3:927758:927758 [0] NCCL INFO mscclGetCaptureStatus: 0, captureId: 0, size: 0

ja3:927758:927758 [0] NCCL INFO mscclSetupProxy: no capture

ja3:927758:927758 [0] NCCL INFO MSCCL: Setup Kernel finished, smem 41280 needsFence 1
ja3:927758:927758 [0] NCCL INFO mscclGetCaptureStatus: 0, captureId: 0, size: 0

ja3:927758:927758 [0] NCCL INFO mscclSetupProxy: no capture

ja3:927758:927758 [0] NCCL INFO MSCCL: Setup Kernel finished, smem 41280 needsFence 1
ja3:927758:927758 [0] NCCL INFO mscclGetCaptureStatus: 0, captureId: 0, size: 0

ja3:927758:927758 [0] NCCL INFO mscclSetupProxy: no capture

ja3:927758:927758 [0] NCCL INFO MSCCL: Setup Kernel finished, smem 41280 needsFence 1
ja3:927758:927758 [0] NCCL INFO mscclGetCaptureStatus: 0, captureId: 0, size: 0

ja3:927758:927758 [0] NCCL INFO mscclSetupProxy: no capture

ja3:927758:927758 [0] NCCL INFO MSCCL: Setup Kernel finished, smem 41280 needsFence 1
ja2:1312397:1312397 [0] NCCL INFO mscclGetCaptureStatus: 0, captureId: 0, size: 0

ja2:1312397:1312397 [0] NCCL INFO mscclSetupProxy: no capture

ja2:1312397:1312397 [0] NCCL INFO MSCCL: Setup Kernel finished, smem 41280 needsFence 1
ja2:1312397:1312397 [0] NCCL INFO mscclGetCaptureStatus: 0, captureId: 0, size: 0

ja2:1312397:1312397 [0] NCCL INFO mscclSetupProxy: no capture

ja2:1312397:1312397 [0] NCCL INFO MSCCL: Setup Kernel finished, smem 41280 needsFence 1
ja2:1312397:1312397 [0] NCCL INFO mscclGetCaptureStatus: 0, captureId: 0, size: 0

ja2:1312397:1312397 [0] NCCL INFO mscclSetupProxy: no capture

ja2:1312397:1312397 [0] NCCL INFO MSCCL: Setup Kernel finished, smem 41280 needsFence 1
ja2:1312397:1312397 [0] NCCL INFO mscclGetCaptureStatus: 0, captureId: 0, size: 0

ja2:1312397:1312397 [0] NCCL INFO mscclSetupProxy: no capture

ja2:1312397:1312397 [0] NCCL INFO MSCCL: Setup Kernel finished, smem 41280 needsFence 1
ja2:1312397:1312397 [0] NCCL INFO mscclGetCaptureStatus: 0, captureId: 0, size: 0

ja2:1312397:1312397 [0] NCCL INFO mscclSetupProxy: no capture

ja2:1312397:1312397 [0] NCCL INFO MSCCL: Setup Kernel finished, smem 41280 needsFence 1
ja2:1312397:1312397 [0] NCCL INFO mscclGetCaptureStatus: 0, captureId: 0, size: 0

ja2:1312397:1312397 [0] NCCL INFO mscclSetupProxy: no capture

ja2:1312397:1312397 [0] NCCL INFO MSCCL: Setup Kernel finished, smem 41280 needsFence 1
ja2:1312397:1312397 [0] NCCL INFO mscclGetCaptureStatus: 0, captureId: 0, size: 0

ja2:1312397:1312397 [0] NCCL INFO mscclSetupProxy: no capture

ja2:1312397:1312397 [0] NCCL INFO MSCCL: Setup Kernel finished, smem 41280 needsFence 1
ja3:927758:927758 [0] NCCL INFO mscclGetCaptureStatus: 0, captureId: 0, size: 0

ja3:927758:927758 [0] NCCL INFO mscclSetupProxy: no capture

ja3:927758:927758 [0] NCCL INFO MSCCL: Setup Kernel finished, smem 41280 needsFence 1
ja3:927758:927758 [0] NCCL INFO mscclGetCaptureStatus: 0, captureId: 0, size: 0

ja3:927758:927758 [0] NCCL INFO mscclSetupProxy: no capture

ja3:927758:927758 [0] NCCL INFO MSCCL: Setup Kernel finished, smem 41280 needsFence 1
ja3:927758:927758 [0] NCCL INFO mscclGetCaptureStatus: 0, captureId: 0, size: 0

ja3:927758:927758 [0] NCCL INFO mscclSetupProxy: no capture

ja3:927758:927758 [0] NCCL INFO MSCCL: Setup Kernel finished, smem 41280 needsFence 1
ja4:2516912:2516912 [0] NCCL INFO mscclGetCaptureStatus: 0, captureId: 0, size: 0

ja4:2516912:2516912 [0] NCCL INFO mscclSetupProxy: no capture

ja4:2516912:2516912 [0] NCCL INFO MSCCL: Setup Kernel finished, smem 41280 needsFence 1
ja4:2516912:2516912 [0] NCCL INFO mscclGetCaptureStatus: 0, captureId: 0, size: 0

ja4:2516912:2516912 [0] NCCL INFO mscclSetupProxy: no capture

ja4:2516912:2516912 [0] NCCL INFO MSCCL: Setup Kernel finished, smem 41280 needsFence 1
ja4:2516912:2516912 [0] NCCL INFO mscclGetCaptureStatus: 0, captureId: 0, size: 0

ja3:927758:927758 [0] NCCL INFO mscclGetCaptureStatus: 0, captureId: 0, size: 0

ja3:927758:927758 [0] NCCL INFO mscclSetupProxy: no capture

ja3:927758:927758 [0] NCCL INFO MSCCL: Setup Kernel finished, smem 41280 needsFence 1
ja3:927758:927758 [0] NCCL INFO mscclGetCaptureStatus: 0, captureId: 0, size: 0

ja3:927758:927758 [0] NCCL INFO mscclSetupProxy: no capture

ja3:927758:927758 [0] NCCL INFO MSCCL: Setup Kernel finished, smem 41280 needsFence 1
ja3:927758:927758 [0] NCCL INFO mscclGetCaptureStatus: 0, captureId: 0, size: 0

ja3:927758:927758 [0] NCCL INFO mscclSetupProxy: no capture

ja4:2516912:2516912 [0] NCCL INFO mscclSetupProxy: no capture

ja4:2516912:2516912 [0] NCCL INFO MSCCL: Setup Kernel finished, smem 41280 needsFence 1
ja4:2516912:2516912 [0] NCCL INFO mscclGetCaptureStatus: 0, captureId: 0, size: 0

ja4:2516912:2516912 [0] NCCL INFO mscclSetupProxy: no capture

ja4:2516912:2516912 [0] NCCL INFO MSCCL: Setup Kernel finished, smem 41280 needsFence 1
ja4:2516912:2516912 [0] NCCL INFO mscclGetCaptureStatus: 0, captureId: 0, size: 0

ja4:2516912:2516912 [0] NCCL INFO mscclSetupProxy: no capture

ja4:2516912:2516912 [0] NCCL INFO MSCCL: Setup Kernel finished, smem 41280 needsFence 1
ja3:927758:927758 [0] NCCL INFO MSCCL: Setup Kernel finished, smem 41280 needsFence 1
ja3:927758:927758 [0] NCCL INFO mscclGetCaptureStatus: 0, captureId: 0, size: 0

ja3:927758:927758 [0] NCCL INFO mscclSetupProxy: no capture

ja3:927758:927758 [0] NCCL INFO MSCCL: Setup Kernel finished, smem 41280 needsFence 1
ja3:927758:927758 [0] NCCL INFO mscclGetCaptureStatus: 0, captureId: 0, size: 0

ja3:927758:927758 [0] NCCL INFO mscclSetupProxy: no capture

ja3:927758:927758 [0] NCCL INFO MSCCL: Setup Kernel finished, smem 41280 needsFence 1
ja4:2516912:2516912 [0] NCCL INFO mscclGetCaptureStatus: 0, captureId: 0, size: 0

ja4:2516912:2516912 [0] NCCL INFO mscclSetupProxy: no capture

ja4:2516912:2516912 [0] NCCL INFO MSCCL: Setup Kernel finished, smem 41280 needsFence 1
ja4:2516912:2516912 [0] NCCL INFO mscclGetCaptureStatus: 0, captureId: 0, size: 0

ja4:2516912:2516912 [0] NCCL INFO mscclSetupProxy: no capture

ja4:2516912:2516912 [0] NCCL INFO MSCCL: Setup Kernel finished, smem 41280 needsFence 1
ja3:927758:927758 [0] NCCL INFO mscclGetCaptureStatus: 0, captureId: 0, size: 0

ja3:927758:927758 [0] NCCL INFO mscclSetupProxy: no capture

ja3:927758:927758 [0] NCCL INFO MSCCL: Setup Kernel finished, smem 41280 needsFence 1
ja3:927758:927758 [0] NCCL INFO mscclGetCaptureStatus: 0, captureId: 0, size: 0

ja3:927758:927758 [0] NCCL INFO mscclSetupProxy: no capture

ja3:927758:927758 [0] NCCL INFO MSCCL: Setup Kernel finished, smem 41280 needsFence 1
ja3:927758:927758 [0] NCCL INFO mscclGetCaptureStatus: 0, captureId: 0, size: 0

ja3:927758:927758 [0] NCCL INFO mscclSetupProxy: no capture

ja3:927758:927758 [0] NCCL INFO MSCCL: Setup Kernel finished, smem 41280 needsFence 1
ja3:927758:927758 [0] NCCL INFO mscclGetCaptureStatus: 0, captureId: 0, size: 0

ja3:927758:927758 [0] NCCL INFO mscclSetupProxy: no capture

ja3:927758:927758 [0] NCCL INFO MSCCL: Setup Kernel finished, smem 41280 needsFence 1
ja4:2516912:2516912 [0] NCCL INFO mscclGetCaptureStatus: 0, captureId: 0, size: 0

ja4:2516912:2516912 [0] NCCL INFO mscclSetupProxy: no capture

ja4:2516912:2516912 [0] NCCL INFO MSCCL: Setup Kernel finished, smem 41280 needsFence 1
ja4:2516912:2516912 [0] NCCL INFO mscclGetCaptureStatus: 0, captureId: 0, size: 0

ja4:2516912:2516912 [0] NCCL INFO mscclSetupProxy: no capture

ja4:2516912:2516912 [0] NCCL INFO MSCCL: Setup Kernel finished, smem 41280 needsFence 1
ja4:2516912:2516912 [0] NCCL INFO mscclGetCaptureStatus: 0, captureId: 0, size: 0

ja4:2516912:2516912 [0] NCCL INFO mscclSetupProxy: no capture

ja4:2516912:2516912 [0] NCCL INFO MSCCL: Setup Kernel finished, smem 41280 needsFence 1
ja4:2516912:2516912 [0] NCCL INFO mscclGetCaptureStatus: 0, captureId: 0, size: 0

ja4:2516912:2516912 [0] NCCL INFO mscclSetupProxy: no capture

ja4:2516912:2516912 [0] NCCL INFO MSCCL: Setup Kernel finished, smem 41280 needsFence 1
ja4:2516912:2516912 [0] NCCL INFO mscclGetCaptureStatus: 0, captureId: 0, size: 0

ja3:927758:927758 [0] NCCL INFO mscclGetCaptureStatus: 0, captureId: 0, size: 0

ja3:927758:927758 [0] NCCL INFO mscclSetupProxy: no capture

ja3:927758:927758 [0] NCCL INFO MSCCL: Setup Kernel finished, smem 41280 needsFence 1
ja4:2516912:2516912 [0] NCCL INFO mscclSetupProxy: no capture

ja4:2516912:2516912 [0] NCCL INFO MSCCL: Setup Kernel finished, smem 41280 needsFence 1
ja4:2516912:2516912 [0] NCCL INFO mscclGetCaptureStatus: 0, captureId: 0, size: 0

ja4:2516912:2516912 [0] NCCL INFO mscclSetupProxy: no capture

ja4:2516912:2516912 [0] NCCL INFO MSCCL: Setup Kernel finished, smem 41280 needsFence 1
ja2:1312397:1312397 [0] NCCL INFO mscclGetCaptureStatus: 0, captureId: 0, size: 0

ja2:1312397:1312397 [0] NCCL INFO mscclSetupProxy: no capture

ja2:1312397:1312397 [0] NCCL INFO MSCCL: Setup Kernel finished, smem 41280 needsFence 1
ja3:927758:927758 [0] NCCL INFO mscclGetCaptureStatus: 0, captureId: 0, size: 0

ja3:927758:927758 [0] NCCL INFO mscclSetupProxy: no capture

ja3:927758:927758 [0] NCCL INFO MSCCL: Setup Kernel finished, smem 41280 needsFence 1
ja4:2516912:2516912 [0] NCCL INFO mscclGetCaptureStatus: 0, captureId: 0, size: 0

ja4:2516912:2516912 [0] NCCL INFO mscclSetupProxy: no capture

ja4:2516912:2516912 [0] NCCL INFO MSCCL: Setup Kernel finished, smem 41280 needsFence 1
    63.56    0.05    0.03      0
        6144           512     float    none      -1    23.58    0.26    0.17      0ja2:1312397:1312397 [0] NCCL INFO mscclGetCaptureStatus: 0, captureId: 0, size: 0

ja2:1312397:1312397 [0] NCCL INFO mscclSetupProxy: no capture

ja2:1312397:1312397 [0] NCCL INFO MSCCL: Setup Kernel finished, smem 41280 needsFence 1
ja2:1312397:1312397 [0] NCCL INFO mscclGetCaptureStatus: 0, captureId: 0, size: 0

ja2:1312397:1312397 [0] NCCL INFO mscclSetupProxy: no capture

ja2:1312397:1312397 [0] NCCL INFO MSCCL: Setup Kernel finished, smem 41280 needsFence 1
ja3:927758:927758 [0] NCCL INFO mscclGetCaptureStatus: 0, captureId: 0, size: 0

ja3:927758:927758 [0] NCCL INFO mscclSetupProxy: no capture

ja3:927758:927758 [0] NCCL INFO MSCCL: Setup Kernel finished, smem 41280 needsFence 1
ja4:2516912:2516912 [0] NCCL INFO mscclGetCaptureStatus: 0, captureId: 0, size: 0

ja4:2516912:2516912 [0] NCCL INFO mscclSetupProxy: no capture

ja4:2516912:2516912 [0] NCCL INFO MSCCL: Setup Kernel finished, smem 41280 needsFence 1
ja2:1312397:1312397 [0] NCCL INFO mscclGetCaptureStatus: 0, captureId: 0, size: 0

ja2:1312397:1312397 [0] NCCL INFO mscclSetupProxy: no capture

ja2:1312397:1312397 [0] NCCL INFO MSCCL: Setup Kernel finished, smem 41280 needsFence 1
ja2:1312397:1312397 [0] NCCL INFO mscclGetCaptureStatus: 0, captureId: 0, size: 0

ja2:1312397:1312397 [0] NCCL INFO mscclSetupProxy: no capture

ja2:1312397:1312397 [0] NCCL INFO MSCCL: Setup Kernel finished, smem 41280 needsFence 1
ja2:1312397:1312397 [0] NCCL INFO mscclGetCaptureStatus: 0, captureId: 0, size: 0

ja2:1312397:1312397 [0] NCCL INFO mscclSetupProxy: no capture

ja2:1312397:1312397 [0] NCCL INFO MSCCL: Setup Kernel finished, smem 41280 needsFence 1
ja2:1312397:1312397 [0] NCCL INFO mscclGetCaptureStatus: 0, captureId: 0, size: 0

ja2:1312397:1312397 [0] NCCL INFO mscclSetupProxy: no capture

ja2:1312397:1312397 [0] NCCL INFO MSCCL: Setup Kernel finished, smem 41280 needsFence 1
ja2:1312397:1312397 [0] NCCL INFO mscclGetCaptureStatus: 0, captureId: 0, size: 0

ja2:1312397:1312397 [0] NCCL INFO mscclSetupProxy: no capture

ja2:1312397:1312397 [0] NCCL INFO MSCCL: Setup Kernel finished, smem 41280 needsFence 1
ja2:1312397:1312397 [0] NCCL INFO mscclGetCaptureStatus: 0, captureId: 0, size: 0

ja2:1312397:1312397 [0] NCCL INFO mscclSetupProxy: no capture

ja2:1312397:1312397 [0] NCCL INFO MSCCL: Setup Kernel finished, smem 41280 needsFence 1
ja2:1312397:1312397 [0] NCCL INFO mscclGetCaptureStatus: 0, captureId: 0, size: 0

ja2:1312397:1312397 [0] NCCL INFO mscclSetupProxy: no capture

ja2:1312397:1312397 [0] NCCL INFO MSCCL: Setup Kernel finished, smem 41280 needsFence 1
ja4:2516912:2516912 [0] NCCL INFO mscclGetCaptureStatus: 0, captureId: 0, size: 0

ja4:2516912:2516912 [0] NCCL INFO mscclSetupProxy: no capture

ja4:2516912:2516912 [0] NCCL INFO MSCCL: Setup Kernel finished, smem 41280 needsFence 1
ja4:2516912:2516912 [0] NCCL INFO mscclGetCaptureStatus: 0, captureId: 0, size: 0

ja4:2516912:2516912 [0] NCCL INFO mscclSetupProxy: no capture

ja3:927758:927758 [0] NCCL INFO mscclGetCaptureStatus: 0, captureId: 0, size: 0

ja3:927758:927758 [0] NCCL INFO mscclSetupProxy: no capture

ja3:927758:927758 [0] NCCL INFO MSCCL: Setup Kernel finished, smem 41280 needsFence 1
ja2:1312397:1312397 [0] NCCL INFO mscclGetCaptureStatus: 0, captureId: 0, size: 0

ja2:1312397:1312397 [0] NCCL INFO mscclSetupProxy: no capture

ja2:1312397:1312397 [0] NCCL INFO MSCCL: Setup Kernel finished, smem 41280 needsFence 1
ja2:1312397:1312397 [0] NCCL INFO mscclGetCaptureStatus: 0, captureId: 0, size: 0

ja2:1312397:1312397 [0] NCCL INFO mscclSetupProxy: no capture

ja2:1312397:1312397 [0] NCCL INFO MSCCL: Setup Kernel finished, smem 41280 needsFence 1
ja2:1312397:1312397 [0] NCCL INFO mscclGetCaptureStatus: 0, captureId: 0, size: 0

ja2:1312397:1312397 [0] NCCL INFO mscclSetupProxy: no capture

ja2:1312397:1312397 [0] NCCL INFO MSCCL: Setup Kernel finished, smem 41280 needsFence 1
ja2:1312397:1312397 [0] NCCL INFO mscclGetCaptureStatus: 0, captureId: 0, size: 0

ja2:1312397:1312397 [0] NCCL INFO mscclSetupProxy: no capture

ja2:1312397:1312397 [0] NCCL INFO MSCCL: Setup Kernel finished, smem 41280 needsFence 1
ja2:1312397:1312397 [0] NCCL INFO mscclGetCaptureStatus: 0, captureId: 0, size: 0

ja4:2516912:2516912 [0] NCCL INFO MSCCL: Setup Kernel finished, smem 41280 needsFence 1
ja4:2516912:2516912 [0] NCCL INFO mscclGetCaptureStatus: 0, captureId: 0, size: 0

ja4:2516912:2516912 [0] NCCL INFO mscclSetupProxy: no capture

ja2:1312397:1312397 [0] NCCL INFO mscclSetupProxy: no capture

ja4:2516912:2516912 [0] NCCL INFO MSCCL: Setup Kernel finished, smem 41280 needsFence 1
ja4:2516912:2516912 [0] NCCL INFO mscclGetCaptureStatus: 0, captureId: 0, size: 0

ja4:2516912:2516912 [0] NCCL INFO mscclSetupProxy: no capture

ja4:2516912:2516912 [0] NCCL INFO MSCCL: Setup Kernel finished, smem 41280 needsFence 1
ja4:2516912:2516912 [0] NCCL INFO mscclGetCaptureStatus: 0, captureId: 0, size: 0

ja4:2516912:2516912 [0] NCCL INFO mscclSetupProxy: no capture

ja4:2516912:2516912 [0] NCCL INFO MSCCL: Setup Kernel finished, smem 41280 needsFence 1
ja4:2516912:2516912 [0] NCCL INFO mscclGetCaptureStatus: 0, captureId: 0, size: 0

ja2:1312397:1312397 [0] NCCL INFO MSCCL: Setup Kernel finished, smem 41280 needsFence 1
ja2:1312397:1312397 [0] NCCL INFO mscclGetCaptureStatus: 0, captureId: 0, size: 0

ja2:1312397:1312397 [0] NCCL INFO mscclSetupProxy: no capture

ja2:1312397:1312397 [0] NCCL INFO MSCCL: Setup Kernel finished, smem 41280 needsFence 1
ja2:1312397:1312397 [0] NCCL INFO mscclGetCaptureStatus: 0, captureId: 0, size: 0

ja2:1312397:1312397 [0] NCCL INFO mscclSetupProxy: no capture

ja2:1312397:1312397 [0] NCCL INFO MSCCL: Setup Kernel finished, smem 41280 needsFence 1
ja2:1312397:1312397 [0] NCCL INFO mscclGetCaptureStatus: 0, captureId: 0, size: 0

ja2:1312397:1312397 [0] NCCL INFO mscclSetupProxy: no capture

ja2:1312397:1312397 [0] NCCL INFO MSCCL: Setup Kernel finished, smem 41280 needsFence 1
ja2:1312397:1312397 [0] NCCL INFO mscclGetCaptureStatus: 0, captureId: 0, size: 0

ja2:1312397:1312397 [0] NCCL INFO mscclSetupProxy: no capture

ja2:1312397:1312397 [0] NCCL INFO MSCCL: Setup Kernel finished, smem 41280 needsFence 1
ja2:1312397:1312397 [0] NCCL INFO mscclGetCaptureStatus: 0, captureId: 0, size: 0

ja2:1312397:1312397 [0] NCCL INFO mscclSetupProxy: no capture

ja2:1312397:1312397 [0] NCCL INFO MSCCL: Setup Kernel finished, smem 41280 needsFence 1
ja2:1312397:1312397 [0] NCCL INFO mscclGetCaptureStatus: 0, captureId: 0, size: 0

ja2:1312397:1312397 [0] NCCL INFO mscclSetupProxy: no capture

ja2:1312397:1312397 [0] NCCL INFO MSCCL: Setup Kernel finished, smem 41280 needsFence 1
ja2:1312397:1312397 [0] NCCL INFO mscclGetCaptureStatus: 0, captureId: 0, size: 0

ja2:1312397:1312397 [0] NCCL INFO mscclSetupProxy: no capture

ja2:1312397:1312397 [0] NCCL INFO MSCCL: Setup Kernel finished, smem 41280 needsFence 1
ja4:2516912:2516912 [0] NCCL INFO mscclSetupProxy: no capture

ja4:2516912:2516912 [0] NCCL INFO MSCCL: Setup Kernel finished, smem 41280 needsFence 1
ja4:2516912:2516912 [0] NCCL INFO mscclGetCaptureStatus: 0, captureId: 0, size: 0

ja4:2516912:2516912 [0] NCCL INFO mscclSetupProxy: no capture

ja4:2516912:2516912 [0] NCCL INFO MSCCL: Setup Kernel finished, smem 41280 needsFence 1
ja4:2516912:2516912 [0] NCCL INFO mscclGetCaptureStatus: 0, captureId: 0, size: 0

ja4:2516912:2516912 [0] NCCL INFO mscclSetupProxy: no capture

ja4:2516912:2516912 [0] NCCL INFO MSCCL: Setup Kernel finished, smem 41280 needsFence 1
ja4:2516912:2516912 [0] NCCL INFO mscclGetCaptureStatus: 0, captureId: 0, size: 0

ja4:2516912:2516912 [0] NCCL INFO mscclSetupProxy: no capture

ja4:2516912:2516912 [0] NCCL INFO MSCCL: Setup Kernel finished, smem 41280 needsFence 1
ja4:2516912:2516912 [0] NCCL INFO mscclGetCaptureStatus: 0, captureId: 0, size: 0

ja3:927758:927758 [0] NCCL INFO mscclGetCaptureStatus: 0, captureId: 0, size: 0

ja3:927758:927758 [0] NCCL INFO mscclSetupProxy: no capture

ja3:927758:927758 [0] NCCL INFO MSCCL: Setup Kernel finished, smem 41280 needsFence 1
ja4:2516912:2516912 [0] NCCL INFO mscclSetupProxy: no capture

ja4:2516912:2516912 [0] NCCL INFO MSCCL: Setup Kernel finished, smem 41280 needsFence 1
ja4:2516912:2516912 [0] NCCL INFO mscclGetCaptureStatus: 0, captureId: 0, size: 0

ja4:2516912:2516912 [0] NCCL INFO mscclSetupProxy: no capture

ja4:2516912:2516912 [0] NCCL INFO MSCCL: Setup Kernel finished, smem 41280 needsFence 1
ja4:2516912:2516912 [0] NCCL INFO mscclGetCaptureStatus: 0, captureId: 0, size: 0

ja4:2516912:2516912 [0] NCCL INFO mscclSetupProxy: no capture

ja4:2516912:2516912 [0] NCCL INFO MSCCL: Setup Kernel finished, smem 41280 needsFence 1
ja4:2516912:2516912 [0] NCCL INFO mscclGetCaptureStatus: 0, captureId: 0, size: 0

ja4:2516912:2516912 [0] NCCL INFO mscclSetupProxy: no capture

ja3:927758:927758 [0] NCCL INFO mscclGetCaptureStatus: 0, captureId: 0, size: 0

ja3:927758:927758 [0] NCCL INFO mscclSetupProxy: no capture

ja3:927758:927758 [0] NCCL INFO MSCCL: Setup Kernel finished, smem 41280 needsFence 1
ja3:927758:927758 [0] NCCL INFO mscclGetCaptureStatus: 0, captureId: 0, size: 0

ja3:927758:927758 [0] NCCL INFO mscclSetupProxy: no capture

ja4:2516912:2516912 [0] NCCL INFO MSCCL: Setup Kernel finished, smem 41280 needsFence 1
ja4:2516912:2516912 [0] NCCL INFO mscclGetCaptureStatus: 0, captureId: 0, size: 0

ja4:2516912:2516912 [0] NCCL INFO mscclSetupProxy: no capture

ja4:2516912:2516912 [0] NCCL INFO MSCCL: Setup Kernel finished, smem 41280 needsFence 1
ja4:2516912:2516912 [0] NCCL INFO mscclGetCaptureStatus: 0, captureId: 0, size: 0

ja4:2516912:2516912 [0] NCCL INFO mscclSetupProxy: no capture

ja4:2516912:2516912 [0] NCCL INFO MSCCL: Setup Kernel finished, smem 41280 needsFence 1
ja4:2516912:2516912 [0] NCCL INFO mscclGetCaptureStatus: 0, captureId: 0, size: 0

ja4:2516912:2516912 [0] NCCL INFO mscclSetupProxy: no capture

ja4:2516912:2516912 [0] NCCL INFO MSCCL: Setup Kernel finished, smem 41280 needsFence 1
ja3:927758:927758 [0] NCCL INFO MSCCL: Setup Kernel finished, smem 41280 needsFence 1
ja3:927758:927758 [0] NCCL INFO mscclGetCaptureStatus: 0, captureId: 0, size: 0

ja3:927758:927758 [0] NCCL INFO mscclSetupProxy: no capture

ja3:927758:927758 [0] NCCL INFO MSCCL: Setup Kernel finished, smem 41280 needsFence 1
ja3:927758:927758 [0] NCCL INFO mscclGetCaptureStatus: 0, captureId: 0, size: 0

ja3:927758:927758 [0] NCCL INFO mscclSetupProxy: no capture

ja3:927758:927758 [0] NCCL INFO MSCCL: Setup Kernel finished, smem 41280 needsFence 1
ja3:927758:927758 [0] NCCL INFO mscclGetCaptureStatus: 0, captureId: 0, size: 0

ja3:927758:927758 [0] NCCL INFO mscclSetupProxy: no capture

ja3:927758:927758 [0] NCCL INFO MSCCL: Setup Kernel finished, smem 41280 needsFence 1
ja3:927758:927758 [0] NCCL INFO mscclGetCaptureStatus: 0, captureId: 0, size: 0

ja3:927758:927758 [0] NCCL INFO mscclSetupProxy: no capture

ja3:927758:927758 [0] NCCL INFO MSCCL: Setup Kernel finished, smem 41280 needsFence 1
ja3:927758:927758 [0] NCCL INFO mscclGetCaptureStatus: 0, captureId: 0, size: 0

ja3:927758:927758 [0] NCCL INFO mscclSetupProxy: no capture

ja3:927758:927758 [0] NCCL INFO MSCCL: Setup Kernel finished, smem 41280 needsFence 1
ja3:927758:927758 [0] NCCL INFO mscclGetCaptureStatus: 0, captureId: 0, size: 0

ja3:927758:927758 [0] NCCL INFO mscclSetupProxy: no capture

ja3:927758:927758 [0] NCCL INFO MSCCL: Setup Kernel finished, smem 41280 needsFence 1
ja3:927758:927758 [0] NCCL INFO mscclGetCaptureStatus: 0, captureId: 0, size: 0

ja3:927758:927758 [0] NCCL INFO mscclSetupProxy: no capture

ja3:927758:927758 [0] NCCL INFO MSCCL: Setup Kernel finished, smem 41280 needsFence 1
ja3:927758:927758 [0] NCCL INFO mscclGetCaptureStatus: 0, captureId: 0, size: 0

ja3:927758:927758 [0] NCCL INFO mscclSetupProxy: no capture

ja3:927758:927758 [0] NCCL INFO MSCCL: Setup Kernel finished, smem 41280 needsFence 1
ja3:927758:927758 [0] NCCL INFO mscclGetCaptureStatus: 0, captureId: 0, size: 0

ja3:927758:927758 [0] NCCL INFO mscclSetupProxy: no capture

ja3:927758:927758 [0] NCCL INFO MSCCL: Setup Kernel finished, smem 41280 needsFence 1
ja3:927758:927758 [0] NCCL INFO mscclGetCaptureStatus: 0, captureId: 0, size: 0

ja3:927758:927758 [0] NCCL INFO mscclSetupProxy: no capture

ja3:927758:927758 [0] NCCL INFO MSCCL: Setup Kernel finished, smem 41280 needsFence 1
ja3:927758:927758 [0] NCCL INFO mscclGetCaptureStatus: 0, captureId: 0, size: 0

ja3:927758:927758 [0] NCCL INFO mscclSetupProxy: no capture

ja3:927758:927758 [0] NCCL INFO MSCCL: Setup Kernel finished, smem 41280 needsFence 1
ja3:927758:927758 [0] NCCL INFO mscclGetCaptureStatus: 0, captureId: 0, size: 0

ja3:927758:927758 [0] NCCL INFO mscclSetupProxy: no capture

ja3:927758:927758 [0] NCCL INFO MSCCL: Setup Kernel finished, smem 41280 needsFence 1
ja3:927758:927758 [0] NCCL INFO mscclGetCaptureStatus: 0, captureId: 0, size: 0

ja3:927758:927758 [0] NCCL INFO mscclSetupProxy: no capture

ja3:927758:927758 [0] NCCL INFO MSCCL: Setup Kernel finished, smem 41280 needsFence 1
ja3:927758:927758 [0] NCCL INFO mscclGetCaptureStatus: 0, captureId: 0, size: 0

ja3:927758:927758 [0] NCCL INFO mscclSetupProxy: no capture

ja3:927758:927758 [0] NCCL INFO MSCCL: Setup Kernel finished, smem 41280 needsFence 1
ja3:927758:927758 [0] NCCL INFO mscclGetCaptureStatus: 0, captureId: 0, size: 0

ja3:927758:927758 [0] NCCL INFO mscclSetupProxy: no capture

ja4:2516912:2516912 [0] NCCL INFO mscclGetCaptureStatus: 0, captureId: 0, size: 0

ja4:2516912:2516912 [0] NCCL INFO mscclSetupProxy: no capture

ja4:2516912:2516912 [0] NCCL INFO MSCCL: Setup Kernel finished, smem 41280 needsFence 1
ja4:2516912:2516912 [0] NCCL INFO mscclGetCaptureStatus: 0, captureId: 0, size: 0

ja4:2516912:2516912 [0] NCCL INFO mscclSetupProxy: no capture

ja4:2516912:2516912 [0] NCCL INFO MSCCL: Setup Kernel finished, smem 41280 needsFence 1
ja4:2516912:2516912 [0] NCCL INFO mscclGetCaptureStatus: 0, captureId: 0, size: 0

ja4:2516912:2516912 [0] NCCL INFO mscclSetupProxy: no capture

ja4:2516912:2516912 [0] NCCL INFO MSCCL: Setup Kernel finished, smem 41280 needsFence 1
ja4:2516912:2516912 [0] NCCL INFO mscclGetCaptureStatus: 0, captureId: 0, size: 0

ja4:2516912:2516912 [0] NCCL INFO mscclSetupProxy: no capture

ja4:2516912:2516912 [0] NCCL INFO MSCCL: Setup Kernel finished, smem 41280 needsFence 1
ja3:927758:927758 [0] NCCL INFO MSCCL: Setup Kernel finished, smem 41280 needsFence 1
ja3:927758:927758 [0] NCCL INFO mscclGetCaptureStatus: 0, captureId: 0, size: 0

ja3:927758:927758 [0] NCCL INFO mscclSetupProxy: no capture

ja3:927758:927758 [0] NCCL INFO MSCCL: Setup Kernel finished, smem 41280 needsFence 1
ja2:1312397:1312397 [0] NCCL INFO mscclGetCaptureStatus: 0, captureId: 0, size: 0

ja2:1312397:1312397 [0] NCCL INFO mscclSetupProxy: no capture

ja2:1312397:1312397 [0] NCCL INFO MSCCL: Setup Kernel finished, smem 41280 needsFence 1
ja4:2516912:2516912 [0] NCCL INFO mscclGetCaptureStatus: 0, captureId: 0, size: 0

ja4:2516912:2516912 [0] NCCL INFO mscclSetupProxy: no capture

ja4:2516912:2516912 [0] NCCL INFO MSCCL: Setup Kernel finished, smem 41280 needsFence 1
ja3:927758:927758 [0] NCCL INFO mscclGetCaptureStatus: 0, captureId: 0, size: 0

ja3:927758:927758 [0] NCCL INFO mscclSetupProxy: no capture

ja3:927758:927758 [0] NCCL INFO MSCCL: Setup Kernel finished, smem 41280 needsFence 1
    83.58    0.07    0.05      0
       12288          1024     float    none      -1    26.32    0.47    0.31      0ja2:1312397:1312397 [0] NCCL INFO mscclGetCaptureStatus: 0, captureId: 0, size: 0

ja2:1312397:1312397 [0] NCCL INFO mscclSetupProxy: no capture

ja2:1312397:1312397 [0] NCCL INFO MSCCL: Setup Kernel finished, smem 41280 needsFence 1
ja4:2516912:2516912 [0] NCCL INFO mscclGetCaptureStatus: 0, captureId: 0, size: 0

ja4:2516912:2516912 [0] NCCL INFO mscclSetupProxy: no capture

ja4:2516912:2516912 [0] NCCL INFO MSCCL: Setup Kernel finished, smem 41280 needsFence 1
ja3:927758:927758 [0] NCCL INFO mscclGetCaptureStatus: 0, captureId: 0, size: 0

ja3:927758:927758 [0] NCCL INFO mscclSetupProxy: no capture

ja3:927758:927758 [0] NCCL INFO MSCCL: Setup Kernel finished, smem 41280 needsFence 1
ja2:1312397:1312397 [0] NCCL INFO mscclGetCaptureStatus: 0, captureId: 0, size: 0

ja2:1312397:1312397 [0] NCCL INFO mscclSetupProxy: no capture

ja2:1312397:1312397 [0] NCCL INFO MSCCL: Setup Kernel finished, smem 41280 needsFence 1
ja2:1312397:1312397 [0] NCCL INFO mscclGetCaptureStatus: 0, captureId: 0, size: 0

ja2:1312397:1312397 [0] NCCL INFO mscclSetupProxy: no capture

ja2:1312397:1312397 [0] NCCL INFO MSCCL: Setup Kernel finished, smem 41280 needsFence 1
ja2:1312397:1312397 [0] NCCL INFO mscclGetCaptureStatus: 0, captureId: 0, size: 0

ja4:2516912:2516912 [0] NCCL INFO mscclGetCaptureStatus: 0, captureId: 0, size: 0

ja4:2516912:2516912 [0] NCCL INFO mscclSetupProxy: no capture

ja4:2516912:2516912 [0] NCCL INFO MSCCL: Setup Kernel finished, smem 41280 needsFence 1
ja4:2516912:2516912 [0] NCCL INFO mscclGetCaptureStatus: 0, captureId: 0, size: 0

ja4:2516912:2516912 [0] NCCL INFO mscclSetupProxy: no capture

ja4:2516912:2516912 [0] NCCL INFO MSCCL: Setup Kernel finished, smem 41280 needsFence 1
ja4:2516912:2516912 [0] NCCL INFO mscclGetCaptureStatus: 0, captureId: 0, size: 0

ja3:927758:927758 [0] NCCL INFO mscclGetCaptureStatus: 0, captureId: 0, size: 0

ja3:927758:927758 [0] NCCL INFO mscclSetupProxy: no capture

ja3:927758:927758 [0] NCCL INFO MSCCL: Setup Kernel finished, smem 41280 needsFence 1
ja3:927758:927758 [0] NCCL INFO mscclGetCaptureStatus: 0, captureId: 0, size: 0

ja3:927758:927758 [0] NCCL INFO mscclSetupProxy: no capture

ja3:927758:927758 [0] NCCL INFO MSCCL: Setup Kernel finished, smem 41280 needsFence 1
ja2:1312397:1312397 [0] NCCL INFO mscclSetupProxy: no capture

ja2:1312397:1312397 [0] NCCL INFO MSCCL: Setup Kernel finished, smem 41280 needsFence 1
ja2:1312397:1312397 [0] NCCL INFO mscclGetCaptureStatus: 0, captureId: 0, size: 0

ja2:1312397:1312397 [0] NCCL INFO mscclSetupProxy: no capture

ja2:1312397:1312397 [0] NCCL INFO MSCCL: Setup Kernel finished, smem 41280 needsFence 1
ja2:1312397:1312397 [0] NCCL INFO mscclGetCaptureStatus: 0, captureId: 0, size: 0

ja2:1312397:1312397 [0] NCCL INFO mscclSetupProxy: no capture

ja2:1312397:1312397 [0] NCCL INFO MSCCL: Setup Kernel finished, smem 41280 needsFence 1
ja4:2516912:2516912 [0] NCCL INFO mscclSetupProxy: no capture

ja4:2516912:2516912 [0] NCCL INFO MSCCL: Setup Kernel finished, smem 41280 needsFence 1
ja4:2516912:2516912 [0] NCCL INFO mscclGetCaptureStatus: 0, captureId: 0, size: 0

ja4:2516912:2516912 [0] NCCL INFO mscclSetupProxy: no capture

ja4:2516912:2516912 [0] NCCL INFO MSCCL: Setup Kernel finished, smem 41280 needsFence 1
ja3:927758:927758 [0] NCCL INFO mscclGetCaptureStatus: 0, captureId: 0, size: 0

ja3:927758:927758 [0] NCCL INFO mscclSetupProxy: no capture

ja3:927758:927758 [0] NCCL INFO MSCCL: Setup Kernel finished, smem 41280 needsFence 1
ja3:927758:927758 [0] NCCL INFO mscclGetCaptureStatus: 0, captureId: 0, size: 0

ja2:1312397:1312397 [0] NCCL INFO mscclGetCaptureStatus: 0, captureId: 0, size: 0

ja2:1312397:1312397 [0] NCCL INFO mscclSetupProxy: no capture

ja2:1312397:1312397 [0] NCCL INFO MSCCL: Setup Kernel finished, smem 41280 needsFence 1
ja2:1312397:1312397 [0] NCCL INFO mscclGetCaptureStatus: 0, captureId: 0, size: 0

ja2:1312397:1312397 [0] NCCL INFO mscclSetupProxy: no capture

ja2:1312397:1312397 [0] NCCL INFO MSCCL: Setup Kernel finished, smem 41280 needsFence 1
ja2:1312397:1312397 [0] NCCL INFO mscclGetCaptureStatus: 0, captureId: 0, size: 0

ja2:1312397:1312397 [0] NCCL INFO mscclSetupProxy: no capture

ja2:1312397:1312397 [0] NCCL INFO MSCCL: Setup Kernel finished, smem 41280 needsFence 1
ja2:1312397:1312397 [0] NCCL INFO mscclGetCaptureStatus: 0, captureId: 0, size: 0

ja2:1312397:1312397 [0] NCCL INFO mscclSetupProxy: no capture

ja4:2516912:2516912 [0] NCCL INFO mscclGetCaptureStatus: 0, captureId: 0, size: 0

ja4:2516912:2516912 [0] NCCL INFO mscclSetupProxy: no capture

ja4:2516912:2516912 [0] NCCL INFO MSCCL: Setup Kernel finished, smem 41280 needsFence 1
ja4:2516912:2516912 [0] NCCL INFO mscclGetCaptureStatus: 0, captureId: 0, size: 0

ja4:2516912:2516912 [0] NCCL INFO mscclSetupProxy: no capture

ja4:2516912:2516912 [0] NCCL INFO MSCCL: Setup Kernel finished, smem 41280 needsFence 1
ja4:2516912:2516912 [0] NCCL INFO mscclGetCaptureStatus: 0, captureId: 0, size: 0

ja4:2516912:2516912 [0] NCCL INFO mscclSetupProxy: no capture

ja4:2516912:2516912 [0] NCCL INFO MSCCL: Setup Kernel finished, smem 41280 needsFence 1
ja3:927758:927758 [0] NCCL INFO mscclSetupProxy: no capture

ja3:927758:927758 [0] NCCL INFO MSCCL: Setup Kernel finished, smem 41280 needsFence 1
ja3:927758:927758 [0] NCCL INFO mscclGetCaptureStatus: 0, captureId: 0, size: 0

ja3:927758:927758 [0] NCCL INFO mscclSetupProxy: no capture

ja3:927758:927758 [0] NCCL INFO MSCCL: Setup Kernel finished, smem 41280 needsFence 1
ja3:927758:927758 [0] NCCL INFO mscclGetCaptureStatus: 0, captureId: 0, size: 0

ja3:927758:927758 [0] NCCL INFO mscclSetupProxy: no capture

ja3:927758:927758 [0] NCCL INFO MSCCL: Setup Kernel finished, smem 41280 needsFence 1
ja2:1312397:1312397 [0] NCCL INFO MSCCL: Setup Kernel finished, smem 41280 needsFence 1
ja2:1312397:1312397 [0] NCCL INFO mscclGetCaptureStatus: 0, captureId: 0, size: 0

ja2:1312397:1312397 [0] NCCL INFO mscclSetupProxy: no capture

ja2:1312397:1312397 [0] NCCL INFO MSCCL: Setup Kernel finished, smem 41280 needsFence 1
ja2:1312397:1312397 [0] NCCL INFO mscclGetCaptureStatus: 0, captureId: 0, size: 0

ja2:1312397:1312397 [0] NCCL INFO mscclSetupProxy: no capture

ja2:1312397:1312397 [0] NCCL INFO MSCCL: Setup Kernel finished, smem 41280 needsFence 1
ja2:1312397:1312397 [0] NCCL INFO mscclGetCaptureStatus: 0, captureId: 0, size: 0

ja2:1312397:1312397 [0] NCCL INFO mscclSetupProxy: no capture

ja2:1312397:1312397 [0] NCCL INFO MSCCL: Setup Kernel finished, smem 41280 needsFence 1
ja4:2516912:2516912 [0] NCCL INFO mscclGetCaptureStatus: 0, captureId: 0, size: 0

ja4:2516912:2516912 [0] NCCL INFO mscclSetupProxy: no capture

ja4:2516912:2516912 [0] NCCL INFO MSCCL: Setup Kernel finished, smem 41280 needsFence 1
ja4:2516912:2516912 [0] NCCL INFO mscclGetCaptureStatus: 0, captureId: 0, size: 0

ja4:2516912:2516912 [0] NCCL INFO mscclSetupProxy: no capture

ja4:2516912:2516912 [0] NCCL INFO MSCCL: Setup Kernel finished, smem 41280 needsFence 1
ja3:927758:927758 [0] NCCL INFO mscclGetCaptureStatus: 0, captureId: 0, size: 0

ja3:927758:927758 [0] NCCL INFO mscclSetupProxy: no capture

ja3:927758:927758 [0] NCCL INFO MSCCL: Setup Kernel finished, smem 41280 needsFence 1
ja3:927758:927758 [0] NCCL INFO mscclGetCaptureStatus: 0, captureId: 0, size: 0

ja3:927758:927758 [0] NCCL INFO mscclSetupProxy: no capture

ja3:927758:927758 [0] NCCL INFO MSCCL: Setup Kernel finished, smem 41280 needsFence 1
ja2:1312397:1312397 [0] NCCL INFO mscclGetCaptureStatus: 0, captureId: 0, size: 0

ja2:1312397:1312397 [0] NCCL INFO mscclSetupProxy: no capture

ja2:1312397:1312397 [0] NCCL INFO MSCCL: Setup Kernel finished, smem 41280 needsFence 1
ja2:1312397:1312397 [0] NCCL INFO mscclGetCaptureStatus: 0, captureId: 0, size: 0

ja2:1312397:1312397 [0] NCCL INFO mscclSetupProxy: no capture

ja2:1312397:1312397 [0] NCCL INFO MSCCL: Setup Kernel finished, smem 41280 needsFence 1
ja2:1312397:1312397 [0] NCCL INFO mscclGetCaptureStatus: 0, captureId: 0, size: 0

ja2:1312397:1312397 [0] NCCL INFO mscclSetupProxy: no capture

ja4:2516912:2516912 [0] NCCL INFO mscclGetCaptureStatus: 0, captureId: 0, size: 0

ja4:2516912:2516912 [0] NCCL INFO mscclSetupProxy: no capture

ja4:2516912:2516912 [0] NCCL INFO MSCCL: Setup Kernel finished, smem 41280 needsFence 1
ja4:2516912:2516912 [0] NCCL INFO mscclGetCaptureStatus: 0, captureId: 0, size: 0

ja4:2516912:2516912 [0] NCCL INFO mscclSetupProxy: no capture

ja4:2516912:2516912 [0] NCCL INFO MSCCL: Setup Kernel finished, smem 41280 needsFence 1
ja4:2516912:2516912 [0] NCCL INFO mscclGetCaptureStatus: 0, captureId: 0, size: 0

ja4:2516912:2516912 [0] NCCL INFO mscclSetupProxy: no capture

ja4:2516912:2516912 [0] NCCL INFO MSCCL: Setup Kernel finished, smem 41280 needsFence 1
ja3:927758:927758 [0] NCCL INFO mscclGetCaptureStatus: 0, captureId: 0, size: 0

ja3:927758:927758 [0] NCCL INFO mscclSetupProxy: no capture

ja3:927758:927758 [0] NCCL INFO MSCCL: Setup Kernel finished, smem 41280 needsFence 1
ja3:927758:927758 [0] NCCL INFO mscclGetCaptureStatus: 0, captureId: 0, size: 0

ja3:927758:927758 [0] NCCL INFO mscclSetupProxy: no capture

ja3:927758:927758 [0] NCCL INFO MSCCL: Setup Kernel finished, smem 41280 needsFence 1
ja3:927758:927758 [0] NCCL INFO mscclGetCaptureStatus: 0, captureId: 0, size: 0

ja3:927758:927758 [0] NCCL INFO mscclSetupProxy: no capture

ja3:927758:927758 [0] NCCL INFO MSCCL: Setup Kernel finished, smem 41280 needsFence 1
ja3:927758:927758 [0] NCCL INFO mscclGetCaptureStatus: 0, captureId: 0, size: 0

ja2:1312397:1312397 [0] NCCL INFO MSCCL: Setup Kernel finished, smem 41280 needsFence 1
ja2:1312397:1312397 [0] NCCL INFO mscclGetCaptureStatus: 0, captureId: 0, size: 0

ja2:1312397:1312397 [0] NCCL INFO mscclSetupProxy: no capture

ja2:1312397:1312397 [0] NCCL INFO MSCCL: Setup Kernel finished, smem 41280 needsFence 1
ja2:1312397:1312397 [0] NCCL INFO mscclGetCaptureStatus: 0, captureId: 0, size: 0

ja2:1312397:1312397 [0] NCCL INFO mscclSetupProxy: no capture

ja2:1312397:1312397 [0] NCCL INFO MSCCL: Setup Kernel finished, smem 41280 needsFence 1
ja2:1312397:1312397 [0] NCCL INFO mscclGetCaptureStatus: 0, captureId: 0, size: 0

ja2:1312397:1312397 [0] NCCL INFO mscclSetupProxy: no capture

ja2:1312397:1312397 [0] NCCL INFO MSCCL: Setup Kernel finished, smem 41280 needsFence 1
ja2:1312397:1312397 [0] NCCL INFO mscclGetCaptureStatus: 0, captureId: 0, size: 0

ja2:1312397:1312397 [0] NCCL INFO mscclSetupProxy: no capture

ja4:2516912:2516912 [0] NCCL INFO mscclGetCaptureStatus: 0, captureId: 0, size: 0

ja4:2516912:2516912 [0] NCCL INFO mscclSetupProxy: no capture

ja4:2516912:2516912 [0] NCCL INFO MSCCL: Setup Kernel finished, smem 41280 needsFence 1
ja4:2516912:2516912 [0] NCCL INFO mscclGetCaptureStatus: 0, captureId: 0, size: 0

ja4:2516912:2516912 [0] NCCL INFO mscclSetupProxy: no capture

ja4:2516912:2516912 [0] NCCL INFO MSCCL: Setup Kernel finished, smem 41280 needsFence 1
ja3:927758:927758 [0] NCCL INFO mscclSetupProxy: no capture

ja3:927758:927758 [0] NCCL INFO MSCCL: Setup Kernel finished, smem 41280 needsFence 1
ja3:927758:927758 [0] NCCL INFO mscclGetCaptureStatus: 0, captureId: 0, size: 0

ja3:927758:927758 [0] NCCL INFO mscclSetupProxy: no capture

ja3:927758:927758 [0] NCCL INFO MSCCL: Setup Kernel finished, smem 41280 needsFence 1
ja3:927758:927758 [0] NCCL INFO mscclGetCaptureStatus: 0, captureId: 0, size: 0

ja3:927758:927758 [0] NCCL INFO mscclSetupProxy: no capture

ja2:1312397:1312397 [0] NCCL INFO MSCCL: Setup Kernel finished, smem 41280 needsFence 1
ja2:1312397:1312397 [0] NCCL INFO mscclGetCaptureStatus: 0, captureId: 0, size: 0

ja2:1312397:1312397 [0] NCCL INFO mscclSetupProxy: no capture

ja2:1312397:1312397 [0] NCCL INFO MSCCL: Setup Kernel finished, smem 41280 needsFence 1
ja4:2516912:2516912 [0] NCCL INFO mscclGetCaptureStatus: 0, captureId: 0, size: 0

ja4:2516912:2516912 [0] NCCL INFO mscclSetupProxy: no capture

ja4:2516912:2516912 [0] NCCL INFO MSCCL: Setup Kernel finished, smem 41280 needsFence 1
ja4:2516912:2516912 [0] NCCL INFO mscclGetCaptureStatus: 0, captureId: 0, size: 0

ja4:2516912:2516912 [0] NCCL INFO mscclSetupProxy: no capture

ja4:2516912:2516912 [0] NCCL INFO MSCCL: Setup Kernel finished, smem 41280 needsFence 1
ja3:927758:927758 [0] NCCL INFO MSCCL: Setup Kernel finished, smem 41280 needsFence 1
ja3:927758:927758 [0] NCCL INFO mscclGetCaptureStatus: 0, captureId: 0, size: 0

ja3:927758:927758 [0] NCCL INFO mscclSetupProxy: no capture

ja3:927758:927758 [0] NCCL INFO MSCCL: Setup Kernel finished, smem 41280 needsFence 1
ja4:2516912:2516912 [0] NCCL INFO mscclGetCaptureStatus: 0, captureId: 0, size: 0

ja4:2516912:2516912 [0] NCCL INFO mscclSetupProxy: no capture

ja4:2516912:2516912 [0] NCCL INFO MSCCL: Setup Kernel finished, smem 41280 needsFence 1
ja4:2516912:2516912 [0] NCCL INFO mscclGetCaptureStatus: 0, captureId: 0, size: 0

ja4:2516912:2516912 [0] NCCL INFO mscclSetupProxy: no capture

ja4:2516912:2516912 [0] NCCL INFO MSCCL: Setup Kernel finished, smem 41280 needsFence 1
ja3:927758:927758 [0] NCCL INFO mscclGetCaptureStatus: 0, captureId: 0, size: 0

ja3:927758:927758 [0] NCCL INFO mscclSetupProxy: no capture

ja3:927758:927758 [0] NCCL INFO MSCCL: Setup Kernel finished, smem 41280 needsFence 1
ja3:927758:927758 [0] NCCL INFO mscclGetCaptureStatus: 0, captureId: 0, size: 0

ja3:927758:927758 [0] NCCL INFO mscclSetupProxy: no capture

ja3:927758:927758 [0] NCCL INFO MSCCL: Setup Kernel finished, smem 41280 needsFence 1
ja4:2516912:2516912 [0] NCCL INFO mscclGetCaptureStatus: 0, captureId: 0, size: 0

ja4:2516912:2516912 [0] NCCL INFO mscclSetupProxy: no capture

ja4:2516912:2516912 [0] NCCL INFO MSCCL: Setup Kernel finished, smem 41280 needsFence 1
ja4:2516912:2516912 [0] NCCL INFO mscclGetCaptureStatus: 0, captureId: 0, size: 0

ja4:2516912:2516912 [0] NCCL INFO mscclSetupProxy: no capture

ja4:2516912:2516912 [0] NCCL INFO MSCCL: Setup Kernel finished, smem 41280 needsFence 1
ja3:927758:927758 [0] NCCL INFO mscclGetCaptureStatus: 0, captureId: 0, size: 0

ja3:927758:927758 [0] NCCL INFO mscclSetupProxy: no capture

ja3:927758:927758 [0] NCCL INFO MSCCL: Setup Kernel finished, smem 41280 needsFence 1
ja3:927758:927758 [0] NCCL INFO mscclGetCaptureStatus: 0, captureId: 0, size: 0

ja3:927758:927758 [0] NCCL INFO mscclSetupProxy: no capture

ja3:927758:927758 [0] NCCL INFO MSCCL: Setup Kernel finished, smem 41280 needsFence 1
ja3:927758:927758 [0] NCCL INFO mscclGetCaptureStatus: 0, captureId: 0, size: 0

ja3:927758:927758 [0] NCCL INFO mscclSetupProxy: no capture

ja3:927758:927758 [0] NCCL INFO MSCCL: Setup Kernel finished, smem 41280 needsFence 1
ja2:1312397:1312397 [0] NCCL INFO mscclGetCaptureStatus: 0, captureId: 0, size: 0

ja2:1312397:1312397 [0] NCCL INFO mscclSetupProxy: no capture

ja2:1312397:1312397 [0] NCCL INFO MSCCL: Setup Kernel finished, smem 41280 needsFence 1
ja4:2516912:2516912 [0] NCCL INFO mscclGetCaptureStatus: 0, captureId: 0, size: 0

ja4:2516912:2516912 [0] NCCL INFO mscclSetupProxy: no capture

ja4:2516912:2516912 [0] NCCL INFO MSCCL: Setup Kernel finished, smem 41280 needsFence 1
ja3:927758:927758 [0] NCCL INFO mscclGetCaptureStatus: 0, captureId: 0, size: 0

ja3:927758:927758 [0] NCCL INFO mscclSetupProxy: no capture

ja3:927758:927758 [0] NCCL INFO MSCCL: Setup Kernel finished, smem 41280 needsFence 1
    112.0    0.11    0.07      0
       24576          2048     float    none      -1    32.04    0.77    0.51      0ja2:1312397:1312397 [0] NCCL INFO mscclGetCaptureStatus: 0, captureId: 0, size: 0

ja2:1312397:1312397 [0] NCCL INFO mscclSetupProxy: no capture

ja2:1312397:1312397 [0] NCCL INFO MSCCL: Setup Kernel finished, smem 41280 needsFence 1
ja4:2516912:2516912 [0] NCCL INFO mscclGetCaptureStatus: 0, captureId: 0, size: 0

ja4:2516912:2516912 [0] NCCL INFO mscclSetupProxy: no capture

ja4:2516912:2516912 [0] NCCL INFO MSCCL: Setup Kernel finished, smem 41280 needsFence 1
ja3:927758:927758 [0] NCCL INFO mscclGetCaptureStatus: 0, captureId: 0, size: 0

ja3:927758:927758 [0] NCCL INFO mscclSetupProxy: no capture

ja3:927758:927758 [0] NCCL INFO MSCCL: Setup Kernel finished, smem 41280 needsFence 1
ja2:1312397:1312397 [0] NCCL INFO mscclGetCaptureStatus: 0, captureId: 0, size: 0

ja2:1312397:1312397 [0] NCCL INFO mscclSetupProxy: no capture

ja2:1312397:1312397 [0] NCCL INFO MSCCL: Setup Kernel finished, smem 41280 needsFence 1
ja2:1312397:1312397 [0] NCCL INFO mscclGetCaptureStatus: 0, captureId: 0, size: 0

ja2:1312397:1312397 [0] NCCL INFO mscclSetupProxy: no capture

ja2:1312397:1312397 [0] NCCL INFO MSCCL: Setup Kernel finished, smem 41280 needsFence 1
ja2:1312397:1312397 [0] NCCL INFO mscclGetCaptureStatus: 0, captureId: 0, size: 0

ja2:1312397:1312397 [0] NCCL INFO mscclSetupProxy: no capture

ja2:1312397:1312397 [0] NCCL INFO MSCCL: Setup Kernel finished, smem 41280 needsFence 1
ja2:1312397:1312397 [0] NCCL INFO mscclGetCaptureStatus: 0, captureId: 0, size: 0

ja2:1312397:1312397 [0] NCCL INFO mscclSetupProxy: no capture

ja2:1312397:1312397 [0] NCCL INFO MSCCL: Setup Kernel finished, smem 41280 needsFence 1
ja2:1312397:1312397 [0] NCCL INFO mscclGetCaptureStatus: 0, captureId: 0, size: 0

ja2:1312397:1312397 [0] NCCL INFO mscclSetupProxy: no capture

ja4:2516912:2516912 [0] NCCL INFO mscclGetCaptureStatus: 0, captureId: 0, size: 0

ja4:2516912:2516912 [0] NCCL INFO mscclSetupProxy: no capture

ja3:927758:927758 [0] NCCL INFO mscclGetCaptureStatus: 0, captureId: 0, size: 0

ja3:927758:927758 [0] NCCL INFO mscclSetupProxy: no capture

ja3:927758:927758 [0] NCCL INFO MSCCL: Setup Kernel finished, smem 41280 needsFence 1
ja3:927758:927758 [0] NCCL INFO mscclGetCaptureStatus: 0, captureId: 0, size: 0

ja2:1312397:1312397 [0] NCCL INFO MSCCL: Setup Kernel finished, smem 41280 needsFence 1
ja2:1312397:1312397 [0] NCCL INFO mscclGetCaptureStatus: 0, captureId: 0, size: 0

ja2:1312397:1312397 [0] NCCL INFO mscclSetupProxy: no capture

ja2:1312397:1312397 [0] NCCL INFO MSCCL: Setup Kernel finished, smem 41280 needsFence 1
ja2:1312397:1312397 [0] NCCL INFO mscclGetCaptureStatus: 0, captureId: 0, size: 0

ja2:1312397:1312397 [0] NCCL INFO mscclSetupProxy: no capture

ja2:1312397:1312397 [0] NCCL INFO MSCCL: Setup Kernel finished, smem 41280 needsFence 1
ja2:1312397:1312397 [0] NCCL INFO mscclGetCaptureStatus: 0, captureId: 0, size: 0

ja4:2516912:2516912 [0] NCCL INFO MSCCL: Setup Kernel finished, smem 41280 needsFence 1
ja4:2516912:2516912 [0] NCCL INFO mscclGetCaptureStatus: 0, captureId: 0, size: 0

ja4:2516912:2516912 [0] NCCL INFO mscclSetupProxy: no capture

ja4:2516912:2516912 [0] NCCL INFO MSCCL: Setup Kernel finished, smem 41280 needsFence 1
ja4:2516912:2516912 [0] NCCL INFO mscclGetCaptureStatus: 0, captureId: 0, size: 0

ja4:2516912:2516912 [0] NCCL INFO mscclSetupProxy: no capture

ja4:2516912:2516912 [0] NCCL INFO MSCCL: Setup Kernel finished, smem 41280 needsFence 1
ja4:2516912:2516912 [0] NCCL INFO mscclGetCaptureStatus: 0, captureId: 0, size: 0

ja4:2516912:2516912 [0] NCCL INFO mscclSetupProxy: no capture

ja4:2516912:2516912 [0] NCCL INFO MSCCL: Setup Kernel finished, smem 41280 needsFence 1
ja4:2516912:2516912 [0] NCCL INFO mscclGetCaptureStatus: 0, captureId: 0, size: 0

ja4:2516912:2516912 [0] NCCL INFO mscclSetupProxy: no capture

ja3:927758:927758 [0] NCCL INFO mscclSetupProxy: no capture

ja3:927758:927758 [0] NCCL INFO MSCCL: Setup Kernel finished, smem 41280 needsFence 1
ja3:927758:927758 [0] NCCL INFO mscclGetCaptureStatus: 0, captureId: 0, size: 0

ja3:927758:927758 [0] NCCL INFO mscclSetupProxy: no capture

ja2:1312397:1312397 [0] NCCL INFO mscclSetupProxy: no capture

ja2:1312397:1312397 [0] NCCL INFO MSCCL: Setup Kernel finished, smem 41280 needsFence 1
ja2:1312397:1312397 [0] NCCL INFO mscclGetCaptureStatus: 0, captureId: 0, size: 0

ja2:1312397:1312397 [0] NCCL INFO mscclSetupProxy: no capture

ja2:1312397:1312397 [0] NCCL INFO MSCCL: Setup Kernel finished, smem 41280 needsFence 1
ja2:1312397:1312397 [0] NCCL INFO mscclGetCaptureStatus: 0, captureId: 0, size: 0

ja2:1312397:1312397 [0] NCCL INFO mscclSetupProxy: no capture

ja2:1312397:1312397 [0] NCCL INFO MSCCL: Setup Kernel finished, smem 41280 needsFence 1
ja2:1312397:1312397 [0] NCCL INFO mscclGetCaptureStatus: 0, captureId: 0, size: 0

ja2:1312397:1312397 [0] NCCL INFO mscclSetupProxy: no capture

ja2:1312397:1312397 [0] NCCL INFO MSCCL: Setup Kernel finished, smem 41280 needsFence 1
ja4:2516912:2516912 [0] NCCL INFO MSCCL: Setup Kernel finished, smem 41280 needsFence 1
ja3:927758:927758 [0] NCCL INFO MSCCL: Setup Kernel finished, smem 41280 needsFence 1
ja3:927758:927758 [0] NCCL INFO mscclGetCaptureStatus: 0, captureId: 0, size: 0

ja3:927758:927758 [0] NCCL INFO mscclSetupProxy: no capture

ja3:927758:927758 [0] NCCL INFO MSCCL: Setup Kernel finished, smem 41280 needsFence 1
ja3:927758:927758 [0] NCCL INFO mscclGetCaptureStatus: 0, captureId: 0, size: 0

ja3:927758:927758 [0] NCCL INFO mscclSetupProxy: no capture

ja3:927758:927758 [0] NCCL INFO MSCCL: Setup Kernel finished, smem 41280 needsFence 1
ja2:1312397:1312397 [0] NCCL INFO mscclGetCaptureStatus: 0, captureId: 0, size: 0

ja2:1312397:1312397 [0] NCCL INFO mscclSetupProxy: no capture

ja2:1312397:1312397 [0] NCCL INFO MSCCL: Setup Kernel finished, smem 41280 needsFence 1
ja2:1312397:1312397 [0] NCCL INFO mscclGetCaptureStatus: 0, captureId: 0, size: 0

ja2:1312397:1312397 [0] NCCL INFO mscclSetupProxy: no capture

ja2:1312397:1312397 [0] NCCL INFO MSCCL: Setup Kernel finished, smem 41280 needsFence 1
ja2:1312397:1312397 [0] NCCL INFO mscclGetCaptureStatus: 0, captureId: 0, size: 0

ja2:1312397:1312397 [0] NCCL INFO mscclSetupProxy: no capture

ja2:1312397:1312397 [0] NCCL INFO MSCCL: Setup Kernel finished, smem 41280 needsFence 1
ja2:1312397:1312397 [0] NCCL INFO mscclGetCaptureStatus: 0, captureId: 0, size: 0

ja4:2516912:2516912 [0] NCCL INFO mscclGetCaptureStatus: 0, captureId: 0, size: 0

ja4:2516912:2516912 [0] NCCL INFO mscclSetupProxy: no capture

ja4:2516912:2516912 [0] NCCL INFO MSCCL: Setup Kernel finished, smem 41280 needsFence 1
ja4:2516912:2516912 [0] NCCL INFO mscclGetCaptureStatus: 0, captureId: 0, size: 0

ja4:2516912:2516912 [0] NCCL INFO mscclSetupProxy: no capture

ja4:2516912:2516912 [0] NCCL INFO MSCCL: Setup Kernel finished, smem 41280 needsFence 1
ja4:2516912:2516912 [0] NCCL INFO mscclGetCaptureStatus: 0, captureId: 0, size: 0

ja4:2516912:2516912 [0] NCCL INFO mscclSetupProxy: no capture

ja4:2516912:2516912 [0] NCCL INFO MSCCL: Setup Kernel finished, smem 41280 needsFence 1
ja4:2516912:2516912 [0] NCCL INFO mscclGetCaptureStatus: 0, captureId: 0, size: 0

ja4:2516912:2516912 [0] NCCL INFO mscclSetupProxy: no capture

ja4:2516912:2516912 [0] NCCL INFO MSCCL: Setup Kernel finished, smem 41280 needsFence 1
ja4:2516912:2516912 [0] NCCL INFO mscclGetCaptureStatus: 0, captureId: 0, size: 0

ja3:927758:927758 [0] NCCL INFO mscclGetCaptureStatus: 0, captureId: 0, size: 0

ja3:927758:927758 [0] NCCL INFO mscclSetupProxy: no capture

ja3:927758:927758 [0] NCCL INFO MSCCL: Setup Kernel finished, smem 41280 needsFence 1
ja3:927758:927758 [0] NCCL INFO mscclGetCaptureStatus: 0, captureId: 0, size: 0

ja3:927758:927758 [0] NCCL INFO mscclSetupProxy: no capture

ja3:927758:927758 [0] NCCL INFO MSCCL: Setup Kernel finished, smem 41280 needsFence 1
ja3:927758:927758 [0] NCCL INFO mscclGetCaptureStatus: 0, captureId: 0, size: 0

ja3:927758:927758 [0] NCCL INFO mscclSetupProxy: no capture

ja3:927758:927758 [0] NCCL INFO MSCCL: Setup Kernel finished, smem 41280 needsFence 1
ja2:1312397:1312397 [0] NCCL INFO mscclSetupProxy: no capture

ja2:1312397:1312397 [0] NCCL INFO MSCCL: Setup Kernel finished, smem 41280 needsFence 1
ja2:1312397:1312397 [0] NCCL INFO mscclGetCaptureStatus: 0, captureId: 0, size: 0

ja2:1312397:1312397 [0] NCCL INFO mscclSetupProxy: no capture

ja2:1312397:1312397 [0] NCCL INFO MSCCL: Setup Kernel finished, smem 41280 needsFence 1
ja2:1312397:1312397 [0] NCCL INFO mscclGetCaptureStatus: 0, captureId: 0, size: 0

ja2:1312397:1312397 [0] NCCL INFO mscclSetupProxy: no capture

ja2:1312397:1312397 [0] NCCL INFO MSCCL: Setup Kernel finished, smem 41280 needsFence 1
ja4:2516912:2516912 [0] NCCL INFO mscclSetupProxy: no capture

ja3:927758:927758 [0] NCCL INFO mscclGetCaptureStatus: 0, captureId: 0, size: 0

ja3:927758:927758 [0] NCCL INFO mscclSetupProxy: no capture

ja3:927758:927758 [0] NCCL INFO MSCCL: Setup Kernel finished, smem 41280 needsFence 1
ja3:927758:927758 [0] NCCL INFO mscclGetCaptureStatus: 0, captureId: 0, size: 0

ja3:927758:927758 [0] NCCL INFO mscclSetupProxy: no capture

ja3:927758:927758 [0] NCCL INFO MSCCL: Setup Kernel finished, smem 41280 needsFence 1
ja3:927758:927758 [0] NCCL INFO mscclGetCaptureStatus: 0, captureId: 0, size: 0

ja3:927758:927758 [0] NCCL INFO mscclSetupProxy: no capture

ja2:1312397:1312397 [0] NCCL INFO mscclGetCaptureStatus: 0, captureId: 0, size: 0

ja2:1312397:1312397 [0] NCCL INFO mscclSetupProxy: no capture

ja2:1312397:1312397 [0] NCCL INFO MSCCL: Setup Kernel finished, smem 41280 needsFence 1
ja2:1312397:1312397 [0] NCCL INFO mscclGetCaptureStatus: 0, captureId: 0, size: 0

ja2:1312397:1312397 [0] NCCL INFO mscclSetupProxy: no capture

ja2:1312397:1312397 [0] NCCL INFO MSCCL: Setup Kernel finished, smem 41280 needsFence 1
ja2:1312397:1312397 [0] NCCL INFO mscclGetCaptureStatus: 0, captureId: 0, size: 0

ja2:1312397:1312397 [0] NCCL INFO mscclSetupProxy: no capture

ja2:1312397:1312397 [0] NCCL INFO MSCCL: Setup Kernel finished, smem 41280 needsFence 1
ja4:2516912:2516912 [0] NCCL INFO MSCCL: Setup Kernel finished, smem 41280 needsFence 1
ja4:2516912:2516912 [0] NCCL INFO mscclGetCaptureStatus: 0, captureId: 0, size: 0

ja4:2516912:2516912 [0] NCCL INFO mscclSetupProxy: no capture

ja4:2516912:2516912 [0] NCCL INFO MSCCL: Setup Kernel finished, smem 41280 needsFence 1
ja4:2516912:2516912 [0] NCCL INFO mscclGetCaptureStatus: 0, captureId: 0, size: 0

ja4:2516912:2516912 [0] NCCL INFO mscclSetupProxy: no capture

ja4:2516912:2516912 [0] NCCL INFO MSCCL: Setup Kernel finished, smem 41280 needsFence 1
ja4:2516912:2516912 [0] NCCL INFO mscclGetCaptureStatus: 0, captureId: 0, size: 0

ja4:2516912:2516912 [0] NCCL INFO mscclSetupProxy: no capture

ja4:2516912:2516912 [0] NCCL INFO MSCCL: Setup Kernel finished, smem 41280 needsFence 1
ja4:2516912:2516912 [0] NCCL INFO mscclGetCaptureStatus: 0, captureId: 0, size: 0

ja4:2516912:2516912 [0] NCCL INFO mscclSetupProxy: no capture

ja3:927758:927758 [0] NCCL INFO MSCCL: Setup Kernel finished, smem 41280 needsFence 1
ja3:927758:927758 [0] NCCL INFO mscclGetCaptureStatus: 0, captureId: 0, size: 0

ja3:927758:927758 [0] NCCL INFO mscclSetupProxy: no capture

ja3:927758:927758 [0] NCCL INFO MSCCL: Setup Kernel finished, smem 41280 needsFence 1
ja3:927758:927758 [0] NCCL INFO mscclGetCaptureStatus: 0, captureId: 0, size: 0

ja3:927758:927758 [0] NCCL INFO mscclSetupProxy: no capture

ja4:2516912:2516912 [0] NCCL INFO MSCCL: Setup Kernel finished, smem 41280 needsFence 1
ja4:2516912:2516912 [0] NCCL INFO mscclGetCaptureStatus: 0, captureId: 0, size: 0

ja4:2516912:2516912 [0] NCCL INFO mscclSetupProxy: no capture

ja3:927758:927758 [0] NCCL INFO MSCCL: Setup Kernel finished, smem 41280 needsFence 1
ja3:927758:927758 [0] NCCL INFO mscclGetCaptureStatus: 0, captureId: 0, size: 0

ja3:927758:927758 [0] NCCL INFO mscclSetupProxy: no capture

ja3:927758:927758 [0] NCCL INFO MSCCL: Setup Kernel finished, smem 41280 needsFence 1
ja3:927758:927758 [0] NCCL INFO mscclGetCaptureStatus: 0, captureId: 0, size: 0

ja3:927758:927758 [0] NCCL INFO mscclSetupProxy: no capture

ja3:927758:927758 [0] NCCL INFO MSCCL: Setup Kernel finished, smem 41280 needsFence 1
ja3:927758:927758 [0] NCCL INFO mscclGetCaptureStatus: 0, captureId: 0, size: 0

ja4:2516912:2516912 [0] NCCL INFO MSCCL: Setup Kernel finished, smem 41280 needsFence 1
ja4:2516912:2516912 [0] NCCL INFO mscclGetCaptureStatus: 0, captureId: 0, size: 0

ja4:2516912:2516912 [0] NCCL INFO mscclSetupProxy: no capture

ja4:2516912:2516912 [0] NCCL INFO MSCCL: Setup Kernel finished, smem 41280 needsFence 1
ja4:2516912:2516912 [0] NCCL INFO mscclGetCaptureStatus: 0, captureId: 0, size: 0

ja4:2516912:2516912 [0] NCCL INFO mscclSetupProxy: no capture

ja4:2516912:2516912 [0] NCCL INFO MSCCL: Setup Kernel finished, smem 41280 needsFence 1
ja4:2516912:2516912 [0] NCCL INFO mscclGetCaptureStatus: 0, captureId: 0, size: 0

ja4:2516912:2516912 [0] NCCL INFO mscclSetupProxy: no capture

ja4:2516912:2516912 [0] NCCL INFO MSCCL: Setup Kernel finished, smem 41280 needsFence 1
ja4:2516912:2516912 [0] NCCL INFO mscclGetCaptureStatus: 0, captureId: 0, size: 0

ja3:927758:927758 [0] NCCL INFO mscclSetupProxy: no capture

ja3:927758:927758 [0] NCCL INFO MSCCL: Setup Kernel finished, smem 41280 needsFence 1
ja3:927758:927758 [0] NCCL INFO mscclGetCaptureStatus: 0, captureId: 0, size: 0

ja3:927758:927758 [0] NCCL INFO mscclSetupProxy: no capture

ja3:927758:927758 [0] NCCL INFO MSCCL: Setup Kernel finished, smem 41280 needsFence 1
ja4:2516912:2516912 [0] NCCL INFO mscclSetupProxy: no capture

ja4:2516912:2516912 [0] NCCL INFO MSCCL: Setup Kernel finished, smem 41280 needsFence 1
ja4:2516912:2516912 [0] NCCL INFO mscclGetCaptureStatus: 0, captureId: 0, size: 0

ja4:2516912:2516912 [0] NCCL INFO mscclSetupProxy: no capture

ja4:2516912:2516912 [0] NCCL INFO MSCCL: Setup Kernel finished, smem 41280 needsFence 1
ja3:927758:927758 [0] NCCL INFO mscclGetCaptureStatus: 0, captureId: 0, size: 0

ja3:927758:927758 [0] NCCL INFO mscclSetupProxy: no capture

ja3:927758:927758 [0] NCCL INFO MSCCL: Setup Kernel finished, smem 41280 needsFence 1
ja3:927758:927758 [0] NCCL INFO mscclGetCaptureStatus: 0, captureId: 0, size: 0

ja3:927758:927758 [0] NCCL INFO mscclSetupProxy: no capture

ja3:927758:927758 [0] NCCL INFO MSCCL: Setup Kernel finished, smem 41280 needsFence 1
ja3:927758:927758 [0] NCCL INFO mscclGetCaptureStatus: 0, captureId: 0, size: 0

ja3:927758:927758 [0] NCCL INFO mscclSetupProxy: no capture

ja3:927758:927758 [0] NCCL INFO MSCCL: Setup Kernel finished, smem 41280 needsFence 1
ja2:1312397:1312397 [0] NCCL INFO mscclGetCaptureStatus: 0, captureId: 0, size: 0

ja2:1312397:1312397 [0] NCCL INFO mscclSetupProxy: no capture

ja2:1312397:1312397 [0] NCCL INFO MSCCL: Setup Kernel finished, smem 41280 needsFence 1
ja4:2516912:2516912 [0] NCCL INFO mscclGetCaptureStatus: 0, captureId: 0, size: 0

ja4:2516912:2516912 [0] NCCL INFO mscclSetupProxy: no capture

ja4:2516912:2516912 [0] NCCL INFO MSCCL: Setup Kernel finished, smem 41280 needsFence 1
ja3:927758:927758 [0] NCCL INFO mscclGetCaptureStatus: 0, captureId: 0, size: 0

ja3:927758:927758 [0] NCCL INFO mscclSetupProxy: no capture

ja3:927758:927758 [0] NCCL INFO MSCCL: Setup Kernel finished, smem 41280 needsFence 1
    149.2    0.16    0.11      0
       49152          4096     float    none      -1    39.46    1.25    0.83      0ja2:1312397:1312397 [0] NCCL INFO mscclGetCaptureStatus: 0, captureId: 0, size: 0

ja2:1312397:1312397 [0] NCCL INFO mscclSetupProxy: no capture

ja2:1312397:1312397 [0] NCCL INFO MSCCL: Setup Kernel finished, smem 41280 needsFence 1
ja4:2516912:2516912 [0] NCCL INFO mscclGetCaptureStatus: 0, captureId: 0, size: 0

ja4:2516912:2516912 [0] NCCL INFO mscclSetupProxy: no capture

ja4:2516912:2516912 [0] NCCL INFO MSCCL: Setup Kernel finished, smem 41280 needsFence 1
ja3:927758:927758 [0] NCCL INFO mscclGetCaptureStatus: 0, captureId: 0, size: 0

ja3:927758:927758 [0] NCCL INFO mscclSetupProxy: no capture

ja3:927758:927758 [0] NCCL INFO MSCCL: Setup Kernel finished, smem 41280 needsFence 1
ja2:1312397:1312397 [0] NCCL INFO mscclGetCaptureStatus: 0, captureId: 0, size: 0

ja2:1312397:1312397 [0] NCCL INFO mscclSetupProxy: no capture

ja4:2516912:2516912 [0] NCCL INFO mscclGetCaptureStatus: 0, captureId: 0, size: 0

ja4:2516912:2516912 [0] NCCL INFO mscclSetupProxy: no capture

ja4:2516912:2516912 [0] NCCL INFO MSCCL: Setup Kernel finished, smem 41280 needsFence 1
ja4:2516912:2516912 [0] NCCL INFO mscclGetCaptureStatus: 0, captureId: 0, size: 0

ja4:2516912:2516912 [0] NCCL INFO mscclSetupProxy: no capture

ja4:2516912:2516912 [0] NCCL INFO MSCCL: Setup Kernel finished, smem 41280 needsFence 1
ja3:927758:927758 [0] NCCL INFO mscclGetCaptureStatus: 0, captureId: 0, size: 0

ja3:927758:927758 [0] NCCL INFO mscclSetupProxy: no capture

ja3:927758:927758 [0] NCCL INFO MSCCL: Setup Kernel finished, smem 41280 needsFence 1
ja2:1312397:1312397 [0] NCCL INFO MSCCL: Setup Kernel finished, smem 41280 needsFence 1
ja4:2516912:2516912 [0] NCCL INFO mscclGetCaptureStatus: 0, captureId: 0, size: 0

ja4:2516912:2516912 [0] NCCL INFO mscclSetupProxy: no capture

ja4:2516912:2516912 [0] NCCL INFO MSCCL: Setup Kernel finished, smem 41280 needsFence 1
ja4:2516912:2516912 [0] NCCL INFO mscclGetCaptureStatus: 0, captureId: 0, size: 0

ja4:2516912:2516912 [0] NCCL INFO mscclSetupProxy: no capture

ja3:927758:927758 [0] NCCL INFO mscclGetCaptureStatus: 0, captureId: 0, size: 0

ja3:927758:927758 [0] NCCL INFO mscclSetupProxy: no capture

ja3:927758:927758 [0] NCCL INFO MSCCL: Setup Kernel finished, smem 41280 needsFence 1
ja2:1312397:1312397 [0] NCCL INFO mscclGetCaptureStatus: 0, captureId: 0, size: 0

ja2:1312397:1312397 [0] NCCL INFO mscclSetupProxy: no capture

ja2:1312397:1312397 [0] NCCL INFO MSCCL: Setup Kernel finished, smem 41280 needsFence 1
ja2:1312397:1312397 [0] NCCL INFO mscclGetCaptureStatus: 0, captureId: 0, size: 0

ja2:1312397:1312397 [0] NCCL INFO mscclSetupProxy: no capture

ja2:1312397:1312397 [0] NCCL INFO MSCCL: Setup Kernel finished, smem 41280 needsFence 1
ja4:2516912:2516912 [0] NCCL INFO MSCCL: Setup Kernel finished, smem 41280 needsFence 1
ja4:2516912:2516912 [0] NCCL INFO mscclGetCaptureStatus: 0, captureId: 0, size: 0

ja4:2516912:2516912 [0] NCCL INFO mscclSetupProxy: no capture

ja4:2516912:2516912 [0] NCCL INFO MSCCL: Setup Kernel finished, smem 41280 needsFence 1
ja4:2516912:2516912 [0] NCCL INFO mscclGetCaptureStatus: 0, captureId: 0, size: 0

ja4:2516912:2516912 [0] NCCL INFO mscclSetupProxy: no capture

ja4:2516912:2516912 [0] NCCL INFO MSCCL: Setup Kernel finished, smem 41280 needsFence 1
ja4:2516912:2516912 [0] NCCL INFO mscclGetCaptureStatus: 0, captureId: 0, size: 0

ja3:927758:927758 [0] NCCL INFO mscclGetCaptureStatus: 0, captureId: 0, size: 0

ja3:927758:927758 [0] NCCL INFO mscclSetupProxy: no capture

ja3:927758:927758 [0] NCCL INFO MSCCL: Setup Kernel finished, smem 41280 needsFence 1
ja3:927758:927758 [0] NCCL INFO mscclGetCaptureStatus: 0, captureId: 0, size: 0

ja2:1312397:1312397 [0] NCCL INFO mscclGetCaptureStatus: 0, captureId: 0, size: 0

ja2:1312397:1312397 [0] NCCL INFO mscclSetupProxy: no capture

ja2:1312397:1312397 [0] NCCL INFO MSCCL: Setup Kernel finished, smem 41280 needsFence 1
ja2:1312397:1312397 [0] NCCL INFO mscclGetCaptureStatus: 0, captureId: 0, size: 0

ja2:1312397:1312397 [0] NCCL INFO mscclSetupProxy: no capture

ja2:1312397:1312397 [0] NCCL INFO MSCCL: Setup Kernel finished, smem 41280 needsFence 1
ja2:1312397:1312397 [0] NCCL INFO mscclGetCaptureStatus: 0, captureId: 0, size: 0

ja2:1312397:1312397 [0] NCCL INFO mscclSetupProxy: no capture

ja2:1312397:1312397 [0] NCCL INFO MSCCL: Setup Kernel finished, smem 41280 needsFence 1
ja4:2516912:2516912 [0] NCCL INFO mscclSetupProxy: no capture

ja4:2516912:2516912 [0] NCCL INFO MSCCL: Setup Kernel finished, smem 41280 needsFence 1
ja4:2516912:2516912 [0] NCCL INFO mscclGetCaptureStatus: 0, captureId: 0, size: 0

ja4:2516912:2516912 [0] NCCL INFO mscclSetupProxy: no capture

ja4:2516912:2516912 [0] NCCL INFO MSCCL: Setup Kernel finished, smem 41280 needsFence 1
ja4:2516912:2516912 [0] NCCL INFO mscclGetCaptureStatus: 0, captureId: 0, size: 0

ja3:927758:927758 [0] NCCL INFO mscclSetupProxy: no capture

ja3:927758:927758 [0] NCCL INFO MSCCL: Setup Kernel finished, smem 41280 needsFence 1
ja3:927758:927758 [0] NCCL INFO mscclGetCaptureStatus: 0, captureId: 0, size: 0

ja3:927758:927758 [0] NCCL INFO mscclSetupProxy: no capture

ja3:927758:927758 [0] NCCL INFO MSCCL: Setup Kernel finished, smem 41280 needsFence 1
ja3:927758:927758 [0] NCCL INFO mscclGetCaptureStatus: 0, captureId: 0, size: 0

ja3:927758:927758 [0] NCCL INFO mscclSetupProxy: no capture

ja3:927758:927758 [0] NCCL INFO MSCCL: Setup Kernel finished, smem 41280 needsFence 1
ja3:927758:927758 [0] NCCL INFO mscclGetCaptureStatus: 0, captureId: 0, size: 0

ja3:927758:927758 [0] NCCL INFO mscclSetupProxy: no capture

ja3:927758:927758 [0] NCCL INFO MSCCL: Setup Kernel finished, smem 41280 needsFence 1
ja3:927758:927758 [0] NCCL INFO mscclGetCaptureStatus: 0, captureId: 0, size: 0

ja3:927758:927758 [0] NCCL INFO mscclSetupProxy: no capture

ja2:1312397:1312397 [0] NCCL INFO mscclGetCaptureStatus: 0, captureId: 0, size: 0

ja2:1312397:1312397 [0] NCCL INFO mscclSetupProxy: no capture

ja2:1312397:1312397 [0] NCCL INFO MSCCL: Setup Kernel finished, smem 41280 needsFence 1
ja2:1312397:1312397 [0] NCCL INFO mscclGetCaptureStatus: 0, captureId: 0, size: 0

ja2:1312397:1312397 [0] NCCL INFO mscclSetupProxy: no capture

ja2:1312397:1312397 [0] NCCL INFO MSCCL: Setup Kernel finished, smem 41280 needsFence 1
ja2:1312397:1312397 [0] NCCL INFO mscclGetCaptureStatus: 0, captureId: 0, size: 0

ja2:1312397:1312397 [0] NCCL INFO mscclSetupProxy: no capture

ja2:1312397:1312397 [0] NCCL INFO MSCCL: Setup Kernel finished, smem 41280 needsFence 1
ja2:1312397:1312397 [0] NCCL INFO mscclGetCaptureStatus: 0, captureId: 0, size: 0

ja2:1312397:1312397 [0] NCCL INFO mscclSetupProxy: no capture

ja2:1312397:1312397 [0] NCCL INFO MSCCL: Setup Kernel finished, smem 41280 needsFence 1
ja4:2516912:2516912 [0] NCCL INFO mscclSetupProxy: no capture

ja4:2516912:2516912 [0] NCCL INFO MSCCL: Setup Kernel finished, smem 41280 needsFence 1
ja4:2516912:2516912 [0] NCCL INFO mscclGetCaptureStatus: 0, captureId: 0, size: 0

ja4:2516912:2516912 [0] NCCL INFO mscclSetupProxy: no capture

ja4:2516912:2516912 [0] NCCL INFO MSCCL: Setup Kernel finished, smem 41280 needsFence 1
ja4:2516912:2516912 [0] NCCL INFO mscclGetCaptureStatus: 0, captureId: 0, size: 0

ja4:2516912:2516912 [0] NCCL INFO mscclSetupProxy: no capture

ja4:2516912:2516912 [0] NCCL INFO MSCCL: Setup Kernel finished, smem 41280 needsFence 1
ja4:2516912:2516912 [0] NCCL INFO mscclGetCaptureStatus: 0, captureId: 0, size: 0

ja4:2516912:2516912 [0] NCCL INFO mscclSetupProxy: no capture

ja4:2516912:2516912 [0] NCCL INFO MSCCL: Setup Kernel finished, smem 41280 needsFence 1
ja3:927758:927758 [0] NCCL INFO MSCCL: Setup Kernel finished, smem 41280 needsFence 1
ja3:927758:927758 [0] NCCL INFO mscclGetCaptureStatus: 0, captureId: 0, size: 0

ja3:927758:927758 [0] NCCL INFO mscclSetupProxy: no capture

ja3:927758:927758 [0] NCCL INFO MSCCL: Setup Kernel finished, smem 41280 needsFence 1
ja2:1312397:1312397 [0] NCCL INFO mscclGetCaptureStatus: 0, captureId: 0, size: 0

ja2:1312397:1312397 [0] NCCL INFO mscclSetupProxy: no capture

ja2:1312397:1312397 [0] NCCL INFO MSCCL: Setup Kernel finished, smem 41280 needsFence 1
ja2:1312397:1312397 [0] NCCL INFO mscclGetCaptureStatus: 0, captureId: 0, size: 0

ja2:1312397:1312397 [0] NCCL INFO mscclSetupProxy: no capture

ja2:1312397:1312397 [0] NCCL INFO MSCCL: Setup Kernel finished, smem 41280 needsFence 1
ja2:1312397:1312397 [0] NCCL INFO mscclGetCaptureStatus: 0, captureId: 0, size: 0

ja2:1312397:1312397 [0] NCCL INFO mscclSetupProxy: no capture

ja2:1312397:1312397 [0] NCCL INFO MSCCL: Setup Kernel finished, smem 41280 needsFence 1
ja4:2516912:2516912 [0] NCCL INFO mscclGetCaptureStatus: 0, captureId: 0, size: 0

ja4:2516912:2516912 [0] NCCL INFO mscclSetupProxy: no capture

ja4:2516912:2516912 [0] NCCL INFO MSCCL: Setup Kernel finished, smem 41280 needsFence 1
ja4:2516912:2516912 [0] NCCL INFO mscclGetCaptureStatus: 0, captureId: 0, size: 0

ja4:2516912:2516912 [0] NCCL INFO mscclSetupProxy: no capture

ja4:2516912:2516912 [0] NCCL INFO MSCCL: Setup Kernel finished, smem 41280 needsFence 1
ja3:927758:927758 [0] NCCL INFO mscclGetCaptureStatus: 0, captureId: 0, size: 0

ja3:927758:927758 [0] NCCL INFO mscclSetupProxy: no capture

ja3:927758:927758 [0] NCCL INFO MSCCL: Setup Kernel finished, smem 41280 needsFence 1
ja3:927758:927758 [0] NCCL INFO mscclGetCaptureStatus: 0, captureId: 0, size: 0

ja3:927758:927758 [0] NCCL INFO mscclSetupProxy: no capture

ja3:927758:927758 [0] NCCL INFO MSCCL: Setup Kernel finished, smem 41280 needsFence 1
ja3:927758:927758 [0] NCCL INFO mscclGetCaptureStatus: 0, captureId: 0, size: 0

ja3:927758:927758 [0] NCCL INFO mscclSetupProxy: no capture

ja3:927758:927758 [0] NCCL INFO MSCCL: Setup Kernel finished, smem 41280 needsFence 1
ja3:927758:927758 [0] NCCL INFO mscclGetCaptureStatus: 0, captureId: 0, size: 0

ja3:927758:927758 [0] NCCL INFO mscclSetupProxy: no capture

ja3:927758:927758 [0] NCCL INFO MSCCL: Setup Kernel finished, smem 41280 needsFence 1
ja2:1312397:1312397 [0] NCCL INFO mscclGetCaptureStatus: 0, captureId: 0, size: 0

ja2:1312397:1312397 [0] NCCL INFO mscclSetupProxy: no capture

ja2:1312397:1312397 [0] NCCL INFO MSCCL: Setup Kernel finished, smem 41280 needsFence 1
ja2:1312397:1312397 [0] NCCL INFO mscclGetCaptureStatus: 0, captureId: 0, size: 0

ja2:1312397:1312397 [0] NCCL INFO mscclSetupProxy: no capture

ja2:1312397:1312397 [0] NCCL INFO MSCCL: Setup Kernel finished, smem 41280 needsFence 1
ja2:1312397:1312397 [0] NCCL INFO mscclGetCaptureStatus: 0, captureId: 0, size: 0

ja2:1312397:1312397 [0] NCCL INFO mscclSetupProxy: no capture

ja2:1312397:1312397 [0] NCCL INFO MSCCL: Setup Kernel finished, smem 41280 needsFence 1
ja4:2516912:2516912 [0] NCCL INFO mscclGetCaptureStatus: 0, captureId: 0, size: 0

ja4:2516912:2516912 [0] NCCL INFO mscclSetupProxy: no capture

ja4:2516912:2516912 [0] NCCL INFO MSCCL: Setup Kernel finished, smem 41280 needsFence 1
ja4:2516912:2516912 [0] NCCL INFO mscclGetCaptureStatus: 0, captureId: 0, size: 0

ja4:2516912:2516912 [0] NCCL INFO mscclSetupProxy: no capture

ja3:927758:927758 [0] NCCL INFO mscclGetCaptureStatus: 0, captureId: 0, size: 0

ja3:927758:927758 [0] NCCL INFO mscclSetupProxy: no capture

ja3:927758:927758 [0] NCCL INFO MSCCL: Setup Kernel finished, smem 41280 needsFence 1
ja3:927758:927758 [0] NCCL INFO mscclGetCaptureStatus: 0, captureId: 0, size: 0

ja3:927758:927758 [0] NCCL INFO mscclSetupProxy: no capture

ja3:927758:927758 [0] NCCL INFO MSCCL: Setup Kernel finished, smem 41280 needsFence 1
ja3:927758:927758 [0] NCCL INFO mscclGetCaptureStatus: 0, captureId: 0, size: 0

ja3:927758:927758 [0] NCCL INFO mscclSetupProxy: no capture

ja3:927758:927758 [0] NCCL INFO MSCCL: Setup Kernel finished, smem 41280 needsFence 1
ja2:1312397:1312397 [0] NCCL INFO mscclGetCaptureStatus: 0, captureId: 0, size: 0

ja2:1312397:1312397 [0] NCCL INFO mscclSetupProxy: no capture

ja2:1312397:1312397 [0] NCCL INFO MSCCL: Setup Kernel finished, smem 41280 needsFence 1
ja2:1312397:1312397 [0] NCCL INFO mscclGetCaptureStatus: 0, captureId: 0, size: 0

ja2:1312397:1312397 [0] NCCL INFO mscclSetupProxy: no capture

ja2:1312397:1312397 [0] NCCL INFO MSCCL: Setup Kernel finished, smem 41280 needsFence 1
ja2:1312397:1312397 [0] NCCL INFO mscclGetCaptureStatus: 0, captureId: 0, size: 0

ja2:1312397:1312397 [0] NCCL INFO mscclSetupProxy: no capture

ja2:1312397:1312397 [0] NCCL INFO MSCCL: Setup Kernel finished, smem 41280 needsFence 1
ja4:2516912:2516912 [0] NCCL INFO MSCCL: Setup Kernel finished, smem 41280 needsFence 1
ja4:2516912:2516912 [0] NCCL INFO mscclGetCaptureStatus: 0, captureId: 0, size: 0

ja4:2516912:2516912 [0] NCCL INFO mscclSetupProxy: no capture

ja4:2516912:2516912 [0] NCCL INFO MSCCL: Setup Kernel finished, smem 41280 needsFence 1
ja4:2516912:2516912 [0] NCCL INFO mscclGetCaptureStatus: 0, captureId: 0, size: 0

ja4:2516912:2516912 [0] NCCL INFO mscclSetupProxy: no capture

ja3:927758:927758 [0] NCCL INFO mscclGetCaptureStatus: 0, captureId: 0, size: 0

ja3:927758:927758 [0] NCCL INFO mscclSetupProxy: no capture

ja3:927758:927758 [0] NCCL INFO MSCCL: Setup Kernel finished, smem 41280 needsFence 1
ja3:927758:927758 [0] NCCL INFO mscclGetCaptureStatus: 0, captureId: 0, size: 0

ja3:927758:927758 [0] NCCL INFO mscclSetupProxy: no capture

ja3:927758:927758 [0] NCCL INFO MSCCL: Setup Kernel finished, smem 41280 needsFence 1
ja3:927758:927758 [0] NCCL INFO mscclGetCaptureStatus: 0, captureId: 0, size: 0

ja3:927758:927758 [0] NCCL INFO mscclSetupProxy: no capture

ja3:927758:927758 [0] NCCL INFO MSCCL: Setup Kernel finished, smem 41280 needsFence 1
ja2:1312397:1312397 [0] NCCL INFO mscclGetCaptureStatus: 0, captureId: 0, size: 0

ja2:1312397:1312397 [0] NCCL INFO mscclSetupProxy: no capture

ja2:1312397:1312397 [0] NCCL INFO MSCCL: Setup Kernel finished, smem 41280 needsFence 1
ja4:2516912:2516912 [0] NCCL INFO MSCCL: Setup Kernel finished, smem 41280 needsFence 1
ja4:2516912:2516912 [0] NCCL INFO mscclGetCaptureStatus: 0, captureId: 0, size: 0

ja4:2516912:2516912 [0] NCCL INFO mscclSetupProxy: no capture

ja4:2516912:2516912 [0] NCCL INFO MSCCL: Setup Kernel finished, smem 41280 needsFence 1
ja3:927758:927758 [0] NCCL INFO mscclGetCaptureStatus: 0, captureId: 0, size: 0

ja3:927758:927758 [0] NCCL INFO mscclSetupProxy: no capture

ja3:927758:927758 [0] NCCL INFO MSCCL: Setup Kernel finished, smem 41280 needsFence 1
ja4:2516912:2516912 [0] NCCL INFO mscclGetCaptureStatus: 0, captureId: 0, size: 0

ja4:2516912:2516912 [0] NCCL INFO mscclSetupProxy: no capture

ja4:2516912:2516912 [0] NCCL INFO MSCCL: Setup Kernel finished, smem 41280 needsFence 1
ja2:1312397:1312397 [0] NCCL INFO mscclGetCaptureStatus: 0, captureId: 0, size: 0

ja2:1312397:1312397 [0] NCCL INFO mscclSetupProxy: no capture

ja2:1312397:1312397 [0] NCCL INFO MSCCL: Setup Kernel finished, smem 41280 needsFence 1
ja4:2516912:2516912 [0] NCCL INFO mscclGetCaptureStatus: 0, captureId: 0, size: 0

ja4:2516912:2516912 [0] NCCL INFO mscclSetupProxy: no capture

ja4:2516912:2516912 [0] NCCL INFO MSCCL: Setup Kernel finished, smem 41280 needsFence 1
ja3:927758:927758 [0] NCCL INFO mscclGetCaptureStatus: 0, captureId: 0, size: 0

ja3:927758:927758 [0] NCCL INFO mscclSetupProxy: no capture

ja3:927758:927758 [0] NCCL INFO MSCCL: Setup Kernel finished, smem 41280 needsFence 1
    147.0    0.33    0.22      0
       98304          8192     float    none      -1    52.76    1.86    1.24      0ja2:1312397:1312397 [0] NCCL INFO mscclGetCaptureStatus: 0, captureId: 0, size: 0

ja2:1312397:1312397 [0] NCCL INFO mscclSetupProxy: no capture

ja2:1312397:1312397 [0] NCCL INFO MSCCL: Setup Kernel finished, smem 41280 needsFence 1
ja4:2516912:2516912 [0] NCCL INFO mscclGetCaptureStatus: 0, captureId: 0, size: 0

ja4:2516912:2516912 [0] NCCL INFO mscclSetupProxy: no capture

ja4:2516912:2516912 [0] NCCL INFO MSCCL: Setup Kernel finished, smem 41280 needsFence 1
ja3:927758:927758 [0] NCCL INFO mscclGetCaptureStatus: 0, captureId: 0, size: 0

ja3:927758:927758 [0] NCCL INFO mscclSetupProxy: no capture

ja3:927758:927758 [0] NCCL INFO MSCCL: Setup Kernel finished, smem 41280 needsFence 1
ja2:1312397:1312397 [0] NCCL INFO mscclGetCaptureStatus: 0, captureId: 0, size: 0

ja2:1312397:1312397 [0] NCCL INFO mscclSetupProxy: no capture

ja4:2516912:2516912 [0] NCCL INFO mscclGetCaptureStatus: 0, captureId: 0, size: 0

ja4:2516912:2516912 [0] NCCL INFO mscclSetupProxy: no capture

ja4:2516912:2516912 [0] NCCL INFO MSCCL: Setup Kernel finished, smem 41280 needsFence 1
ja4:2516912:2516912 [0] NCCL INFO mscclGetCaptureStatus: 0, captureId: 0, size: 0

ja3:927758:927758 [0] NCCL INFO mscclGetCaptureStatus: 0, captureId: 0, size: 0

ja3:927758:927758 [0] NCCL INFO mscclSetupProxy: no capture

ja3:927758:927758 [0] NCCL INFO MSCCL: Setup Kernel finished, smem 41280 needsFence 1
ja2:1312397:1312397 [0] NCCL INFO MSCCL: Setup Kernel finished, smem 41280 needsFence 1
ja2:1312397:1312397 [0] NCCL INFO mscclGetCaptureStatus: 0, captureId: 0, size: 0

ja2:1312397:1312397 [0] NCCL INFO mscclSetupProxy: no capture

ja2:1312397:1312397 [0] NCCL INFO MSCCL: Setup Kernel finished, smem 41280 needsFence 1
ja2:1312397:1312397 [0] NCCL INFO mscclGetCaptureStatus: 0, captureId: 0, size: 0

ja2:1312397:1312397 [0] NCCL INFO mscclSetupProxy: no capture

ja2:1312397:1312397 [0] NCCL INFO MSCCL: Setup Kernel finished, smem 41280 needsFence 1
ja4:2516912:2516912 [0] NCCL INFO mscclSetupProxy: no capture

ja4:2516912:2516912 [0] NCCL INFO MSCCL: Setup Kernel finished, smem 41280 needsFence 1
ja4:2516912:2516912 [0] NCCL INFO mscclGetCaptureStatus: 0, captureId: 0, size: 0

ja4:2516912:2516912 [0] NCCL INFO mscclSetupProxy: no capture

ja3:927758:927758 [0] NCCL INFO mscclGetCaptureStatus: 0, captureId: 0, size: 0

ja3:927758:927758 [0] NCCL INFO mscclSetupProxy: no capture

ja3:927758:927758 [0] NCCL INFO MSCCL: Setup Kernel finished, smem 41280 needsFence 1
ja2:1312397:1312397 [0] NCCL INFO mscclGetCaptureStatus: 0, captureId: 0, size: 0

ja2:1312397:1312397 [0] NCCL INFO mscclSetupProxy: no capture

ja2:1312397:1312397 [0] NCCL INFO MSCCL: Setup Kernel finished, smem 41280 needsFence 1
ja2:1312397:1312397 [0] NCCL INFO mscclGetCaptureStatus: 0, captureId: 0, size: 0

ja4:2516912:2516912 [0] NCCL INFO MSCCL: Setup Kernel finished, smem 41280 needsFence 1
ja4:2516912:2516912 [0] NCCL INFO mscclGetCaptureStatus: 0, captureId: 0, size: 0

ja4:2516912:2516912 [0] NCCL INFO mscclSetupProxy: no capture

ja4:2516912:2516912 [0] NCCL INFO MSCCL: Setup Kernel finished, smem 41280 needsFence 1
ja4:2516912:2516912 [0] NCCL INFO mscclGetCaptureStatus: 0, captureId: 0, size: 0

ja4:2516912:2516912 [0] NCCL INFO mscclSetupProxy: no capture

ja4:2516912:2516912 [0] NCCL INFO MSCCL: Setup Kernel finished, smem 41280 needsFence 1
ja3:927758:927758 [0] NCCL INFO mscclGetCaptureStatus: 0, captureId: 0, size: 0

ja3:927758:927758 [0] NCCL INFO mscclSetupProxy: no capture

ja3:927758:927758 [0] NCCL INFO MSCCL: Setup Kernel finished, smem 41280 needsFence 1
ja3:927758:927758 [0] NCCL INFO mscclGetCaptureStatus: 0, captureId: 0, size: 0

ja3:927758:927758 [0] NCCL INFO mscclSetupProxy: no capture

ja3:927758:927758 [0] NCCL INFO MSCCL: Setup Kernel finished, smem 41280 needsFence 1
ja3:927758:927758 [0] NCCL INFO mscclGetCaptureStatus: 0, captureId: 0, size: 0

ja3:927758:927758 [0] NCCL INFO mscclSetupProxy: no capture

ja3:927758:927758 [0] NCCL INFO MSCCL: Setup Kernel finished, smem 41280 needsFence 1
ja2:1312397:1312397 [0] NCCL INFO mscclSetupProxy: no capture

ja2:1312397:1312397 [0] NCCL INFO MSCCL: Setup Kernel finished, smem 41280 needsFence 1
ja2:1312397:1312397 [0] NCCL INFO mscclGetCaptureStatus: 0, captureId: 0, size: 0

ja2:1312397:1312397 [0] NCCL INFO mscclSetupProxy: no capture

ja2:1312397:1312397 [0] NCCL INFO MSCCL: Setup Kernel finished, smem 41280 needsFence 1
ja2:1312397:1312397 [0] NCCL INFO mscclGetCaptureStatus: 0, captureId: 0, size: 0

ja2:1312397:1312397 [0] NCCL INFO mscclSetupProxy: no capture

ja2:1312397:1312397 [0] NCCL INFO MSCCL: Setup Kernel finished, smem 41280 needsFence 1
ja4:2516912:2516912 [0] NCCL INFO mscclGetCaptureStatus: 0, captureId: 0, size: 0

ja4:2516912:2516912 [0] NCCL INFO mscclSetupProxy: no capture

ja4:2516912:2516912 [0] NCCL INFO MSCCL: Setup Kernel finished, smem 41280 needsFence 1
ja4:2516912:2516912 [0] NCCL INFO mscclGetCaptureStatus: 0, captureId: 0, size: 0

ja4:2516912:2516912 [0] NCCL INFO mscclSetupProxy: no capture

ja4:2516912:2516912 [0] NCCL INFO MSCCL: Setup Kernel finished, smem 41280 needsFence 1
ja4:2516912:2516912 [0] NCCL INFO mscclGetCaptureStatus: 0, captureId: 0, size: 0

ja4:2516912:2516912 [0] NCCL INFO mscclSetupProxy: no capture

ja3:927758:927758 [0] NCCL INFO mscclGetCaptureStatus: 0, captureId: 0, size: 0

ja3:927758:927758 [0] NCCL INFO mscclSetupProxy: no capture

ja3:927758:927758 [0] NCCL INFO MSCCL: Setup Kernel finished, smem 41280 needsFence 1
ja3:927758:927758 [0] NCCL INFO mscclGetCaptureStatus: 0, captureId: 0, size: 0

ja3:927758:927758 [0] NCCL INFO mscclSetupProxy: no capture

ja3:927758:927758 [0] NCCL INFO MSCCL: Setup Kernel finished, smem 41280 needsFence 1
ja3:927758:927758 [0] NCCL INFO mscclGetCaptureStatus: 0, captureId: 0, size: 0

ja2:1312397:1312397 [0] NCCL INFO mscclGetCaptureStatus: 0, captureId: 0, size: 0

ja2:1312397:1312397 [0] NCCL INFO mscclSetupProxy: no capture

ja2:1312397:1312397 [0] NCCL INFO MSCCL: Setup Kernel finished, smem 41280 needsFence 1
ja2:1312397:1312397 [0] NCCL INFO mscclGetCaptureStatus: 0, captureId: 0, size: 0

ja2:1312397:1312397 [0] NCCL INFO mscclSetupProxy: no capture

ja2:1312397:1312397 [0] NCCL INFO MSCCL: Setup Kernel finished, smem 41280 needsFence 1
ja2:1312397:1312397 [0] NCCL INFO mscclGetCaptureStatus: 0, captureId: 0, size: 0

ja2:1312397:1312397 [0] NCCL INFO mscclSetupProxy: no capture

ja2:1312397:1312397 [0] NCCL INFO MSCCL: Setup Kernel finished, smem 41280 needsFence 1
ja4:2516912:2516912 [0] NCCL INFO MSCCL: Setup Kernel finished, smem 41280 needsFence 1
ja4:2516912:2516912 [0] NCCL INFO mscclGetCaptureStatus: 0, captureId: 0, size: 0

ja4:2516912:2516912 [0] NCCL INFO mscclSetupProxy: no capture

ja4:2516912:2516912 [0] NCCL INFO MSCCL: Setup Kernel finished, smem 41280 needsFence 1
ja4:2516912:2516912 [0] NCCL INFO mscclGetCaptureStatus: 0, captureId: 0, size: 0

ja4:2516912:2516912 [0] NCCL INFO mscclSetupProxy: no capture

ja4:2516912:2516912 [0] NCCL INFO MSCCL: Setup Kernel finished, smem 41280 needsFence 1
ja3:927758:927758 [0] NCCL INFO mscclSetupProxy: no capture

ja3:927758:927758 [0] NCCL INFO MSCCL: Setup Kernel finished, smem 41280 needsFence 1
ja3:927758:927758 [0] NCCL INFO mscclGetCaptureStatus: 0, captureId: 0, size: 0

ja3:927758:927758 [0] NCCL INFO mscclSetupProxy: no capture

ja3:927758:927758 [0] NCCL INFO MSCCL: Setup Kernel finished, smem 41280 needsFence 1
ja3:927758:927758 [0] NCCL INFO mscclGetCaptureStatus: 0, captureId: 0, size: 0

ja3:927758:927758 [0] NCCL INFO mscclSetupProxy: no capture

ja3:927758:927758 [0] NCCL INFO MSCCL: Setup Kernel finished, smem 41280 needsFence 1
ja2:1312397:1312397 [0] NCCL INFO mscclGetCaptureStatus: 0, captureId: 0, size: 0

ja2:1312397:1312397 [0] NCCL INFO mscclSetupProxy: no capture

ja2:1312397:1312397 [0] NCCL INFO MSCCL: Setup Kernel finished, smem 41280 needsFence 1
ja2:1312397:1312397 [0] NCCL INFO mscclGetCaptureStatus: 0, captureId: 0, size: 0

ja2:1312397:1312397 [0] NCCL INFO mscclSetupProxy: no capture

ja2:1312397:1312397 [0] NCCL INFO MSCCL: Setup Kernel finished, smem 41280 needsFence 1
ja2:1312397:1312397 [0] NCCL INFO mscclGetCaptureStatus: 0, captureId: 0, size: 0

ja2:1312397:1312397 [0] NCCL INFO mscclSetupProxy: no capture

ja2:1312397:1312397 [0] NCCL INFO MSCCL: Setup Kernel finished, smem 41280 needsFence 1
ja4:2516912:2516912 [0] NCCL INFO mscclGetCaptureStatus: 0, captureId: 0, size: 0

ja4:2516912:2516912 [0] NCCL INFO mscclSetupProxy: no capture

ja4:2516912:2516912 [0] NCCL INFO MSCCL: Setup Kernel finished, smem 41280 needsFence 1
ja4:2516912:2516912 [0] NCCL INFO mscclGetCaptureStatus: 0, captureId: 0, size: 0

ja4:2516912:2516912 [0] NCCL INFO mscclSetupProxy: no capture

ja4:2516912:2516912 [0] NCCL INFO MSCCL: Setup Kernel finished, smem 41280 needsFence 1
ja3:927758:927758 [0] NCCL INFO mscclGetCaptureStatus: 0, captureId: 0, size: 0

ja3:927758:927758 [0] NCCL INFO mscclSetupProxy: no capture

ja3:927758:927758 [0] NCCL INFO MSCCL: Setup Kernel finished, smem 41280 needsFence 1
ja3:927758:927758 [0] NCCL INFO mscclGetCaptureStatus: 0, captureId: 0, size: 0

ja3:927758:927758 [0] NCCL INFO mscclSetupProxy: no capture

ja3:927758:927758 [0] NCCL INFO MSCCL: Setup Kernel finished, smem 41280 needsFence 1
ja2:1312397:1312397 [0] NCCL INFO mscclGetCaptureStatus: 0, captureId: 0, size: 0

ja2:1312397:1312397 [0] NCCL INFO mscclSetupProxy: no capture

ja2:1312397:1312397 [0] NCCL INFO MSCCL: Setup Kernel finished, smem 41280 needsFence 1
ja2:1312397:1312397 [0] NCCL INFO mscclGetCaptureStatus: 0, captureId: 0, size: 0

ja2:1312397:1312397 [0] NCCL INFO mscclSetupProxy: no capture

ja2:1312397:1312397 [0] NCCL INFO MSCCL: Setup Kernel finished, smem 41280 needsFence 1
ja2:1312397:1312397 [0] NCCL INFO mscclGetCaptureStatus: 0, captureId: 0, size: 0

ja2:1312397:1312397 [0] NCCL INFO mscclSetupProxy: no capture

ja2:1312397:1312397 [0] NCCL INFO MSCCL: Setup Kernel finished, smem 41280 needsFence 1
ja4:2516912:2516912 [0] NCCL INFO mscclGetCaptureStatus: 0, captureId: 0, size: 0

ja4:2516912:2516912 [0] NCCL INFO mscclSetupProxy: no capture

ja4:2516912:2516912 [0] NCCL INFO MSCCL: Setup Kernel finished, smem 41280 needsFence 1
ja4:2516912:2516912 [0] NCCL INFO mscclGetCaptureStatus: 0, captureId: 0, size: 0

ja4:2516912:2516912 [0] NCCL INFO mscclSetupProxy: no capture

ja4:2516912:2516912 [0] NCCL INFO MSCCL: Setup Kernel finished, smem 41280 needsFence 1
ja3:927758:927758 [0] NCCL INFO mscclGetCaptureStatus: 0, captureId: 0, size: 0

ja3:927758:927758 [0] NCCL INFO mscclSetupProxy: no capture

ja3:927758:927758 [0] NCCL INFO MSCCL: Setup Kernel finished, smem 41280 needsFence 1
ja3:927758:927758 [0] NCCL INFO mscclGetCaptureStatus: 0, captureId: 0, size: 0

ja3:927758:927758 [0] NCCL INFO mscclSetupProxy: no capture

ja3:927758:927758 [0] NCCL INFO MSCCL: Setup Kernel finished, smem 41280 needsFence 1
ja2:1312397:1312397 [0] NCCL INFO mscclGetCaptureStatus: 0, captureId: 0, size: 0

ja2:1312397:1312397 [0] NCCL INFO mscclSetupProxy: no capture

ja2:1312397:1312397 [0] NCCL INFO MSCCL: Setup Kernel finished, smem 41280 needsFence 1
ja2:1312397:1312397 [0] NCCL INFO mscclGetCaptureStatus: 0, captureId: 0, size: 0

ja2:1312397:1312397 [0] NCCL INFO mscclSetupProxy: no capture

ja2:1312397:1312397 [0] NCCL INFO MSCCL: Setup Kernel finished, smem 41280 needsFence 1
ja2:1312397:1312397 [0] NCCL INFO mscclGetCaptureStatus: 0, captureId: 0, size: 0

ja2:1312397:1312397 [0] NCCL INFO mscclSetupProxy: no capture

ja2:1312397:1312397 [0] NCCL INFO MSCCL: Setup Kernel finished, smem 41280 needsFence 1
ja2:1312397:1312397 [0] NCCL INFO mscclGetCaptureStatus: 0, captureId: 0, size: 0

ja2:1312397:1312397 [0] NCCL INFO mscclSetupProxy: no capture

ja4:2516912:2516912 [0] NCCL INFO mscclGetCaptureStatus: 0, captureId: 0, size: 0

ja4:2516912:2516912 [0] NCCL INFO mscclSetupProxy: no capture

ja4:2516912:2516912 [0] NCCL INFO MSCCL: Setup Kernel finished, smem 41280 needsFence 1
ja4:2516912:2516912 [0] NCCL INFO mscclGetCaptureStatus: 0, captureId: 0, size: 0

ja4:2516912:2516912 [0] NCCL INFO mscclSetupProxy: no capture

ja4:2516912:2516912 [0] NCCL INFO MSCCL: Setup Kernel finished, smem 41280 needsFence 1
ja4:2516912:2516912 [0] NCCL INFO mscclGetCaptureStatus: 0, captureId: 0, size: 0

ja4:2516912:2516912 [0] NCCL INFO mscclSetupProxy: no capture

ja4:2516912:2516912 [0] NCCL INFO MSCCL: Setup Kernel finished, smem 41280 needsFence 1
ja4:2516912:2516912 [0] NCCL INFO mscclGetCaptureStatus: 0, captureId: 0, size: 0

ja4:2516912:2516912 [0] NCCL INFO mscclSetupProxy: no capture

ja4:2516912:2516912 [0] NCCL INFO MSCCL: Setup Kernel finished, smem 41280 needsFence 1
ja3:927758:927758 [0] NCCL INFO mscclGetCaptureStatus: 0, captureId: 0, size: 0

ja3:927758:927758 [0] NCCL INFO mscclSetupProxy: no capture

ja3:927758:927758 [0] NCCL INFO MSCCL: Setup Kernel finished, smem 41280 needsFence 1
ja3:927758:927758 [0] NCCL INFO mscclGetCaptureStatus: 0, captureId: 0, size: 0

ja3:927758:927758 [0] NCCL INFO mscclSetupProxy: no capture

ja3:927758:927758 [0] NCCL INFO MSCCL: Setup Kernel finished, smem 41280 needsFence 1
ja3:927758:927758 [0] NCCL INFO mscclGetCaptureStatus: 0, captureId: 0, size: 0

ja3:927758:927758 [0] NCCL INFO mscclSetupProxy: no capture

ja2:1312397:1312397 [0] NCCL INFO MSCCL: Setup Kernel finished, smem 41280 needsFence 1
ja4:2516912:2516912 [0] NCCL INFO mscclGetCaptureStatus: 0, captureId: 0, size: 0

ja4:2516912:2516912 [0] NCCL INFO mscclSetupProxy: no capture

ja4:2516912:2516912 [0] NCCL INFO MSCCL: Setup Kernel finished, smem 41280 needsFence 1
ja4:2516912:2516912 [0] NCCL INFO mscclGetCaptureStatus: 0, captureId: 0, size: 0

ja4:2516912:2516912 [0] NCCL INFO mscclSetupProxy: no capture

ja4:2516912:2516912 [0] NCCL INFO MSCCL: Setup Kernel finished, smem 41280 needsFence 1
ja3:927758:927758 [0] NCCL INFO MSCCL: Setup Kernel finished, smem 41280 needsFence 1
ja3:927758:927758 [0] NCCL INFO mscclGetCaptureStatus: 0, captureId: 0, size: 0

ja3:927758:927758 [0] NCCL INFO mscclSetupProxy: no capture

ja3:927758:927758 [0] NCCL INFO MSCCL: Setup Kernel finished, smem 41280 needsFence 1
ja3:927758:927758 [0] NCCL INFO mscclGetCaptureStatus: 0, captureId: 0, size: 0

ja3:927758:927758 [0] NCCL INFO mscclSetupProxy: no capture

ja3:927758:927758 [0] NCCL INFO MSCCL: Setup Kernel finished, smem 41280 needsFence 1
ja3:927758:927758 [0] NCCL INFO mscclGetCaptureStatus: 0, captureId: 0, size: 0

ja3:927758:927758 [0] NCCL INFO mscclSetupProxy: no capture

ja3:927758:927758 [0] NCCL INFO MSCCL: Setup Kernel finished, smem 41280 needsFence 1
ja2:1312397:1312397 [0] NCCL INFO mscclGetCaptureStatus: 0, captureId: 0, size: 0

ja2:1312397:1312397 [0] NCCL INFO mscclSetupProxy: no capture

ja2:1312397:1312397 [0] NCCL INFO MSCCL: Setup Kernel finished, smem 41280 needsFence 1
ja4:2516912:2516912 [0] NCCL INFO mscclGetCaptureStatus: 0, captureId: 0, size: 0

ja4:2516912:2516912 [0] NCCL INFO mscclSetupProxy: no capture

ja4:2516912:2516912 [0] NCCL INFO MSCCL: Setup Kernel finished, smem 41280 needsFence 1
ja3:927758:927758 [0] NCCL INFO mscclGetCaptureStatus: 0, captureId: 0, size: 0

ja3:927758:927758 [0] NCCL INFO mscclSetupProxy: no capture

ja3:927758:927758 [0] NCCL INFO MSCCL: Setup Kernel finished, smem 41280 needsFence 1
    154.6    0.64    0.42      0
      196608         16384     float    none      -1    94.88    2.07    1.38      0ja2:1312397:1312397 [0] NCCL INFO mscclGetCaptureStatus: 0, captureId: 0, size: 0

ja2:1312397:1312397 [0] NCCL INFO mscclSetupProxy: no capture

ja2:1312397:1312397 [0] NCCL INFO MSCCL: Setup Kernel finished, smem 41280 needsFence 1
ja4:2516912:2516912 [0] NCCL INFO mscclGetCaptureStatus: 0, captureId: 0, size: 0

ja4:2516912:2516912 [0] NCCL INFO mscclSetupProxy: no capture

ja4:2516912:2516912 [0] NCCL INFO MSCCL: Setup Kernel finished, smem 41280 needsFence 1
ja3:927758:927758 [0] NCCL INFO mscclGetCaptureStatus: 0, captureId: 0, size: 0

ja3:927758:927758 [0] NCCL INFO mscclSetupProxy: no capture

ja3:927758:927758 [0] NCCL INFO MSCCL: Setup Kernel finished, smem 41280 needsFence 1
ja2:1312397:1312397 [0] NCCL INFO mscclGetCaptureStatus: 0, captureId: 0, size: 0

ja2:1312397:1312397 [0] NCCL INFO mscclSetupProxy: no capture

ja2:1312397:1312397 [0] NCCL INFO MSCCL: Setup Kernel finished, smem 41280 needsFence 1
ja2:1312397:1312397 [0] NCCL INFO mscclGetCaptureStatus: 0, captureId: 0, size: 0

ja2:1312397:1312397 [0] NCCL INFO mscclSetupProxy: no capture

ja2:1312397:1312397 [0] NCCL INFO MSCCL: Setup Kernel finished, smem 41280 needsFence 1
ja2:1312397:1312397 [0] NCCL INFO mscclGetCaptureStatus: 0, captureId: 0, size: 0

ja2:1312397:1312397 [0] NCCL INFO mscclSetupProxy: no capture

ja2:1312397:1312397 [0] NCCL INFO MSCCL: Setup Kernel finished, smem 41280 needsFence 1
ja2:1312397:1312397 [0] NCCL INFO mscclGetCaptureStatus: 0, captureId: 0, size: 0

ja2:1312397:1312397 [0] NCCL INFO mscclSetupProxy: no capture

ja2:1312397:1312397 [0] NCCL INFO MSCCL: Setup Kernel finished, smem 41280 needsFence 1
ja4:2516912:2516912 [0] NCCL INFO mscclGetCaptureStatus: 0, captureId: 0, size: 0

ja4:2516912:2516912 [0] NCCL INFO mscclSetupProxy: no capture

ja4:2516912:2516912 [0] NCCL INFO MSCCL: Setup Kernel finished, smem 41280 needsFence 1
ja4:2516912:2516912 [0] NCCL INFO mscclGetCaptureStatus: 0, captureId: 0, size: 0

ja4:2516912:2516912 [0] NCCL INFO mscclSetupProxy: no capture

ja4:2516912:2516912 [0] NCCL INFO MSCCL: Setup Kernel finished, smem 41280 needsFence 1
ja4:2516912:2516912 [0] NCCL INFO mscclGetCaptureStatus: 0, captureId: 0, size: 0

ja4:2516912:2516912 [0] NCCL INFO mscclSetupProxy: no capture

ja4:2516912:2516912 [0] NCCL INFO MSCCL: Setup Kernel finished, smem 41280 needsFence 1
ja4:2516912:2516912 [0] NCCL INFO mscclGetCaptureStatus: 0, captureId: 0, size: 0

ja4:2516912:2516912 [0] NCCL INFO mscclSetupProxy: no capture

ja4:2516912:2516912 [0] NCCL INFO MSCCL: Setup Kernel finished, smem 41280 needsFence 1
ja4:2516912:2516912 [0] NCCL INFO mscclGetCaptureStatus: 0, captureId: 0, size: 0

ja3:927758:927758 [0] NCCL INFO mscclGetCaptureStatus: 0, captureId: 0, size: 0

ja3:927758:927758 [0] NCCL INFO mscclSetupProxy: no capture

ja3:927758:927758 [0] NCCL INFO MSCCL: Setup Kernel finished, smem 41280 needsFence 1
ja3:927758:927758 [0] NCCL INFO mscclGetCaptureStatus: 0, captureId: 0, size: 0

ja3:927758:927758 [0] NCCL INFO mscclSetupProxy: no capture

ja3:927758:927758 [0] NCCL INFO MSCCL: Setup Kernel finished, smem 41280 needsFence 1
ja3:927758:927758 [0] NCCL INFO mscclGetCaptureStatus: 0, captureId: 0, size: 0

ja3:927758:927758 [0] NCCL INFO mscclSetupProxy: no capture

ja3:927758:927758 [0] NCCL INFO MSCCL: Setup Kernel finished, smem 41280 needsFence 1
ja3:927758:927758 [0] NCCL INFO mscclGetCaptureStatus: 0, captureId: 0, size: 0

ja3:927758:927758 [0] NCCL INFO mscclSetupProxy: no capture

ja3:927758:927758 [0] NCCL INFO MSCCL: Setup Kernel finished, smem 41280 needsFence 1
ja3:927758:927758 [0] NCCL INFO mscclGetCaptureStatus: 0, captureId: 0, size: 0

ja2:1312397:1312397 [0] NCCL INFO mscclGetCaptureStatus: 0, captureId: 0, size: 0

ja2:1312397:1312397 [0] NCCL INFO mscclSetupProxy: no capture

ja2:1312397:1312397 [0] NCCL INFO MSCCL: Setup Kernel finished, smem 41280 needsFence 1
ja2:1312397:1312397 [0] NCCL INFO mscclGetCaptureStatus: 0, captureId: 0, size: 0

ja2:1312397:1312397 [0] NCCL INFO mscclSetupProxy: no capture

ja2:1312397:1312397 [0] NCCL INFO MSCCL: Setup Kernel finished, smem 41280 needsFence 1
ja2:1312397:1312397 [0] NCCL INFO mscclGetCaptureStatus: 0, captureId: 0, size: 0

ja2:1312397:1312397 [0] NCCL INFO mscclSetupProxy: no capture

ja2:1312397:1312397 [0] NCCL INFO MSCCL: Setup Kernel finished, smem 41280 needsFence 1
ja4:2516912:2516912 [0] NCCL INFO mscclSetupProxy: no capture

ja3:927758:927758 [0] NCCL INFO mscclSetupProxy: no capture

ja2:1312397:1312397 [0] NCCL INFO mscclGetCaptureStatus: 0, captureId: 0, size: 0

ja2:1312397:1312397 [0] NCCL INFO mscclSetupProxy: no capture

ja2:1312397:1312397 [0] NCCL INFO MSCCL: Setup Kernel finished, smem 41280 needsFence 1
ja2:1312397:1312397 [0] NCCL INFO mscclGetCaptureStatus: 0, captureId: 0, size: 0

ja2:1312397:1312397 [0] NCCL INFO mscclSetupProxy: no capture

ja2:1312397:1312397 [0] NCCL INFO MSCCL: Setup Kernel finished, smem 41280 needsFence 1
ja2:1312397:1312397 [0] NCCL INFO mscclGetCaptureStatus: 0, captureId: 0, size: 0

ja2:1312397:1312397 [0] NCCL INFO mscclSetupProxy: no capture

ja2:1312397:1312397 [0] NCCL INFO MSCCL: Setup Kernel finished, smem 41280 needsFence 1
ja2:1312397:1312397 [0] NCCL INFO mscclGetCaptureStatus: 0, captureId: 0, size: 0

ja2:1312397:1312397 [0] NCCL INFO mscclSetupProxy: no capture

ja2:1312397:1312397 [0] NCCL INFO MSCCL: Setup Kernel finished, smem 41280 needsFence 1
ja2:1312397:1312397 [0] NCCL INFO mscclGetCaptureStatus: 0, captureId: 0, size: 0

ja4:2516912:2516912 [0] NCCL INFO MSCCL: Setup Kernel finished, smem 41280 needsFence 1
ja4:2516912:2516912 [0] NCCL INFO mscclGetCaptureStatus: 0, captureId: 0, size: 0

ja4:2516912:2516912 [0] NCCL INFO mscclSetupProxy: no capture

ja4:2516912:2516912 [0] NCCL INFO MSCCL: Setup Kernel finished, smem 41280 needsFence 1
ja4:2516912:2516912 [0] NCCL INFO mscclGetCaptureStatus: 0, captureId: 0, size: 0

ja4:2516912:2516912 [0] NCCL INFO mscclSetupProxy: no capture

ja4:2516912:2516912 [0] NCCL INFO MSCCL: Setup Kernel finished, smem 41280 needsFence 1
ja4:2516912:2516912 [0] NCCL INFO mscclGetCaptureStatus: 0, captureId: 0, size: 0

ja4:2516912:2516912 [0] NCCL INFO mscclSetupProxy: no capture

ja3:927758:927758 [0] NCCL INFO MSCCL: Setup Kernel finished, smem 41280 needsFence 1
ja3:927758:927758 [0] NCCL INFO mscclGetCaptureStatus: 0, captureId: 0, size: 0

ja3:927758:927758 [0] NCCL INFO mscclSetupProxy: no capture

ja3:927758:927758 [0] NCCL INFO MSCCL: Setup Kernel finished, smem 41280 needsFence 1
ja3:927758:927758 [0] NCCL INFO mscclGetCaptureStatus: 0, captureId: 0, size: 0

ja3:927758:927758 [0] NCCL INFO mscclSetupProxy: no capture

ja3:927758:927758 [0] NCCL INFO MSCCL: Setup Kernel finished, smem 41280 needsFence 1
ja3:927758:927758 [0] NCCL INFO mscclGetCaptureStatus: 0, captureId: 0, size: 0

ja3:927758:927758 [0] NCCL INFO mscclSetupProxy: no capture

ja3:927758:927758 [0] NCCL INFO MSCCL: Setup Kernel finished, smem 41280 needsFence 1
ja3:927758:927758 [0] NCCL INFO mscclGetCaptureStatus: 0, captureId: 0, size: 0

ja3:927758:927758 [0] NCCL INFO mscclSetupProxy: no capture

ja3:927758:927758 [0] NCCL INFO MSCCL: Setup Kernel finished, smem 41280 needsFence 1
ja2:1312397:1312397 [0] NCCL INFO mscclSetupProxy: no capture

ja2:1312397:1312397 [0] NCCL INFO MSCCL: Setup Kernel finished, smem 41280 needsFence 1
ja2:1312397:1312397 [0] NCCL INFO mscclGetCaptureStatus: 0, captureId: 0, size: 0

ja2:1312397:1312397 [0] NCCL INFO mscclSetupProxy: no capture

ja2:1312397:1312397 [0] NCCL INFO MSCCL: Setup Kernel finished, smem 41280 needsFence 1
ja2:1312397:1312397 [0] NCCL INFO mscclGetCaptureStatus: 0, captureId: 0, size: 0

ja2:1312397:1312397 [0] NCCL INFO mscclSetupProxy: no capture

ja2:1312397:1312397 [0] NCCL INFO MSCCL: Setup Kernel finished, smem 41280 needsFence 1
ja2:1312397:1312397 [0] NCCL INFO mscclGetCaptureStatus: 0, captureId: 0, size: 0

ja2:1312397:1312397 [0] NCCL INFO mscclSetupProxy: no capture

ja2:1312397:1312397 [0] NCCL INFO MSCCL: Setup Kernel finished, smem 41280 needsFence 1
ja2:1312397:1312397 [0] NCCL INFO mscclGetCaptureStatus: 0, captureId: 0, size: 0

ja2:1312397:1312397 [0] NCCL INFO mscclSetupProxy: no capture

ja4:2516912:2516912 [0] NCCL INFO MSCCL: Setup Kernel finished, smem 41280 needsFence 1
ja4:2516912:2516912 [0] NCCL INFO mscclGetCaptureStatus: 0, captureId: 0, size: 0

ja4:2516912:2516912 [0] NCCL INFO mscclSetupProxy: no capture

ja4:2516912:2516912 [0] NCCL INFO MSCCL: Setup Kernel finished, smem 41280 needsFence 1
ja4:2516912:2516912 [0] NCCL INFO mscclGetCaptureStatus: 0, captureId: 0, size: 0

ja4:2516912:2516912 [0] NCCL INFO mscclSetupProxy: no capture

ja4:2516912:2516912 [0] NCCL INFO MSCCL: Setup Kernel finished, smem 41280 needsFence 1
ja4:2516912:2516912 [0] NCCL INFO mscclGetCaptureStatus: 0, captureId: 0, size: 0

ja4:2516912:2516912 [0] NCCL INFO mscclSetupProxy: no capture

ja4:2516912:2516912 [0] NCCL INFO MSCCL: Setup Kernel finished, smem 41280 needsFence 1
ja4:2516912:2516912 [0] NCCL INFO mscclGetCaptureStatus: 0, captureId: 0, size: 0

ja4:2516912:2516912 [0] NCCL INFO mscclSetupProxy: no capture

ja3:927758:927758 [0] NCCL INFO mscclGetCaptureStatus: 0, captureId: 0, size: 0

ja3:927758:927758 [0] NCCL INFO mscclSetupProxy: no capture

ja2:1312397:1312397 [0] NCCL INFO MSCCL: Setup Kernel finished, smem 41280 needsFence 1
ja2:1312397:1312397 [0] NCCL INFO mscclGetCaptureStatus: 0, captureId: 0, size: 0

ja2:1312397:1312397 [0] NCCL INFO mscclSetupProxy: no capture

ja2:1312397:1312397 [0] NCCL INFO MSCCL: Setup Kernel finished, smem 41280 needsFence 1
ja4:2516912:2516912 [0] NCCL INFO MSCCL: Setup Kernel finished, smem 41280 needsFence 1
ja4:2516912:2516912 [0] NCCL INFO mscclGetCaptureStatus: 0, captureId: 0, size: 0

ja4:2516912:2516912 [0] NCCL INFO mscclSetupProxy: no capture

ja4:2516912:2516912 [0] NCCL INFO MSCCL: Setup Kernel finished, smem 41280 needsFence 1
ja4:2516912:2516912 [0] NCCL INFO mscclGetCaptureStatus: 0, captureId: 0, size: 0

ja4:2516912:2516912 [0] NCCL INFO mscclSetupProxy: no capture

ja3:927758:927758 [0] NCCL INFO MSCCL: Setup Kernel finished, smem 41280 needsFence 1
ja3:927758:927758 [0] NCCL INFO mscclGetCaptureStatus: 0, captureId: 0, size: 0

ja3:927758:927758 [0] NCCL INFO mscclSetupProxy: no capture

ja3:927758:927758 [0] NCCL INFO MSCCL: Setup Kernel finished, smem 41280 needsFence 1
ja3:927758:927758 [0] NCCL INFO mscclGetCaptureStatus: 0, captureId: 0, size: 0

ja3:927758:927758 [0] NCCL INFO mscclSetupProxy: no capture

ja3:927758:927758 [0] NCCL INFO MSCCL: Setup Kernel finished, smem 41280 needsFence 1
ja3:927758:927758 [0] NCCL INFO mscclGetCaptureStatus: 0, captureId: 0, size: 0

ja3:927758:927758 [0] NCCL INFO mscclSetupProxy: no capture

ja3:927758:927758 [0] NCCL INFO MSCCL: Setup Kernel finished, smem 41280 needsFence 1
ja3:927758:927758 [0] NCCL INFO mscclGetCaptureStatus: 0, captureId: 0, size: 0

ja3:927758:927758 [0] NCCL INFO mscclSetupProxy: no capture

ja3:927758:927758 [0] NCCL INFO MSCCL: Setup Kernel finished, smem 41280 needsFence 1
ja2:1312397:1312397 [0] NCCL INFO mscclGetCaptureStatus: 0, captureId: 0, size: 0

ja2:1312397:1312397 [0] NCCL INFO mscclSetupProxy: no capture

ja2:1312397:1312397 [0] NCCL INFO MSCCL: Setup Kernel finished, smem 41280 needsFence 1
ja2:1312397:1312397 [0] NCCL INFO mscclGetCaptureStatus: 0, captureId: 0, size: 0

ja2:1312397:1312397 [0] NCCL INFO mscclSetupProxy: no capture

ja2:1312397:1312397 [0] NCCL INFO MSCCL: Setup Kernel finished, smem 41280 needsFence 1
ja2:1312397:1312397 [0] NCCL INFO mscclGetCaptureStatus: 0, captureId: 0, size: 0

ja2:1312397:1312397 [0] NCCL INFO mscclSetupProxy: no capture

ja2:1312397:1312397 [0] NCCL INFO MSCCL: Setup Kernel finished, smem 41280 needsFence 1
ja4:2516912:2516912 [0] NCCL INFO MSCCL: Setup Kernel finished, smem 41280 needsFence 1
ja4:2516912:2516912 [0] NCCL INFO mscclGetCaptureStatus: 0, captureId: 0, size: 0

ja4:2516912:2516912 [0] NCCL INFO mscclSetupProxy: no capture

ja4:2516912:2516912 [0] NCCL INFO MSCCL: Setup Kernel finished, smem 41280 needsFence 1
ja4:2516912:2516912 [0] NCCL INFO mscclGetCaptureStatus: 0, captureId: 0, size: 0

ja4:2516912:2516912 [0] NCCL INFO mscclSetupProxy: no capture

ja4:2516912:2516912 [0] NCCL INFO MSCCL: Setup Kernel finished, smem 41280 needsFence 1
ja4:2516912:2516912 [0] NCCL INFO mscclGetCaptureStatus: 0, captureId: 0, size: 0

ja4:2516912:2516912 [0] NCCL INFO mscclSetupProxy: no capture

ja4:2516912:2516912 [0] NCCL INFO MSCCL: Setup Kernel finished, smem 41280 needsFence 1
ja4:2516912:2516912 [0] NCCL INFO mscclGetCaptureStatus: 0, captureId: 0, size: 0

ja4:2516912:2516912 [0] NCCL INFO mscclSetupProxy: no capture

ja3:927758:927758 [0] NCCL INFO mscclGetCaptureStatus: 0, captureId: 0, size: 0

ja4:2516912:2516912 [0] NCCL INFO MSCCL: Setup Kernel finished, smem 41280 needsFence 1
ja3:927758:927758 [0] NCCL INFO mscclSetupProxy: no capture

ja3:927758:927758 [0] NCCL INFO MSCCL: Setup Kernel finished, smem 41280 needsFence 1
ja3:927758:927758 [0] NCCL INFO mscclGetCaptureStatus: 0, captureId: 0, size: 0

ja3:927758:927758 [0] NCCL INFO mscclSetupProxy: no capture

ja3:927758:927758 [0] NCCL INFO MSCCL: Setup Kernel finished, smem 41280 needsFence 1
ja3:927758:927758 [0] NCCL INFO mscclGetCaptureStatus: 0, captureId: 0, size: 0

ja3:927758:927758 [0] NCCL INFO mscclSetupProxy: no capture

ja3:927758:927758 [0] NCCL INFO MSCCL: Setup Kernel finished, smem 41280 needsFence 1
ja3:927758:927758 [0] NCCL INFO mscclGetCaptureStatus: 0, captureId: 0, size: 0

ja3:927758:927758 [0] NCCL INFO mscclSetupProxy: no capture

ja3:927758:927758 [0] NCCL INFO MSCCL: Setup Kernel finished, smem 41280 needsFence 1
ja3:927758:927758 [0] NCCL INFO mscclGetCaptureStatus: 0, captureId: 0, size: 0

ja3:927758:927758 [0] NCCL INFO mscclSetupProxy: no capture

ja4:2516912:2516912 [0] NCCL INFO mscclGetCaptureStatus: 0, captureId: 0, size: 0

ja4:2516912:2516912 [0] NCCL INFO mscclSetupProxy: no capture

ja4:2516912:2516912 [0] NCCL INFO MSCCL: Setup Kernel finished, smem 41280 needsFence 1
ja4:2516912:2516912 [0] NCCL INFO mscclGetCaptureStatus: 0, captureId: 0, size: 0

ja4:2516912:2516912 [0] NCCL INFO mscclSetupProxy: no capture

ja4:2516912:2516912 [0] NCCL INFO MSCCL: Setup Kernel finished, smem 41280 needsFence 1
ja3:927758:927758 [0] NCCL INFO MSCCL: Setup Kernel finished, smem 41280 needsFence 1
ja3:927758:927758 [0] NCCL INFO mscclGetCaptureStatus: 0, captureId: 0, size: 0

ja3:927758:927758 [0] NCCL INFO mscclSetupProxy: no capture

ja3:927758:927758 [0] NCCL INFO MSCCL: Setup Kernel finished, smem 41280 needsFence 1
ja2:1312397:1312397 [0] NCCL INFO mscclGetCaptureStatus: 0, captureId: 0, size: 0

ja2:1312397:1312397 [0] NCCL INFO mscclSetupProxy: no capture

ja2:1312397:1312397 [0] NCCL INFO MSCCL: Setup Kernel finished, smem 41280 needsFence 1
ja4:2516912:2516912 [0] NCCL INFO mscclGetCaptureStatus: 0, captureId: 0, size: 0

ja4:2516912:2516912 [0] NCCL INFO mscclSetupProxy: no capture

ja4:2516912:2516912 [0] NCCL INFO MSCCL: Setup Kernel finished, smem 41280 needsFence 1
ja3:927758:927758 [0] NCCL INFO mscclGetCaptureStatus: 0, captureId: 0, size: 0

ja3:927758:927758 [0] NCCL INFO mscclSetupProxy: no capture

ja3:927758:927758 [0] NCCL INFO MSCCL: Setup Kernel finished, smem 41280 needsFence 1
    142.2    1.38    0.92      0
      393216         32768     float    none      -1    88.79    4.43    2.95      0ja2:1312397:1312397 [0] NCCL INFO mscclGetCaptureStatus: 0, captureId: 0, size: 0

ja2:1312397:1312397 [0] NCCL INFO mscclSetupProxy: no capture

ja2:1312397:1312397 [0] NCCL INFO MSCCL: Setup Kernel finished, smem 41280 needsFence 1
ja4:2516912:2516912 [0] NCCL INFO mscclGetCaptureStatus: 0, captureId: 0, size: 0

ja4:2516912:2516912 [0] NCCL INFO mscclSetupProxy: no capture

ja4:2516912:2516912 [0] NCCL INFO MSCCL: Setup Kernel finished, smem 41280 needsFence 1
ja3:927758:927758 [0] NCCL INFO mscclGetCaptureStatus: 0, captureId: 0, size: 0

ja3:927758:927758 [0] NCCL INFO mscclSetupProxy: no capture

ja3:927758:927758 [0] NCCL INFO MSCCL: Setup Kernel finished, smem 41280 needsFence 1
ja2:1312397:1312397 [0] NCCL INFO mscclGetCaptureStatus: 0, captureId: 0, size: 0

ja2:1312397:1312397 [0] NCCL INFO mscclSetupProxy: no capture

ja2:1312397:1312397 [0] NCCL INFO MSCCL: Setup Kernel finished, smem 41280 needsFence 1
ja2:1312397:1312397 [0] NCCL INFO mscclGetCaptureStatus: 0, captureId: 0, size: 0

ja2:1312397:1312397 [0] NCCL INFO mscclSetupProxy: no capture

ja2:1312397:1312397 [0] NCCL INFO MSCCL: Setup Kernel finished, smem 41280 needsFence 1
ja2:1312397:1312397 [0] NCCL INFO mscclGetCaptureStatus: 0, captureId: 0, size: 0

ja2:1312397:1312397 [0] NCCL INFO mscclSetupProxy: no capture

ja2:1312397:1312397 [0] NCCL INFO MSCCL: Setup Kernel finished, smem 41280 needsFence 1
ja2:1312397:1312397 [0] NCCL INFO mscclGetCaptureStatus: 0, captureId: 0, size: 0

ja2:1312397:1312397 [0] NCCL INFO mscclSetupProxy: no capture

ja2:1312397:1312397 [0] NCCL INFO MSCCL: Setup Kernel finished, smem 41280 needsFence 1
ja2:1312397:1312397 [0] NCCL INFO mscclGetCaptureStatus: 0, captureId: 0, size: 0

ja4:2516912:2516912 [0] NCCL INFO mscclGetCaptureStatus: 0, captureId: 0, size: 0

ja4:2516912:2516912 [0] NCCL INFO mscclSetupProxy: no capture

ja4:2516912:2516912 [0] NCCL INFO MSCCL: Setup Kernel finished, smem 41280 needsFence 1
ja4:2516912:2516912 [0] NCCL INFO mscclGetCaptureStatus: 0, captureId: 0, size: 0

ja4:2516912:2516912 [0] NCCL INFO mscclSetupProxy: no capture

ja4:2516912:2516912 [0] NCCL INFO MSCCL: Setup Kernel finished, smem 41280 needsFence 1
ja4:2516912:2516912 [0] NCCL INFO mscclGetCaptureStatus: 0, captureId: 0, size: 0

ja4:2516912:2516912 [0] NCCL INFO mscclSetupProxy: no capture

ja4:2516912:2516912 [0] NCCL INFO MSCCL: Setup Kernel finished, smem 41280 needsFence 1
ja4:2516912:2516912 [0] NCCL INFO mscclGetCaptureStatus: 0, captureId: 0, size: 0

ja4:2516912:2516912 [0] NCCL INFO mscclSetupProxy: no capture

ja4:2516912:2516912 [0] NCCL INFO MSCCL: Setup Kernel finished, smem 41280 needsFence 1
ja3:927758:927758 [0] NCCL INFO mscclGetCaptureStatus: 0, captureId: 0, size: 0

ja3:927758:927758 [0] NCCL INFO mscclSetupProxy: no capture

ja3:927758:927758 [0] NCCL INFO MSCCL: Setup Kernel finished, smem 41280 needsFence 1
ja3:927758:927758 [0] NCCL INFO mscclGetCaptureStatus: 0, captureId: 0, size: 0

ja3:927758:927758 [0] NCCL INFO mscclSetupProxy: no capture

ja3:927758:927758 [0] NCCL INFO MSCCL: Setup Kernel finished, smem 41280 needsFence 1
ja3:927758:927758 [0] NCCL INFO mscclGetCaptureStatus: 0, captureId: 0, size: 0

ja3:927758:927758 [0] NCCL INFO mscclSetupProxy: no capture

ja3:927758:927758 [0] NCCL INFO MSCCL: Setup Kernel finished, smem 41280 needsFence 1
ja3:927758:927758 [0] NCCL INFO mscclGetCaptureStatus: 0, captureId: 0, size: 0

ja3:927758:927758 [0] NCCL INFO mscclSetupProxy: no capture

ja3:927758:927758 [0] NCCL INFO MSCCL: Setup Kernel finished, smem 41280 needsFence 1
ja3:927758:927758 [0] NCCL INFO mscclGetCaptureStatus: 0, captureId: 0, size: 0

ja2:1312397:1312397 [0] NCCL INFO mscclSetupProxy: no capture

ja2:1312397:1312397 [0] NCCL INFO MSCCL: Setup Kernel finished, smem 41280 needsFence 1
ja2:1312397:1312397 [0] NCCL INFO mscclGetCaptureStatus: 0, captureId: 0, size: 0

ja2:1312397:1312397 [0] NCCL INFO mscclSetupProxy: no capture

ja2:1312397:1312397 [0] NCCL INFO MSCCL: Setup Kernel finished, smem 41280 needsFence 1
ja2:1312397:1312397 [0] NCCL INFO mscclGetCaptureStatus: 0, captureId: 0, size: 0

ja2:1312397:1312397 [0] NCCL INFO mscclSetupProxy: no capture

ja2:1312397:1312397 [0] NCCL INFO MSCCL: Setup Kernel finished, smem 41280 needsFence 1
ja4:2516912:2516912 [0] NCCL INFO mscclGetCaptureStatus: 0, captureId: 0, size: 0

ja4:2516912:2516912 [0] NCCL INFO mscclSetupProxy: no capture

ja4:2516912:2516912 [0] NCCL INFO MSCCL: Setup Kernel finished, smem 41280 needsFence 1
ja4:2516912:2516912 [0] NCCL INFO mscclGetCaptureStatus: 0, captureId: 0, size: 0

ja4:2516912:2516912 [0] NCCL INFO mscclSetupProxy: no capture

ja4:2516912:2516912 [0] NCCL INFO MSCCL: Setup Kernel finished, smem 41280 needsFence 1
ja4:2516912:2516912 [0] NCCL INFO mscclGetCaptureStatus: 0, captureId: 0, size: 0

ja4:2516912:2516912 [0] NCCL INFO mscclSetupProxy: no capture

ja4:2516912:2516912 [0] NCCL INFO MSCCL: Setup Kernel finished, smem 41280 needsFence 1
ja3:927758:927758 [0] NCCL INFO mscclSetupProxy: no capture

ja3:927758:927758 [0] NCCL INFO MSCCL: Setup Kernel finished, smem 41280 needsFence 1
ja2:1312397:1312397 [0] NCCL INFO mscclGetCaptureStatus: 0, captureId: 0, size: 0

ja2:1312397:1312397 [0] NCCL INFO mscclSetupProxy: no capture

ja2:1312397:1312397 [0] NCCL INFO MSCCL: Setup Kernel finished, smem 41280 needsFence 1
ja2:1312397:1312397 [0] NCCL INFO mscclGetCaptureStatus: 0, captureId: 0, size: 0

ja2:1312397:1312397 [0] NCCL INFO mscclSetupProxy: no capture

ja2:1312397:1312397 [0] NCCL INFO MSCCL: Setup Kernel finished, smem 41280 needsFence 1
ja2:1312397:1312397 [0] NCCL INFO mscclGetCaptureStatus: 0, captureId: 0, size: 0

ja2:1312397:1312397 [0] NCCL INFO mscclSetupProxy: no capture

ja2:1312397:1312397 [0] NCCL INFO MSCCL: Setup Kernel finished, smem 41280 needsFence 1
ja2:1312397:1312397 [0] NCCL INFO mscclGetCaptureStatus: 0, captureId: 0, size: 0

ja2:1312397:1312397 [0] NCCL INFO mscclSetupProxy: no capture

ja2:1312397:1312397 [0] NCCL INFO MSCCL: Setup Kernel finished, smem 41280 needsFence 1
ja2:1312397:1312397 [0] NCCL INFO mscclGetCaptureStatus: 0, captureId: 0, size: 0

ja4:2516912:2516912 [0] NCCL INFO mscclGetCaptureStatus: 0, captureId: 0, size: 0

ja4:2516912:2516912 [0] NCCL INFO mscclSetupProxy: no capture

ja4:2516912:2516912 [0] NCCL INFO MSCCL: Setup Kernel finished, smem 41280 needsFence 1
ja4:2516912:2516912 [0] NCCL INFO mscclGetCaptureStatus: 0, captureId: 0, size: 0

ja4:2516912:2516912 [0] NCCL INFO mscclSetupProxy: no capture

ja4:2516912:2516912 [0] NCCL INFO MSCCL: Setup Kernel finished, smem 41280 needsFence 1
ja4:2516912:2516912 [0] NCCL INFO mscclGetCaptureStatus: 0, captureId: 0, size: 0

ja4:2516912:2516912 [0] NCCL INFO mscclSetupProxy: no capture

ja4:2516912:2516912 [0] NCCL INFO MSCCL: Setup Kernel finished, smem 41280 needsFence 1
ja4:2516912:2516912 [0] NCCL INFO mscclGetCaptureStatus: 0, captureId: 0, size: 0

ja4:2516912:2516912 [0] NCCL INFO mscclSetupProxy: no capture

ja4:2516912:2516912 [0] NCCL INFO MSCCL: Setup Kernel finished, smem 41280 needsFence 1
ja3:927758:927758 [0] NCCL INFO mscclGetCaptureStatus: 0, captureId: 0, size: 0

ja3:927758:927758 [0] NCCL INFO mscclSetupProxy: no capture

ja3:927758:927758 [0] NCCL INFO MSCCL: Setup Kernel finished, smem 41280 needsFence 1
ja3:927758:927758 [0] NCCL INFO mscclGetCaptureStatus: 0, captureId: 0, size: 0

ja3:927758:927758 [0] NCCL INFO mscclSetupProxy: no capture

ja3:927758:927758 [0] NCCL INFO MSCCL: Setup Kernel finished, smem 41280 needsFence 1
ja3:927758:927758 [0] NCCL INFO mscclGetCaptureStatus: 0, captureId: 0, size: 0

ja3:927758:927758 [0] NCCL INFO mscclSetupProxy: no capture

ja3:927758:927758 [0] NCCL INFO MSCCL: Setup Kernel finished, smem 41280 needsFence 1
ja3:927758:927758 [0] NCCL INFO mscclGetCaptureStatus: 0, captureId: 0, size: 0

ja3:927758:927758 [0] NCCL INFO mscclSetupProxy: no capture

ja3:927758:927758 [0] NCCL INFO MSCCL: Setup Kernel finished, smem 41280 needsFence 1
ja3:927758:927758 [0] NCCL INFO mscclGetCaptureStatus: 0, captureId: 0, size: 0

ja2:1312397:1312397 [0] NCCL INFO mscclSetupProxy: no capture

ja2:1312397:1312397 [0] NCCL INFO MSCCL: Setup Kernel finished, smem 41280 needsFence 1
ja2:1312397:1312397 [0] NCCL INFO mscclGetCaptureStatus: 0, captureId: 0, size: 0

ja2:1312397:1312397 [0] NCCL INFO mscclSetupProxy: no capture

ja4:2516912:2516912 [0] NCCL INFO mscclGetCaptureStatus: 0, captureId: 0, size: 0

ja4:2516912:2516912 [0] NCCL INFO mscclSetupProxy: no capture

ja4:2516912:2516912 [0] NCCL INFO MSCCL: Setup Kernel finished, smem 41280 needsFence 1
ja4:2516912:2516912 [0] NCCL INFO mscclGetCaptureStatus: 0, captureId: 0, size: 0

ja4:2516912:2516912 [0] NCCL INFO mscclSetupProxy: no capture

ja4:2516912:2516912 [0] NCCL INFO MSCCL: Setup Kernel finished, smem 41280 needsFence 1
ja4:2516912:2516912 [0] NCCL INFO mscclGetCaptureStatus: 0, captureId: 0, size: 0

ja4:2516912:2516912 [0] NCCL INFO mscclSetupProxy: no capture

ja4:2516912:2516912 [0] NCCL INFO MSCCL: Setup Kernel finished, smem 41280 needsFence 1
ja4:2516912:2516912 [0] NCCL INFO mscclGetCaptureStatus: 0, captureId: 0, size: 0

ja4:2516912:2516912 [0] NCCL INFO mscclSetupProxy: no capture

ja3:927758:927758 [0] NCCL INFO mscclSetupProxy: no capture

ja3:927758:927758 [0] NCCL INFO MSCCL: Setup Kernel finished, smem 41280 needsFence 1
ja2:1312397:1312397 [0] NCCL INFO MSCCL: Setup Kernel finished, smem 41280 needsFence 1
ja2:1312397:1312397 [0] NCCL INFO mscclGetCaptureStatus: 0, captureId: 0, size: 0

ja2:1312397:1312397 [0] NCCL INFO mscclSetupProxy: no capture

ja2:1312397:1312397 [0] NCCL INFO MSCCL: Setup Kernel finished, smem 41280 needsFence 1
ja2:1312397:1312397 [0] NCCL INFO mscclGetCaptureStatus: 0, captureId: 0, size: 0

ja2:1312397:1312397 [0] NCCL INFO mscclSetupProxy: no capture

ja2:1312397:1312397 [0] NCCL INFO MSCCL: Setup Kernel finished, smem 41280 needsFence 1
ja2:1312397:1312397 [0] NCCL INFO mscclGetCaptureStatus: 0, captureId: 0, size: 0

ja2:1312397:1312397 [0] NCCL INFO mscclSetupProxy: no capture

ja2:1312397:1312397 [0] NCCL INFO MSCCL: Setup Kernel finished, smem 41280 needsFence 1
ja2:1312397:1312397 [0] NCCL INFO mscclGetCaptureStatus: 0, captureId: 0, size: 0

ja2:1312397:1312397 [0] NCCL INFO mscclSetupProxy: no capture

ja4:2516912:2516912 [0] NCCL INFO MSCCL: Setup Kernel finished, smem 41280 needsFence 1
ja4:2516912:2516912 [0] NCCL INFO mscclGetCaptureStatus: 0, captureId: 0, size: 0

ja4:2516912:2516912 [0] NCCL INFO mscclSetupProxy: no capture

ja4:2516912:2516912 [0] NCCL INFO MSCCL: Setup Kernel finished, smem 41280 needsFence 1
ja4:2516912:2516912 [0] NCCL INFO mscclGetCaptureStatus: 0, captureId: 0, size: 0

ja4:2516912:2516912 [0] NCCL INFO mscclSetupProxy: no capture

ja4:2516912:2516912 [0] NCCL INFO MSCCL: Setup Kernel finished, smem 41280 needsFence 1
ja4:2516912:2516912 [0] NCCL INFO mscclGetCaptureStatus: 0, captureId: 0, size: 0

ja4:2516912:2516912 [0] NCCL INFO mscclSetupProxy: no capture

ja4:2516912:2516912 [0] NCCL INFO MSCCL: Setup Kernel finished, smem 41280 needsFence 1
ja4:2516912:2516912 [0] NCCL INFO mscclGetCaptureStatus: 0, captureId: 0, size: 0

ja4:2516912:2516912 [0] NCCL INFO mscclSetupProxy: no capture

ja3:927758:927758 [0] NCCL INFO mscclGetCaptureStatus: 0, captureId: 0, size: 0

ja3:927758:927758 [0] NCCL INFO mscclSetupProxy: no capture

ja3:927758:927758 [0] NCCL INFO MSCCL: Setup Kernel finished, smem 41280 needsFence 1
ja3:927758:927758 [0] NCCL INFO mscclGetCaptureStatus: 0, captureId: 0, size: 0

ja3:927758:927758 [0] NCCL INFO mscclSetupProxy: no capture

ja3:927758:927758 [0] NCCL INFO MSCCL: Setup Kernel finished, smem 41280 needsFence 1
ja3:927758:927758 [0] NCCL INFO mscclGetCaptureStatus: 0, captureId: 0, size: 0

ja3:927758:927758 [0] NCCL INFO mscclSetupProxy: no capture

ja3:927758:927758 [0] NCCL INFO MSCCL: Setup Kernel finished, smem 41280 needsFence 1
ja3:927758:927758 [0] NCCL INFO mscclGetCaptureStatus: 0, captureId: 0, size: 0

ja3:927758:927758 [0] NCCL INFO mscclSetupProxy: no capture

ja3:927758:927758 [0] NCCL INFO MSCCL: Setup Kernel finished, smem 41280 needsFence 1
ja3:927758:927758 [0] NCCL INFO mscclGetCaptureStatus: 0, captureId: 0, size: 0

ja2:1312397:1312397 [0] NCCL INFO MSCCL: Setup Kernel finished, smem 41280 needsFence 1
ja2:1312397:1312397 [0] NCCL INFO mscclGetCaptureStatus: 0, captureId: 0, size: 0

ja2:1312397:1312397 [0] NCCL INFO mscclSetupProxy: no capture

ja2:1312397:1312397 [0] NCCL INFO MSCCL: Setup Kernel finished, smem 41280 needsFence 1
ja2:1312397:1312397 [0] NCCL INFO mscclGetCaptureStatus: 0, captureId: 0, size: 0

ja2:1312397:1312397 [0] NCCL INFO mscclSetupProxy: no capture

ja4:2516912:2516912 [0] NCCL INFO MSCCL: Setup Kernel finished, smem 41280 needsFence 1
ja4:2516912:2516912 [0] NCCL INFO mscclGetCaptureStatus: 0, captureId: 0, size: 0

ja4:2516912:2516912 [0] NCCL INFO mscclSetupProxy: no capture

ja4:2516912:2516912 [0] NCCL INFO MSCCL: Setup Kernel finished, smem 41280 needsFence 1
ja3:927758:927758 [0] NCCL INFO mscclSetupProxy: no capture

ja3:927758:927758 [0] NCCL INFO MSCCL: Setup Kernel finished, smem 41280 needsFence 1
ja2:1312397:1312397 [0] NCCL INFO MSCCL: Setup Kernel finished, smem 41280 needsFence 1
ja2:1312397:1312397 [0] NCCL INFO mscclGetCaptureStatus: 0, captureId: 0, size: 0

ja2:1312397:1312397 [0] NCCL INFO mscclSetupProxy: no capture

ja2:1312397:1312397 [0] NCCL INFO MSCCL: Setup Kernel finished, smem 41280 needsFence 1
ja3:927758:927758 [0] NCCL INFO mscclGetCaptureStatus: 0, captureId: 0, size: 0

ja3:927758:927758 [0] NCCL INFO mscclSetupProxy: no capture

ja3:927758:927758 [0] NCCL INFO MSCCL: Setup Kernel finished, smem 41280 needsFence 1
ja3:927758:927758 [0] NCCL INFO mscclGetCaptureStatus: 0, captureId: 0, size: 0

ja3:927758:927758 [0] NCCL INFO mscclSetupProxy: no capture

ja3:927758:927758 [0] NCCL INFO MSCCL: Setup Kernel finished, smem 41280 needsFence 1
ja3:927758:927758 [0] NCCL INFO mscclGetCaptureStatus: 0, captureId: 0, size: 0

ja3:927758:927758 [0] NCCL INFO mscclSetupProxy: no capture

ja3:927758:927758 [0] NCCL INFO MSCCL: Setup Kernel finished, smem 41280 needsFence 1
ja3:927758:927758 [0] NCCL INFO mscclGetCaptureStatus: 0, captureId: 0, size: 0

ja3:927758:927758 [0] NCCL INFO mscclSetupProxy: no capture

ja3:927758:927758 [0] NCCL INFO MSCCL: Setup Kernel finished, smem 41280 needsFence 1
ja3:927758:927758 [0] NCCL INFO mscclGetCaptureStatus: 0, captureId: 0, size: 0

ja3:927758:927758 [0] NCCL INFO mscclSetupProxy: no capture

ja3:927758:927758 [0] NCCL INFO MSCCL: Setup Kernel finished, smem 41280 needsFence 1
ja2:1312397:1312397 [0] NCCL INFO mscclGetCaptureStatus: 0, captureId: 0, size: 0

ja2:1312397:1312397 [0] NCCL INFO mscclSetupProxy: no capture

ja2:1312397:1312397 [0] NCCL INFO MSCCL: Setup Kernel finished, smem 41280 needsFence 1
ja4:2516912:2516912 [0] NCCL INFO mscclGetCaptureStatus: 0, captureId: 0, size: 0

ja4:2516912:2516912 [0] NCCL INFO mscclSetupProxy: no capture

ja4:2516912:2516912 [0] NCCL INFO MSCCL: Setup Kernel finished, smem 41280 needsFence 1
ja3:927758:927758 [0] NCCL INFO mscclGetCaptureStatus: 0, captureId: 0, size: 0

ja3:927758:927758 [0] NCCL INFO mscclSetupProxy: no capture

ja3:927758:927758 [0] NCCL INFO MSCCL: Setup Kernel finished, smem 41280 needsFence 1
    179.2    2.19    1.46      0
      786432         65536     float    none      -1    119.7    6.57    4.38      0ja2:1312397:1312397 [0] NCCL INFO mscclGetCaptureStatus: 0, captureId: 0, size: 0

ja2:1312397:1312397 [0] NCCL INFO mscclSetupProxy: no capture

ja2:1312397:1312397 [0] NCCL INFO MSCCL: Setup Kernel finished, smem 41280 needsFence 1
ja4:2516912:2516912 [0] NCCL INFO mscclGetCaptureStatus: 0, captureId: 0, size: 0

ja4:2516912:2516912 [0] NCCL INFO mscclSetupProxy: no capture

ja4:2516912:2516912 [0] NCCL INFO MSCCL: Setup Kernel finished, smem 41280 needsFence 1
ja3:927758:927758 [0] NCCL INFO mscclGetCaptureStatus: 0, captureId: 0, size: 0

ja3:927758:927758 [0] NCCL INFO mscclSetupProxy: no capture

ja3:927758:927758 [0] NCCL INFO MSCCL: Setup Kernel finished, smem 41280 needsFence 1
ja2:1312397:1312397 [0] NCCL INFO mscclGetCaptureStatus: 0, captureId: 0, size: 0

ja2:1312397:1312397 [0] NCCL INFO mscclSetupProxy: no capture

ja2:1312397:1312397 [0] NCCL INFO MSCCL: Setup Kernel finished, smem 41280 needsFence 1
ja2:1312397:1312397 [0] NCCL INFO mscclGetCaptureStatus: 0, captureId: 0, size: 0

ja2:1312397:1312397 [0] NCCL INFO mscclSetupProxy: no capture

ja2:1312397:1312397 [0] NCCL INFO MSCCL: Setup Kernel finished, smem 41280 needsFence 1
ja2:1312397:1312397 [0] NCCL INFO mscclGetCaptureStatus: 0, captureId: 0, size: 0

ja2:1312397:1312397 [0] NCCL INFO mscclSetupProxy: no capture

ja2:1312397:1312397 [0] NCCL INFO MSCCL: Setup Kernel finished, smem 41280 needsFence 1
ja2:1312397:1312397 [0] NCCL INFO mscclGetCaptureStatus: 0, captureId: 0, size: 0

ja2:1312397:1312397 [0] NCCL INFO mscclSetupProxy: no capture

ja2:1312397:1312397 [0] NCCL INFO MSCCL: Setup Kernel finished, smem 41280 needsFence 1
ja2:1312397:1312397 [0] NCCL INFO mscclGetCaptureStatus: 0, captureId: 0, size: 0

ja4:2516912:2516912 [0] NCCL INFO mscclGetCaptureStatus: 0, captureId: 0, size: 0

ja4:2516912:2516912 [0] NCCL INFO mscclSetupProxy: no capture

ja4:2516912:2516912 [0] NCCL INFO MSCCL: Setup Kernel finished, smem 41280 needsFence 1
ja4:2516912:2516912 [0] NCCL INFO mscclGetCaptureStatus: 0, captureId: 0, size: 0

ja4:2516912:2516912 [0] NCCL INFO mscclSetupProxy: no capture

ja4:2516912:2516912 [0] NCCL INFO MSCCL: Setup Kernel finished, smem 41280 needsFence 1
ja4:2516912:2516912 [0] NCCL INFO mscclGetCaptureStatus: 0, captureId: 0, size: 0

ja4:2516912:2516912 [0] NCCL INFO mscclSetupProxy: no capture

ja4:2516912:2516912 [0] NCCL INFO MSCCL: Setup Kernel finished, smem 41280 needsFence 1
ja4:2516912:2516912 [0] NCCL INFO mscclGetCaptureStatus: 0, captureId: 0, size: 0

ja4:2516912:2516912 [0] NCCL INFO mscclSetupProxy: no capture

ja4:2516912:2516912 [0] NCCL INFO MSCCL: Setup Kernel finished, smem 41280 needsFence 1
ja3:927758:927758 [0] NCCL INFO mscclGetCaptureStatus: 0, captureId: 0, size: 0

ja3:927758:927758 [0] NCCL INFO mscclSetupProxy: no capture

ja3:927758:927758 [0] NCCL INFO MSCCL: Setup Kernel finished, smem 41280 needsFence 1
ja3:927758:927758 [0] NCCL INFO mscclGetCaptureStatus: 0, captureId: 0, size: 0

ja3:927758:927758 [0] NCCL INFO mscclSetupProxy: no capture

ja3:927758:927758 [0] NCCL INFO MSCCL: Setup Kernel finished, smem 41280 needsFence 1
ja3:927758:927758 [0] NCCL INFO mscclGetCaptureStatus: 0, captureId: 0, size: 0

ja3:927758:927758 [0] NCCL INFO mscclSetupProxy: no capture

ja3:927758:927758 [0] NCCL INFO MSCCL: Setup Kernel finished, smem 41280 needsFence 1
ja3:927758:927758 [0] NCCL INFO mscclGetCaptureStatus: 0, captureId: 0, size: 0

ja3:927758:927758 [0] NCCL INFO mscclSetupProxy: no capture

ja3:927758:927758 [0] NCCL INFO MSCCL: Setup Kernel finished, smem 41280 needsFence 1
ja3:927758:927758 [0] NCCL INFO mscclGetCaptureStatus: 0, captureId: 0, size: 0

ja2:1312397:1312397 [0] NCCL INFO mscclSetupProxy: no capture

ja4:2516912:2516912 [0] NCCL INFO mscclGetCaptureStatus: 0, captureId: 0, size: 0

ja4:2516912:2516912 [0] NCCL INFO mscclSetupProxy: no capture

ja4:2516912:2516912 [0] NCCL INFO MSCCL: Setup Kernel finished, smem 41280 needsFence 1
ja4:2516912:2516912 [0] NCCL INFO mscclGetCaptureStatus: 0, captureId: 0, size: 0

ja4:2516912:2516912 [0] NCCL INFO mscclSetupProxy: no capture

ja4:2516912:2516912 [0] NCCL INFO MSCCL: Setup Kernel finished, smem 41280 needsFence 1
ja4:2516912:2516912 [0] NCCL INFO mscclGetCaptureStatus: 0, captureId: 0, size: 0

ja4:2516912:2516912 [0] NCCL INFO mscclSetupProxy: no capture

ja4:2516912:2516912 [0] NCCL INFO MSCCL: Setup Kernel finished, smem 41280 needsFence 1
ja3:927758:927758 [0] NCCL INFO mscclSetupProxy: no capture

ja2:1312397:1312397 [0] NCCL INFO MSCCL: Setup Kernel finished, smem 41280 needsFence 1
ja2:1312397:1312397 [0] NCCL INFO mscclGetCaptureStatus: 0, captureId: 0, size: 0

ja2:1312397:1312397 [0] NCCL INFO mscclSetupProxy: no capture

ja2:1312397:1312397 [0] NCCL INFO MSCCL: Setup Kernel finished, smem 41280 needsFence 1
ja2:1312397:1312397 [0] NCCL INFO mscclGetCaptureStatus: 0, captureId: 0, size: 0

ja2:1312397:1312397 [0] NCCL INFO mscclSetupProxy: no capture

ja2:1312397:1312397 [0] NCCL INFO MSCCL: Setup Kernel finished, smem 41280 needsFence 1
ja2:1312397:1312397 [0] NCCL INFO mscclGetCaptureStatus: 0, captureId: 0, size: 0

ja2:1312397:1312397 [0] NCCL INFO mscclSetupProxy: no capture

ja2:1312397:1312397 [0] NCCL INFO MSCCL: Setup Kernel finished, smem 41280 needsFence 1
ja2:1312397:1312397 [0] NCCL INFO mscclGetCaptureStatus: 0, captureId: 0, size: 0

ja2:1312397:1312397 [0] NCCL INFO mscclSetupProxy: no capture

ja4:2516912:2516912 [0] NCCL INFO mscclGetCaptureStatus: 0, captureId: 0, size: 0

ja4:2516912:2516912 [0] NCCL INFO mscclSetupProxy: no capture

ja4:2516912:2516912 [0] NCCL INFO MSCCL: Setup Kernel finished, smem 41280 needsFence 1
ja4:2516912:2516912 [0] NCCL INFO mscclGetCaptureStatus: 0, captureId: 0, size: 0

ja4:2516912:2516912 [0] NCCL INFO mscclSetupProxy: no capture

ja4:2516912:2516912 [0] NCCL INFO MSCCL: Setup Kernel finished, smem 41280 needsFence 1
ja4:2516912:2516912 [0] NCCL INFO mscclGetCaptureStatus: 0, captureId: 0, size: 0

ja4:2516912:2516912 [0] NCCL INFO mscclSetupProxy: no capture

ja4:2516912:2516912 [0] NCCL INFO MSCCL: Setup Kernel finished, smem 41280 needsFence 1
ja4:2516912:2516912 [0] NCCL INFO mscclGetCaptureStatus: 0, captureId: 0, size: 0

ja4:2516912:2516912 [0] NCCL INFO mscclSetupProxy: no capture

ja4:2516912:2516912 [0] NCCL INFO MSCCL: Setup Kernel finished, smem 41280 needsFence 1
ja4:2516912:2516912 [0] NCCL INFO mscclGetCaptureStatus: 0, captureId: 0, size: 0

ja3:927758:927758 [0] NCCL INFO MSCCL: Setup Kernel finished, smem 41280 needsFence 1
ja3:927758:927758 [0] NCCL INFO mscclGetCaptureStatus: 0, captureId: 0, size: 0

ja3:927758:927758 [0] NCCL INFO mscclSetupProxy: no capture

ja3:927758:927758 [0] NCCL INFO MSCCL: Setup Kernel finished, smem 41280 needsFence 1
ja3:927758:927758 [0] NCCL INFO mscclGetCaptureStatus: 0, captureId: 0, size: 0

ja3:927758:927758 [0] NCCL INFO mscclSetupProxy: no capture

ja3:927758:927758 [0] NCCL INFO MSCCL: Setup Kernel finished, smem 41280 needsFence 1
ja3:927758:927758 [0] NCCL INFO mscclGetCaptureStatus: 0, captureId: 0, size: 0

ja3:927758:927758 [0] NCCL INFO mscclSetupProxy: no capture

ja3:927758:927758 [0] NCCL INFO MSCCL: Setup Kernel finished, smem 41280 needsFence 1
ja3:927758:927758 [0] NCCL INFO mscclGetCaptureStatus: 0, captureId: 0, size: 0

ja3:927758:927758 [0] NCCL INFO mscclSetupProxy: no capture

ja3:927758:927758 [0] NCCL INFO MSCCL: Setup Kernel finished, smem 41280 needsFence 1
ja2:1312397:1312397 [0] NCCL INFO MSCCL: Setup Kernel finished, smem 41280 needsFence 1
ja2:1312397:1312397 [0] NCCL INFO mscclGetCaptureStatus: 0, captureId: 0, size: 0

ja2:1312397:1312397 [0] NCCL INFO mscclSetupProxy: no capture

ja2:1312397:1312397 [0] NCCL INFO MSCCL: Setup Kernel finished, smem 41280 needsFence 1
ja2:1312397:1312397 [0] NCCL INFO mscclGetCaptureStatus: 0, captureId: 0, size: 0

ja2:1312397:1312397 [0] NCCL INFO mscclSetupProxy: no capture

ja2:1312397:1312397 [0] NCCL INFO MSCCL: Setup Kernel finished, smem 41280 needsFence 1
ja2:1312397:1312397 [0] NCCL INFO mscclGetCaptureStatus: 0, captureId: 0, size: 0

ja2:1312397:1312397 [0] NCCL INFO mscclSetupProxy: no capture

ja2:1312397:1312397 [0] NCCL INFO MSCCL: Setup Kernel finished, smem 41280 needsFence 1
ja2:1312397:1312397 [0] NCCL INFO mscclGetCaptureStatus: 0, captureId: 0, size: 0

ja2:1312397:1312397 [0] NCCL INFO mscclSetupProxy: no capture

ja4:2516912:2516912 [0] NCCL INFO mscclSetupProxy: no capture

ja4:2516912:2516912 [0] NCCL INFO MSCCL: Setup Kernel finished, smem 41280 needsFence 1
ja3:927758:927758 [0] NCCL INFO mscclGetCaptureStatus: 0, captureId: 0, size: 0

ja2:1312397:1312397 [0] NCCL INFO MSCCL: Setup Kernel finished, smem 41280 needsFence 1
ja2:1312397:1312397 [0] NCCL INFO mscclGetCaptureStatus: 0, captureId: 0, size: 0

ja2:1312397:1312397 [0] NCCL INFO mscclSetupProxy: no capture

ja2:1312397:1312397 [0] NCCL INFO MSCCL: Setup Kernel finished, smem 41280 needsFence 1
ja2:1312397:1312397 [0] NCCL INFO mscclGetCaptureStatus: 0, captureId: 0, size: 0

ja2:1312397:1312397 [0] NCCL INFO mscclSetupProxy: no capture

ja2:1312397:1312397 [0] NCCL INFO MSCCL: Setup Kernel finished, smem 41280 needsFence 1
ja4:2516912:2516912 [0] NCCL INFO mscclGetCaptureStatus: 0, captureId: 0, size: 0

ja4:2516912:2516912 [0] NCCL INFO mscclSetupProxy: no capture

ja4:2516912:2516912 [0] NCCL INFO MSCCL: Setup Kernel finished, smem 41280 needsFence 1
ja4:2516912:2516912 [0] NCCL INFO mscclGetCaptureStatus: 0, captureId: 0, size: 0

ja4:2516912:2516912 [0] NCCL INFO mscclSetupProxy: no capture

ja4:2516912:2516912 [0] NCCL INFO MSCCL: Setup Kernel finished, smem 41280 needsFence 1
ja4:2516912:2516912 [0] NCCL INFO mscclGetCaptureStatus: 0, captureId: 0, size: 0

ja4:2516912:2516912 [0] NCCL INFO mscclSetupProxy: no capture

ja4:2516912:2516912 [0] NCCL INFO MSCCL: Setup Kernel finished, smem 41280 needsFence 1
ja4:2516912:2516912 [0] NCCL INFO mscclGetCaptureStatus: 0, captureId: 0, size: 0

ja4:2516912:2516912 [0] NCCL INFO mscclSetupProxy: no capture

ja4:2516912:2516912 [0] NCCL INFO MSCCL: Setup Kernel finished, smem 41280 needsFence 1
ja4:2516912:2516912 [0] NCCL INFO mscclGetCaptureStatus: 0, captureId: 0, size: 0

ja3:927758:927758 [0] NCCL INFO mscclSetupProxy: no capture

ja3:927758:927758 [0] NCCL INFO MSCCL: Setup Kernel finished, smem 41280 needsFence 1
ja3:927758:927758 [0] NCCL INFO mscclGetCaptureStatus: 0, captureId: 0, size: 0

ja3:927758:927758 [0] NCCL INFO mscclSetupProxy: no capture

ja3:927758:927758 [0] NCCL INFO MSCCL: Setup Kernel finished, smem 41280 needsFence 1
ja3:927758:927758 [0] NCCL INFO mscclGetCaptureStatus: 0, captureId: 0, size: 0

ja3:927758:927758 [0] NCCL INFO mscclSetupProxy: no capture

ja3:927758:927758 [0] NCCL INFO MSCCL: Setup Kernel finished, smem 41280 needsFence 1
ja3:927758:927758 [0] NCCL INFO mscclGetCaptureStatus: 0, captureId: 0, size: 0

ja3:927758:927758 [0] NCCL INFO mscclSetupProxy: no capture

ja3:927758:927758 [0] NCCL INFO MSCCL: Setup Kernel finished, smem 41280 needsFence 1
ja3:927758:927758 [0] NCCL INFO mscclGetCaptureStatus: 0, captureId: 0, size: 0

ja3:927758:927758 [0] NCCL INFO mscclSetupProxy: no capture

ja2:1312397:1312397 [0] NCCL INFO mscclGetCaptureStatus: 0, captureId: 0, size: 0

ja2:1312397:1312397 [0] NCCL INFO mscclSetupProxy: no capture

ja2:1312397:1312397 [0] NCCL INFO MSCCL: Setup Kernel finished, smem 41280 needsFence 1
ja2:1312397:1312397 [0] NCCL INFO mscclGetCaptureStatus: 0, captureId: 0, size: 0

ja2:1312397:1312397 [0] NCCL INFO mscclSetupProxy: no capture

ja2:1312397:1312397 [0] NCCL INFO MSCCL: Setup Kernel finished, smem 41280 needsFence 1
ja2:1312397:1312397 [0] NCCL INFO mscclGetCaptureStatus: 0, captureId: 0, size: 0

ja2:1312397:1312397 [0] NCCL INFO mscclSetupProxy: no capture

ja2:1312397:1312397 [0] NCCL INFO MSCCL: Setup Kernel finished, smem 41280 needsFence 1
ja2:1312397:1312397 [0] NCCL INFO mscclGetCaptureStatus: 0, captureId: 0, size: 0

ja2:1312397:1312397 [0] NCCL INFO mscclSetupProxy: no capture

ja2:1312397:1312397 [0] NCCL INFO MSCCL: Setup Kernel finished, smem 41280 needsFence 1
ja2:1312397:1312397 [0] NCCL INFO mscclGetCaptureStatus: 0, captureId: 0, size: 0

ja4:2516912:2516912 [0] NCCL INFO mscclSetupProxy: no capture

ja4:2516912:2516912 [0] NCCL INFO MSCCL: Setup Kernel finished, smem 41280 needsFence 1
ja4:2516912:2516912 [0] NCCL INFO mscclGetCaptureStatus: 0, captureId: 0, size: 0

ja4:2516912:2516912 [0] NCCL INFO mscclSetupProxy: no capture

ja4:2516912:2516912 [0] NCCL INFO MSCCL: Setup Kernel finished, smem 41280 needsFence 1
ja3:927758:927758 [0] NCCL INFO MSCCL: Setup Kernel finished, smem 41280 needsFence 1
ja3:927758:927758 [0] NCCL INFO mscclGetCaptureStatus: 0, captureId: 0, size: 0

ja3:927758:927758 [0] NCCL INFO mscclSetupProxy: no capture

ja3:927758:927758 [0] NCCL INFO MSCCL: Setup Kernel finished, smem 41280 needsFence 1
ja2:1312397:1312397 [0] NCCL INFO mscclSetupProxy: no capture

ja2:1312397:1312397 [0] NCCL INFO MSCCL: Setup Kernel finished, smem 41280 needsFence 1
ja4:2516912:2516912 [0] NCCL INFO mscclGetCaptureStatus: 0, captureId: 0, size: 0

ja4:2516912:2516912 [0] NCCL INFO mscclSetupProxy: no capture

ja4:2516912:2516912 [0] NCCL INFO MSCCL: Setup Kernel finished, smem 41280 needsFence 1
ja4:2516912:2516912 [0] NCCL INFO mscclGetCaptureStatus: 0, captureId: 0, size: 0

ja4:2516912:2516912 [0] NCCL INFO mscclSetupProxy: no capture

ja4:2516912:2516912 [0] NCCL INFO MSCCL: Setup Kernel finished, smem 41280 needsFence 1
ja3:927758:927758 [0] NCCL INFO mscclGetCaptureStatus: 0, captureId: 0, size: 0

ja3:927758:927758 [0] NCCL INFO mscclSetupProxy: no capture

ja3:927758:927758 [0] NCCL INFO MSCCL: Setup Kernel finished, smem 41280 needsFence 1
ja3:927758:927758 [0] NCCL INFO mscclGetCaptureStatus: 0, captureId: 0, size: 0

ja3:927758:927758 [0] NCCL INFO mscclSetupProxy: no capture

ja3:927758:927758 [0] NCCL INFO MSCCL: Setup Kernel finished, smem 41280 needsFence 1
ja3:927758:927758 [0] NCCL INFO mscclGetCaptureStatus: 0, captureId: 0, size: 0

ja3:927758:927758 [0] NCCL INFO mscclSetupProxy: no capture

ja3:927758:927758 [0] NCCL INFO MSCCL: Setup Kernel finished, smem 41280 needsFence 1
ja3:927758:927758 [0] NCCL INFO mscclGetCaptureStatus: 0, captureId: 0, size: 0

ja3:927758:927758 [0] NCCL INFO mscclSetupProxy: no capture

ja3:927758:927758 [0] NCCL INFO MSCCL: Setup Kernel finished, smem 41280 needsFence 1
ja3:927758:927758 [0] NCCL INFO mscclGetCaptureStatus: 0, captureId: 0, size: 0

ja3:927758:927758 [0] NCCL INFO mscclSetupProxy: no capture

ja3:927758:927758 [0] NCCL INFO MSCCL: Setup Kernel finished, smem 41280 needsFence 1
ja2:1312397:1312397 [0] NCCL INFO mscclGetCaptureStatus: 0, captureId: 0, size: 0

ja2:1312397:1312397 [0] NCCL INFO mscclSetupProxy: no capture

ja2:1312397:1312397 [0] NCCL INFO MSCCL: Setup Kernel finished, smem 41280 needsFence 1
ja4:2516912:2516912 [0] NCCL INFO mscclGetCaptureStatus: 0, captureId: 0, size: 0

ja4:2516912:2516912 [0] NCCL INFO mscclSetupProxy: no capture

ja4:2516912:2516912 [0] NCCL INFO MSCCL: Setup Kernel finished, smem 41280 needsFence 1
ja3:927758:927758 [0] NCCL INFO mscclGetCaptureStatus: 0, captureId: 0, size: 0

ja3:927758:927758 [0] NCCL INFO mscclSetupProxy: no capture

ja3:927758:927758 [0] NCCL INFO MSCCL: Setup Kernel finished, smem 41280 needsFence 1
    212.2    3.71    2.47      0
ja4:2516912:2516912 [0] NCCL INFO mscclGetCaptureStatus: 0, captureId: 0, size: 0

ja4:2516912:2516912 [0] NCCL INFO mscclSetupProxy: no capture

ja4:2516912:2516912 [0] NCCL INFO MSCCL: Setup Kernel finished, smem 41280 needsFence 1
     1572864        131072     float    none      -1    188.5    8.35    5.56      0ja2:1312397:1312397 [0] NCCL INFO mscclGetCaptureStatus: 0, captureId: 0, size: 0

ja2:1312397:1312397 [0] NCCL INFO mscclSetupProxy: no capture

ja2:1312397:1312397 [0] NCCL INFO MSCCL: Setup Kernel finished, smem 41280 needsFence 1
ja3:927758:927758 [0] NCCL INFO mscclGetCaptureStatus: 0, captureId: 0, size: 0

ja3:927758:927758 [0] NCCL INFO mscclSetupProxy: no capture

ja3:927758:927758 [0] NCCL INFO MSCCL: Setup Kernel finished, smem 41280 needsFence 1
ja2:1312397:1312397 [0] NCCL INFO mscclGetCaptureStatus: 0, captureId: 0, size: 0

ja2:1312397:1312397 [0] NCCL INFO mscclSetupProxy: no capture

ja2:1312397:1312397 [0] NCCL INFO MSCCL: Setup Kernel finished, smem 41280 needsFence 1
ja2:1312397:1312397 [0] NCCL INFO mscclGetCaptureStatus: 0, captureId: 0, size: 0

ja2:1312397:1312397 [0] NCCL INFO mscclSetupProxy: no capture

ja2:1312397:1312397 [0] NCCL INFO MSCCL: Setup Kernel finished, smem 41280 needsFence 1
ja2:1312397:1312397 [0] NCCL INFO mscclGetCaptureStatus: 0, captureId: 0, size: 0

ja2:1312397:1312397 [0] NCCL INFO mscclSetupProxy: no capture

ja2:1312397:1312397 [0] NCCL INFO MSCCL: Setup Kernel finished, smem 41280 needsFence 1
ja2:1312397:1312397 [0] NCCL INFO mscclGetCaptureStatus: 0, captureId: 0, size: 0

ja2:1312397:1312397 [0] NCCL INFO mscclSetupProxy: no capture

ja2:1312397:1312397 [0] NCCL INFO MSCCL: Setup Kernel finished, smem 41280 needsFence 1
ja4:2516912:2516912 [0] NCCL INFO mscclGetCaptureStatus: 0, captureId: 0, size: 0

ja4:2516912:2516912 [0] NCCL INFO mscclSetupProxy: no capture

ja4:2516912:2516912 [0] NCCL INFO MSCCL: Setup Kernel finished, smem 41280 needsFence 1
ja4:2516912:2516912 [0] NCCL INFO mscclGetCaptureStatus: 0, captureId: 0, size: 0

ja4:2516912:2516912 [0] NCCL INFO mscclSetupProxy: no capture

ja4:2516912:2516912 [0] NCCL INFO MSCCL: Setup Kernel finished, smem 41280 needsFence 1
ja4:2516912:2516912 [0] NCCL INFO mscclGetCaptureStatus: 0, captureId: 0, size: 0

ja4:2516912:2516912 [0] NCCL INFO mscclSetupProxy: no capture

ja4:2516912:2516912 [0] NCCL INFO MSCCL: Setup Kernel finished, smem 41280 needsFence 1
ja4:2516912:2516912 [0] NCCL INFO mscclGetCaptureStatus: 0, captureId: 0, size: 0

ja4:2516912:2516912 [0] NCCL INFO mscclSetupProxy: no capture

ja4:2516912:2516912 [0] NCCL INFO MSCCL: Setup Kernel finished, smem 41280 needsFence 1
ja3:927758:927758 [0] NCCL INFO mscclGetCaptureStatus: 0, captureId: 0, size: 0

ja3:927758:927758 [0] NCCL INFO mscclSetupProxy: no capture

ja3:927758:927758 [0] NCCL INFO MSCCL: Setup Kernel finished, smem 41280 needsFence 1
ja3:927758:927758 [0] NCCL INFO mscclGetCaptureStatus: 0, captureId: 0, size: 0

ja3:927758:927758 [0] NCCL INFO mscclSetupProxy: no capture

ja3:927758:927758 [0] NCCL INFO MSCCL: Setup Kernel finished, smem 41280 needsFence 1
ja3:927758:927758 [0] NCCL INFO mscclGetCaptureStatus: 0, captureId: 0, size: 0

ja3:927758:927758 [0] NCCL INFO mscclSetupProxy: no capture

ja3:927758:927758 [0] NCCL INFO MSCCL: Setup Kernel finished, smem 41280 needsFence 1
ja3:927758:927758 [0] NCCL INFO mscclGetCaptureStatus: 0, captureId: 0, size: 0

ja3:927758:927758 [0] NCCL INFO mscclSetupProxy: no capture

ja3:927758:927758 [0] NCCL INFO MSCCL: Setup Kernel finished, smem 41280 needsFence 1
ja3:927758:927758 [0] NCCL INFO mscclGetCaptureStatus: 0, captureId: 0, size: 0

ja2:1312397:1312397 [0] NCCL INFO mscclGetCaptureStatus: 0, captureId: 0, size: 0

ja2:1312397:1312397 [0] NCCL INFO mscclSetupProxy: no capture

ja2:1312397:1312397 [0] NCCL INFO MSCCL: Setup Kernel finished, smem 41280 needsFence 1
ja2:1312397:1312397 [0] NCCL INFO mscclGetCaptureStatus: 0, captureId: 0, size: 0

ja2:1312397:1312397 [0] NCCL INFO mscclSetupProxy: no capture

ja2:1312397:1312397 [0] NCCL INFO MSCCL: Setup Kernel finished, smem 41280 needsFence 1
ja2:1312397:1312397 [0] NCCL INFO mscclGetCaptureStatus: 0, captureId: 0, size: 0

ja2:1312397:1312397 [0] NCCL INFO mscclSetupProxy: no capture

ja2:1312397:1312397 [0] NCCL INFO MSCCL: Setup Kernel finished, smem 41280 needsFence 1
ja2:1312397:1312397 [0] NCCL INFO mscclGetCaptureStatus: 0, captureId: 0, size: 0

ja2:1312397:1312397 [0] NCCL INFO mscclSetupProxy: no capture

ja4:2516912:2516912 [0] NCCL INFO mscclGetCaptureStatus: 0, captureId: 0, size: 0

ja4:2516912:2516912 [0] NCCL INFO mscclSetupProxy: no capture

ja4:2516912:2516912 [0] NCCL INFO MSCCL: Setup Kernel finished, smem 41280 needsFence 1
ja4:2516912:2516912 [0] NCCL INFO mscclGetCaptureStatus: 0, captureId: 0, size: 0

ja4:2516912:2516912 [0] NCCL INFO mscclSetupProxy: no capture

ja4:2516912:2516912 [0] NCCL INFO MSCCL: Setup Kernel finished, smem 41280 needsFence 1
ja4:2516912:2516912 [0] NCCL INFO mscclGetCaptureStatus: 0, captureId: 0, size: 0

ja4:2516912:2516912 [0] NCCL INFO mscclSetupProxy: no capture

ja4:2516912:2516912 [0] NCCL INFO MSCCL: Setup Kernel finished, smem 41280 needsFence 1
ja4:2516912:2516912 [0] NCCL INFO mscclGetCaptureStatus: 0, captureId: 0, size: 0

ja4:2516912:2516912 [0] NCCL INFO mscclSetupProxy: no capture

ja3:927758:927758 [0] NCCL INFO mscclSetupProxy: no capture

ja2:1312397:1312397 [0] NCCL INFO MSCCL: Setup Kernel finished, smem 41280 needsFence 1
ja2:1312397:1312397 [0] NCCL INFO mscclGetCaptureStatus: 0, captureId: 0, size: 0

ja2:1312397:1312397 [0] NCCL INFO mscclSetupProxy: no capture

ja2:1312397:1312397 [0] NCCL INFO MSCCL: Setup Kernel finished, smem 41280 needsFence 1
ja2:1312397:1312397 [0] NCCL INFO mscclGetCaptureStatus: 0, captureId: 0, size: 0

ja2:1312397:1312397 [0] NCCL INFO mscclSetupProxy: no capture

ja2:1312397:1312397 [0] NCCL INFO MSCCL: Setup Kernel finished, smem 41280 needsFence 1
ja2:1312397:1312397 [0] NCCL INFO mscclGetCaptureStatus: 0, captureId: 0, size: 0

ja2:1312397:1312397 [0] NCCL INFO mscclSetupProxy: no capture

ja2:1312397:1312397 [0] NCCL INFO MSCCL: Setup Kernel finished, smem 41280 needsFence 1
ja2:1312397:1312397 [0] NCCL INFO mscclGetCaptureStatus: 0, captureId: 0, size: 0

ja2:1312397:1312397 [0] NCCL INFO mscclSetupProxy: no capture

ja4:2516912:2516912 [0] NCCL INFO MSCCL: Setup Kernel finished, smem 41280 needsFence 1
ja4:2516912:2516912 [0] NCCL INFO mscclGetCaptureStatus: 0, captureId: 0, size: 0

ja4:2516912:2516912 [0] NCCL INFO mscclSetupProxy: no capture

ja4:2516912:2516912 [0] NCCL INFO MSCCL: Setup Kernel finished, smem 41280 needsFence 1
ja4:2516912:2516912 [0] NCCL INFO mscclGetCaptureStatus: 0, captureId: 0, size: 0

ja4:2516912:2516912 [0] NCCL INFO mscclSetupProxy: no capture

ja4:2516912:2516912 [0] NCCL INFO MSCCL: Setup Kernel finished, smem 41280 needsFence 1
ja4:2516912:2516912 [0] NCCL INFO mscclGetCaptureStatus: 0, captureId: 0, size: 0

ja4:2516912:2516912 [0] NCCL INFO mscclSetupProxy: no capture

ja4:2516912:2516912 [0] NCCL INFO MSCCL: Setup Kernel finished, smem 41280 needsFence 1
ja4:2516912:2516912 [0] NCCL INFO mscclGetCaptureStatus: 0, captureId: 0, size: 0

ja4:2516912:2516912 [0] NCCL INFO mscclSetupProxy: no capture

ja3:927758:927758 [0] NCCL INFO MSCCL: Setup Kernel finished, smem 41280 needsFence 1
ja3:927758:927758 [0] NCCL INFO mscclGetCaptureStatus: 0, captureId: 0, size: 0

ja3:927758:927758 [0] NCCL INFO mscclSetupProxy: no capture

ja3:927758:927758 [0] NCCL INFO MSCCL: Setup Kernel finished, smem 41280 needsFence 1
ja3:927758:927758 [0] NCCL INFO mscclGetCaptureStatus: 0, captureId: 0, size: 0

ja3:927758:927758 [0] NCCL INFO mscclSetupProxy: no capture

ja3:927758:927758 [0] NCCL INFO MSCCL: Setup Kernel finished, smem 41280 needsFence 1
ja3:927758:927758 [0] NCCL INFO mscclGetCaptureStatus: 0, captureId: 0, size: 0

ja3:927758:927758 [0] NCCL INFO mscclSetupProxy: no capture

ja3:927758:927758 [0] NCCL INFO MSCCL: Setup Kernel finished, smem 41280 needsFence 1
ja3:927758:927758 [0] NCCL INFO mscclGetCaptureStatus: 0, captureId: 0, size: 0

ja3:927758:927758 [0] NCCL INFO mscclSetupProxy: no capture

ja3:927758:927758 [0] NCCL INFO MSCCL: Setup Kernel finished, smem 41280 needsFence 1
ja2:1312397:1312397 [0] NCCL INFO MSCCL: Setup Kernel finished, smem 41280 needsFence 1
ja2:1312397:1312397 [0] NCCL INFO mscclGetCaptureStatus: 0, captureId: 0, size: 0

ja2:1312397:1312397 [0] NCCL INFO mscclSetupProxy: no capture

ja2:1312397:1312397 [0] NCCL INFO MSCCL: Setup Kernel finished, smem 41280 needsFence 1
ja2:1312397:1312397 [0] NCCL INFO mscclGetCaptureStatus: 0, captureId: 0, size: 0

ja2:1312397:1312397 [0] NCCL INFO mscclSetupProxy: no capture

ja4:2516912:2516912 [0] NCCL INFO MSCCL: Setup Kernel finished, smem 41280 needsFence 1
ja3:927758:927758 [0] NCCL INFO mscclGetCaptureStatus: 0, captureId: 0, size: 0

ja3:927758:927758 [0] NCCL INFO mscclSetupProxy: no capture

ja3:927758:927758 [0] NCCL INFO MSCCL: Setup Kernel finished, smem 41280 needsFence 1
ja3:927758:927758 [0] NCCL INFO mscclGetCaptureStatus: 0, captureId: 0, size: 0

ja3:927758:927758 [0] NCCL INFO mscclSetupProxy: no capture

ja3:927758:927758 [0] NCCL INFO MSCCL: Setup Kernel finished, smem 41280 needsFence 1
ja3:927758:927758 [0] NCCL INFO mscclGetCaptureStatus: 0, captureId: 0, size: 0

ja3:927758:927758 [0] NCCL INFO mscclSetupProxy: no capture

ja3:927758:927758 [0] NCCL INFO MSCCL: Setup Kernel finished, smem 41280 needsFence 1
ja3:927758:927758 [0] NCCL INFO mscclGetCaptureStatus: 0, captureId: 0, size: 0

ja3:927758:927758 [0] NCCL INFO mscclSetupProxy: no capture

ja3:927758:927758 [0] NCCL INFO MSCCL: Setup Kernel finished, smem 41280 needsFence 1
ja3:927758:927758 [0] NCCL INFO mscclGetCaptureStatus: 0, captureId: 0, size: 0

ja2:1312397:1312397 [0] NCCL INFO MSCCL: Setup Kernel finished, smem 41280 needsFence 1
ja2:1312397:1312397 [0] NCCL INFO mscclGetCaptureStatus: 0, captureId: 0, size: 0

ja2:1312397:1312397 [0] NCCL INFO mscclSetupProxy: no capture

ja2:1312397:1312397 [0] NCCL INFO MSCCL: Setup Kernel finished, smem 41280 needsFence 1
ja2:1312397:1312397 [0] NCCL INFO mscclGetCaptureStatus: 0, captureId: 0, size: 0

ja2:1312397:1312397 [0] NCCL INFO mscclSetupProxy: no capture

ja2:1312397:1312397 [0] NCCL INFO MSCCL: Setup Kernel finished, smem 41280 needsFence 1
ja2:1312397:1312397 [0] NCCL INFO mscclGetCaptureStatus: 0, captureId: 0, size: 0

ja2:1312397:1312397 [0] NCCL INFO mscclSetupProxy: no capture

ja2:1312397:1312397 [0] NCCL INFO MSCCL: Setup Kernel finished, smem 41280 needsFence 1
ja2:1312397:1312397 [0] NCCL INFO mscclGetCaptureStatus: 0, captureId: 0, size: 0

ja2:1312397:1312397 [0] NCCL INFO mscclSetupProxy: no capture

ja4:2516912:2516912 [0] NCCL INFO mscclGetCaptureStatus: 0, captureId: 0, size: 0

ja4:2516912:2516912 [0] NCCL INFO mscclSetupProxy: no capture

ja4:2516912:2516912 [0] NCCL INFO MSCCL: Setup Kernel finished, smem 41280 needsFence 1
ja4:2516912:2516912 [0] NCCL INFO mscclGetCaptureStatus: 0, captureId: 0, size: 0

ja4:2516912:2516912 [0] NCCL INFO mscclSetupProxy: no capture

ja4:2516912:2516912 [0] NCCL INFO MSCCL: Setup Kernel finished, smem 41280 needsFence 1
ja4:2516912:2516912 [0] NCCL INFO mscclGetCaptureStatus: 0, captureId: 0, size: 0

ja4:2516912:2516912 [0] NCCL INFO mscclSetupProxy: no capture

ja4:2516912:2516912 [0] NCCL INFO MSCCL: Setup Kernel finished, smem 41280 needsFence 1
ja4:2516912:2516912 [0] NCCL INFO mscclGetCaptureStatus: 0, captureId: 0, size: 0

ja4:2516912:2516912 [0] NCCL INFO mscclSetupProxy: no capture

ja4:2516912:2516912 [0] NCCL INFO MSCCL: Setup Kernel finished, smem 41280 needsFence 1
ja4:2516912:2516912 [0] NCCL INFO mscclGetCaptureStatus: 0, captureId: 0, size: 0

ja3:927758:927758 [0] NCCL INFO mscclSetupProxy: no capture

ja3:927758:927758 [0] NCCL INFO MSCCL: Setup Kernel finished, smem 41280 needsFence 1
ja2:1312397:1312397 [0] NCCL INFO MSCCL: Setup Kernel finished, smem 41280 needsFence 1
ja2:1312397:1312397 [0] NCCL INFO mscclGetCaptureStatus: 0, captureId: 0, size: 0

ja2:1312397:1312397 [0] NCCL INFO mscclSetupProxy: no capture

ja4:2516912:2516912 [0] NCCL INFO mscclSetupProxy: no capture

ja4:2516912:2516912 [0] NCCL INFO MSCCL: Setup Kernel finished, smem 41280 needsFence 1
ja3:927758:927758 [0] NCCL INFO mscclGetCaptureStatus: 0, captureId: 0, size: 0

ja3:927758:927758 [0] NCCL INFO mscclSetupProxy: no capture

ja3:927758:927758 [0] NCCL INFO MSCCL: Setup Kernel finished, smem 41280 needsFence 1
ja3:927758:927758 [0] NCCL INFO mscclGetCaptureStatus: 0, captureId: 0, size: 0

ja3:927758:927758 [0] NCCL INFO mscclSetupProxy: no capture

ja3:927758:927758 [0] NCCL INFO MSCCL: Setup Kernel finished, smem 41280 needsFence 1
ja3:927758:927758 [0] NCCL INFO mscclGetCaptureStatus: 0, captureId: 0, size: 0

ja3:927758:927758 [0] NCCL INFO mscclSetupProxy: no capture

ja3:927758:927758 [0] NCCL INFO MSCCL: Setup Kernel finished, smem 41280 needsFence 1
ja3:927758:927758 [0] NCCL INFO mscclGetCaptureStatus: 0, captureId: 0, size: 0

ja3:927758:927758 [0] NCCL INFO mscclSetupProxy: no capture

ja3:927758:927758 [0] NCCL INFO MSCCL: Setup Kernel finished, smem 41280 needsFence 1
ja3:927758:927758 [0] NCCL INFO mscclGetCaptureStatus: 0, captureId: 0, size: 0

ja2:1312397:1312397 [0] NCCL INFO MSCCL: Setup Kernel finished, smem 41280 needsFence 1
ja2:1312397:1312397 [0] NCCL INFO mscclGetCaptureStatus: 0, captureId: 0, size: 0

ja2:1312397:1312397 [0] NCCL INFO mscclSetupProxy: no capture

ja2:1312397:1312397 [0] NCCL INFO MSCCL: Setup Kernel finished, smem 41280 needsFence 1
ja4:2516912:2516912 [0] NCCL INFO mscclGetCaptureStatus: 0, captureId: 0, size: 0

ja4:2516912:2516912 [0] NCCL INFO mscclSetupProxy: no capture

ja4:2516912:2516912 [0] NCCL INFO MSCCL: Setup Kernel finished, smem 41280 needsFence 1
ja4:2516912:2516912 [0] NCCL INFO mscclGetCaptureStatus: 0, captureId: 0, size: 0

ja4:2516912:2516912 [0] NCCL INFO mscclSetupProxy: no capture

ja4:2516912:2516912 [0] NCCL INFO MSCCL: Setup Kernel finished, smem 41280 needsFence 1
ja4:2516912:2516912 [0] NCCL INFO mscclGetCaptureStatus: 0, captureId: 0, size: 0

ja4:2516912:2516912 [0] NCCL INFO mscclSetupProxy: no capture

ja4:2516912:2516912 [0] NCCL INFO MSCCL: Setup Kernel finished, smem 41280 needsFence 1
ja3:927758:927758 [0] NCCL INFO mscclSetupProxy: no capture

ja3:927758:927758 [0] NCCL INFO MSCCL: Setup Kernel finished, smem 41280 needsFence 1
ja3:927758:927758 [0] NCCL INFO mscclGetCaptureStatus: 0, captureId: 0, size: 0

ja3:927758:927758 [0] NCCL INFO mscclSetupProxy: no capture

ja3:927758:927758 [0] NCCL INFO MSCCL: Setup Kernel finished, smem 41280 needsFence 1
ja2:1312397:1312397 [0] NCCL INFO mscclGetCaptureStatus: 0, captureId: 0, size: 0

ja2:1312397:1312397 [0] NCCL INFO mscclSetupProxy: no capture

ja2:1312397:1312397 [0] NCCL INFO MSCCL: Setup Kernel finished, smem 41280 needsFence 1
ja4:2516912:2516912 [0] NCCL INFO mscclGetCaptureStatus: 0, captureId: 0, size: 0

ja4:2516912:2516912 [0] NCCL INFO mscclSetupProxy: no capture

ja4:2516912:2516912 [0] NCCL INFO MSCCL: Setup Kernel finished, smem 41280 needsFence 1
ja3:927758:927758 [0] NCCL INFO mscclGetCaptureStatus: 0, captureId: 0, size: 0

ja3:927758:927758 [0] NCCL INFO mscclSetupProxy: no capture

ja3:927758:927758 [0] NCCL INFO MSCCL: Setup Kernel finished, smem 41280 needsFence 1
    293.5    5.36    3.57      0
     3145728        262144     float    none      -1    361.3    8.71    5.80      0ja2:1312397:1312397 [0] NCCL INFO mscclGetCaptureStatus: 0, captureId: 0, size: 0

ja2:1312397:1312397 [0] NCCL INFO mscclSetupProxy: no capture

ja2:1312397:1312397 [0] NCCL INFO MSCCL: Setup Kernel finished, smem 41280 needsFence 1
ja4:2516912:2516912 [0] NCCL INFO mscclGetCaptureStatus: 0, captureId: 0, size: 0

ja4:2516912:2516912 [0] NCCL INFO mscclSetupProxy: no capture

ja4:2516912:2516912 [0] NCCL INFO MSCCL: Setup Kernel finished, smem 41280 needsFence 1
ja3:927758:927758 [0] NCCL INFO mscclGetCaptureStatus: 0, captureId: 0, size: 0

ja3:927758:927758 [0] NCCL INFO mscclSetupProxy: no capture

ja3:927758:927758 [0] NCCL INFO MSCCL: Setup Kernel finished, smem 41280 needsFence 1
ja2:1312397:1312397 [0] NCCL INFO mscclGetCaptureStatus: 0, captureId: 0, size: 0

ja2:1312397:1312397 [0] NCCL INFO mscclSetupProxy: no capture

ja2:1312397:1312397 [0] NCCL INFO MSCCL: Setup Kernel finished, smem 41280 needsFence 1
ja2:1312397:1312397 [0] NCCL INFO mscclGetCaptureStatus: 0, captureId: 0, size: 0

ja2:1312397:1312397 [0] NCCL INFO mscclSetupProxy: no capture

ja2:1312397:1312397 [0] NCCL INFO MSCCL: Setup Kernel finished, smem 41280 needsFence 1
ja2:1312397:1312397 [0] NCCL INFO mscclGetCaptureStatus: 0, captureId: 0, size: 0

ja2:1312397:1312397 [0] NCCL INFO mscclSetupProxy: no capture

ja2:1312397:1312397 [0] NCCL INFO MSCCL: Setup Kernel finished, smem 41280 needsFence 1
ja2:1312397:1312397 [0] NCCL INFO mscclGetCaptureStatus: 0, captureId: 0, size: 0

ja2:1312397:1312397 [0] NCCL INFO mscclSetupProxy: no capture

ja2:1312397:1312397 [0] NCCL INFO MSCCL: Setup Kernel finished, smem 41280 needsFence 1
ja4:2516912:2516912 [0] NCCL INFO mscclGetCaptureStatus: 0, captureId: 0, size: 0

ja4:2516912:2516912 [0] NCCL INFO mscclSetupProxy: no capture

ja4:2516912:2516912 [0] NCCL INFO MSCCL: Setup Kernel finished, smem 41280 needsFence 1
ja4:2516912:2516912 [0] NCCL INFO mscclGetCaptureStatus: 0, captureId: 0, size: 0

ja4:2516912:2516912 [0] NCCL INFO mscclSetupProxy: no capture

ja4:2516912:2516912 [0] NCCL INFO MSCCL: Setup Kernel finished, smem 41280 needsFence 1
ja4:2516912:2516912 [0] NCCL INFO mscclGetCaptureStatus: 0, captureId: 0, size: 0

ja4:2516912:2516912 [0] NCCL INFO mscclSetupProxy: no capture

ja4:2516912:2516912 [0] NCCL INFO MSCCL: Setup Kernel finished, smem 41280 needsFence 1
ja4:2516912:2516912 [0] NCCL INFO mscclGetCaptureStatus: 0, captureId: 0, size: 0

ja4:2516912:2516912 [0] NCCL INFO mscclSetupProxy: no capture

ja4:2516912:2516912 [0] NCCL INFO MSCCL: Setup Kernel finished, smem 41280 needsFence 1
ja4:2516912:2516912 [0] NCCL INFO mscclGetCaptureStatus: 0, captureId: 0, size: 0

ja3:927758:927758 [0] NCCL INFO mscclGetCaptureStatus: 0, captureId: 0, size: 0

ja3:927758:927758 [0] NCCL INFO mscclSetupProxy: no capture

ja3:927758:927758 [0] NCCL INFO MSCCL: Setup Kernel finished, smem 41280 needsFence 1
ja3:927758:927758 [0] NCCL INFO mscclGetCaptureStatus: 0, captureId: 0, size: 0

ja3:927758:927758 [0] NCCL INFO mscclSetupProxy: no capture

ja3:927758:927758 [0] NCCL INFO MSCCL: Setup Kernel finished, smem 41280 needsFence 1
ja3:927758:927758 [0] NCCL INFO mscclGetCaptureStatus: 0, captureId: 0, size: 0

ja3:927758:927758 [0] NCCL INFO mscclSetupProxy: no capture

ja3:927758:927758 [0] NCCL INFO MSCCL: Setup Kernel finished, smem 41280 needsFence 1
ja3:927758:927758 [0] NCCL INFO mscclGetCaptureStatus: 0, captureId: 0, size: 0

ja3:927758:927758 [0] NCCL INFO mscclSetupProxy: no capture

ja3:927758:927758 [0] NCCL INFO MSCCL: Setup Kernel finished, smem 41280 needsFence 1
ja3:927758:927758 [0] NCCL INFO mscclGetCaptureStatus: 0, captureId: 0, size: 0

ja2:1312397:1312397 [0] NCCL INFO mscclGetCaptureStatus: 0, captureId: 0, size: 0

ja2:1312397:1312397 [0] NCCL INFO mscclSetupProxy: no capture

ja2:1312397:1312397 [0] NCCL INFO MSCCL: Setup Kernel finished, smem 41280 needsFence 1
ja2:1312397:1312397 [0] NCCL INFO mscclGetCaptureStatus: 0, captureId: 0, size: 0

ja2:1312397:1312397 [0] NCCL INFO mscclSetupProxy: no capture

ja2:1312397:1312397 [0] NCCL INFO MSCCL: Setup Kernel finished, smem 41280 needsFence 1
ja2:1312397:1312397 [0] NCCL INFO mscclGetCaptureStatus: 0, captureId: 0, size: 0

ja2:1312397:1312397 [0] NCCL INFO mscclSetupProxy: no capture

ja2:1312397:1312397 [0] NCCL INFO MSCCL: Setup Kernel finished, smem 41280 needsFence 1
ja2:1312397:1312397 [0] NCCL INFO mscclGetCaptureStatus: 0, captureId: 0, size: 0

ja2:1312397:1312397 [0] NCCL INFO mscclSetupProxy: no capture

ja4:2516912:2516912 [0] NCCL INFO mscclSetupProxy: no capture

ja3:927758:927758 [0] NCCL INFO mscclSetupProxy: no capture

ja2:1312397:1312397 [0] NCCL INFO MSCCL: Setup Kernel finished, smem 41280 needsFence 1
ja2:1312397:1312397 [0] NCCL INFO mscclGetCaptureStatus: 0, captureId: 0, size: 0

ja2:1312397:1312397 [0] NCCL INFO mscclSetupProxy: no capture

ja2:1312397:1312397 [0] NCCL INFO MSCCL: Setup Kernel finished, smem 41280 needsFence 1
ja2:1312397:1312397 [0] NCCL INFO mscclGetCaptureStatus: 0, captureId: 0, size: 0

ja2:1312397:1312397 [0] NCCL INFO mscclSetupProxy: no capture

ja2:1312397:1312397 [0] NCCL INFO MSCCL: Setup Kernel finished, smem 41280 needsFence 1
ja2:1312397:1312397 [0] NCCL INFO mscclGetCaptureStatus: 0, captureId: 0, size: 0

ja2:1312397:1312397 [0] NCCL INFO mscclSetupProxy: no capture

ja2:1312397:1312397 [0] NCCL INFO MSCCL: Setup Kernel finished, smem 41280 needsFence 1
ja2:1312397:1312397 [0] NCCL INFO mscclGetCaptureStatus: 0, captureId: 0, size: 0

ja2:1312397:1312397 [0] NCCL INFO mscclSetupProxy: no capture

ja4:2516912:2516912 [0] NCCL INFO MSCCL: Setup Kernel finished, smem 41280 needsFence 1
ja4:2516912:2516912 [0] NCCL INFO mscclGetCaptureStatus: 0, captureId: 0, size: 0

ja4:2516912:2516912 [0] NCCL INFO mscclSetupProxy: no capture

ja4:2516912:2516912 [0] NCCL INFO MSCCL: Setup Kernel finished, smem 41280 needsFence 1
ja4:2516912:2516912 [0] NCCL INFO mscclGetCaptureStatus: 0, captureId: 0, size: 0

ja4:2516912:2516912 [0] NCCL INFO mscclSetupProxy: no capture

ja4:2516912:2516912 [0] NCCL INFO MSCCL: Setup Kernel finished, smem 41280 needsFence 1
ja4:2516912:2516912 [0] NCCL INFO mscclGetCaptureStatus: 0, captureId: 0, size: 0

ja4:2516912:2516912 [0] NCCL INFO mscclSetupProxy: no capture

ja4:2516912:2516912 [0] NCCL INFO MSCCL: Setup Kernel finished, smem 41280 needsFence 1
ja4:2516912:2516912 [0] NCCL INFO mscclGetCaptureStatus: 0, captureId: 0, size: 0

ja4:2516912:2516912 [0] NCCL INFO mscclSetupProxy: no capture

ja3:927758:927758 [0] NCCL INFO MSCCL: Setup Kernel finished, smem 41280 needsFence 1
ja3:927758:927758 [0] NCCL INFO mscclGetCaptureStatus: 0, captureId: 0, size: 0

ja3:927758:927758 [0] NCCL INFO mscclSetupProxy: no capture

ja3:927758:927758 [0] NCCL INFO MSCCL: Setup Kernel finished, smem 41280 needsFence 1
ja3:927758:927758 [0] NCCL INFO mscclGetCaptureStatus: 0, captureId: 0, size: 0

ja3:927758:927758 [0] NCCL INFO mscclSetupProxy: no capture

ja3:927758:927758 [0] NCCL INFO MSCCL: Setup Kernel finished, smem 41280 needsFence 1
ja3:927758:927758 [0] NCCL INFO mscclGetCaptureStatus: 0, captureId: 0, size: 0

ja3:927758:927758 [0] NCCL INFO mscclSetupProxy: no capture

ja3:927758:927758 [0] NCCL INFO MSCCL: Setup Kernel finished, smem 41280 needsFence 1
ja3:927758:927758 [0] NCCL INFO mscclGetCaptureStatus: 0, captureId: 0, size: 0

ja3:927758:927758 [0] NCCL INFO mscclSetupProxy: no capture

ja3:927758:927758 [0] NCCL INFO MSCCL: Setup Kernel finished, smem 41280 needsFence 1
ja2:1312397:1312397 [0] NCCL INFO MSCCL: Setup Kernel finished, smem 41280 needsFence 1
ja2:1312397:1312397 [0] NCCL INFO mscclGetCaptureStatus: 0, captureId: 0, size: 0

ja2:1312397:1312397 [0] NCCL INFO mscclSetupProxy: no capture

ja2:1312397:1312397 [0] NCCL INFO MSCCL: Setup Kernel finished, smem 41280 needsFence 1
ja2:1312397:1312397 [0] NCCL INFO mscclGetCaptureStatus: 0, captureId: 0, size: 0

ja4:2516912:2516912 [0] NCCL INFO MSCCL: Setup Kernel finished, smem 41280 needsFence 1
ja4:2516912:2516912 [0] NCCL INFO mscclGetCaptureStatus: 0, captureId: 0, size: 0

ja4:2516912:2516912 [0] NCCL INFO mscclSetupProxy: no capture

ja4:2516912:2516912 [0] NCCL INFO MSCCL: Setup Kernel finished, smem 41280 needsFence 1
ja4:2516912:2516912 [0] NCCL INFO mscclGetCaptureStatus: 0, captureId: 0, size: 0

ja4:2516912:2516912 [0] NCCL INFO mscclSetupProxy: no capture

ja4:2516912:2516912 [0] NCCL INFO MSCCL: Setup Kernel finished, smem 41280 needsFence 1
ja4:2516912:2516912 [0] NCCL INFO mscclGetCaptureStatus: 0, captureId: 0, size: 0

ja4:2516912:2516912 [0] NCCL INFO mscclSetupProxy: no capture

ja4:2516912:2516912 [0] NCCL INFO MSCCL: Setup Kernel finished, smem 41280 needsFence 1
ja4:2516912:2516912 [0] NCCL INFO mscclGetCaptureStatus: 0, captureId: 0, size: 0

ja4:2516912:2516912 [0] NCCL INFO mscclSetupProxy: no capture

ja3:927758:927758 [0] NCCL INFO mscclGetCaptureStatus: 0, captureId: 0, size: 0

ja3:927758:927758 [0] NCCL INFO mscclSetupProxy: no capture

ja3:927758:927758 [0] NCCL INFO MSCCL: Setup Kernel finished, smem 41280 needsFence 1
ja3:927758:927758 [0] NCCL INFO mscclGetCaptureStatus: 0, captureId: 0, size: 0

ja3:927758:927758 [0] NCCL INFO mscclSetupProxy: no capture

ja3:927758:927758 [0] NCCL INFO MSCCL: Setup Kernel finished, smem 41280 needsFence 1
ja3:927758:927758 [0] NCCL INFO mscclGetCaptureStatus: 0, captureId: 0, size: 0

ja3:927758:927758 [0] NCCL INFO mscclSetupProxy: no capture

ja3:927758:927758 [0] NCCL INFO MSCCL: Setup Kernel finished, smem 41280 needsFence 1
ja3:927758:927758 [0] NCCL INFO mscclGetCaptureStatus: 0, captureId: 0, size: 0

ja3:927758:927758 [0] NCCL INFO mscclSetupProxy: no capture

ja3:927758:927758 [0] NCCL INFO MSCCL: Setup Kernel finished, smem 41280 needsFence 1
ja3:927758:927758 [0] NCCL INFO mscclGetCaptureStatus: 0, captureId: 0, size: 0

ja2:1312397:1312397 [0] NCCL INFO mscclSetupProxy: no capture

ja2:1312397:1312397 [0] NCCL INFO MSCCL: Setup Kernel finished, smem 41280 needsFence 1
ja2:1312397:1312397 [0] NCCL INFO mscclGetCaptureStatus: 0, captureId: 0, size: 0

ja2:1312397:1312397 [0] NCCL INFO mscclSetupProxy: no capture

ja2:1312397:1312397 [0] NCCL INFO MSCCL: Setup Kernel finished, smem 41280 needsFence 1
ja2:1312397:1312397 [0] NCCL INFO mscclGetCaptureStatus: 0, captureId: 0, size: 0

ja2:1312397:1312397 [0] NCCL INFO mscclSetupProxy: no capture

ja2:1312397:1312397 [0] NCCL INFO MSCCL: Setup Kernel finished, smem 41280 needsFence 1
ja2:1312397:1312397 [0] NCCL INFO mscclGetCaptureStatus: 0, captureId: 0, size: 0

ja2:1312397:1312397 [0] NCCL INFO mscclSetupProxy: no capture

ja2:1312397:1312397 [0] NCCL INFO MSCCL: Setup Kernel finished, smem 41280 needsFence 1
ja2:1312397:1312397 [0] NCCL INFO mscclGetCaptureStatus: 0, captureId: 0, size: 0

ja2:1312397:1312397 [0] NCCL INFO mscclSetupProxy: no capture

ja4:2516912:2516912 [0] NCCL INFO MSCCL: Setup Kernel finished, smem 41280 needsFence 1
ja4:2516912:2516912 [0] NCCL INFO mscclGetCaptureStatus: 0, captureId: 0, size: 0

ja4:2516912:2516912 [0] NCCL INFO mscclSetupProxy: no capture

ja4:2516912:2516912 [0] NCCL INFO MSCCL: Setup Kernel finished, smem 41280 needsFence 1
ja3:927758:927758 [0] NCCL INFO mscclSetupProxy: no capture

ja3:927758:927758 [0] NCCL INFO MSCCL: Setup Kernel finished, smem 41280 needsFence 1
ja2:1312397:1312397 [0] NCCL INFO MSCCL: Setup Kernel finished, smem 41280 needsFence 1
ja4:2516912:2516912 [0] NCCL INFO mscclGetCaptureStatus: 0, captureId: 0, size: 0

ja4:2516912:2516912 [0] NCCL INFO mscclSetupProxy: no capture

ja4:2516912:2516912 [0] NCCL INFO MSCCL: Setup Kernel finished, smem 41280 needsFence 1
ja4:2516912:2516912 [0] NCCL INFO mscclGetCaptureStatus: 0, captureId: 0, size: 0

ja4:2516912:2516912 [0] NCCL INFO mscclSetupProxy: no capture

ja4:2516912:2516912 [0] NCCL INFO MSCCL: Setup Kernel finished, smem 41280 needsFence 1
ja4:2516912:2516912 [0] NCCL INFO mscclGetCaptureStatus: 0, captureId: 0, size: 0

ja4:2516912:2516912 [0] NCCL INFO mscclSetupProxy: no capture

ja4:2516912:2516912 [0] NCCL INFO MSCCL: Setup Kernel finished, smem 41280 needsFence 1
ja4:2516912:2516912 [0] NCCL INFO mscclGetCaptureStatus: 0, captureId: 0, size: 0

ja4:2516912:2516912 [0] NCCL INFO mscclSetupProxy: no capture

ja4:2516912:2516912 [0] NCCL INFO MSCCL: Setup Kernel finished, smem 41280 needsFence 1
ja4:2516912:2516912 [0] NCCL INFO mscclGetCaptureStatus: 0, captureId: 0, size: 0

ja3:927758:927758 [0] NCCL INFO mscclGetCaptureStatus: 0, captureId: 0, size: 0

ja3:927758:927758 [0] NCCL INFO mscclSetupProxy: no capture

ja3:927758:927758 [0] NCCL INFO MSCCL: Setup Kernel finished, smem 41280 needsFence 1
ja3:927758:927758 [0] NCCL INFO mscclGetCaptureStatus: 0, captureId: 0, size: 0

ja3:927758:927758 [0] NCCL INFO mscclSetupProxy: no capture

ja3:927758:927758 [0] NCCL INFO MSCCL: Setup Kernel finished, smem 41280 needsFence 1
ja3:927758:927758 [0] NCCL INFO mscclGetCaptureStatus: 0, captureId: 0, size: 0

ja3:927758:927758 [0] NCCL INFO mscclSetupProxy: no capture

ja3:927758:927758 [0] NCCL INFO MSCCL: Setup Kernel finished, smem 41280 needsFence 1
ja3:927758:927758 [0] NCCL INFO mscclGetCaptureStatus: 0, captureId: 0, size: 0

ja3:927758:927758 [0] NCCL INFO mscclSetupProxy: no capture

ja3:927758:927758 [0] NCCL INFO MSCCL: Setup Kernel finished, smem 41280 needsFence 1
ja2:1312397:1312397 [0] NCCL INFO mscclGetCaptureStatus: 0, captureId: 0, size: 0

ja2:1312397:1312397 [0] NCCL INFO mscclSetupProxy: no capture

ja2:1312397:1312397 [0] NCCL INFO MSCCL: Setup Kernel finished, smem 41280 needsFence 1
ja2:1312397:1312397 [0] NCCL INFO mscclGetCaptureStatus: 0, captureId: 0, size: 0

ja2:1312397:1312397 [0] NCCL INFO mscclSetupProxy: no capture

ja2:1312397:1312397 [0] NCCL INFO MSCCL: Setup Kernel finished, smem 41280 needsFence 1
ja4:2516912:2516912 [0] NCCL INFO mscclSetupProxy: no capture

ja3:927758:927758 [0] NCCL INFO mscclGetCaptureStatus: 0, captureId: 0, size: 0

ja3:927758:927758 [0] NCCL INFO mscclSetupProxy: no capture

ja3:927758:927758 [0] NCCL INFO MSCCL: Setup Kernel finished, smem 41280 needsFence 1
ja3:927758:927758 [0] NCCL INFO mscclGetCaptureStatus: 0, captureId: 0, size: 0

ja3:927758:927758 [0] NCCL INFO mscclSetupProxy: no capture

ja3:927758:927758 [0] NCCL INFO MSCCL: Setup Kernel finished, smem 41280 needsFence 1
ja4:2516912:2516912 [0] NCCL INFO MSCCL: Setup Kernel finished, smem 41280 needsFence 1
ja4:2516912:2516912 [0] NCCL INFO mscclGetCaptureStatus: 0, captureId: 0, size: 0

ja4:2516912:2516912 [0] NCCL INFO mscclSetupProxy: no capture

ja4:2516912:2516912 [0] NCCL INFO MSCCL: Setup Kernel finished, smem 41280 needsFence 1
ja2:1312397:1312397 [0] NCCL INFO mscclGetCaptureStatus: 0, captureId: 0, size: 0

ja2:1312397:1312397 [0] NCCL INFO mscclSetupProxy: no capture

ja2:1312397:1312397 [0] NCCL INFO MSCCL: Setup Kernel finished, smem 41280 needsFence 1
ja4:2516912:2516912 [0] NCCL INFO mscclGetCaptureStatus: 0, captureId: 0, size: 0

ja4:2516912:2516912 [0] NCCL INFO mscclSetupProxy: no capture

ja4:2516912:2516912 [0] NCCL INFO MSCCL: Setup Kernel finished, smem 41280 needsFence 1
ja3:927758:927758 [0] NCCL INFO mscclGetCaptureStatus: 0, captureId: 0, size: 0

ja3:927758:927758 [0] NCCL INFO mscclSetupProxy: no capture

ja3:927758:927758 [0] NCCL INFO MSCCL: Setup Kernel finished, smem 41280 needsFence 1
    435.1    7.23    4.82      0
     6291456        524288     float    none      -1    573.3   10.97    7.32      0ja2:1312397:1312397 [0] NCCL INFO mscclGetCaptureStatus: 0, captureId: 0, size: 0

ja2:1312397:1312397 [0] NCCL INFO mscclSetupProxy: no capture

ja2:1312397:1312397 [0] NCCL INFO MSCCL: Setup Kernel finished, smem 41280 needsFence 1
ja4:2516912:2516912 [0] NCCL INFO mscclGetCaptureStatus: 0, captureId: 0, size: 0

ja4:2516912:2516912 [0] NCCL INFO mscclSetupProxy: no capture

ja4:2516912:2516912 [0] NCCL INFO MSCCL: Setup Kernel finished, smem 41280 needsFence 1
ja3:927758:927758 [0] NCCL INFO mscclGetCaptureStatus: 0, captureId: 0, size: 0

ja3:927758:927758 [0] NCCL INFO mscclSetupProxy: no capture

ja3:927758:927758 [0] NCCL INFO MSCCL: Setup Kernel finished, smem 41280 needsFence 1
ja2:1312397:1312397 [0] NCCL INFO mscclGetCaptureStatus: 0, captureId: 0, size: 0

ja2:1312397:1312397 [0] NCCL INFO mscclSetupProxy: no capture

ja2:1312397:1312397 [0] NCCL INFO MSCCL: Setup Kernel finished, smem 41280 needsFence 1
ja2:1312397:1312397 [0] NCCL INFO mscclGetCaptureStatus: 0, captureId: 0, size: 0

ja2:1312397:1312397 [0] NCCL INFO mscclSetupProxy: no capture

ja2:1312397:1312397 [0] NCCL INFO MSCCL: Setup Kernel finished, smem 41280 needsFence 1
ja2:1312397:1312397 [0] NCCL INFO mscclGetCaptureStatus: 0, captureId: 0, size: 0

ja2:1312397:1312397 [0] NCCL INFO mscclSetupProxy: no capture

ja2:1312397:1312397 [0] NCCL INFO MSCCL: Setup Kernel finished, smem 41280 needsFence 1
ja2:1312397:1312397 [0] NCCL INFO mscclGetCaptureStatus: 0, captureId: 0, size: 0

ja2:1312397:1312397 [0] NCCL INFO mscclSetupProxy: no capture

ja2:1312397:1312397 [0] NCCL INFO MSCCL: Setup Kernel finished, smem 41280 needsFence 1
ja2:1312397:1312397 [0] NCCL INFO mscclGetCaptureStatus: 0, captureId: 0, size: 0

ja4:2516912:2516912 [0] NCCL INFO mscclGetCaptureStatus: 0, captureId: 0, size: 0

ja4:2516912:2516912 [0] NCCL INFO mscclSetupProxy: no capture

ja4:2516912:2516912 [0] NCCL INFO MSCCL: Setup Kernel finished, smem 41280 needsFence 1
ja4:2516912:2516912 [0] NCCL INFO mscclGetCaptureStatus: 0, captureId: 0, size: 0

ja4:2516912:2516912 [0] NCCL INFO mscclSetupProxy: no capture

ja4:2516912:2516912 [0] NCCL INFO MSCCL: Setup Kernel finished, smem 41280 needsFence 1
ja4:2516912:2516912 [0] NCCL INFO mscclGetCaptureStatus: 0, captureId: 0, size: 0

ja4:2516912:2516912 [0] NCCL INFO mscclSetupProxy: no capture

ja4:2516912:2516912 [0] NCCL INFO MSCCL: Setup Kernel finished, smem 41280 needsFence 1
ja4:2516912:2516912 [0] NCCL INFO mscclGetCaptureStatus: 0, captureId: 0, size: 0

ja4:2516912:2516912 [0] NCCL INFO mscclSetupProxy: no capture

ja4:2516912:2516912 [0] NCCL INFO MSCCL: Setup Kernel finished, smem 41280 needsFence 1
ja4:2516912:2516912 [0] NCCL INFO mscclGetCaptureStatus: 0, captureId: 0, size: 0

ja3:927758:927758 [0] NCCL INFO mscclGetCaptureStatus: 0, captureId: 0, size: 0

ja3:927758:927758 [0] NCCL INFO mscclSetupProxy: no capture

ja3:927758:927758 [0] NCCL INFO MSCCL: Setup Kernel finished, smem 41280 needsFence 1
ja3:927758:927758 [0] NCCL INFO mscclGetCaptureStatus: 0, captureId: 0, size: 0

ja3:927758:927758 [0] NCCL INFO mscclSetupProxy: no capture

ja3:927758:927758 [0] NCCL INFO MSCCL: Setup Kernel finished, smem 41280 needsFence 1
ja3:927758:927758 [0] NCCL INFO mscclGetCaptureStatus: 0, captureId: 0, size: 0

ja3:927758:927758 [0] NCCL INFO mscclSetupProxy: no capture

ja3:927758:927758 [0] NCCL INFO MSCCL: Setup Kernel finished, smem 41280 needsFence 1
ja3:927758:927758 [0] NCCL INFO mscclGetCaptureStatus: 0, captureId: 0, size: 0

ja3:927758:927758 [0] NCCL INFO mscclSetupProxy: no capture

ja3:927758:927758 [0] NCCL INFO MSCCL: Setup Kernel finished, smem 41280 needsFence 1
ja3:927758:927758 [0] NCCL INFO mscclGetCaptureStatus: 0, captureId: 0, size: 0

ja2:1312397:1312397 [0] NCCL INFO mscclSetupProxy: no capture

ja2:1312397:1312397 [0] NCCL INFO MSCCL: Setup Kernel finished, smem 41280 needsFence 1
ja2:1312397:1312397 [0] NCCL INFO mscclGetCaptureStatus: 0, captureId: 0, size: 0

ja2:1312397:1312397 [0] NCCL INFO mscclSetupProxy: no capture

ja2:1312397:1312397 [0] NCCL INFO MSCCL: Setup Kernel finished, smem 41280 needsFence 1
ja2:1312397:1312397 [0] NCCL INFO mscclGetCaptureStatus: 0, captureId: 0, size: 0

ja2:1312397:1312397 [0] NCCL INFO mscclSetupProxy: no capture

ja2:1312397:1312397 [0] NCCL INFO MSCCL: Setup Kernel finished, smem 41280 needsFence 1
ja2:1312397:1312397 [0] NCCL INFO mscclGetCaptureStatus: 0, captureId: 0, size: 0

ja2:1312397:1312397 [0] NCCL INFO mscclSetupProxy: no capture

ja2:1312397:1312397 [0] NCCL INFO MSCCL: Setup Kernel finished, smem 41280 needsFence 1
ja4:2516912:2516912 [0] NCCL INFO mscclSetupProxy: no capture

ja4:2516912:2516912 [0] NCCL INFO MSCCL: Setup Kernel finished, smem 41280 needsFence 1
ja4:2516912:2516912 [0] NCCL INFO mscclGetCaptureStatus: 0, captureId: 0, size: 0

ja4:2516912:2516912 [0] NCCL INFO mscclSetupProxy: no capture

ja4:2516912:2516912 [0] NCCL INFO MSCCL: Setup Kernel finished, smem 41280 needsFence 1
ja4:2516912:2516912 [0] NCCL INFO mscclGetCaptureStatus: 0, captureId: 0, size: 0

ja4:2516912:2516912 [0] NCCL INFO mscclSetupProxy: no capture

ja4:2516912:2516912 [0] NCCL INFO MSCCL: Setup Kernel finished, smem 41280 needsFence 1
ja4:2516912:2516912 [0] NCCL INFO mscclGetCaptureStatus: 0, captureId: 0, size: 0

ja4:2516912:2516912 [0] NCCL INFO mscclSetupProxy: no capture

ja3:927758:927758 [0] NCCL INFO mscclSetupProxy: no capture

ja3:927758:927758 [0] NCCL INFO MSCCL: Setup Kernel finished, smem 41280 needsFence 1
ja2:1312397:1312397 [0] NCCL INFO mscclGetCaptureStatus: 0, captureId: 0, size: 0

ja2:1312397:1312397 [0] NCCL INFO mscclSetupProxy: no capture

ja2:1312397:1312397 [0] NCCL INFO MSCCL: Setup Kernel finished, smem 41280 needsFence 1
ja2:1312397:1312397 [0] NCCL INFO mscclGetCaptureStatus: 0, captureId: 0, size: 0

ja2:1312397:1312397 [0] NCCL INFO mscclSetupProxy: no capture

ja2:1312397:1312397 [0] NCCL INFO MSCCL: Setup Kernel finished, smem 41280 needsFence 1
ja2:1312397:1312397 [0] NCCL INFO mscclGetCaptureStatus: 0, captureId: 0, size: 0

ja2:1312397:1312397 [0] NCCL INFO mscclSetupProxy: no capture

ja2:1312397:1312397 [0] NCCL INFO MSCCL: Setup Kernel finished, smem 41280 needsFence 1
ja2:1312397:1312397 [0] NCCL INFO mscclGetCaptureStatus: 0, captureId: 0, size: 0

ja2:1312397:1312397 [0] NCCL INFO mscclSetupProxy: no capture

ja2:1312397:1312397 [0] NCCL INFO MSCCL: Setup Kernel finished, smem 41280 needsFence 1
ja2:1312397:1312397 [0] NCCL INFO mscclGetCaptureStatus: 0, captureId: 0, size: 0

ja4:2516912:2516912 [0] NCCL INFO MSCCL: Setup Kernel finished, smem 41280 needsFence 1
ja4:2516912:2516912 [0] NCCL INFO mscclGetCaptureStatus: 0, captureId: 0, size: 0

ja4:2516912:2516912 [0] NCCL INFO mscclSetupProxy: no capture

ja4:2516912:2516912 [0] NCCL INFO MSCCL: Setup Kernel finished, smem 41280 needsFence 1
ja4:2516912:2516912 [0] NCCL INFO mscclGetCaptureStatus: 0, captureId: 0, size: 0

ja4:2516912:2516912 [0] NCCL INFO mscclSetupProxy: no capture

ja4:2516912:2516912 [0] NCCL INFO MSCCL: Setup Kernel finished, smem 41280 needsFence 1
ja4:2516912:2516912 [0] NCCL INFO mscclGetCaptureStatus: 0, captureId: 0, size: 0

ja4:2516912:2516912 [0] NCCL INFO mscclSetupProxy: no capture

ja4:2516912:2516912 [0] NCCL INFO MSCCL: Setup Kernel finished, smem 41280 needsFence 1
ja4:2516912:2516912 [0] NCCL INFO mscclGetCaptureStatus: 0, captureId: 0, size: 0

ja4:2516912:2516912 [0] NCCL INFO mscclSetupProxy: no capture

ja3:927758:927758 [0] NCCL INFO mscclGetCaptureStatus: 0, captureId: 0, size: 0

ja3:927758:927758 [0] NCCL INFO mscclSetupProxy: no capture

ja3:927758:927758 [0] NCCL INFO MSCCL: Setup Kernel finished, smem 41280 needsFence 1
ja3:927758:927758 [0] NCCL INFO mscclGetCaptureStatus: 0, captureId: 0, size: 0

ja3:927758:927758 [0] NCCL INFO mscclSetupProxy: no capture

ja3:927758:927758 [0] NCCL INFO MSCCL: Setup Kernel finished, smem 41280 needsFence 1
ja3:927758:927758 [0] NCCL INFO mscclGetCaptureStatus: 0, captureId: 0, size: 0

ja3:927758:927758 [0] NCCL INFO mscclSetupProxy: no capture

ja3:927758:927758 [0] NCCL INFO MSCCL: Setup Kernel finished, smem 41280 needsFence 1
ja3:927758:927758 [0] NCCL INFO mscclGetCaptureStatus: 0, captureId: 0, size: 0

ja3:927758:927758 [0] NCCL INFO mscclSetupProxy: no capture

ja3:927758:927758 [0] NCCL INFO MSCCL: Setup Kernel finished, smem 41280 needsFence 1
ja2:1312397:1312397 [0] NCCL INFO mscclSetupProxy: no capture

ja2:1312397:1312397 [0] NCCL INFO MSCCL: Setup Kernel finished, smem 41280 needsFence 1
ja2:1312397:1312397 [0] NCCL INFO mscclGetCaptureStatus: 0, captureId: 0, size: 0

ja2:1312397:1312397 [0] NCCL INFO mscclSetupProxy: no capture

ja2:1312397:1312397 [0] NCCL INFO MSCCL: Setup Kernel finished, smem 41280 needsFence 1
ja2:1312397:1312397 [0] NCCL INFO mscclGetCaptureStatus: 0, captureId: 0, size: 0

ja2:1312397:1312397 [0] NCCL INFO mscclSetupProxy: no capture

ja4:2516912:2516912 [0] NCCL INFO MSCCL: Setup Kernel finished, smem 41280 needsFence 1
ja4:2516912:2516912 [0] NCCL INFO mscclGetCaptureStatus: 0, captureId: 0, size: 0

ja4:2516912:2516912 [0] NCCL INFO mscclSetupProxy: no capture

ja3:927758:927758 [0] NCCL INFO mscclGetCaptureStatus: 0, captureId: 0, size: 0

ja3:927758:927758 [0] NCCL INFO mscclSetupProxy: no capture

ja3:927758:927758 [0] NCCL INFO MSCCL: Setup Kernel finished, smem 41280 needsFence 1
ja3:927758:927758 [0] NCCL INFO mscclGetCaptureStatus: 0, captureId: 0, size: 0

ja3:927758:927758 [0] NCCL INFO mscclSetupProxy: no capture

ja3:927758:927758 [0] NCCL INFO MSCCL: Setup Kernel finished, smem 41280 needsFence 1
ja3:927758:927758 [0] NCCL INFO mscclGetCaptureStatus: 0, captureId: 0, size: 0

ja3:927758:927758 [0] NCCL INFO mscclSetupProxy: no capture

ja3:927758:927758 [0] NCCL INFO MSCCL: Setup Kernel finished, smem 41280 needsFence 1
ja3:927758:927758 [0] NCCL INFO mscclGetCaptureStatus: 0, captureId: 0, size: 0

ja3:927758:927758 [0] NCCL INFO mscclSetupProxy: no capture

ja3:927758:927758 [0] NCCL INFO MSCCL: Setup Kernel finished, smem 41280 needsFence 1
ja3:927758:927758 [0] NCCL INFO mscclGetCaptureStatus: 0, captureId: 0, size: 0

ja2:1312397:1312397 [0] NCCL INFO MSCCL: Setup Kernel finished, smem 41280 needsFence 1
ja2:1312397:1312397 [0] NCCL INFO mscclGetCaptureStatus: 0, captureId: 0, size: 0

ja2:1312397:1312397 [0] NCCL INFO mscclSetupProxy: no capture

ja2:1312397:1312397 [0] NCCL INFO MSCCL: Setup Kernel finished, smem 41280 needsFence 1
ja2:1312397:1312397 [0] NCCL INFO mscclGetCaptureStatus: 0, captureId: 0, size: 0

ja2:1312397:1312397 [0] NCCL INFO mscclSetupProxy: no capture

ja2:1312397:1312397 [0] NCCL INFO MSCCL: Setup Kernel finished, smem 41280 needsFence 1
ja2:1312397:1312397 [0] NCCL INFO mscclGetCaptureStatus: 0, captureId: 0, size: 0

ja2:1312397:1312397 [0] NCCL INFO mscclSetupProxy: no capture

ja2:1312397:1312397 [0] NCCL INFO MSCCL: Setup Kernel finished, smem 41280 needsFence 1
ja2:1312397:1312397 [0] NCCL INFO mscclGetCaptureStatus: 0, captureId: 0, size: 0

ja2:1312397:1312397 [0] NCCL INFO mscclSetupProxy: no capture

ja4:2516912:2516912 [0] NCCL INFO MSCCL: Setup Kernel finished, smem 41280 needsFence 1
ja4:2516912:2516912 [0] NCCL INFO mscclGetCaptureStatus: 0, captureId: 0, size: 0

ja4:2516912:2516912 [0] NCCL INFO mscclSetupProxy: no capture

ja4:2516912:2516912 [0] NCCL INFO MSCCL: Setup Kernel finished, smem 41280 needsFence 1
ja4:2516912:2516912 [0] NCCL INFO mscclGetCaptureStatus: 0, captureId: 0, size: 0

ja4:2516912:2516912 [0] NCCL INFO mscclSetupProxy: no capture

ja4:2516912:2516912 [0] NCCL INFO MSCCL: Setup Kernel finished, smem 41280 needsFence 1
ja4:2516912:2516912 [0] NCCL INFO mscclGetCaptureStatus: 0, captureId: 0, size: 0

ja4:2516912:2516912 [0] NCCL INFO mscclSetupProxy: no capture

ja4:2516912:2516912 [0] NCCL INFO MSCCL: Setup Kernel finished, smem 41280 needsFence 1
ja4:2516912:2516912 [0] NCCL INFO mscclGetCaptureStatus: 0, captureId: 0, size: 0

ja4:2516912:2516912 [0] NCCL INFO mscclSetupProxy: no capture

ja3:927758:927758 [0] NCCL INFO mscclSetupProxy: no capture

ja3:927758:927758 [0] NCCL INFO MSCCL: Setup Kernel finished, smem 41280 needsFence 1
ja2:1312397:1312397 [0] NCCL INFO MSCCL: Setup Kernel finished, smem 41280 needsFence 1
ja2:1312397:1312397 [0] NCCL INFO mscclGetCaptureStatus: 0, captureId: 0, size: 0

ja2:1312397:1312397 [0] NCCL INFO mscclSetupProxy: no capture

ja4:2516912:2516912 [0] NCCL INFO MSCCL: Setup Kernel finished, smem 41280 needsFence 1
ja4:2516912:2516912 [0] NCCL INFO mscclGetCaptureStatus: 0, captureId: 0, size: 0

ja3:927758:927758 [0] NCCL INFO mscclGetCaptureStatus: 0, captureId: 0, size: 0

ja3:927758:927758 [0] NCCL INFO mscclSetupProxy: no capture

ja3:927758:927758 [0] NCCL INFO MSCCL: Setup Kernel finished, smem 41280 needsFence 1
ja3:927758:927758 [0] NCCL INFO mscclGetCaptureStatus: 0, captureId: 0, size: 0

ja3:927758:927758 [0] NCCL INFO mscclSetupProxy: no capture

ja3:927758:927758 [0] NCCL INFO MSCCL: Setup Kernel finished, smem 41280 needsFence 1
ja3:927758:927758 [0] NCCL INFO mscclGetCaptureStatus: 0, captureId: 0, size: 0

ja3:927758:927758 [0] NCCL INFO mscclSetupProxy: no capture

ja3:927758:927758 [0] NCCL INFO MSCCL: Setup Kernel finished, smem 41280 needsFence 1
ja3:927758:927758 [0] NCCL INFO mscclGetCaptureStatus: 0, captureId: 0, size: 0

ja3:927758:927758 [0] NCCL INFO mscclSetupProxy: no capture

ja3:927758:927758 [0] NCCL INFO MSCCL: Setup Kernel finished, smem 41280 needsFence 1
ja3:927758:927758 [0] NCCL INFO mscclGetCaptureStatus: 0, captureId: 0, size: 0

ja2:1312397:1312397 [0] NCCL INFO MSCCL: Setup Kernel finished, smem 41280 needsFence 1
ja4:2516912:2516912 [0] NCCL INFO mscclSetupProxy: no capture

ja4:2516912:2516912 [0] NCCL INFO MSCCL: Setup Kernel finished, smem 41280 needsFence 1
ja4:2516912:2516912 [0] NCCL INFO mscclGetCaptureStatus: 0, captureId: 0, size: 0

ja4:2516912:2516912 [0] NCCL INFO mscclSetupProxy: no capture

ja4:2516912:2516912 [0] NCCL INFO MSCCL: Setup Kernel finished, smem 41280 needsFence 1
ja4:2516912:2516912 [0] NCCL INFO mscclGetCaptureStatus: 0, captureId: 0, size: 0

ja4:2516912:2516912 [0] NCCL INFO mscclSetupProxy: no capture

ja4:2516912:2516912 [0] NCCL INFO MSCCL: Setup Kernel finished, smem 41280 needsFence 1
ja3:927758:927758 [0] NCCL INFO mscclSetupProxy: no capture

ja3:927758:927758 [0] NCCL INFO MSCCL: Setup Kernel finished, smem 41280 needsFence 1
ja3:927758:927758 [0] NCCL INFO mscclGetCaptureStatus: 0, captureId: 0, size: 0

ja3:927758:927758 [0] NCCL INFO mscclSetupProxy: no capture

ja3:927758:927758 [0] NCCL INFO MSCCL: Setup Kernel finished, smem 41280 needsFence 1
ja2:1312397:1312397 [0] NCCL INFO mscclGetCaptureStatus: 0, captureId: 0, size: 0

ja2:1312397:1312397 [0] NCCL INFO mscclSetupProxy: no capture

ja2:1312397:1312397 [0] NCCL INFO MSCCL: Setup Kernel finished, smem 41280 needsFence 1
ja4:2516912:2516912 [0] NCCL INFO mscclGetCaptureStatus: 0, captureId: 0, size: 0

ja4:2516912:2516912 [0] NCCL INFO mscclSetupProxy: no capture

ja4:2516912:2516912 [0] NCCL INFO MSCCL: Setup Kernel finished, smem 41280 needsFence 1
ja3:927758:927758 [0] NCCL INFO mscclGetCaptureStatus: 0, captureId: 0, size: 0

ja3:927758:927758 [0] NCCL INFO mscclSetupProxy: no capture

ja3:927758:927758 [0] NCCL INFO MSCCL: Setup Kernel finished, smem 41280 needsFence 1
    762.6    8.25    5.50      0
    12582912       1048576     float    none      -1   1200.4   10.48    6.99      0ja2:1312397:1312397 [0] NCCL INFO mscclGetCaptureStatus: 0, captureId: 0, size: 0

ja2:1312397:1312397 [0] NCCL INFO mscclSetupProxy: no capture

ja2:1312397:1312397 [0] NCCL INFO MSCCL: Setup Kernel finished, smem 41280 needsFence 1
ja4:2516912:2516912 [0] NCCL INFO mscclGetCaptureStatus: 0, captureId: 0, size: 0

ja4:2516912:2516912 [0] NCCL INFO mscclSetupProxy: no capture

ja4:2516912:2516912 [0] NCCL INFO MSCCL: Setup Kernel finished, smem 41280 needsFence 1
ja3:927758:927758 [0] NCCL INFO mscclGetCaptureStatus: 0, captureId: 0, size: 0

ja3:927758:927758 [0] NCCL INFO mscclSetupProxy: no capture

ja3:927758:927758 [0] NCCL INFO MSCCL: Setup Kernel finished, smem 41280 needsFence 1
ja2:1312397:1312397 [0] NCCL INFO mscclGetCaptureStatus: 0, captureId: 0, size: 0

ja2:1312397:1312397 [0] NCCL INFO mscclSetupProxy: no capture

ja2:1312397:1312397 [0] NCCL INFO MSCCL: Setup Kernel finished, smem 41280 needsFence 1
ja2:1312397:1312397 [0] NCCL INFO mscclGetCaptureStatus: 0, captureId: 0, size: 0

ja2:1312397:1312397 [0] NCCL INFO mscclSetupProxy: no capture

ja2:1312397:1312397 [0] NCCL INFO MSCCL: Setup Kernel finished, smem 41280 needsFence 1
ja2:1312397:1312397 [0] NCCL INFO mscclGetCaptureStatus: 0, captureId: 0, size: 0

ja2:1312397:1312397 [0] NCCL INFO mscclSetupProxy: no capture

ja2:1312397:1312397 [0] NCCL INFO MSCCL: Setup Kernel finished, smem 41280 needsFence 1
ja2:1312397:1312397 [0] NCCL INFO mscclGetCaptureStatus: 0, captureId: 0, size: 0

ja2:1312397:1312397 [0] NCCL INFO mscclSetupProxy: no capture

ja2:1312397:1312397 [0] NCCL INFO MSCCL: Setup Kernel finished, smem 41280 needsFence 1
ja2:1312397:1312397 [0] NCCL INFO mscclGetCaptureStatus: 0, captureId: 0, size: 0

ja4:2516912:2516912 [0] NCCL INFO mscclGetCaptureStatus: 0, captureId: 0, size: 0

ja4:2516912:2516912 [0] NCCL INFO mscclSetupProxy: no capture

ja4:2516912:2516912 [0] NCCL INFO MSCCL: Setup Kernel finished, smem 41280 needsFence 1
ja4:2516912:2516912 [0] NCCL INFO mscclGetCaptureStatus: 0, captureId: 0, size: 0

ja4:2516912:2516912 [0] NCCL INFO mscclSetupProxy: no capture

ja4:2516912:2516912 [0] NCCL INFO MSCCL: Setup Kernel finished, smem 41280 needsFence 1
ja4:2516912:2516912 [0] NCCL INFO mscclGetCaptureStatus: 0, captureId: 0, size: 0

ja4:2516912:2516912 [0] NCCL INFO mscclSetupProxy: no capture

ja4:2516912:2516912 [0] NCCL INFO MSCCL: Setup Kernel finished, smem 41280 needsFence 1
ja4:2516912:2516912 [0] NCCL INFO mscclGetCaptureStatus: 0, captureId: 0, size: 0

ja4:2516912:2516912 [0] NCCL INFO mscclSetupProxy: no capture

ja4:2516912:2516912 [0] NCCL INFO MSCCL: Setup Kernel finished, smem 41280 needsFence 1
ja4:2516912:2516912 [0] NCCL INFO mscclGetCaptureStatus: 0, captureId: 0, size: 0

ja3:927758:927758 [0] NCCL INFO mscclGetCaptureStatus: 0, captureId: 0, size: 0

ja3:927758:927758 [0] NCCL INFO mscclSetupProxy: no capture

ja3:927758:927758 [0] NCCL INFO MSCCL: Setup Kernel finished, smem 41280 needsFence 1
ja3:927758:927758 [0] NCCL INFO mscclGetCaptureStatus: 0, captureId: 0, size: 0

ja3:927758:927758 [0] NCCL INFO mscclSetupProxy: no capture

ja3:927758:927758 [0] NCCL INFO MSCCL: Setup Kernel finished, smem 41280 needsFence 1
ja3:927758:927758 [0] NCCL INFO mscclGetCaptureStatus: 0, captureId: 0, size: 0

ja3:927758:927758 [0] NCCL INFO mscclSetupProxy: no capture

ja3:927758:927758 [0] NCCL INFO MSCCL: Setup Kernel finished, smem 41280 needsFence 1
ja3:927758:927758 [0] NCCL INFO mscclGetCaptureStatus: 0, captureId: 0, size: 0

ja3:927758:927758 [0] NCCL INFO mscclSetupProxy: no capture

ja3:927758:927758 [0] NCCL INFO MSCCL: Setup Kernel finished, smem 41280 needsFence 1
ja3:927758:927758 [0] NCCL INFO mscclGetCaptureStatus: 0, captureId: 0, size: 0

ja2:1312397:1312397 [0] NCCL INFO mscclSetupProxy: no capture

ja2:1312397:1312397 [0] NCCL INFO MSCCL: Setup Kernel finished, smem 41280 needsFence 1
ja4:2516912:2516912 [0] NCCL INFO mscclSetupProxy: no capture

ja4:2516912:2516912 [0] NCCL INFO MSCCL: Setup Kernel finished, smem 41280 needsFence 1
ja3:927758:927758 [0] NCCL INFO mscclSetupProxy: no capture

ja2:1312397:1312397 [0] NCCL INFO mscclGetCaptureStatus: 0, captureId: 0, size: 0

ja2:1312397:1312397 [0] NCCL INFO mscclSetupProxy: no capture

ja2:1312397:1312397 [0] NCCL INFO MSCCL: Setup Kernel finished, smem 41280 needsFence 1
ja2:1312397:1312397 [0] NCCL INFO mscclGetCaptureStatus: 0, captureId: 0, size: 0

ja2:1312397:1312397 [0] NCCL INFO mscclSetupProxy: no capture

ja2:1312397:1312397 [0] NCCL INFO MSCCL: Setup Kernel finished, smem 41280 needsFence 1
ja2:1312397:1312397 [0] NCCL INFO mscclGetCaptureStatus: 0, captureId: 0, size: 0

ja2:1312397:1312397 [0] NCCL INFO mscclSetupProxy: no capture

ja2:1312397:1312397 [0] NCCL INFO MSCCL: Setup Kernel finished, smem 41280 needsFence 1
ja2:1312397:1312397 [0] NCCL INFO mscclGetCaptureStatus: 0, captureId: 0, size: 0

ja2:1312397:1312397 [0] NCCL INFO mscclSetupProxy: no capture

ja2:1312397:1312397 [0] NCCL INFO MSCCL: Setup Kernel finished, smem 41280 needsFence 1
ja2:1312397:1312397 [0] NCCL INFO mscclGetCaptureStatus: 0, captureId: 0, size: 0

ja4:2516912:2516912 [0] NCCL INFO mscclGetCaptureStatus: 0, captureId: 0, size: 0

ja4:2516912:2516912 [0] NCCL INFO mscclSetupProxy: no capture

ja4:2516912:2516912 [0] NCCL INFO MSCCL: Setup Kernel finished, smem 41280 needsFence 1
ja4:2516912:2516912 [0] NCCL INFO mscclGetCaptureStatus: 0, captureId: 0, size: 0

ja4:2516912:2516912 [0] NCCL INFO mscclSetupProxy: no capture

ja4:2516912:2516912 [0] NCCL INFO MSCCL: Setup Kernel finished, smem 41280 needsFence 1
ja4:2516912:2516912 [0] NCCL INFO mscclGetCaptureStatus: 0, captureId: 0, size: 0

ja4:2516912:2516912 [0] NCCL INFO mscclSetupProxy: no capture

ja4:2516912:2516912 [0] NCCL INFO MSCCL: Setup Kernel finished, smem 41280 needsFence 1
ja4:2516912:2516912 [0] NCCL INFO mscclGetCaptureStatus: 0, captureId: 0, size: 0

ja4:2516912:2516912 [0] NCCL INFO mscclSetupProxy: no capture

ja4:2516912:2516912 [0] NCCL INFO MSCCL: Setup Kernel finished, smem 41280 needsFence 1
ja4:2516912:2516912 [0] NCCL INFO mscclGetCaptureStatus: 0, captureId: 0, size: 0

ja3:927758:927758 [0] NCCL INFO MSCCL: Setup Kernel finished, smem 41280 needsFence 1
ja3:927758:927758 [0] NCCL INFO mscclGetCaptureStatus: 0, captureId: 0, size: 0

ja3:927758:927758 [0] NCCL INFO mscclSetupProxy: no capture

ja3:927758:927758 [0] NCCL INFO MSCCL: Setup Kernel finished, smem 41280 needsFence 1
ja3:927758:927758 [0] NCCL INFO mscclGetCaptureStatus: 0, captureId: 0, size: 0

ja3:927758:927758 [0] NCCL INFO mscclSetupProxy: no capture

ja3:927758:927758 [0] NCCL INFO MSCCL: Setup Kernel finished, smem 41280 needsFence 1
ja3:927758:927758 [0] NCCL INFO mscclGetCaptureStatus: 0, captureId: 0, size: 0

ja3:927758:927758 [0] NCCL INFO mscclSetupProxy: no capture

ja3:927758:927758 [0] NCCL INFO MSCCL: Setup Kernel finished, smem 41280 needsFence 1
ja3:927758:927758 [0] NCCL INFO mscclGetCaptureStatus: 0, captureId: 0, size: 0

ja3:927758:927758 [0] NCCL INFO mscclSetupProxy: no capture

ja2:1312397:1312397 [0] NCCL INFO mscclSetupProxy: no capture

ja2:1312397:1312397 [0] NCCL INFO MSCCL: Setup Kernel finished, smem 41280 needsFence 1
ja2:1312397:1312397 [0] NCCL INFO mscclGetCaptureStatus: 0, captureId: 0, size: 0

ja2:1312397:1312397 [0] NCCL INFO mscclSetupProxy: no capture

ja2:1312397:1312397 [0] NCCL INFO MSCCL: Setup Kernel finished, smem 41280 needsFence 1
ja2:1312397:1312397 [0] NCCL INFO mscclGetCaptureStatus: 0, captureId: 0, size: 0

ja2:1312397:1312397 [0] NCCL INFO mscclSetupProxy: no capture

ja2:1312397:1312397 [0] NCCL INFO MSCCL: Setup Kernel finished, smem 41280 needsFence 1
ja2:1312397:1312397 [0] NCCL INFO mscclGetCaptureStatus: 0, captureId: 0, size: 0

ja2:1312397:1312397 [0] NCCL INFO mscclSetupProxy: no capture

ja2:1312397:1312397 [0] NCCL INFO MSCCL: Setup Kernel finished, smem 41280 needsFence 1
ja2:1312397:1312397 [0] NCCL INFO mscclGetCaptureStatus: 0, captureId: 0, size: 0

ja2:1312397:1312397 [0] NCCL INFO mscclSetupProxy: no capture

ja4:2516912:2516912 [0] NCCL INFO mscclSetupProxy: no capture

ja4:2516912:2516912 [0] NCCL INFO MSCCL: Setup Kernel finished, smem 41280 needsFence 1
ja4:2516912:2516912 [0] NCCL INFO mscclGetCaptureStatus: 0, captureId: 0, size: 0

ja4:2516912:2516912 [0] NCCL INFO mscclSetupProxy: no capture

ja4:2516912:2516912 [0] NCCL INFO MSCCL: Setup Kernel finished, smem 41280 needsFence 1
ja4:2516912:2516912 [0] NCCL INFO mscclGetCaptureStatus: 0, captureId: 0, size: 0

ja4:2516912:2516912 [0] NCCL INFO mscclSetupProxy: no capture

ja4:2516912:2516912 [0] NCCL INFO MSCCL: Setup Kernel finished, smem 41280 needsFence 1
ja4:2516912:2516912 [0] NCCL INFO mscclGetCaptureStatus: 0, captureId: 0, size: 0

ja4:2516912:2516912 [0] NCCL INFO mscclSetupProxy: no capture

ja4:2516912:2516912 [0] NCCL INFO MSCCL: Setup Kernel finished, smem 41280 needsFence 1
ja4:2516912:2516912 [0] NCCL INFO mscclGetCaptureStatus: 0, captureId: 0, size: 0

ja4:2516912:2516912 [0] NCCL INFO mscclSetupProxy: no capture

ja3:927758:927758 [0] NCCL INFO MSCCL: Setup Kernel finished, smem 41280 needsFence 1
ja3:927758:927758 [0] NCCL INFO mscclGetCaptureStatus: 0, captureId: 0, size: 0

ja3:927758:927758 [0] NCCL INFO mscclSetupProxy: no capture

ja3:927758:927758 [0] NCCL INFO MSCCL: Setup Kernel finished, smem 41280 needsFence 1
ja3:927758:927758 [0] NCCL INFO mscclGetCaptureStatus: 0, captureId: 0, size: 0

ja3:927758:927758 [0] NCCL INFO mscclSetupProxy: no capture

ja3:927758:927758 [0] NCCL INFO MSCCL: Setup Kernel finished, smem 41280 needsFence 1
ja3:927758:927758 [0] NCCL INFO mscclGetCaptureStatus: 0, captureId: 0, size: 0

ja3:927758:927758 [0] NCCL INFO mscclSetupProxy: no capture

ja3:927758:927758 [0] NCCL INFO MSCCL: Setup Kernel finished, smem 41280 needsFence 1
ja3:927758:927758 [0] NCCL INFO mscclGetCaptureStatus: 0, captureId: 0, size: 0

ja3:927758:927758 [0] NCCL INFO mscclSetupProxy: no capture

ja3:927758:927758 [0] NCCL INFO MSCCL: Setup Kernel finished, smem 41280 needsFence 1
ja2:1312397:1312397 [0] NCCL INFO MSCCL: Setup Kernel finished, smem 41280 needsFence 1
ja2:1312397:1312397 [0] NCCL INFO mscclGetCaptureStatus: 0, captureId: 0, size: 0

ja2:1312397:1312397 [0] NCCL INFO mscclSetupProxy: no capture

ja2:1312397:1312397 [0] NCCL INFO MSCCL: Setup Kernel finished, smem 41280 needsFence 1
ja2:1312397:1312397 [0] NCCL INFO mscclGetCaptureStatus: 0, captureId: 0, size: 0

ja2:1312397:1312397 [0] NCCL INFO mscclSetupProxy: no capture

ja2:1312397:1312397 [0] NCCL INFO MSCCL: Setup Kernel finished, smem 41280 needsFence 1
ja4:2516912:2516912 [0] NCCL INFO MSCCL: Setup Kernel finished, smem 41280 needsFence 1
ja4:2516912:2516912 [0] NCCL INFO mscclGetCaptureStatus: 0, captureId: 0, size: 0

ja4:2516912:2516912 [0] NCCL INFO mscclSetupProxy: no capture

ja4:2516912:2516912 [0] NCCL INFO MSCCL: Setup Kernel finished, smem 41280 needsFence 1
ja3:927758:927758 [0] NCCL INFO mscclGetCaptureStatus: 0, captureId: 0, size: 0

ja3:927758:927758 [0] NCCL INFO mscclSetupProxy: no capture

ja2:1312397:1312397 [0] NCCL INFO mscclGetCaptureStatus: 0, captureId: 0, size: 0

ja2:1312397:1312397 [0] NCCL INFO mscclSetupProxy: no capture

ja2:1312397:1312397 [0] NCCL INFO MSCCL: Setup Kernel finished, smem 41280 needsFence 1
ja2:1312397:1312397 [0] NCCL INFO mscclGetCaptureStatus: 0, captureId: 0, size: 0

ja2:1312397:1312397 [0] NCCL INFO mscclSetupProxy: no capture

ja2:1312397:1312397 [0] NCCL INFO MSCCL: Setup Kernel finished, smem 41280 needsFence 1
ja2:1312397:1312397 [0] NCCL INFO mscclGetCaptureStatus: 0, captureId: 0, size: 0

ja2:1312397:1312397 [0] NCCL INFO mscclSetupProxy: no capture

ja2:1312397:1312397 [0] NCCL INFO MSCCL: Setup Kernel finished, smem 41280 needsFence 1
ja2:1312397:1312397 [0] NCCL INFO mscclGetCaptureStatus: 0, captureId: 0, size: 0

ja2:1312397:1312397 [0] NCCL INFO mscclSetupProxy: no capture

ja2:1312397:1312397 [0] NCCL INFO MSCCL: Setup Kernel finished, smem 41280 needsFence 1
ja4:2516912:2516912 [0] NCCL INFO mscclGetCaptureStatus: 0, captureId: 0, size: 0

ja4:2516912:2516912 [0] NCCL INFO mscclSetupProxy: no capture

ja4:2516912:2516912 [0] NCCL INFO MSCCL: Setup Kernel finished, smem 41280 needsFence 1
ja4:2516912:2516912 [0] NCCL INFO mscclGetCaptureStatus: 0, captureId: 0, size: 0

ja4:2516912:2516912 [0] NCCL INFO mscclSetupProxy: no capture

ja4:2516912:2516912 [0] NCCL INFO MSCCL: Setup Kernel finished, smem 41280 needsFence 1
ja4:2516912:2516912 [0] NCCL INFO mscclGetCaptureStatus: 0, captureId: 0, size: 0

ja4:2516912:2516912 [0] NCCL INFO mscclSetupProxy: no capture

ja4:2516912:2516912 [0] NCCL INFO MSCCL: Setup Kernel finished, smem 41280 needsFence 1
ja4:2516912:2516912 [0] NCCL INFO mscclGetCaptureStatus: 0, captureId: 0, size: 0

ja4:2516912:2516912 [0] NCCL INFO mscclSetupProxy: no capture

ja4:2516912:2516912 [0] NCCL INFO MSCCL: Setup Kernel finished, smem 41280 needsFence 1
ja4:2516912:2516912 [0] NCCL INFO mscclGetCaptureStatus: 0, captureId: 0, size: 0

ja3:927758:927758 [0] NCCL INFO MSCCL: Setup Kernel finished, smem 41280 needsFence 1
ja3:927758:927758 [0] NCCL INFO mscclGetCaptureStatus: 0, captureId: 0, size: 0

ja3:927758:927758 [0] NCCL INFO mscclSetupProxy: no capture

ja3:927758:927758 [0] NCCL INFO MSCCL: Setup Kernel finished, smem 41280 needsFence 1
ja3:927758:927758 [0] NCCL INFO mscclGetCaptureStatus: 0, captureId: 0, size: 0

ja3:927758:927758 [0] NCCL INFO mscclSetupProxy: no capture

ja3:927758:927758 [0] NCCL INFO MSCCL: Setup Kernel finished, smem 41280 needsFence 1
ja3:927758:927758 [0] NCCL INFO mscclGetCaptureStatus: 0, captureId: 0, size: 0

ja3:927758:927758 [0] NCCL INFO mscclSetupProxy: no capture

ja3:927758:927758 [0] NCCL INFO MSCCL: Setup Kernel finished, smem 41280 needsFence 1
ja3:927758:927758 [0] NCCL INFO mscclGetCaptureStatus: 0, captureId: 0, size: 0

ja3:927758:927758 [0] NCCL INFO mscclSetupProxy: no capture

ja3:927758:927758 [0] NCCL INFO MSCCL: Setup Kernel finished, smem 41280 needsFence 1
ja4:2516912:2516912 [0] NCCL INFO mscclSetupProxy: no capture

ja4:2516912:2516912 [0] NCCL INFO MSCCL: Setup Kernel finished, smem 41280 needsFence 1
ja3:927758:927758 [0] NCCL INFO mscclGetCaptureStatus: 0, captureId: 0, size: 0

ja3:927758:927758 [0] NCCL INFO mscclSetupProxy: no capture

ja3:927758:927758 [0] NCCL INFO MSCCL: Setup Kernel finished, smem 41280 needsFence 1
ja3:927758:927758 [0] NCCL INFO mscclGetCaptureStatus: 0, captureId: 0, size: 0

ja3:927758:927758 [0] NCCL INFO mscclSetupProxy: no capture

ja3:927758:927758 [0] NCCL INFO MSCCL: Setup Kernel finished, smem 41280 needsFence 1
ja2:1312397:1312397 [0] NCCL INFO mscclGetCaptureStatus: 0, captureId: 0, size: 0

ja2:1312397:1312397 [0] NCCL INFO mscclSetupProxy: no capture

ja2:1312397:1312397 [0] NCCL INFO MSCCL: Setup Kernel finished, smem 41280 needsFence 1
ja4:2516912:2516912 [0] NCCL INFO mscclGetCaptureStatus: 0, captureId: 0, size: 0

ja4:2516912:2516912 [0] NCCL INFO mscclSetupProxy: no capture

ja4:2516912:2516912 [0] NCCL INFO MSCCL: Setup Kernel finished, smem 41280 needsFence 1
ja3:927758:927758 [0] NCCL INFO mscclGetCaptureStatus: 0, captureId: 0, size: 0

ja3:927758:927758 [0] NCCL INFO mscclSetupProxy: no capture

ja3:927758:927758 [0] NCCL INFO MSCCL: Setup Kernel finished, smem 41280 needsFence 1
   1443.1    8.72    5.81      0
    25165824       2097152     float    none      -1   2260.9   11.13    7.42      0ja2:1312397:1312397 [0] NCCL INFO mscclGetCaptureStatus: 0, captureId: 0, size: 0

ja2:1312397:1312397 [0] NCCL INFO mscclSetupProxy: no capture

ja2:1312397:1312397 [0] NCCL INFO MSCCL: Setup Kernel finished, smem 41280 needsFence 1
ja4:2516912:2516912 [0] NCCL INFO mscclGetCaptureStatus: 0, captureId: 0, size: 0

ja4:2516912:2516912 [0] NCCL INFO mscclSetupProxy: no capture

ja4:2516912:2516912 [0] NCCL INFO MSCCL: Setup Kernel finished, smem 41280 needsFence 1
ja3:927758:927758 [0] NCCL INFO mscclGetCaptureStatus: 0, captureId: 0, size: 0

ja3:927758:927758 [0] NCCL INFO mscclSetupProxy: no capture

ja3:927758:927758 [0] NCCL INFO MSCCL: Setup Kernel finished, smem 41280 needsFence 1
ja2:1312397:1312397 [0] NCCL INFO mscclGetCaptureStatus: 0, captureId: 0, size: 0

ja2:1312397:1312397 [0] NCCL INFO mscclSetupProxy: no capture

ja2:1312397:1312397 [0] NCCL INFO MSCCL: Setup Kernel finished, smem 41280 needsFence 1
ja2:1312397:1312397 [0] NCCL INFO mscclGetCaptureStatus: 0, captureId: 0, size: 0

ja2:1312397:1312397 [0] NCCL INFO mscclSetupProxy: no capture

ja2:1312397:1312397 [0] NCCL INFO MSCCL: Setup Kernel finished, smem 41280 needsFence 1
ja2:1312397:1312397 [0] NCCL INFO mscclGetCaptureStatus: 0, captureId: 0, size: 0

ja2:1312397:1312397 [0] NCCL INFO mscclSetupProxy: no capture

ja2:1312397:1312397 [0] NCCL INFO MSCCL: Setup Kernel finished, smem 41280 needsFence 1
ja2:1312397:1312397 [0] NCCL INFO mscclGetCaptureStatus: 0, captureId: 0, size: 0

ja2:1312397:1312397 [0] NCCL INFO mscclSetupProxy: no capture

ja2:1312397:1312397 [0] NCCL INFO MSCCL: Setup Kernel finished, smem 41280 needsFence 1
ja2:1312397:1312397 [0] NCCL INFO mscclGetCaptureStatus: 0, captureId: 0, size: 0

ja4:2516912:2516912 [0] NCCL INFO mscclGetCaptureStatus: 0, captureId: 0, size: 0

ja4:2516912:2516912 [0] NCCL INFO mscclSetupProxy: no capture

ja4:2516912:2516912 [0] NCCL INFO MSCCL: Setup Kernel finished, smem 41280 needsFence 1
ja4:2516912:2516912 [0] NCCL INFO mscclGetCaptureStatus: 0, captureId: 0, size: 0

ja4:2516912:2516912 [0] NCCL INFO mscclSetupProxy: no capture

ja4:2516912:2516912 [0] NCCL INFO MSCCL: Setup Kernel finished, smem 41280 needsFence 1
ja4:2516912:2516912 [0] NCCL INFO mscclGetCaptureStatus: 0, captureId: 0, size: 0

ja4:2516912:2516912 [0] NCCL INFO mscclSetupProxy: no capture

ja4:2516912:2516912 [0] NCCL INFO MSCCL: Setup Kernel finished, smem 41280 needsFence 1
ja4:2516912:2516912 [0] NCCL INFO mscclGetCaptureStatus: 0, captureId: 0, size: 0

ja4:2516912:2516912 [0] NCCL INFO mscclSetupProxy: no capture

ja4:2516912:2516912 [0] NCCL INFO MSCCL: Setup Kernel finished, smem 41280 needsFence 1
ja4:2516912:2516912 [0] NCCL INFO mscclGetCaptureStatus: 0, captureId: 0, size: 0

ja3:927758:927758 [0] NCCL INFO mscclGetCaptureStatus: 0, captureId: 0, size: 0

ja3:927758:927758 [0] NCCL INFO mscclSetupProxy: no capture

ja3:927758:927758 [0] NCCL INFO MSCCL: Setup Kernel finished, smem 41280 needsFence 1
ja3:927758:927758 [0] NCCL INFO mscclGetCaptureStatus: 0, captureId: 0, size: 0

ja3:927758:927758 [0] NCCL INFO mscclSetupProxy: no capture

ja3:927758:927758 [0] NCCL INFO MSCCL: Setup Kernel finished, smem 41280 needsFence 1
ja3:927758:927758 [0] NCCL INFO mscclGetCaptureStatus: 0, captureId: 0, size: 0

ja3:927758:927758 [0] NCCL INFO mscclSetupProxy: no capture

ja3:927758:927758 [0] NCCL INFO MSCCL: Setup Kernel finished, smem 41280 needsFence 1
ja3:927758:927758 [0] NCCL INFO mscclGetCaptureStatus: 0, captureId: 0, size: 0

ja3:927758:927758 [0] NCCL INFO mscclSetupProxy: no capture

ja3:927758:927758 [0] NCCL INFO MSCCL: Setup Kernel finished, smem 41280 needsFence 1
ja3:927758:927758 [0] NCCL INFO mscclGetCaptureStatus: 0, captureId: 0, size: 0

ja2:1312397:1312397 [0] NCCL INFO mscclSetupProxy: no capture

ja2:1312397:1312397 [0] NCCL INFO MSCCL: Setup Kernel finished, smem 41280 needsFence 1
ja2:1312397:1312397 [0] NCCL INFO mscclGetCaptureStatus: 0, captureId: 0, size: 0

ja2:1312397:1312397 [0] NCCL INFO mscclSetupProxy: no capture

ja2:1312397:1312397 [0] NCCL INFO MSCCL: Setup Kernel finished, smem 41280 needsFence 1
ja2:1312397:1312397 [0] NCCL INFO mscclGetCaptureStatus: 0, captureId: 0, size: 0

ja2:1312397:1312397 [0] NCCL INFO mscclSetupProxy: no capture

ja2:1312397:1312397 [0] NCCL INFO MSCCL: Setup Kernel finished, smem 41280 needsFence 1
ja2:1312397:1312397 [0] NCCL INFO mscclGetCaptureStatus: 0, captureId: 0, size: 0

ja2:1312397:1312397 [0] NCCL INFO mscclSetupProxy: no capture

ja2:1312397:1312397 [0] NCCL INFO MSCCL: Setup Kernel finished, smem 41280 needsFence 1
ja4:2516912:2516912 [0] NCCL INFO mscclSetupProxy: no capture

ja4:2516912:2516912 [0] NCCL INFO MSCCL: Setup Kernel finished, smem 41280 needsFence 1
ja3:927758:927758 [0] NCCL INFO mscclSetupProxy: no capture

ja3:927758:927758 [0] NCCL INFO MSCCL: Setup Kernel finished, smem 41280 needsFence 1
ja2:1312397:1312397 [0] NCCL INFO mscclGetCaptureStatus: 0, captureId: 0, size: 0

ja2:1312397:1312397 [0] NCCL INFO mscclSetupProxy: no capture

ja2:1312397:1312397 [0] NCCL INFO MSCCL: Setup Kernel finished, smem 41280 needsFence 1
ja2:1312397:1312397 [0] NCCL INFO mscclGetCaptureStatus: 0, captureId: 0, size: 0

ja2:1312397:1312397 [0] NCCL INFO mscclSetupProxy: no capture

ja2:1312397:1312397 [0] NCCL INFO MSCCL: Setup Kernel finished, smem 41280 needsFence 1
ja2:1312397:1312397 [0] NCCL INFO mscclGetCaptureStatus: 0, captureId: 0, size: 0

ja2:1312397:1312397 [0] NCCL INFO mscclSetupProxy: no capture

ja2:1312397:1312397 [0] NCCL INFO MSCCL: Setup Kernel finished, smem 41280 needsFence 1
ja2:1312397:1312397 [0] NCCL INFO mscclGetCaptureStatus: 0, captureId: 0, size: 0

ja2:1312397:1312397 [0] NCCL INFO mscclSetupProxy: no capture

ja2:1312397:1312397 [0] NCCL INFO MSCCL: Setup Kernel finished, smem 41280 needsFence 1
ja2:1312397:1312397 [0] NCCL INFO mscclGetCaptureStatus: 0, captureId: 0, size: 0

ja4:2516912:2516912 [0] NCCL INFO mscclGetCaptureStatus: 0, captureId: 0, size: 0

ja4:2516912:2516912 [0] NCCL INFO mscclSetupProxy: no capture

ja4:2516912:2516912 [0] NCCL INFO MSCCL: Setup Kernel finished, smem 41280 needsFence 1
ja4:2516912:2516912 [0] NCCL INFO mscclGetCaptureStatus: 0, captureId: 0, size: 0

ja4:2516912:2516912 [0] NCCL INFO mscclSetupProxy: no capture

ja4:2516912:2516912 [0] NCCL INFO MSCCL: Setup Kernel finished, smem 41280 needsFence 1
ja4:2516912:2516912 [0] NCCL INFO mscclGetCaptureStatus: 0, captureId: 0, size: 0

ja4:2516912:2516912 [0] NCCL INFO mscclSetupProxy: no capture

ja4:2516912:2516912 [0] NCCL INFO MSCCL: Setup Kernel finished, smem 41280 needsFence 1
ja4:2516912:2516912 [0] NCCL INFO mscclGetCaptureStatus: 0, captureId: 0, size: 0

ja4:2516912:2516912 [0] NCCL INFO mscclSetupProxy: no capture

ja4:2516912:2516912 [0] NCCL INFO MSCCL: Setup Kernel finished, smem 41280 needsFence 1
ja3:927758:927758 [0] NCCL INFO mscclGetCaptureStatus: 0, captureId: 0, size: 0

ja3:927758:927758 [0] NCCL INFO mscclSetupProxy: no capture

ja3:927758:927758 [0] NCCL INFO MSCCL: Setup Kernel finished, smem 41280 needsFence 1
ja3:927758:927758 [0] NCCL INFO mscclGetCaptureStatus: 0, captureId: 0, size: 0

ja3:927758:927758 [0] NCCL INFO mscclSetupProxy: no capture

ja3:927758:927758 [0] NCCL INFO MSCCL: Setup Kernel finished, smem 41280 needsFence 1
ja3:927758:927758 [0] NCCL INFO mscclGetCaptureStatus: 0, captureId: 0, size: 0

ja3:927758:927758 [0] NCCL INFO mscclSetupProxy: no capture

ja3:927758:927758 [0] NCCL INFO MSCCL: Setup Kernel finished, smem 41280 needsFence 1
ja3:927758:927758 [0] NCCL INFO mscclGetCaptureStatus: 0, captureId: 0, size: 0

ja3:927758:927758 [0] NCCL INFO mscclSetupProxy: no capture

ja3:927758:927758 [0] NCCL INFO MSCCL: Setup Kernel finished, smem 41280 needsFence 1
ja3:927758:927758 [0] NCCL INFO mscclGetCaptureStatus: 0, captureId: 0, size: 0

ja2:1312397:1312397 [0] NCCL INFO mscclSetupProxy: no capture

ja2:1312397:1312397 [0] NCCL INFO MSCCL: Setup Kernel finished, smem 41280 needsFence 1
ja2:1312397:1312397 [0] NCCL INFO mscclGetCaptureStatus: 0, captureId: 0, size: 0

ja2:1312397:1312397 [0] NCCL INFO mscclSetupProxy: no capture

ja2:1312397:1312397 [0] NCCL INFO MSCCL: Setup Kernel finished, smem 41280 needsFence 1
ja2:1312397:1312397 [0] NCCL INFO mscclGetCaptureStatus: 0, captureId: 0, size: 0

ja2:1312397:1312397 [0] NCCL INFO mscclSetupProxy: no capture

ja4:2516912:2516912 [0] NCCL INFO mscclGetCaptureStatus: 0, captureId: 0, size: 0

ja4:2516912:2516912 [0] NCCL INFO mscclSetupProxy: no capture

ja4:2516912:2516912 [0] NCCL INFO MSCCL: Setup Kernel finished, smem 41280 needsFence 1
ja4:2516912:2516912 [0] NCCL INFO mscclGetCaptureStatus: 0, captureId: 0, size: 0

ja4:2516912:2516912 [0] NCCL INFO mscclSetupProxy: no capture

ja4:2516912:2516912 [0] NCCL INFO MSCCL: Setup Kernel finished, smem 41280 needsFence 1
ja4:2516912:2516912 [0] NCCL INFO mscclGetCaptureStatus: 0, captureId: 0, size: 0

ja4:2516912:2516912 [0] NCCL INFO mscclSetupProxy: no capture

ja4:2516912:2516912 [0] NCCL INFO MSCCL: Setup Kernel finished, smem 41280 needsFence 1
ja4:2516912:2516912 [0] NCCL INFO mscclGetCaptureStatus: 0, captureId: 0, size: 0

ja4:2516912:2516912 [0] NCCL INFO mscclSetupProxy: no capture

ja4:2516912:2516912 [0] NCCL INFO MSCCL: Setup Kernel finished, smem 41280 needsFence 1
ja4:2516912:2516912 [0] NCCL INFO mscclGetCaptureStatus: 0, captureId: 0, size: 0

ja3:927758:927758 [0] NCCL INFO mscclSetupProxy: no capture

ja3:927758:927758 [0] NCCL INFO MSCCL: Setup Kernel finished, smem 41280 needsFence 1
ja3:927758:927758 [0] NCCL INFO mscclGetCaptureStatus: 0, captureId: 0, size: 0

ja3:927758:927758 [0] NCCL INFO mscclSetupProxy: no capture

ja3:927758:927758 [0] NCCL INFO MSCCL: Setup Kernel finished, smem 41280 needsFence 1
ja3:927758:927758 [0] NCCL INFO mscclGetCaptureStatus: 0, captureId: 0, size: 0

ja3:927758:927758 [0] NCCL INFO mscclSetupProxy: no capture

ja3:927758:927758 [0] NCCL INFO MSCCL: Setup Kernel finished, smem 41280 needsFence 1
ja3:927758:927758 [0] NCCL INFO mscclGetCaptureStatus: 0, captureId: 0, size: 0

ja3:927758:927758 [0] NCCL INFO mscclSetupProxy: no capture

ja3:927758:927758 [0] NCCL INFO MSCCL: Setup Kernel finished, smem 41280 needsFence 1
ja3:927758:927758 [0] NCCL INFO mscclGetCaptureStatus: 0, captureId: 0, size: 0

ja3:927758:927758 [0] NCCL INFO mscclSetupProxy: no capture

ja2:1312397:1312397 [0] NCCL INFO MSCCL: Setup Kernel finished, smem 41280 needsFence 1
ja2:1312397:1312397 [0] NCCL INFO mscclGetCaptureStatus: 0, captureId: 0, size: 0

ja2:1312397:1312397 [0] NCCL INFO mscclSetupProxy: no capture

ja2:1312397:1312397 [0] NCCL INFO MSCCL: Setup Kernel finished, smem 41280 needsFence 1
ja2:1312397:1312397 [0] NCCL INFO mscclGetCaptureStatus: 0, captureId: 0, size: 0

ja2:1312397:1312397 [0] NCCL INFO mscclSetupProxy: no capture

ja2:1312397:1312397 [0] NCCL INFO MSCCL: Setup Kernel finished, smem 41280 needsFence 1
ja2:1312397:1312397 [0] NCCL INFO mscclGetCaptureStatus: 0, captureId: 0, size: 0

ja2:1312397:1312397 [0] NCCL INFO mscclSetupProxy: no capture

ja2:1312397:1312397 [0] NCCL INFO MSCCL: Setup Kernel finished, smem 41280 needsFence 1
ja2:1312397:1312397 [0] NCCL INFO mscclGetCaptureStatus: 0, captureId: 0, size: 0

ja2:1312397:1312397 [0] NCCL INFO mscclSetupProxy: no capture

ja4:2516912:2516912 [0] NCCL INFO mscclSetupProxy: no capture

ja4:2516912:2516912 [0] NCCL INFO MSCCL: Setup Kernel finished, smem 41280 needsFence 1
ja4:2516912:2516912 [0] NCCL INFO mscclGetCaptureStatus: 0, captureId: 0, size: 0

ja4:2516912:2516912 [0] NCCL INFO mscclSetupProxy: no capture

ja3:927758:927758 [0] NCCL INFO MSCCL: Setup Kernel finished, smem 41280 needsFence 1
ja3:927758:927758 [0] NCCL INFO mscclGetCaptureStatus: 0, captureId: 0, size: 0

ja3:927758:927758 [0] NCCL INFO mscclSetupProxy: no capture

ja2:1312397:1312397 [0] NCCL INFO MSCCL: Setup Kernel finished, smem 41280 needsFence 1
ja2:1312397:1312397 [0] NCCL INFO mscclGetCaptureStatus: 0, captureId: 0, size: 0

ja2:1312397:1312397 [0] NCCL INFO mscclSetupProxy: no capture

ja2:1312397:1312397 [0] NCCL INFO MSCCL: Setup Kernel finished, smem 41280 needsFence 1
ja4:2516912:2516912 [0] NCCL INFO MSCCL: Setup Kernel finished, smem 41280 needsFence 1
ja4:2516912:2516912 [0] NCCL INFO mscclGetCaptureStatus: 0, captureId: 0, size: 0

ja4:2516912:2516912 [0] NCCL INFO mscclSetupProxy: no capture

ja4:2516912:2516912 [0] NCCL INFO MSCCL: Setup Kernel finished, smem 41280 needsFence 1
ja4:2516912:2516912 [0] NCCL INFO mscclGetCaptureStatus: 0, captureId: 0, size: 0

ja4:2516912:2516912 [0] NCCL INFO mscclSetupProxy: no capture

ja4:2516912:2516912 [0] NCCL INFO MSCCL: Setup Kernel finished, smem 41280 needsFence 1
ja4:2516912:2516912 [0] NCCL INFO mscclGetCaptureStatus: 0, captureId: 0, size: 0

ja4:2516912:2516912 [0] NCCL INFO mscclSetupProxy: no capture

ja4:2516912:2516912 [0] NCCL INFO MSCCL: Setup Kernel finished, smem 41280 needsFence 1
ja4:2516912:2516912 [0] NCCL INFO mscclGetCaptureStatus: 0, captureId: 0, size: 0

ja4:2516912:2516912 [0] NCCL INFO mscclSetupProxy: no capture

ja3:927758:927758 [0] NCCL INFO MSCCL: Setup Kernel finished, smem 41280 needsFence 1
ja3:927758:927758 [0] NCCL INFO mscclGetCaptureStatus: 0, captureId: 0, size: 0

ja3:927758:927758 [0] NCCL INFO mscclSetupProxy: no capture

ja3:927758:927758 [0] NCCL INFO MSCCL: Setup Kernel finished, smem 41280 needsFence 1
ja3:927758:927758 [0] NCCL INFO mscclGetCaptureStatus: 0, captureId: 0, size: 0

ja3:927758:927758 [0] NCCL INFO mscclSetupProxy: no capture

ja3:927758:927758 [0] NCCL INFO MSCCL: Setup Kernel finished, smem 41280 needsFence 1
ja3:927758:927758 [0] NCCL INFO mscclGetCaptureStatus: 0, captureId: 0, size: 0

ja3:927758:927758 [0] NCCL INFO mscclSetupProxy: no capture

ja3:927758:927758 [0] NCCL INFO MSCCL: Setup Kernel finished, smem 41280 needsFence 1
ja3:927758:927758 [0] NCCL INFO mscclGetCaptureStatus: 0, captureId: 0, size: 0

ja3:927758:927758 [0] NCCL INFO mscclSetupProxy: no capture

ja3:927758:927758 [0] NCCL INFO MSCCL: Setup Kernel finished, smem 41280 needsFence 1
ja4:2516912:2516912 [0] NCCL INFO MSCCL: Setup Kernel finished, smem 41280 needsFence 1
ja4:2516912:2516912 [0] NCCL INFO mscclGetCaptureStatus: 0, captureId: 0, size: 0

ja4:2516912:2516912 [0] NCCL INFO mscclSetupProxy: no capture

ja3:927758:927758 [0] NCCL INFO mscclGetCaptureStatus: 0, captureId: 0, size: 0

ja4:2516912:2516912 [0] NCCL INFO MSCCL: Setup Kernel finished, smem 41280 needsFence 1
ja3:927758:927758 [0] NCCL INFO mscclSetupProxy: no capture

ja3:927758:927758 [0] NCCL INFO MSCCL: Setup Kernel finished, smem 41280 needsFence 1
ja2:1312397:1312397 [0] NCCL INFO mscclGetCaptureStatus: 0, captureId: 0, size: 0

ja2:1312397:1312397 [0] NCCL INFO mscclSetupProxy: no capture

ja2:1312397:1312397 [0] NCCL INFO MSCCL: Setup Kernel finished, smem 41280 needsFence 1
ja4:2516912:2516912 [0] NCCL INFO mscclGetCaptureStatus: 0, captureId: 0, size: 0

ja4:2516912:2516912 [0] NCCL INFO mscclSetupProxy: no capture

ja4:2516912:2516912 [0] NCCL INFO MSCCL: Setup Kernel finished, smem 41280 needsFence 1
ja3:927758:927758 [0] NCCL INFO mscclGetCaptureStatus: 0, captureId: 0, size: 0

ja3:927758:927758 [0] NCCL INFO mscclSetupProxy: no capture

ja3:927758:927758 [0] NCCL INFO MSCCL: Setup Kernel finished, smem 41280 needsFence 1
   2886.2    8.72    5.81      0
    50331648       4194304     float    none      -1   4363.0   11.54    7.69      0ja2:1312397:1312397 [0] NCCL INFO mscclGetCaptureStatus: 0, captureId: 0, size: 0

ja2:1312397:1312397 [0] NCCL INFO mscclSetupProxy: no capture

ja2:1312397:1312397 [0] NCCL INFO MSCCL: Setup Kernel finished, smem 41280 needsFence 1
ja4:2516912:2516912 [0] NCCL INFO mscclGetCaptureStatus: 0, captureId: 0, size: 0

ja4:2516912:2516912 [0] NCCL INFO mscclSetupProxy: no capture

ja4:2516912:2516912 [0] NCCL INFO MSCCL: Setup Kernel finished, smem 41280 needsFence 1
ja3:927758:927758 [0] NCCL INFO mscclGetCaptureStatus: 0, captureId: 0, size: 0

ja3:927758:927758 [0] NCCL INFO mscclSetupProxy: no capture

ja3:927758:927758 [0] NCCL INFO MSCCL: Setup Kernel finished, smem 41280 needsFence 1
ja2:1312397:1312397 [0] NCCL INFO mscclGetCaptureStatus: 0, captureId: 0, size: 0

ja2:1312397:1312397 [0] NCCL INFO mscclSetupProxy: no capture

ja2:1312397:1312397 [0] NCCL INFO MSCCL: Setup Kernel finished, smem 41280 needsFence 1
ja2:1312397:1312397 [0] NCCL INFO mscclGetCaptureStatus: 0, captureId: 0, size: 0

ja2:1312397:1312397 [0] NCCL INFO mscclSetupProxy: no capture

ja2:1312397:1312397 [0] NCCL INFO MSCCL: Setup Kernel finished, smem 41280 needsFence 1
ja2:1312397:1312397 [0] NCCL INFO mscclGetCaptureStatus: 0, captureId: 0, size: 0

ja2:1312397:1312397 [0] NCCL INFO mscclSetupProxy: no capture

ja2:1312397:1312397 [0] NCCL INFO MSCCL: Setup Kernel finished, smem 41280 needsFence 1
ja2:1312397:1312397 [0] NCCL INFO mscclGetCaptureStatus: 0, captureId: 0, size: 0

ja2:1312397:1312397 [0] NCCL INFO mscclSetupProxy: no capture

ja2:1312397:1312397 [0] NCCL INFO MSCCL: Setup Kernel finished, smem 41280 needsFence 1
ja2:1312397:1312397 [0] NCCL INFO mscclGetCaptureStatus: 0, captureId: 0, size: 0

ja4:2516912:2516912 [0] NCCL INFO mscclGetCaptureStatus: 0, captureId: 0, size: 0

ja4:2516912:2516912 [0] NCCL INFO mscclSetupProxy: no capture

ja4:2516912:2516912 [0] NCCL INFO MSCCL: Setup Kernel finished, smem 41280 needsFence 1
ja4:2516912:2516912 [0] NCCL INFO mscclGetCaptureStatus: 0, captureId: 0, size: 0

ja4:2516912:2516912 [0] NCCL INFO mscclSetupProxy: no capture

ja4:2516912:2516912 [0] NCCL INFO MSCCL: Setup Kernel finished, smem 41280 needsFence 1
ja4:2516912:2516912 [0] NCCL INFO mscclGetCaptureStatus: 0, captureId: 0, size: 0

ja4:2516912:2516912 [0] NCCL INFO mscclSetupProxy: no capture

ja4:2516912:2516912 [0] NCCL INFO MSCCL: Setup Kernel finished, smem 41280 needsFence 1
ja4:2516912:2516912 [0] NCCL INFO mscclGetCaptureStatus: 0, captureId: 0, size: 0

ja4:2516912:2516912 [0] NCCL INFO mscclSetupProxy: no capture

ja4:2516912:2516912 [0] NCCL INFO MSCCL: Setup Kernel finished, smem 41280 needsFence 1
ja4:2516912:2516912 [0] NCCL INFO mscclGetCaptureStatus: 0, captureId: 0, size: 0

ja3:927758:927758 [0] NCCL INFO mscclGetCaptureStatus: 0, captureId: 0, size: 0

ja3:927758:927758 [0] NCCL INFO mscclSetupProxy: no capture

ja3:927758:927758 [0] NCCL INFO MSCCL: Setup Kernel finished, smem 41280 needsFence 1
ja3:927758:927758 [0] NCCL INFO mscclGetCaptureStatus: 0, captureId: 0, size: 0

ja3:927758:927758 [0] NCCL INFO mscclSetupProxy: no capture

ja3:927758:927758 [0] NCCL INFO MSCCL: Setup Kernel finished, smem 41280 needsFence 1
ja3:927758:927758 [0] NCCL INFO mscclGetCaptureStatus: 0, captureId: 0, size: 0

ja3:927758:927758 [0] NCCL INFO mscclSetupProxy: no capture

ja3:927758:927758 [0] NCCL INFO MSCCL: Setup Kernel finished, smem 41280 needsFence 1
ja3:927758:927758 [0] NCCL INFO mscclGetCaptureStatus: 0, captureId: 0, size: 0

ja3:927758:927758 [0] NCCL INFO mscclSetupProxy: no capture

ja3:927758:927758 [0] NCCL INFO MSCCL: Setup Kernel finished, smem 41280 needsFence 1
ja3:927758:927758 [0] NCCL INFO mscclGetCaptureStatus: 0, captureId: 0, size: 0

ja2:1312397:1312397 [0] NCCL INFO mscclSetupProxy: no capture

ja4:2516912:2516912 [0] NCCL INFO mscclSetupProxy: no capture

ja4:2516912:2516912 [0] NCCL INFO MSCCL: Setup Kernel finished, smem 41280 needsFence 1
ja4:2516912:2516912 [0] NCCL INFO mscclGetCaptureStatus: 0, captureId: 0, size: 0

ja4:2516912:2516912 [0] NCCL INFO mscclSetupProxy: no capture

ja3:927758:927758 [0] NCCL INFO mscclSetupProxy: no capture

ja3:927758:927758 [0] NCCL INFO MSCCL: Setup Kernel finished, smem 41280 needsFence 1
ja2:1312397:1312397 [0] NCCL INFO MSCCL: Setup Kernel finished, smem 41280 needsFence 1
ja2:1312397:1312397 [0] NCCL INFO mscclGetCaptureStatus: 0, captureId: 0, size: 0

ja2:1312397:1312397 [0] NCCL INFO mscclSetupProxy: no capture

ja2:1312397:1312397 [0] NCCL INFO MSCCL: Setup Kernel finished, smem 41280 needsFence 1
ja2:1312397:1312397 [0] NCCL INFO mscclGetCaptureStatus: 0, captureId: 0, size: 0

ja2:1312397:1312397 [0] NCCL INFO mscclSetupProxy: no capture

ja2:1312397:1312397 [0] NCCL INFO MSCCL: Setup Kernel finished, smem 41280 needsFence 1
ja2:1312397:1312397 [0] NCCL INFO mscclGetCaptureStatus: 0, captureId: 0, size: 0

ja2:1312397:1312397 [0] NCCL INFO mscclSetupProxy: no capture

ja2:1312397:1312397 [0] NCCL INFO MSCCL: Setup Kernel finished, smem 41280 needsFence 1
ja2:1312397:1312397 [0] NCCL INFO mscclGetCaptureStatus: 0, captureId: 0, size: 0

ja2:1312397:1312397 [0] NCCL INFO mscclSetupProxy: no capture

ja4:2516912:2516912 [0] NCCL INFO MSCCL: Setup Kernel finished, smem 41280 needsFence 1
ja4:2516912:2516912 [0] NCCL INFO mscclGetCaptureStatus: 0, captureId: 0, size: 0

ja4:2516912:2516912 [0] NCCL INFO mscclSetupProxy: no capture

ja4:2516912:2516912 [0] NCCL INFO MSCCL: Setup Kernel finished, smem 41280 needsFence 1
ja4:2516912:2516912 [0] NCCL INFO mscclGetCaptureStatus: 0, captureId: 0, size: 0

ja4:2516912:2516912 [0] NCCL INFO mscclSetupProxy: no capture

ja4:2516912:2516912 [0] NCCL INFO MSCCL: Setup Kernel finished, smem 41280 needsFence 1
ja4:2516912:2516912 [0] NCCL INFO mscclGetCaptureStatus: 0, captureId: 0, size: 0

ja4:2516912:2516912 [0] NCCL INFO mscclSetupProxy: no capture

ja4:2516912:2516912 [0] NCCL INFO MSCCL: Setup Kernel finished, smem 41280 needsFence 1
ja4:2516912:2516912 [0] NCCL INFO mscclGetCaptureStatus: 0, captureId: 0, size: 0

ja4:2516912:2516912 [0] NCCL INFO mscclSetupProxy: no capture

ja3:927758:927758 [0] NCCL INFO mscclGetCaptureStatus: 0, captureId: 0, size: 0

ja3:927758:927758 [0] NCCL INFO mscclSetupProxy: no capture

ja3:927758:927758 [0] NCCL INFO MSCCL: Setup Kernel finished, smem 41280 needsFence 1
ja3:927758:927758 [0] NCCL INFO mscclGetCaptureStatus: 0, captureId: 0, size: 0

ja3:927758:927758 [0] NCCL INFO mscclSetupProxy: no capture

ja3:927758:927758 [0] NCCL INFO MSCCL: Setup Kernel finished, smem 41280 needsFence 1
ja3:927758:927758 [0] NCCL INFO mscclGetCaptureStatus: 0, captureId: 0, size: 0

ja3:927758:927758 [0] NCCL INFO mscclSetupProxy: no capture

ja3:927758:927758 [0] NCCL INFO MSCCL: Setup Kernel finished, smem 41280 needsFence 1
ja3:927758:927758 [0] NCCL INFO mscclGetCaptureStatus: 0, captureId: 0, size: 0

ja3:927758:927758 [0] NCCL INFO mscclSetupProxy: no capture

ja3:927758:927758 [0] NCCL INFO MSCCL: Setup Kernel finished, smem 41280 needsFence 1
ja3:927758:927758 [0] NCCL INFO mscclGetCaptureStatus: 0, captureId: 0, size: 0

ja2:1312397:1312397 [0] NCCL INFO MSCCL: Setup Kernel finished, smem 41280 needsFence 1
ja4:2516912:2516912 [0] NCCL INFO MSCCL: Setup Kernel finished, smem 41280 needsFence 1
ja4:2516912:2516912 [0] NCCL INFO mscclGetCaptureStatus: 0, captureId: 0, size: 0

ja4:2516912:2516912 [0] NCCL INFO mscclSetupProxy: no capture

ja4:2516912:2516912 [0] NCCL INFO MSCCL: Setup Kernel finished, smem 41280 needsFence 1
ja4:2516912:2516912 [0] NCCL INFO mscclGetCaptureStatus: 0, captureId: 0, size: 0

ja4:2516912:2516912 [0] NCCL INFO mscclSetupProxy: no capture

ja4:2516912:2516912 [0] NCCL INFO MSCCL: Setup Kernel finished, smem 41280 needsFence 1
ja4:2516912:2516912 [0] NCCL INFO mscclGetCaptureStatus: 0, captureId: 0, size: 0

ja4:2516912:2516912 [0] NCCL INFO mscclSetupProxy: no capture

ja4:2516912:2516912 [0] NCCL INFO MSCCL: Setup Kernel finished, smem 41280 needsFence 1
ja4:2516912:2516912 [0] NCCL INFO mscclGetCaptureStatus: 0, captureId: 0, size: 0

ja4:2516912:2516912 [0] NCCL INFO mscclSetupProxy: no capture

ja3:927758:927758 [0] NCCL INFO mscclSetupProxy: no capture

ja3:927758:927758 [0] NCCL INFO MSCCL: Setup Kernel finished, smem 41280 needsFence 1
ja3:927758:927758 [0] NCCL INFO mscclGetCaptureStatus: 0, captureId: 0, size: 0

ja3:927758:927758 [0] NCCL INFO mscclSetupProxy: no capture

ja3:927758:927758 [0] NCCL INFO MSCCL: Setup Kernel finished, smem 41280 needsFence 1
ja3:927758:927758 [0] NCCL INFO mscclGetCaptureStatus: 0, captureId: 0, size: 0

ja3:927758:927758 [0] NCCL INFO mscclSetupProxy: no capture

ja3:927758:927758 [0] NCCL INFO MSCCL: Setup Kernel finished, smem 41280 needsFence 1
ja3:927758:927758 [0] NCCL INFO mscclGetCaptureStatus: 0, captureId: 0, size: 0

ja3:927758:927758 [0] NCCL INFO mscclSetupProxy: no capture

ja3:927758:927758 [0] NCCL INFO MSCCL: Setup Kernel finished, smem 41280 needsFence 1
ja3:927758:927758 [0] NCCL INFO mscclGetCaptureStatus: 0, captureId: 0, size: 0

ja3:927758:927758 [0] NCCL INFO mscclSetupProxy: no capture

ja2:1312397:1312397 [0] NCCL INFO mscclGetCaptureStatus: 0, captureId: 0, size: 0

ja2:1312397:1312397 [0] NCCL INFO mscclSetupProxy: no capture

ja2:1312397:1312397 [0] NCCL INFO MSCCL: Setup Kernel finished, smem 41280 needsFence 1
ja2:1312397:1312397 [0] NCCL INFO mscclGetCaptureStatus: 0, captureId: 0, size: 0

ja2:1312397:1312397 [0] NCCL INFO mscclSetupProxy: no capture

ja2:1312397:1312397 [0] NCCL INFO MSCCL: Setup Kernel finished, smem 41280 needsFence 1
ja2:1312397:1312397 [0] NCCL INFO mscclGetCaptureStatus: 0, captureId: 0, size: 0

ja2:1312397:1312397 [0] NCCL INFO mscclSetupProxy: no capture

ja2:1312397:1312397 [0] NCCL INFO MSCCL: Setup Kernel finished, smem 41280 needsFence 1
ja2:1312397:1312397 [0] NCCL INFO mscclGetCaptureStatus: 0, captureId: 0, size: 0

ja2:1312397:1312397 [0] NCCL INFO mscclSetupProxy: no capture

ja2:1312397:1312397 [0] NCCL INFO MSCCL: Setup Kernel finished, smem 41280 needsFence 1
ja2:1312397:1312397 [0] NCCL INFO mscclGetCaptureStatus: 0, captureId: 0, size: 0

ja4:2516912:2516912 [0] NCCL INFO MSCCL: Setup Kernel finished, smem 41280 needsFence 1
ja4:2516912:2516912 [0] NCCL INFO mscclGetCaptureStatus: 0, captureId: 0, size: 0

ja4:2516912:2516912 [0] NCCL INFO mscclSetupProxy: no capture

ja4:2516912:2516912 [0] NCCL INFO MSCCL: Setup Kernel finished, smem 41280 needsFence 1
ja3:927758:927758 [0] NCCL INFO MSCCL: Setup Kernel finished, smem 41280 needsFence 1
ja3:927758:927758 [0] NCCL INFO mscclGetCaptureStatus: 0, captureId: 0, size: 0

ja3:927758:927758 [0] NCCL INFO mscclSetupProxy: no capture

ja3:927758:927758 [0] NCCL INFO MSCCL: Setup Kernel finished, smem 41280 needsFence 1
ja2:1312397:1312397 [0] NCCL INFO mscclSetupProxy: no capture

ja2:1312397:1312397 [0] NCCL INFO MSCCL: Setup Kernel finished, smem 41280 needsFence 1
ja2:1312397:1312397 [0] NCCL INFO mscclGetCaptureStatus: 0, captureId: 0, size: 0

ja2:1312397:1312397 [0] NCCL INFO mscclSetupProxy: no capture

ja2:1312397:1312397 [0] NCCL INFO MSCCL: Setup Kernel finished, smem 41280 needsFence 1
ja2:1312397:1312397 [0] NCCL INFO mscclGetCaptureStatus: 0, captureId: 0, size: 0

ja2:1312397:1312397 [0] NCCL INFO mscclSetupProxy: no capture

ja2:1312397:1312397 [0] NCCL INFO MSCCL: Setup Kernel finished, smem 41280 needsFence 1
ja4:2516912:2516912 [0] NCCL INFO mscclGetCaptureStatus: 0, captureId: 0, size: 0

ja4:2516912:2516912 [0] NCCL INFO mscclSetupProxy: no capture

ja4:2516912:2516912 [0] NCCL INFO MSCCL: Setup Kernel finished, smem 41280 needsFence 1
ja4:2516912:2516912 [0] NCCL INFO mscclGetCaptureStatus: 0, captureId: 0, size: 0

ja4:2516912:2516912 [0] NCCL INFO mscclSetupProxy: no capture

ja4:2516912:2516912 [0] NCCL INFO MSCCL: Setup Kernel finished, smem 41280 needsFence 1
ja4:2516912:2516912 [0] NCCL INFO mscclGetCaptureStatus: 0, captureId: 0, size: 0

ja4:2516912:2516912 [0] NCCL INFO mscclSetupProxy: no capture

ja4:2516912:2516912 [0] NCCL INFO MSCCL: Setup Kernel finished, smem 41280 needsFence 1
ja4:2516912:2516912 [0] NCCL INFO mscclGetCaptureStatus: 0, captureId: 0, size: 0

ja4:2516912:2516912 [0] NCCL INFO mscclSetupProxy: no capture

ja4:2516912:2516912 [0] NCCL INFO MSCCL: Setup Kernel finished, smem 41280 needsFence 1
ja4:2516912:2516912 [0] NCCL INFO mscclGetCaptureStatus: 0, captureId: 0, size: 0

ja3:927758:927758 [0] NCCL INFO mscclGetCaptureStatus: 0, captureId: 0, size: 0

ja3:927758:927758 [0] NCCL INFO mscclSetupProxy: no capture

ja3:927758:927758 [0] NCCL INFO MSCCL: Setup Kernel finished, smem 41280 needsFence 1
ja3:927758:927758 [0] NCCL INFO mscclGetCaptureStatus: 0, captureId: 0, size: 0

ja3:927758:927758 [0] NCCL INFO mscclSetupProxy: no capture

ja3:927758:927758 [0] NCCL INFO MSCCL: Setup Kernel finished, smem 41280 needsFence 1
ja3:927758:927758 [0] NCCL INFO mscclGetCaptureStatus: 0, captureId: 0, size: 0

ja3:927758:927758 [0] NCCL INFO mscclSetupProxy: no capture

ja3:927758:927758 [0] NCCL INFO MSCCL: Setup Kernel finished, smem 41280 needsFence 1
ja3:927758:927758 [0] NCCL INFO mscclGetCaptureStatus: 0, captureId: 0, size: 0

ja3:927758:927758 [0] NCCL INFO mscclSetupProxy: no capture

ja3:927758:927758 [0] NCCL INFO MSCCL: Setup Kernel finished, smem 41280 needsFence 1
ja3:927758:927758 [0] NCCL INFO mscclGetCaptureStatus: 0, captureId: 0, size: 0

ja2:1312397:1312397 [0] NCCL INFO mscclGetCaptureStatus: 0, captureId: 0, size: 0

ja2:1312397:1312397 [0] NCCL INFO mscclSetupProxy: no capture

ja2:1312397:1312397 [0] NCCL INFO MSCCL: Setup Kernel finished, smem 41280 needsFence 1
ja2:1312397:1312397 [0] NCCL INFO mscclGetCaptureStatus: 0, captureId: 0, size: 0

ja2:1312397:1312397 [0] NCCL INFO mscclSetupProxy: no capture

ja2:1312397:1312397 [0] NCCL INFO MSCCL: Setup Kernel finished, smem 41280 needsFence 1
ja2:1312397:1312397 [0] NCCL INFO mscclGetCaptureStatus: 0, captureId: 0, size: 0

ja2:1312397:1312397 [0] NCCL INFO mscclSetupProxy: no capture

ja2:1312397:1312397 [0] NCCL INFO MSCCL: Setup Kernel finished, smem 41280 needsFence 1
ja2:1312397:1312397 [0] NCCL INFO mscclGetCaptureStatus: 0, captureId: 0, size: 0

ja2:1312397:1312397 [0] NCCL INFO mscclSetupProxy: no capture

ja2:1312397:1312397 [0] NCCL INFO MSCCL: Setup Kernel finished, smem 41280 needsFence 1
ja4:2516912:2516912 [0] NCCL INFO mscclSetupProxy: no capture

ja4:2516912:2516912 [0] NCCL INFO MSCCL: Setup Kernel finished, smem 41280 needsFence 1
ja3:927758:927758 [0] NCCL INFO mscclSetupProxy: no capture

ja3:927758:927758 [0] NCCL INFO MSCCL: Setup Kernel finished, smem 41280 needsFence 1
ja2:1312397:1312397 [0] NCCL INFO mscclGetCaptureStatus: 0, captureId: 0, size: 0

ja2:1312397:1312397 [0] NCCL INFO mscclSetupProxy: no capture

ja2:1312397:1312397 [0] NCCL INFO MSCCL: Setup Kernel finished, smem 41280 needsFence 1
ja4:2516912:2516912 [0] NCCL INFO mscclGetCaptureStatus: 0, captureId: 0, size: 0

ja4:2516912:2516912 [0] NCCL INFO mscclSetupProxy: no capture

ja4:2516912:2516912 [0] NCCL INFO MSCCL: Setup Kernel finished, smem 41280 needsFence 1
ja3:927758:927758 [0] NCCL INFO mscclGetCaptureStatus: 0, captureId: 0, size: 0

ja3:927758:927758 [0] NCCL INFO mscclSetupProxy: no capture

ja3:927758:927758 [0] NCCL INFO MSCCL: Setup Kernel finished, smem 41280 needsFence 1
   5636.6    8.93    5.95      0
   100663296       8388608     float    none      -1   8556.9   11.76    7.84      0ja2:1312397:1312397 [0] NCCL INFO mscclGetCaptureStatus: 0, captureId: 0, size: 0

ja2:1312397:1312397 [0] NCCL INFO mscclSetupProxy: no capture

ja2:1312397:1312397 [0] NCCL INFO MSCCL: Setup Kernel finished, smem 41280 needsFence 1
ja4:2516912:2516912 [0] NCCL INFO mscclGetCaptureStatus: 0, captureId: 0, size: 0

ja4:2516912:2516912 [0] NCCL INFO mscclSetupProxy: no capture

ja4:2516912:2516912 [0] NCCL INFO MSCCL: Setup Kernel finished, smem 41280 needsFence 1
ja3:927758:927758 [0] NCCL INFO mscclGetCaptureStatus: 0, captureId: 0, size: 0

ja3:927758:927758 [0] NCCL INFO mscclSetupProxy: no capture

ja3:927758:927758 [0] NCCL INFO MSCCL: Setup Kernel finished, smem 41280 needsFence 1
ja2:1312397:1312397 [0] NCCL INFO mscclGetCaptureStatus: 0, captureId: 0, size: 0

ja2:1312397:1312397 [0] NCCL INFO mscclSetupProxy: no capture

ja2:1312397:1312397 [0] NCCL INFO MSCCL: Setup Kernel finished, smem 41280 needsFence 1
ja2:1312397:1312397 [0] NCCL INFO mscclGetCaptureStatus: 0, captureId: 0, size: 0

ja2:1312397:1312397 [0] NCCL INFO mscclSetupProxy: no capture

ja2:1312397:1312397 [0] NCCL INFO MSCCL: Setup Kernel finished, smem 41280 needsFence 1
ja2:1312397:1312397 [0] NCCL INFO mscclGetCaptureStatus: 0, captureId: 0, size: 0

ja2:1312397:1312397 [0] NCCL INFO mscclSetupProxy: no capture

ja2:1312397:1312397 [0] NCCL INFO MSCCL: Setup Kernel finished, smem 41280 needsFence 1
ja2:1312397:1312397 [0] NCCL INFO mscclGetCaptureStatus: 0, captureId: 0, size: 0

ja2:1312397:1312397 [0] NCCL INFO mscclSetupProxy: no capture

ja2:1312397:1312397 [0] NCCL INFO MSCCL: Setup Kernel finished, smem 41280 needsFence 1
ja2:1312397:1312397 [0] NCCL INFO mscclGetCaptureStatus: 0, captureId: 0, size: 0

ja4:2516912:2516912 [0] NCCL INFO mscclGetCaptureStatus: 0, captureId: 0, size: 0

ja4:2516912:2516912 [0] NCCL INFO mscclSetupProxy: no capture

ja4:2516912:2516912 [0] NCCL INFO MSCCL: Setup Kernel finished, smem 41280 needsFence 1
ja4:2516912:2516912 [0] NCCL INFO mscclGetCaptureStatus: 0, captureId: 0, size: 0

ja4:2516912:2516912 [0] NCCL INFO mscclSetupProxy: no capture

ja4:2516912:2516912 [0] NCCL INFO MSCCL: Setup Kernel finished, smem 41280 needsFence 1
ja4:2516912:2516912 [0] NCCL INFO mscclGetCaptureStatus: 0, captureId: 0, size: 0

ja4:2516912:2516912 [0] NCCL INFO mscclSetupProxy: no capture

ja4:2516912:2516912 [0] NCCL INFO MSCCL: Setup Kernel finished, smem 41280 needsFence 1
ja4:2516912:2516912 [0] NCCL INFO mscclGetCaptureStatus: 0, captureId: 0, size: 0

ja4:2516912:2516912 [0] NCCL INFO mscclSetupProxy: no capture

ja4:2516912:2516912 [0] NCCL INFO MSCCL: Setup Kernel finished, smem 41280 needsFence 1
ja4:2516912:2516912 [0] NCCL INFO mscclGetCaptureStatus: 0, captureId: 0, size: 0

ja3:927758:927758 [0] NCCL INFO mscclGetCaptureStatus: 0, captureId: 0, size: 0

ja3:927758:927758 [0] NCCL INFO mscclSetupProxy: no capture

ja3:927758:927758 [0] NCCL INFO MSCCL: Setup Kernel finished, smem 41280 needsFence 1
ja3:927758:927758 [0] NCCL INFO mscclGetCaptureStatus: 0, captureId: 0, size: 0

ja3:927758:927758 [0] NCCL INFO mscclSetupProxy: no capture

ja3:927758:927758 [0] NCCL INFO MSCCL: Setup Kernel finished, smem 41280 needsFence 1
ja3:927758:927758 [0] NCCL INFO mscclGetCaptureStatus: 0, captureId: 0, size: 0

ja3:927758:927758 [0] NCCL INFO mscclSetupProxy: no capture

ja3:927758:927758 [0] NCCL INFO MSCCL: Setup Kernel finished, smem 41280 needsFence 1
ja3:927758:927758 [0] NCCL INFO mscclGetCaptureStatus: 0, captureId: 0, size: 0

ja3:927758:927758 [0] NCCL INFO mscclSetupProxy: no capture

ja3:927758:927758 [0] NCCL INFO MSCCL: Setup Kernel finished, smem 41280 needsFence 1
ja3:927758:927758 [0] NCCL INFO mscclGetCaptureStatus: 0, captureId: 0, size: 0

ja2:1312397:1312397 [0] NCCL INFO mscclSetupProxy: no capture

ja2:1312397:1312397 [0] NCCL INFO MSCCL: Setup Kernel finished, smem 41280 needsFence 1
ja4:2516912:2516912 [0] NCCL INFO mscclSetupProxy: no capture

ja4:2516912:2516912 [0] NCCL INFO MSCCL: Setup Kernel finished, smem 41280 needsFence 1
ja3:927758:927758 [0] NCCL INFO mscclSetupProxy: no capture

ja3:927758:927758 [0] NCCL INFO MSCCL: Setup Kernel finished, smem 41280 needsFence 1
ja2:1312397:1312397 [0] NCCL INFO mscclGetCaptureStatus: 0, captureId: 0, size: 0

ja2:1312397:1312397 [0] NCCL INFO mscclSetupProxy: no capture

ja2:1312397:1312397 [0] NCCL INFO MSCCL: Setup Kernel finished, smem 41280 needsFence 1
ja2:1312397:1312397 [0] NCCL INFO mscclGetCaptureStatus: 0, captureId: 0, size: 0

ja2:1312397:1312397 [0] NCCL INFO mscclSetupProxy: no capture

ja2:1312397:1312397 [0] NCCL INFO MSCCL: Setup Kernel finished, smem 41280 needsFence 1
ja2:1312397:1312397 [0] NCCL INFO mscclGetCaptureStatus: 0, captureId: 0, size: 0

ja2:1312397:1312397 [0] NCCL INFO mscclSetupProxy: no capture

ja2:1312397:1312397 [0] NCCL INFO MSCCL: Setup Kernel finished, smem 41280 needsFence 1
ja2:1312397:1312397 [0] NCCL INFO mscclGetCaptureStatus: 0, captureId: 0, size: 0

ja2:1312397:1312397 [0] NCCL INFO mscclSetupProxy: no capture

ja2:1312397:1312397 [0] NCCL INFO MSCCL: Setup Kernel finished, smem 41280 needsFence 1
ja2:1312397:1312397 [0] NCCL INFO mscclGetCaptureStatus: 0, captureId: 0, size: 0

ja4:2516912:2516912 [0] NCCL INFO mscclGetCaptureStatus: 0, captureId: 0, size: 0

ja4:2516912:2516912 [0] NCCL INFO mscclSetupProxy: no capture

ja4:2516912:2516912 [0] NCCL INFO MSCCL: Setup Kernel finished, smem 41280 needsFence 1
ja4:2516912:2516912 [0] NCCL INFO mscclGetCaptureStatus: 0, captureId: 0, size: 0

ja4:2516912:2516912 [0] NCCL INFO mscclSetupProxy: no capture

ja4:2516912:2516912 [0] NCCL INFO MSCCL: Setup Kernel finished, smem 41280 needsFence 1
ja4:2516912:2516912 [0] NCCL INFO mscclGetCaptureStatus: 0, captureId: 0, size: 0

ja4:2516912:2516912 [0] NCCL INFO mscclSetupProxy: no capture

ja4:2516912:2516912 [0] NCCL INFO MSCCL: Setup Kernel finished, smem 41280 needsFence 1
ja4:2516912:2516912 [0] NCCL INFO mscclGetCaptureStatus: 0, captureId: 0, size: 0

ja4:2516912:2516912 [0] NCCL INFO mscclSetupProxy: no capture

ja4:2516912:2516912 [0] NCCL INFO MSCCL: Setup Kernel finished, smem 41280 needsFence 1
ja3:927758:927758 [0] NCCL INFO mscclGetCaptureStatus: 0, captureId: 0, size: 0

ja3:927758:927758 [0] NCCL INFO mscclSetupProxy: no capture

ja3:927758:927758 [0] NCCL INFO MSCCL: Setup Kernel finished, smem 41280 needsFence 1
ja3:927758:927758 [0] NCCL INFO mscclGetCaptureStatus: 0, captureId: 0, size: 0

ja3:927758:927758 [0] NCCL INFO mscclSetupProxy: no capture

ja3:927758:927758 [0] NCCL INFO MSCCL: Setup Kernel finished, smem 41280 needsFence 1
ja3:927758:927758 [0] NCCL INFO mscclGetCaptureStatus: 0, captureId: 0, size: 0

ja3:927758:927758 [0] NCCL INFO mscclSetupProxy: no capture

ja3:927758:927758 [0] NCCL INFO MSCCL: Setup Kernel finished, smem 41280 needsFence 1
ja3:927758:927758 [0] NCCL INFO mscclGetCaptureStatus: 0, captureId: 0, size: 0

ja3:927758:927758 [0] NCCL INFO mscclSetupProxy: no capture

ja3:927758:927758 [0] NCCL INFO MSCCL: Setup Kernel finished, smem 41280 needsFence 1
ja3:927758:927758 [0] NCCL INFO mscclGetCaptureStatus: 0, captureId: 0, size: 0

ja2:1312397:1312397 [0] NCCL INFO mscclSetupProxy: no capture

ja2:1312397:1312397 [0] NCCL INFO MSCCL: Setup Kernel finished, smem 41280 needsFence 1
ja2:1312397:1312397 [0] NCCL INFO mscclGetCaptureStatus: 0, captureId: 0, size: 0

ja2:1312397:1312397 [0] NCCL INFO mscclSetupProxy: no capture

ja2:1312397:1312397 [0] NCCL INFO MSCCL: Setup Kernel finished, smem 41280 needsFence 1
ja2:1312397:1312397 [0] NCCL INFO mscclGetCaptureStatus: 0, captureId: 0, size: 0

ja2:1312397:1312397 [0] NCCL INFO mscclSetupProxy: no capture

ja2:1312397:1312397 [0] NCCL INFO MSCCL: Setup Kernel finished, smem 41280 needsFence 1
ja2:1312397:1312397 [0] NCCL INFO mscclGetCaptureStatus: 0, captureId: 0, size: 0

ja2:1312397:1312397 [0] NCCL INFO mscclSetupProxy: no capture

ja2:1312397:1312397 [0] NCCL INFO MSCCL: Setup Kernel finished, smem 41280 needsFence 1
ja2:1312397:1312397 [0] NCCL INFO mscclGetCaptureStatus: 0, captureId: 0, size: 0

ja2:1312397:1312397 [0] NCCL INFO mscclSetupProxy: no capture

ja4:2516912:2516912 [0] NCCL INFO mscclGetCaptureStatus: 0, captureId: 0, size: 0

ja4:2516912:2516912 [0] NCCL INFO mscclSetupProxy: no capture

ja4:2516912:2516912 [0] NCCL INFO MSCCL: Setup Kernel finished, smem 41280 needsFence 1
ja4:2516912:2516912 [0] NCCL INFO mscclGetCaptureStatus: 0, captureId: 0, size: 0

ja4:2516912:2516912 [0] NCCL INFO mscclSetupProxy: no capture

ja4:2516912:2516912 [0] NCCL INFO MSCCL: Setup Kernel finished, smem 41280 needsFence 1
ja4:2516912:2516912 [0] NCCL INFO mscclGetCaptureStatus: 0, captureId: 0, size: 0

ja4:2516912:2516912 [0] NCCL INFO mscclSetupProxy: no capture

ja4:2516912:2516912 [0] NCCL INFO MSCCL: Setup Kernel finished, smem 41280 needsFence 1
ja4:2516912:2516912 [0] NCCL INFO mscclGetCaptureStatus: 0, captureId: 0, size: 0

ja4:2516912:2516912 [0] NCCL INFO mscclSetupProxy: no capture

ja4:2516912:2516912 [0] NCCL INFO MSCCL: Setup Kernel finished, smem 41280 needsFence 1
ja4:2516912:2516912 [0] NCCL INFO mscclGetCaptureStatus: 0, captureId: 0, size: 0

ja3:927758:927758 [0] NCCL INFO mscclSetupProxy: no capture

ja2:1312397:1312397 [0] NCCL INFO MSCCL: Setup Kernel finished, smem 41280 needsFence 1
ja2:1312397:1312397 [0] NCCL INFO mscclGetCaptureStatus: 0, captureId: 0, size: 0

ja2:1312397:1312397 [0] NCCL INFO mscclSetupProxy: no capture

ja2:1312397:1312397 [0] NCCL INFO MSCCL: Setup Kernel finished, smem 41280 needsFence 1
ja2:1312397:1312397 [0] NCCL INFO mscclGetCaptureStatus: 0, captureId: 0, size: 0

ja2:1312397:1312397 [0] NCCL INFO mscclSetupProxy: no capture

ja4:2516912:2516912 [0] NCCL INFO mscclSetupProxy: no capture

ja4:2516912:2516912 [0] NCCL INFO MSCCL: Setup Kernel finished, smem 41280 needsFence 1
ja4:2516912:2516912 [0] NCCL INFO mscclGetCaptureStatus: 0, captureId: 0, size: 0

ja4:2516912:2516912 [0] NCCL INFO mscclSetupProxy: no capture

ja4:2516912:2516912 [0] NCCL INFO MSCCL: Setup Kernel finished, smem 41280 needsFence 1
ja3:927758:927758 [0] NCCL INFO MSCCL: Setup Kernel finished, smem 41280 needsFence 1
ja3:927758:927758 [0] NCCL INFO mscclGetCaptureStatus: 0, captureId: 0, size: 0

ja3:927758:927758 [0] NCCL INFO mscclSetupProxy: no capture

ja3:927758:927758 [0] NCCL INFO MSCCL: Setup Kernel finished, smem 41280 needsFence 1
ja3:927758:927758 [0] NCCL INFO mscclGetCaptureStatus: 0, captureId: 0, size: 0

ja3:927758:927758 [0] NCCL INFO mscclSetupProxy: no capture

ja3:927758:927758 [0] NCCL INFO MSCCL: Setup Kernel finished, smem 41280 needsFence 1
ja3:927758:927758 [0] NCCL INFO mscclGetCaptureStatus: 0, captureId: 0, size: 0

ja3:927758:927758 [0] NCCL INFO mscclSetupProxy: no capture

ja3:927758:927758 [0] NCCL INFO MSCCL: Setup Kernel finished, smem 41280 needsFence 1
ja3:927758:927758 [0] NCCL INFO mscclGetCaptureStatus: 0, captureId: 0, size: 0

ja3:927758:927758 [0] NCCL INFO mscclSetupProxy: no capture

ja3:927758:927758 [0] NCCL INFO MSCCL: Setup Kernel finished, smem 41280 needsFence 1
ja2:1312397:1312397 [0] NCCL INFO MSCCL: Setup Kernel finished, smem 41280 needsFence 1
ja2:1312397:1312397 [0] NCCL INFO mscclGetCaptureStatus: 0, captureId: 0, size: 0

ja2:1312397:1312397 [0] NCCL INFO mscclSetupProxy: no capture

ja2:1312397:1312397 [0] NCCL INFO MSCCL: Setup Kernel finished, smem 41280 needsFence 1
ja2:1312397:1312397 [0] NCCL INFO mscclGetCaptureStatus: 0, captureId: 0, size: 0

ja2:1312397:1312397 [0] NCCL INFO mscclSetupProxy: no capture

ja2:1312397:1312397 [0] NCCL INFO MSCCL: Setup Kernel finished, smem 41280 needsFence 1
ja2:1312397:1312397 [0] NCCL INFO mscclGetCaptureStatus: 0, captureId: 0, size: 0

ja2:1312397:1312397 [0] NCCL INFO mscclSetupProxy: no capture

ja2:1312397:1312397 [0] NCCL INFO MSCCL: Setup Kernel finished, smem 41280 needsFence 1
ja2:1312397:1312397 [0] NCCL INFO mscclGetCaptureStatus: 0, captureId: 0, size: 0

ja2:1312397:1312397 [0] NCCL INFO mscclSetupProxy: no capture

ja4:2516912:2516912 [0] NCCL INFO mscclGetCaptureStatus: 0, captureId: 0, size: 0

ja4:2516912:2516912 [0] NCCL INFO mscclSetupProxy: no capture

ja4:2516912:2516912 [0] NCCL INFO MSCCL: Setup Kernel finished, smem 41280 needsFence 1
ja4:2516912:2516912 [0] NCCL INFO mscclGetCaptureStatus: 0, captureId: 0, size: 0

ja4:2516912:2516912 [0] NCCL INFO mscclSetupProxy: no capture

ja4:2516912:2516912 [0] NCCL INFO MSCCL: Setup Kernel finished, smem 41280 needsFence 1
ja4:2516912:2516912 [0] NCCL INFO mscclGetCaptureStatus: 0, captureId: 0, size: 0

ja4:2516912:2516912 [0] NCCL INFO mscclSetupProxy: no capture

ja4:2516912:2516912 [0] NCCL INFO MSCCL: Setup Kernel finished, smem 41280 needsFence 1
ja4:2516912:2516912 [0] NCCL INFO mscclGetCaptureStatus: 0, captureId: 0, size: 0

ja4:2516912:2516912 [0] NCCL INFO mscclSetupProxy: no capture

ja4:2516912:2516912 [0] NCCL INFO MSCCL: Setup Kernel finished, smem 41280 needsFence 1
ja4:2516912:2516912 [0] NCCL INFO mscclGetCaptureStatus: 0, captureId: 0, size: 0

ja3:927758:927758 [0] NCCL INFO mscclGetCaptureStatus: 0, captureId: 0, size: 0

ja3:927758:927758 [0] NCCL INFO mscclSetupProxy: no capture

ja3:927758:927758 [0] NCCL INFO MSCCL: Setup Kernel finished, smem 41280 needsFence 1
ja3:927758:927758 [0] NCCL INFO mscclGetCaptureStatus: 0, captureId: 0, size: 0

ja3:927758:927758 [0] NCCL INFO mscclSetupProxy: no capture

ja2:1312397:1312397 [0] NCCL INFO MSCCL: Setup Kernel finished, smem 41280 needsFence 1
ja4:2516912:2516912 [0] NCCL INFO mscclSetupProxy: no capture

ja4:2516912:2516912 [0] NCCL INFO MSCCL: Setup Kernel finished, smem 41280 needsFence 1
ja3:927758:927758 [0] NCCL INFO MSCCL: Setup Kernel finished, smem 41280 needsFence 1
ja3:927758:927758 [0] NCCL INFO mscclGetCaptureStatus: 0, captureId: 0, size: 0

ja3:927758:927758 [0] NCCL INFO mscclSetupProxy: no capture

ja3:927758:927758 [0] NCCL INFO MSCCL: Setup Kernel finished, smem 41280 needsFence 1
ja3:927758:927758 [0] NCCL INFO mscclGetCaptureStatus: 0, captureId: 0, size: 0

ja3:927758:927758 [0] NCCL INFO mscclSetupProxy: no capture

ja3:927758:927758 [0] NCCL INFO MSCCL: Setup Kernel finished, smem 41280 needsFence 1
ja3:927758:927758 [0] NCCL INFO mscclGetCaptureStatus: 0, captureId: 0, size: 0

ja3:927758:927758 [0] NCCL INFO mscclSetupProxy: no capture

ja3:927758:927758 [0] NCCL INFO MSCCL: Setup Kernel finished, smem 41280 needsFence 1
ja3:927758:927758 [0] NCCL INFO mscclGetCaptureStatus: 0, captureId: 0, size: 0

ja3:927758:927758 [0] NCCL INFO mscclSetupProxy: no capture

ja3:927758:927758 [0] NCCL INFO MSCCL: Setup Kernel finished, smem 41280 needsFence 1
ja4:2516912:2516912 [0] NCCL INFO mscclGetCaptureStatus: 0, captureId: 0, size: 0

ja4:2516912:2516912 [0] NCCL INFO mscclSetupProxy: no capture

ja4:2516912:2516912 [0] NCCL INFO MSCCL: Setup Kernel finished, smem 41280 needsFence 1
ja3:927758:927758 [0] NCCL INFO mscclGetCaptureStatus: 0, captureId: 0, size: 0

ja3:927758:927758 [0] NCCL INFO mscclSetupProxy: no capture

ja3:927758:927758 [0] NCCL INFO MSCCL: Setup Kernel finished, smem 41280 needsFence 1
ja2:1312397:1312397 [0] NCCL INFO mscclGetCaptureStatus: 0, captureId: 0, size: 0

ja2:1312397:1312397 [0] NCCL INFO mscclSetupProxy: no capture

ja2:1312397:1312397 [0] NCCL INFO MSCCL: Setup Kernel finished, smem 41280 needsFence 1
    11091    9.08    6.05      0
ja4:2516912:2516912 [0] NCCL INFO comm 0x2a468fc0 rank 2 nranks 3 cudaDev 0 busId 1000 - Destroy COMPLETE
ja2:1312397:1312397 [0] NCCL INFO comm 0x3f83d750 rank 0 nranks 3 cudaDev 0 busId 1000 - Destroy COMPLETE
ja2:1312397:1312397 [0] NCCL INFO MSCCL: Teardown finished
ja4:2516912:2516912 [0] NCCL INFO MSCCL: Teardown finished
ja3:927758:927758 [0] NCCL INFO comm 0xfcee830 rank 1 nranks 3 cudaDev 0 busId 1000 - Destroy COMPLETE
ja3:927758:927758 [0] NCCL INFO MSCCL: Teardown finished
# Out of bounds values : 0 OK
# Avg bus bandwidth    : 3.24368 
#

--- checks for CASE A_baseline ---
  ALGODIR: ja2:1312397:1312407 [0] NCCL INFO MSCCL: Internal Scheduler will use /home/wangyj05/msccl_azure/executor/msccl-executor-nccl/build/lib/msccl-algorithms as algorithm directory and /home/wangyj05/msccl_azure/executor/msccl-executor-nccl/build/lib/../share/nccl/msccl-algorithms as share algorithm directory and /usr/share/nccl/msccl-algorithms as package installed share algorithm directory 
  !!! WARN: no MSCCL algorithm load line found - may have fallen back to RING/TREE.
      Check that an algorithm exists for nRanks=3 and this collective.
  ACTIVE: fragmentation NOT active (expected for case A)
  RESULT: # Out of bounds values : 0 OK

========================================================
  CASE B_frag_k2
  NCCL_IB_FRAG_SIZE=-1  NCCL_IB_FRAG_BATCH=2
  Wed Aug 12 17:17:58 CST 2026
========================================================
# nThread 1 nGpus 1 minBytes 3072 maxBytes 134217728 step: 2(factor) warmup iters: 5 iters: 20 agg iters: 1 validation: 1 graph: 0
#
# Using devices
#  Rank  0 Group  0 Pid 1312459 on        ja2 device  0 [0000:01:00] Tesla V100-PCIE-16GB
#  Rank  1 Group  0 Pid 927797 on        ja3 device  0 [0000:01:00] Tesla V100-PCIE-16GB
#  Rank  2 Group  0 Pid 2516952 on        ja4 device  0 [0000:01:00] Tesla V100-PCIE-16GB
ja2:1312459:1312459 [0] NCCL INFO cudaDriverVersion 12000
ja2:1312459:1312459 [0] NCCL INFO NCCL version 2.23.4+cuda12.2
ja2:1312459:1312468 [0] NCCL INFO NET/Plugin: Could not find: libnccl-net.so. Using internal network plugin.
ja2:1312459:1312468 [0] NCCL INFO NCCL_IB_HCA set to mlx5_0
ja2:1312459:1312468 [0] NCCL INFO NET/IB : Using [0]mlx5_0:1/IB [RO]; OOB enp68s0f0:172.23.15.12<0>
ja2:1312459:1312468 [0] NCCL INFO PROFILER/Plugin: Could not find: libnccl-profiler.so.
ja2:1312459:1312468 [0] NCCL INFO Using network IB
ja3:927797:927797 [0] NCCL INFO cudaDriverVersion 12000
ja3:927797:927797 [0] NCCL INFO NCCL version 2.23.4+cuda12.2
ja2:1312459:1312468 [0] NCCL INFO ncclCommInitRank comm 0x11be8d30 rank 0 nranks 3 cudaDev 0 nvmlDev 0 busId 1000 commId 0xf479e24b8a4907f7 - Init START
ja3:927797:927805 [0] NCCL INFO NET/Plugin: Could not find: libnccl-net.so. Using internal network plugin.
ja3:927797:927805 [0] NCCL INFO NCCL_IB_HCA set to mlx5_0
ja3:927797:927805 [0] NCCL INFO NET/IB : Using [0]mlx5_0:1/IB [RO]; OOB enp68s0f0:172.23.15.13<0>
ja3:927797:927805 [0] NCCL INFO PROFILER/Plugin: Could not find: libnccl-profiler.so.
ja3:927797:927805 [0] NCCL INFO Using network IB
ja3:927797:927805 [0] NCCL INFO ncclCommInitRank comm 0x2c7d6f80 rank 1 nranks 3 cudaDev 0 nvmlDev 0 busId 1000 commId 0xf479e24b8a4907f7 - Init START
ja4:2516952:2516952 [0] NCCL INFO cudaDriverVersion 12000
ja4:2516952:2516952 [0] NCCL INFO NCCL version 2.23.4+cuda12.2
ja4:2516952:2516960 [0] NCCL INFO NET/Plugin: Could not find: libnccl-net.so. Using internal network plugin.
ja4:2516952:2516960 [0] NCCL INFO NCCL_IB_HCA set to mlx5_0
ja4:2516952:2516960 [0] NCCL INFO NET/IB : Using [0]mlx5_0:1/IB [RO]; OOB enp68s0f0:172.23.15.14<0>
ja4:2516952:2516960 [0] NCCL INFO PROFILER/Plugin: Could not find: libnccl-profiler.so.
ja4:2516952:2516960 [0] NCCL INFO Using network IB
ja4:2516952:2516960 [0] NCCL INFO ncclCommInitRank comm 0xd143d90 rank 2 nranks 3 cudaDev 0 nvmlDev 0 busId 1000 commId 0xf479e24b8a4907f7 - Init START
ja3:927797:927805 [0] NCCL INFO NET/IB : GPU Direct RDMA Disabled for HCA 0 'mlx5_0'
ja4:2516952:2516960 [0] NCCL INFO NET/IB : GPU Direct RDMA Disabled for HCA 0 'mlx5_0'
ja2:1312459:1312468 [0] NCCL INFO NET/IB : GPU Direct RDMA Disabled for HCA 0 'mlx5_0'
ja3:927797:927805 [0] NCCL INFO comm 0x2c7d6f80 rank 1 nRanks 3 nNodes 3 localRanks 1 localRank 0 MNNVL 0
ja2:1312459:1312468 [0] NCCL INFO comm 0x11be8d30 rank 0 nRanks 3 nNodes 3 localRanks 1 localRank 0 MNNVL 0
ja4:2516952:2516960 [0] NCCL INFO comm 0xd143d90 rank 2 nRanks 3 nNodes 3 localRanks 1 localRank 0 MNNVL 0
ja3:927797:927805 [0] NCCL INFO MSCCL: No external scheduler found, using internal implementation
ja3:927797:927805 [0] NCCL INFO MSCCL: Internal Scheduler will use /home/wangyj05/msccl_azure/executor/msccl-executor-nccl/build/lib/msccl-algorithms as algorithm directory and /home/wangyj05/msccl_azure/executor/msccl-executor-nccl/build/lib/../share/nccl/msccl-algorithms as share algorithm directory and /usr/share/nccl/msccl-algorithms as package installed share algorithm directory 
ja2:1312459:1312468 [0] NCCL INFO MSCCL: No external scheduler found, using internal implementation
ja2:1312459:1312468 [0] NCCL INFO MSCCL: Internal Scheduler will use /home/wangyj05/msccl_azure/executor/msccl-executor-nccl/build/lib/msccl-algorithms as algorithm directory and /home/wangyj05/msccl_azure/executor/msccl-executor-nccl/build/lib/../share/nccl/msccl-algorithms as share algorithm directory and /usr/share/nccl/msccl-algorithms as package installed share algorithm directory 
ja4:2516952:2516960 [0] NCCL INFO MSCCL: No external scheduler found, using internal implementation
ja4:2516952:2516960 [0] NCCL INFO MSCCL: Internal Scheduler will use /home/wangyj05/msccl_azure/executor/msccl-executor-nccl/build/lib/msccl-algorithms as algorithm directory and /home/wangyj05/msccl_azure/executor/msccl-executor-nccl/build/lib/../share/nccl/msccl-algorithms as share algorithm directory and /usr/share/nccl/msccl-algorithms as package installed share algorithm directory 
ja2:1312459:1312468 [0] NCCL INFO Using MSCCL Algo files from /home/wangyj05/msccl_azure/executor/msccl-executor-nccl/build/lib/msccl-algorithms
ja4:2516952:2516960 [0] NCCL INFO Using MSCCL Algo files from /home/wangyj05/msccl_azure/executor/msccl-executor-nccl/build/lib/msccl-algorithms
ja3:927797:927805 [0] NCCL INFO Using MSCCL Algo files from /home/wangyj05/msccl_azure/executor/msccl-executor-nccl/build/lib/msccl-algorithms
ja4:2516952:2516960 [0] NCCL INFO Trees [0] 1/-1/-1->2->0 [1] -1/-1/-1->2->0
ja4:2516952:2516960 [0] NCCL INFO P2P Chunksize set to 131072
ja2:1312459:1312468 [0] NCCL INFO Channel 00/02 : 0 1 2
ja2:1312459:1312468 [0] NCCL INFO Channel 01/02 : 0 1 2
ja2:1312459:1312468 [0] NCCL INFO Trees [0] 2/-1/-1->0->-1 [1] 2/-1/-1->0->1
ja2:1312459:1312468 [0] NCCL INFO P2P Chunksize set to 131072
ja3:927797:927805 [0] NCCL INFO Trees [0] -1/-1/-1->1->2 [1] 0/-1/-1->1->-1
ja3:927797:927805 [0] NCCL INFO P2P Chunksize set to 131072
ja2:1312459:1312470 [0] NCCL INFO [Proxy Service] Device 0 CPU core 192
ja4:2516952:2516962 [0] NCCL INFO [Proxy Service] Device 0 CPU core 64
ja2:1312459:1312471 [0] NCCL INFO [Proxy Service UDS] Device 0 CPU core 192
ja4:2516952:2516963 [0] NCCL INFO [Proxy Service UDS] Device 0 CPU core 64
ja3:927797:927807 [0] NCCL INFO [Proxy Service] Device 0 CPU core 64
ja3:927797:927808 [0] NCCL INFO [Proxy Service UDS] Device 0 CPU core 64
ja4:2516952:2516960 [0] NCCL INFO NCCL_ALGO set by environment to MSCCL,RING,TREE
ja4:2516952:2516960 [0] NCCL INFO threadThresholds 8/8/64 | 24/8/64 | 512 | 512
ja4:2516952:2516960 [0] NCCL INFO 2 coll channels, 2 collnet channels, 0 nvls channels, 2 p2p channels, 2 p2p channels per peer
ja2:1312459:1312468 [0] NCCL INFO NCCL_ALGO set by environment to MSCCL,RING,TREE
ja2:1312459:1312468 [0] NCCL INFO threadThresholds 8/8/64 | 24/8/64 | 512 | 512
ja2:1312459:1312468 [0] NCCL INFO 2 coll channels, 2 collnet channels, 0 nvls channels, 2 p2p channels, 2 p2p channels per peer
ja3:927797:927805 [0] NCCL INFO NCCL_ALGO set by environment to MSCCL,RING,TREE
ja3:927797:927805 [0] NCCL INFO threadThresholds 8/8/64 | 24/8/64 | 512 | 512
ja3:927797:927805 [0] NCCL INFO 2 coll channels, 2 collnet channels, 0 nvls channels, 2 p2p channels, 2 p2p channels per peer
ja2:1312459:1312468 [0] NCCL INFO CC Off, Multi-GPU CC Off, workFifoBytes 1048576
ja3:927797:927807 [0] NCCL INFO New proxy recv connection 0 from local rank 0, transport 2
ja3:927797:927805 [0] NCCL INFO Connected to proxy localRank 0 -> connection 0x148660000d10
ja2:1312459:1312470 [0] NCCL INFO New proxy recv connection 0 from local rank 0, transport 2
ja3:927797:927809 [0] NCCL INFO [Proxy Progress] Device 0 CPU core 64
ja3:927797:927805 [0] NCCL INFO Channel 00/0 : 0[0] -> 1[0] [receive] via NET/IB/0
ja3:927797:927807 [0] NCCL INFO New proxy send connection 1 from local rank 0, transport 2
ja3:927797:927805 [0] NCCL INFO Connected to proxy localRank 0 -> connection 0x148660000d88
ja3:927797:927805 [0] NCCL INFO Channel 00/0 : 1[0] -> 2[0] [send] via NET/IB/0
ja2:1312459:1312468 [0] NCCL INFO Connected to proxy localRank 0 -> connection 0x151f14000d10
ja4:2516952:2516962 [0] NCCL INFO New proxy recv connection 0 from local rank 0, transport 2
ja4:2516952:2516960 [0] NCCL INFO Connected to proxy localRank 0 -> connection 0x14c9f4000d10
ja4:2516952:2516964 [0] NCCL INFO [Proxy Progress] Device 0 CPU core 192
ja4:2516952:2516960 [0] NCCL INFO Channel 00/0 : 1[0] -> 2[0] [receive] via NET/IB/0
ja4:2516952:2516962 [0] NCCL INFO New proxy send connection 1 from local rank 0, transport 2
ja4:2516952:2516960 [0] NCCL INFO Connected to proxy localRank 0 -> connection 0x14c9f4000d88
ja2:1312459:1312472 [0] NCCL INFO [Proxy Progress] Device 0 CPU core 192
ja4:2516952:2516960 [0] NCCL INFO Channel 00/0 : 2[0] -> 0[0] [send] via NET/IB/0
ja2:1312459:1312468 [0] NCCL INFO Channel 00/0 : 2[0] -> 0[0] [receive] via NET/IB/0
ja2:1312459:1312470 [0] NCCL INFO New proxy send connection 1 from local rank 0, transport 2
ja2:1312459:1312468 [0] NCCL INFO Connected to proxy localRank 0 -> connection 0x151f14000d88
ja2:1312459:1312468 [0] NCCL INFO Channel 00/0 : 0[0] -> 1[0] [send] via NET/IB/0
ja4:2516952:2516962 [0] NCCL INFO New proxy recv connection 2 from local rank 0, transport 2
ja4:2516952:2516960 [0] NCCL INFO Connected to proxy localRank 0 -> connection 0x14c9f4000e00
ja4:2516952:2516960 [0] NCCL INFO Channel 00/0 : 0[0] -> 2[0] [receive] via NET/IB/0
ja3:927797:927807 [0] NCCL INFO New proxy recv connection 2 from local rank 0, transport 2
ja3:927797:927805 [0] NCCL INFO Connected to proxy localRank 0 -> connection 0x148660000e00
ja2:1312459:1312470 [0] NCCL INFO New proxy recv connection 2 from local rank 0, transport 2
ja2:1312459:1312468 [0] NCCL INFO Connected to proxy localRank 0 -> connection 0x151f14000e00
ja3:927797:927805 [0] NCCL INFO Channel 00/0 : 2[0] -> 1[0] [receive] via NET/IB/0
ja2:1312459:1312468 [0] NCCL INFO Channel 00/0 : 1[0] -> 0[0] [receive] via NET/IB/0
ja3:927797:927807 [0] NCCL INFO New proxy send connection 3 from local rank 0, transport 2
ja3:927797:927805 [0] NCCL INFO Connected to proxy localRank 0 -> connection 0x148660000e78
ja3:927797:927805 [0] NCCL INFO Channel 00/0 : 1[0] -> 0[0] [send] via NET/IB/0
ja4:2516952:2516962 [0] NCCL INFO New proxy send connection 3 from local rank 0, transport 2
ja4:2516952:2516960 [0] NCCL INFO Connected to proxy localRank 0 -> connection 0x14c9f4000e78
ja4:2516952:2516960 [0] NCCL INFO Channel 00/0 : 2[0] -> 1[0] [send] via NET/IB/0
ja2:1312459:1312470 [0] NCCL INFO New proxy send connection 3 from local rank 0, transport 2
ja2:1312459:1312468 [0] NCCL INFO Connected to proxy localRank 0 -> connection 0x151f14000e78
ja2:1312459:1312468 [0] NCCL INFO Channel 00/0 : 0[0] -> 2[0] [send] via NET/IB/0
ja3:927797:927807 [0] NCCL INFO NCCL_IB_QPS_PER_CONNECTION set by environment to 1.
ja2:1312459:1312470 [0] NCCL INFO NCCL_IB_QPS_PER_CONNECTION set by environment to 1.
ja4:2516952:2516962 [0] NCCL INFO NCCL_IB_QPS_PER_CONNECTION set by environment to 1.
ja3:927797:927807 [0] NCCL INFO NCCL_IB_FRAG_SIZE set by environment to -1.
ja2:1312459:1312470 [0] NCCL INFO NCCL_IB_FRAG_SIZE set by environment to -1.
ja4:2516952:2516962 [0] NCCL INFO NCCL_IB_FRAG_SIZE set by environment to -1.
ja3:927797:927807 [0] NCCL INFO NET/IB: NCCL Dev 0 IbDev 0 Port 1 qpn 3707 mtu 5 LID 23 subnet-prefix 33022  FLID 0 fifoRkey=0x1800c0 fifoLkey=0x1800c0
ja4:2516952:2516962 [0] NCCL INFO NET/IB: NCCL Dev 0 IbDev 0 Port 1 qpn 1096 mtu 5 LID 28 subnet-prefix 33022  FLID 0 fifoRkey=0x17ffbe fifoLkey=0x17ffbe
ja2:1312459:1312470 [0] NCCL INFO NET/IB: NCCL Dev 0 IbDev 0 Port 1 qpn 3788 mtu 5 LID 22 subnet-prefix 33022  FLID 0 fifoRkey=0x17fcbb fifoLkey=0x17fcbb
ja3:927797:927807 [0] NCCL INFO NET/IB: NCCL Dev 0 IbDev 0 Port 1 qpn 3708 mtu 5 LID 23 subnet-prefix 33022  FLID 0 fifoRkey=0x1823e2 fifoLkey=0x1823e2
ja3:927797:927807 [0] NCCL INFO NCCL_IB_FRAG_BATCH set by environment to 2.
ja3:927797:927807 [0] NCCL INFO NET/IB: MTU fragmentation on: fragSize=4096 batch=2 sqDepth=2048 nqps=1
ja2:1312459:1312470 [0] NCCL INFO NET/IB: NCCL Dev 0 IbDev 0 Port 1 qpn 3791 mtu 5 LID 22 subnet-prefix 33022  FLID 0 fifoRkey=0x1832f1 fifoLkey=0x1832f1
ja4:2516952:2516962 [0] NCCL INFO NET/IB: NCCL Dev 0 IbDev 0 Port 1 qpn 1099 mtu 5 LID 28 subnet-prefix 33022  FLID 0 fifoRkey=0x17e6a5 fifoLkey=0x17e6a5
ja4:2516952:2516962 [0] NCCL INFO NCCL_IB_FRAG_BATCH set by environment to 2.
ja2:1312459:1312470 [0] NCCL INFO NCCL_IB_FRAG_BATCH set by environment to 2.
ja4:2516952:2516962 [0] NCCL INFO NET/IB: MTU fragmentation on: fragSize=4096 batch=2 sqDepth=2048 nqps=1
ja2:1312459:1312470 [0] NCCL INFO NET/IB: MTU fragmentation on: fragSize=4096 batch=2 sqDepth=2048 nqps=1
ja3:927797:927807 [0] NCCL INFO NET/IB: MTU fragmentation on: fragSize=4096 batch=2 sqDepth=2048 nqps=1
ja4:2516952:2516962 [0] NCCL INFO NET/IB: MTU fragmentation on: fragSize=4096 batch=2 sqDepth=2048 nqps=1
ja2:1312459:1312470 [0] NCCL INFO NET/IB: MTU fragmentation on: fragSize=4096 batch=2 sqDepth=2048 nqps=1
ja2:1312459:1312468 [0] NCCL INFO MSCCL: Initialization finished
ja3:927797:927805 [0] NCCL INFO MSCCL: Initialization finished
ja4:2516952:2516960 [0] NCCL INFO MSCCL: Initialization finished
ja3:927797:927805 [0] NCCL INFO TUNER/Plugin: Could not find: libnccl-tuner.so libnccl-net.so. Using internal tuner plugin.
ja3:927797:927805 [0] NCCL INFO ncclCommInitRank comm 0x2c7d6f80 rank 1 nranks 3 cudaDev 0 nvmlDev 0 busId 1000 commId 0xf479e24b8a4907f7 - Init COMPLETE
ja3:927797:927805 [0] NCCL INFO Init timings - ncclCommInitRank: rank 1 nranks 3 total 0.28 (kernels 0.00, alloc 0.02, bootstrap 0.17, allgathers 0.00, topo 0.00, graphs 0.00, connections 0.00, rest 0.08)
ja2:1312459:1312468 [0] NCCL INFO TUNER/Plugin: Could not find: libnccl-tuner.so libnccl-net.so. Using internal tuner plugin.
ja2:1312459:1312468 [0] NCCL INFO ncclCommInitRank comm 0x11be8d30 rank 0 nranks 3 cudaDev 0 nvmlDev 0 busId 1000 commId 0xf479e24b8a4907f7 - Init COMPLETE
ja2:1312459:1312468 [0] NCCL INFO Init timings - ncclCommInitRank: rank 0 nranks 3 total 0.30 (kernels 0.00, alloc 0.02, bootstrap 0.19, allgathers 0.00, topo 0.00, graphs 0.00, connections 0.00, rest 0.08)
#
#                                                              out-of-place                       in-place          
#       size         count      type   redop    root     time   algbw   busbw #wrong     time   algbw   busbw #wrong
#        (B)    (elements)                               (us)  (GB/s)  (GB/s)            (us)  (GB/s)  (GB/s)       
ja4:2516952:2516960 [0] NCCL INFO TUNER/Plugin: Could not find: libnccl-tuner.so libnccl-net.so. Using internal tuner plugin.
ja4:2516952:2516960 [0] NCCL INFO ncclCommInitRank comm 0xd143d90 rank 2 nranks 3 cudaDev 0 nvmlDev 0 busId 1000 commId 0xf479e24b8a4907f7 - Init COMPLETE
ja4:2516952:2516960 [0] NCCL INFO Init timings - ncclCommInitRank: rank 2 nranks 3 total 0.11 (kernels 0.00, alloc 0.02, bootstrap 0.00, allgathers 0.00, topo 0.00, graphs 0.00, connections 0.00, rest 0.08)
ja2:1312459:1312470 [0] NCCL INFO New proxy recv connection 4 from local rank 0, transport 2
ja2:1312459:1312473 [0] NCCL INFO Connected to proxy localRank 0 -> connection 0x151f14000ef0
ja3:927797:927807 [0] NCCL INFO New proxy recv connection 4 from local rank 0, transport 2
ja3:927797:927810 [0] NCCL INFO Connected to proxy localRank 0 -> connection 0x148660000ef0
ja4:2516952:2516962 [0] NCCL INFO New proxy recv connection 4 from local rank 0, transport 2
ja4:2516952:2516965 [0] NCCL INFO Connected to proxy localRank 0 -> connection 0x14c9f4000ef0
ja2:1312459:1312473 [0] NCCL INFO Channel 01/0 : 2[0] -> 0[0] [receive] via NET/IB/0
ja3:927797:927810 [0] NCCL INFO Channel 01/0 : 0[0] -> 1[0] [receive] via NET/IB/0
ja3:927797:927807 [0] NCCL INFO New proxy send connection 5 from local rank 0, transport 2
ja2:1312459:1312470 [0] NCCL INFO New proxy send connection 5 from local rank 0, transport 2
ja2:1312459:1312473 [0] NCCL INFO Connected to proxy localRank 0 -> connection 0x151f14000f68
ja3:927797:927810 [0] NCCL INFO Connected to proxy localRank 0 -> connection 0x148660000f68
ja3:927797:927810 [0] NCCL INFO Channel 01/0 : 1[0] -> 2[0] [send] via NET/IB/0
ja4:2516952:2516965 [0] NCCL INFO Channel 01/0 : 1[0] -> 2[0] [receive] via NET/IB/0
ja2:1312459:1312473 [0] NCCL INFO Channel 01/0 : 0[0] -> 1[0] [send] via NET/IB/0
ja4:2516952:2516962 [0] NCCL INFO New proxy send connection 5 from local rank 0, transport 2
ja4:2516952:2516965 [0] NCCL INFO Connected to proxy localRank 0 -> connection 0x14c9f4000f68
ja4:2516952:2516965 [0] NCCL INFO Channel 01/0 : 2[0] -> 0[0] [send] via NET/IB/0
ja2:1312459:1312470 [0] NCCL INFO NET/IB: NCCL Dev 0 IbDev 0 Port 1 qpn 3794 mtu 5 LID 22 subnet-prefix 33022  FLID 0 fifoRkey=0x183af9 fifoLkey=0x183af9
ja3:927797:927807 [0] NCCL INFO NET/IB: NCCL Dev 0 IbDev 0 Port 1 qpn 3713 mtu 5 LID 23 subnet-prefix 33022  FLID 0 fifoRkey=0x180bca fifoLkey=0x180bca
ja4:2516952:2516962 [0] NCCL INFO NET/IB: NCCL Dev 0 IbDev 0 Port 1 qpn 1102 mtu 5 LID 28 subnet-prefix 33022  FLID 0 fifoRkey=0x17da99 fifoLkey=0x17da99
ja2:1312459:1312470 [0] NCCL INFO NET/IB: MTU fragmentation on: fragSize=4096 batch=2 sqDepth=2048 nqps=1
ja4:2516952:2516962 [0] NCCL INFO NET/IB: MTU fragmentation on: fragSize=4096 batch=2 sqDepth=2048 nqps=1
ja3:927797:927807 [0] NCCL INFO NET/IB: MTU fragmentation on: fragSize=4096 batch=2 sqDepth=2048 nqps=1
ja2:1312459:1312473 [0] NCCL INFO Connected all rings
ja4:2516952:2516965 [0] NCCL INFO Connected all rings
ja3:927797:927810 [0] NCCL INFO Connected all rings
ja2:1312459:1312472 [0] NCCL INFO NCCL_IB_SPLIT_DATA_ON_QPS set by environment to 0.
ja3:927797:927809 [0] NCCL INFO NCCL_IB_SPLIT_DATA_ON_QPS set by environment to 0.
ja4:2516952:2516964 [0] NCCL INFO NCCL_IB_SPLIT_DATA_ON_QPS set by environment to 0.
        3072           256     float    none      -1    19.68    0.16    0.10      0ja2:1312459:1312459 [0] NCCL INFO mscclGetCaptureStatus: 0, captureId: 0, size: 0

ja2:1312459:1312459 [0] NCCL INFO mscclSetupProxy: no capture

ja2:1312459:1312459 [0] NCCL INFO MSCCL: Setup Kernel finished, smem 41280 needsFence 1
ja4:2516952:2516952 [0] NCCL INFO mscclGetCaptureStatus: 0, captureId: 0, size: 0

ja4:2516952:2516952 [0] NCCL INFO mscclSetupProxy: no capture

ja4:2516952:2516952 [0] NCCL INFO MSCCL: Setup Kernel finished, smem 41280 needsFence 1
ja3:927797:927797 [0] NCCL INFO mscclGetCaptureStatus: 0, captureId: 0, size: 0

ja3:927797:927797 [0] NCCL INFO mscclSetupProxy: no capture

ja3:927797:927797 [0] NCCL INFO MSCCL: Setup Kernel finished, smem 41280 needsFence 1
ja4:2516952:2516952 [0] NCCL INFO mscclGetCaptureStatus: 0, captureId: 0, size: 0

ja4:2516952:2516952 [0] NCCL INFO mscclSetupProxy: no capture

ja4:2516952:2516952 [0] NCCL INFO MSCCL: Setup Kernel finished, smem 41280 needsFence 1
ja4:2516952:2516952 [0] NCCL INFO mscclGetCaptureStatus: 0, captureId: 0, size: 0

ja4:2516952:2516952 [0] NCCL INFO mscclSetupProxy: no capture

ja4:2516952:2516952 [0] NCCL INFO MSCCL: Setup Kernel finished, smem 41280 needsFence 1
ja2:1312459:1312459 [0] NCCL INFO mscclGetCaptureStatus: 0, captureId: 0, size: 0

ja2:1312459:1312459 [0] NCCL INFO mscclSetupProxy: no capture

ja2:1312459:1312459 [0] NCCL INFO MSCCL: Setup Kernel finished, smem 41280 needsFence 1
ja2:1312459:1312459 [0] NCCL INFO mscclGetCaptureStatus: 0, captureId: 0, size: 0

ja2:1312459:1312459 [0] NCCL INFO mscclSetupProxy: no capture

ja2:1312459:1312459 [0] NCCL INFO MSCCL: Setup Kernel finished, smem 41280 needsFence 1
ja3:927797:927797 [0] NCCL INFO mscclGetCaptureStatus: 0, captureId: 0, size: 0

ja3:927797:927797 [0] NCCL INFO mscclSetupProxy: no capture

ja3:927797:927797 [0] NCCL INFO MSCCL: Setup Kernel finished, smem 41280 needsFence 1
ja2:1312459:1312459 [0] NCCL INFO mscclGetCaptureStatus: 0, captureId: 0, size: 0

ja2:1312459:1312459 [0] NCCL INFO mscclSetupProxy: no capture

ja2:1312459:1312459 [0] NCCL INFO MSCCL: Setup Kernel finished, smem 41280 needsFence 1
ja2:1312459:1312459 [0] NCCL INFO mscclGetCaptureStatus: 0, captureId: 0, size: 0

ja2:1312459:1312459 [0] NCCL INFO mscclSetupProxy: no capture

ja2:1312459:1312459 [0] NCCL INFO MSCCL: Setup Kernel finished, smem 41280 needsFence 1
ja2:1312459:1312459 [0] NCCL INFO mscclGetCaptureStatus: 0, captureId: 0, size: 0

ja2:1312459:1312459 [0] NCCL INFO mscclSetupProxy: no capture

ja2:1312459:1312459 [0] NCCL INFO MSCCL: Setup Kernel finished, smem 41280 needsFence 1
ja2:1312459:1312459 [0] NCCL INFO mscclGetCaptureStatus: 0, captureId: 0, size: 0

ja4:2516952:2516952 [0] NCCL INFO mscclGetCaptureStatus: 0, captureId: 0, size: 0

ja4:2516952:2516952 [0] NCCL INFO mscclSetupProxy: no capture

ja4:2516952:2516952 [0] NCCL INFO MSCCL: Setup Kernel finished, smem 41280 needsFence 1
ja4:2516952:2516952 [0] NCCL INFO mscclGetCaptureStatus: 0, captureId: 0, size: 0

ja4:2516952:2516952 [0] NCCL INFO mscclSetupProxy: no capture

ja4:2516952:2516952 [0] NCCL INFO MSCCL: Setup Kernel finished, smem 41280 needsFence 1
ja4:2516952:2516952 [0] NCCL INFO mscclGetCaptureStatus: 0, captureId: 0, size: 0

ja4:2516952:2516952 [0] NCCL INFO mscclSetupProxy: no capture

ja3:927797:927797 [0] NCCL INFO mscclGetCaptureStatus: 0, captureId: 0, size: 0

ja3:927797:927797 [0] NCCL INFO mscclSetupProxy: no capture

ja3:927797:927797 [0] NCCL INFO MSCCL: Setup Kernel finished, smem 41280 needsFence 1
ja2:1312459:1312459 [0] NCCL INFO mscclSetupProxy: no capture

ja2:1312459:1312459 [0] NCCL INFO MSCCL: Setup Kernel finished, smem 41280 needsFence 1
ja2:1312459:1312459 [0] NCCL INFO mscclGetCaptureStatus: 0, captureId: 0, size: 0

ja2:1312459:1312459 [0] NCCL INFO mscclSetupProxy: no capture

ja2:1312459:1312459 [0] NCCL INFO MSCCL: Setup Kernel finished, smem 41280 needsFence 1
ja2:1312459:1312459 [0] NCCL INFO mscclGetCaptureStatus: 0, captureId: 0, size: 0

ja2:1312459:1312459 [0] NCCL INFO mscclSetupProxy: no capture

ja2:1312459:1312459 [0] NCCL INFO MSCCL: Setup Kernel finished, smem 41280 needsFence 1
ja2:1312459:1312459 [0] NCCL INFO mscclGetCaptureStatus: 0, captureId: 0, size: 0

ja2:1312459:1312459 [0] NCCL INFO mscclSetupProxy: no capture

ja2:1312459:1312459 [0] NCCL INFO MSCCL: Setup Kernel finished, smem 41280 needsFence 1
ja3:927797:927797 [0] NCCL INFO mscclGetCaptureStatus: 0, captureId: 0, size: 0

ja3:927797:927797 [0] NCCL INFO mscclSetupProxy: no capture

ja3:927797:927797 [0] NCCL INFO MSCCL: Setup Kernel finished, smem 41280 needsFence 1
ja2:1312459:1312459 [0] NCCL INFO mscclGetCaptureStatus: 0, captureId: 0, size: 0

ja2:1312459:1312459 [0] NCCL INFO mscclSetupProxy: no capture

ja2:1312459:1312459 [0] NCCL INFO MSCCL: Setup Kernel finished, smem 41280 needsFence 1
ja2:1312459:1312459 [0] NCCL INFO mscclGetCaptureStatus: 0, captureId: 0, size: 0

ja2:1312459:1312459 [0] NCCL INFO mscclSetupProxy: no capture

ja2:1312459:1312459 [0] NCCL INFO MSCCL: Setup Kernel finished, smem 41280 needsFence 1
ja2:1312459:1312459 [0] NCCL INFO mscclGetCaptureStatus: 0, captureId: 0, size: 0

ja2:1312459:1312459 [0] NCCL INFO mscclSetupProxy: no capture

ja2:1312459:1312459 [0] NCCL INFO MSCCL: Setup Kernel finished, smem 41280 needsFence 1
ja3:927797:927797 [0] NCCL INFO mscclGetCaptureStatus: 0, captureId: 0, size: 0

ja3:927797:927797 [0] NCCL INFO mscclSetupProxy: no capture

ja3:927797:927797 [0] NCCL INFO MSCCL: Setup Kernel finished, smem 41280 needsFence 1
ja3:927797:927797 [0] NCCL INFO mscclGetCaptureStatus: 0, captureId: 0, size: 0

ja3:927797:927797 [0] NCCL INFO mscclSetupProxy: no capture

ja3:927797:927797 [0] NCCL INFO MSCCL: Setup Kernel finished, smem 41280 needsFence 1
ja3:927797:927797 [0] NCCL INFO mscclGetCaptureStatus: 0, captureId: 0, size: 0

ja2:1312459:1312459 [0] NCCL INFO mscclGetCaptureStatus: 0, captureId: 0, size: 0

ja2:1312459:1312459 [0] NCCL INFO mscclSetupProxy: no capture

ja2:1312459:1312459 [0] NCCL INFO MSCCL: Setup Kernel finished, smem 41280 needsFence 1
ja2:1312459:1312459 [0] NCCL INFO mscclGetCaptureStatus: 0, captureId: 0, size: 0

ja2:1312459:1312459 [0] NCCL INFO mscclSetupProxy: no capture

ja2:1312459:1312459 [0] NCCL INFO MSCCL: Setup Kernel finished, smem 41280 needsFence 1
ja2:1312459:1312459 [0] NCCL INFO mscclGetCaptureStatus: 0, captureId: 0, size: 0

ja2:1312459:1312459 [0] NCCL INFO mscclSetupProxy: no capture

ja2:1312459:1312459 [0] NCCL INFO MSCCL: Setup Kernel finished, smem 41280 needsFence 1
ja2:1312459:1312459 [0] NCCL INFO mscclGetCaptureStatus: 0, captureId: 0, size: 0

ja2:1312459:1312459 [0] NCCL INFO mscclSetupProxy: no capture

ja2:1312459:1312459 [0] NCCL INFO MSCCL: Setup Kernel finished, smem 41280 needsFence 1
ja2:1312459:1312459 [0] NCCL INFO mscclGetCaptureStatus: 0, captureId: 0, size: 0

ja2:1312459:1312459 [0] NCCL INFO mscclSetupProxy: no capture

ja2:1312459:1312459 [0] NCCL INFO MSCCL: Setup Kernel finished, smem 41280 needsFence 1
ja2:1312459:1312459 [0] NCCL INFO mscclGetCaptureStatus: 0, captureId: 0, size: 0

ja2:1312459:1312459 [0] NCCL INFO mscclSetupProxy: no capture

ja2:1312459:1312459 [0] NCCL INFO MSCCL: Setup Kernel finished, smem 41280 needsFence 1
ja2:1312459:1312459 [0] NCCL INFO mscclGetCaptureStatus: 0, captureId: 0, size: 0

ja2:1312459:1312459 [0] NCCL INFO mscclSetupProxy: no capture

ja2:1312459:1312459 [0] NCCL INFO MSCCL: Setup Kernel finished, smem 41280 needsFence 1
ja2:1312459:1312459 [0] NCCL INFO mscclGetCaptureStatus: 0, captureId: 0, size: 0

ja2:1312459:1312459 [0] NCCL INFO mscclSetupProxy: no capture

ja2:1312459:1312459 [0] NCCL INFO MSCCL: Setup Kernel finished, smem 41280 needsFence 1
ja4:2516952:2516952 [0] NCCL INFO MSCCL: Setup Kernel finished, smem 41280 needsFence 1
ja4:2516952:2516952 [0] NCCL INFO mscclGetCaptureStatus: 0, captureId: 0, size: 0

ja4:2516952:2516952 [0] NCCL INFO mscclSetupProxy: no capture

ja4:2516952:2516952 [0] NCCL INFO MSCCL: Setup Kernel finished, smem 41280 needsFence 1
ja4:2516952:2516952 [0] NCCL INFO mscclGetCaptureStatus: 0, captureId: 0, size: 0

ja4:2516952:2516952 [0] NCCL INFO mscclSetupProxy: no capture

ja4:2516952:2516952 [0] NCCL INFO MSCCL: Setup Kernel finished, smem 41280 needsFence 1
ja4:2516952:2516952 [0] NCCL INFO mscclGetCaptureStatus: 0, captureId: 0, size: 0

ja4:2516952:2516952 [0] NCCL INFO mscclSetupProxy: no capture

ja3:927797:927797 [0] NCCL INFO mscclSetupProxy: no capture

ja3:927797:927797 [0] NCCL INFO MSCCL: Setup Kernel finished, smem 41280 needsFence 1
ja3:927797:927797 [0] NCCL INFO mscclGetCaptureStatus: 0, captureId: 0, size: 0

ja3:927797:927797 [0] NCCL INFO mscclSetupProxy: no capture

ja3:927797:927797 [0] NCCL INFO MSCCL: Setup Kernel finished, smem 41280 needsFence 1
ja3:927797:927797 [0] NCCL INFO mscclGetCaptureStatus: 0, captureId: 0, size: 0

ja4:2516952:2516952 [0] NCCL INFO MSCCL: Setup Kernel finished, smem 41280 needsFence 1
ja4:2516952:2516952 [0] NCCL INFO mscclGetCaptureStatus: 0, captureId: 0, size: 0

ja4:2516952:2516952 [0] NCCL INFO mscclSetupProxy: no capture

ja4:2516952:2516952 [0] NCCL INFO MSCCL: Setup Kernel finished, smem 41280 needsFence 1
ja4:2516952:2516952 [0] NCCL INFO mscclGetCaptureStatus: 0, captureId: 0, size: 0

ja4:2516952:2516952 [0] NCCL INFO mscclSetupProxy: no capture

ja4:2516952:2516952 [0] NCCL INFO MSCCL: Setup Kernel finished, smem 41280 needsFence 1
ja4:2516952:2516952 [0] NCCL INFO mscclGetCaptureStatus: 0, captureId: 0, size: 0

ja4:2516952:2516952 [0] NCCL INFO mscclSetupProxy: no capture

ja4:2516952:2516952 [0] NCCL INFO MSCCL: Setup Kernel finished, smem 41280 needsFence 1
ja3:927797:927797 [0] NCCL INFO mscclSetupProxy: no capture

ja3:927797:927797 [0] NCCL INFO MSCCL: Setup Kernel finished, smem 41280 needsFence 1
ja3:927797:927797 [0] NCCL INFO mscclGetCaptureStatus: 0, captureId: 0, size: 0

ja3:927797:927797 [0] NCCL INFO mscclSetupProxy: no capture

ja3:927797:927797 [0] NCCL INFO MSCCL: Setup Kernel finished, smem 41280 needsFence 1
ja3:927797:927797 [0] NCCL INFO mscclGetCaptureStatus: 0, captureId: 0, size: 0

ja3:927797:927797 [0] NCCL INFO mscclSetupProxy: no capture

ja3:927797:927797 [0] NCCL INFO MSCCL: Setup Kernel finished, smem 41280 needsFence 1
ja4:2516952:2516952 [0] NCCL INFO mscclGetCaptureStatus: 0, captureId: 0, size: 0

ja4:2516952:2516952 [0] NCCL INFO mscclSetupProxy: no capture

ja4:2516952:2516952 [0] NCCL INFO MSCCL: Setup Kernel finished, smem 41280 needsFence 1
ja4:2516952:2516952 [0] NCCL INFO mscclGetCaptureStatus: 0, captureId: 0, size: 0

ja4:2516952:2516952 [0] NCCL INFO mscclSetupProxy: no capture

ja4:2516952:2516952 [0] NCCL INFO MSCCL: Setup Kernel finished, smem 41280 needsFence 1
ja3:927797:927797 [0] NCCL INFO mscclGetCaptureStatus: 0, captureId: 0, size: 0

ja3:927797:927797 [0] NCCL INFO mscclSetupProxy: no capture

ja3:927797:927797 [0] NCCL INFO MSCCL: Setup Kernel finished, smem 41280 needsFence 1
ja3:927797:927797 [0] NCCL INFO mscclGetCaptureStatus: 0, captureId: 0, size: 0

ja3:927797:927797 [0] NCCL INFO mscclSetupProxy: no capture

ja3:927797:927797 [0] NCCL INFO MSCCL: Setup Kernel finished, smem 41280 needsFence 1
ja4:2516952:2516952 [0] NCCL INFO mscclGetCaptureStatus: 0, captureId: 0, size: 0

ja4:2516952:2516952 [0] NCCL INFO mscclSetupProxy: no capture

ja4:2516952:2516952 [0] NCCL INFO MSCCL: Setup Kernel finished, smem 41280 needsFence 1
ja4:2516952:2516952 [0] NCCL INFO mscclGetCaptureStatus: 0, captureId: 0, size: 0

ja4:2516952:2516952 [0] NCCL INFO mscclSetupProxy: no capture

ja4:2516952:2516952 [0] NCCL INFO MSCCL: Setup Kernel finished, smem 41280 needsFence 1
ja4:2516952:2516952 [0] NCCL INFO mscclGetCaptureStatus: 0, captureId: 0, size: 0

ja4:2516952:2516952 [0] NCCL INFO mscclSetupProxy: no capture

ja4:2516952:2516952 [0] NCCL INFO MSCCL: Setup Kernel finished, smem 41280 needsFence 1
ja4:2516952:2516952 [0] NCCL INFO mscclGetCaptureStatus: 0, captureId: 0, size: 0

ja4:2516952:2516952 [0] NCCL INFO mscclSetupProxy: no capture

ja4:2516952:2516952 [0] NCCL INFO MSCCL: Setup Kernel finished, smem 41280 needsFence 1
ja4:2516952:2516952 [0] NCCL INFO mscclGetCaptureStatus: 0, captureId: 0, size: 0

ja3:927797:927797 [0] NCCL INFO mscclGetCaptureStatus: 0, captureId: 0, size: 0

ja3:927797:927797 [0] NCCL INFO mscclSetupProxy: no capture

ja3:927797:927797 [0] NCCL INFO MSCCL: Setup Kernel finished, smem 41280 needsFence 1
ja4:2516952:2516952 [0] NCCL INFO mscclSetupProxy: no capture

ja4:2516952:2516952 [0] NCCL INFO MSCCL: Setup Kernel finished, smem 41280 needsFence 1
ja4:2516952:2516952 [0] NCCL INFO mscclGetCaptureStatus: 0, captureId: 0, size: 0

ja4:2516952:2516952 [0] NCCL INFO mscclSetupProxy: no capture

ja4:2516952:2516952 [0] NCCL INFO MSCCL: Setup Kernel finished, smem 41280 needsFence 1
ja4:2516952:2516952 [0] NCCL INFO mscclGetCaptureStatus: 0, captureId: 0, size: 0

ja4:2516952:2516952 [0] NCCL INFO mscclSetupProxy: no capture

ja4:2516952:2516952 [0] NCCL INFO MSCCL: Setup Kernel finished, smem 41280 needsFence 1
ja3:927797:927797 [0] NCCL INFO mscclGetCaptureStatus: 0, captureId: 0, size: 0

ja3:927797:927797 [0] NCCL INFO mscclSetupProxy: no capture

ja3:927797:927797 [0] NCCL INFO MSCCL: Setup Kernel finished, smem 41280 needsFence 1
ja3:927797:927797 [0] NCCL INFO mscclGetCaptureStatus: 0, captureId: 0, size: 0

ja3:927797:927797 [0] NCCL INFO mscclSetupProxy: no capture

ja3:927797:927797 [0] NCCL INFO MSCCL: Setup Kernel finished, smem 41280 needsFence 1
ja3:927797:927797 [0] NCCL INFO mscclGetCaptureStatus: 0, captureId: 0, size: 0

ja3:927797:927797 [0] NCCL INFO mscclSetupProxy: no capture

ja3:927797:927797 [0] NCCL INFO MSCCL: Setup Kernel finished, smem 41280 needsFence 1
ja3:927797:927797 [0] NCCL INFO mscclGetCaptureStatus: 0, captureId: 0, size: 0

ja3:927797:927797 [0] NCCL INFO mscclSetupProxy: no capture

ja3:927797:927797 [0] NCCL INFO MSCCL: Setup Kernel finished, smem 41280 needsFence 1
ja3:927797:927797 [0] NCCL INFO mscclGetCaptureStatus: 0, captureId: 0, size: 0

ja3:927797:927797 [0] NCCL INFO mscclSetupProxy: no capture

ja3:927797:927797 [0] NCCL INFO MSCCL: Setup Kernel finished, smem 41280 needsFence 1
ja3:927797:927797 [0] NCCL INFO mscclGetCaptureStatus: 0, captureId: 0, size: 0

ja3:927797:927797 [0] NCCL INFO mscclSetupProxy: no capture

ja3:927797:927797 [0] NCCL INFO MSCCL: Setup Kernel finished, smem 41280 needsFence 1
ja3:927797:927797 [0] NCCL INFO mscclGetCaptureStatus: 0, captureId: 0, size: 0

ja3:927797:927797 [0] NCCL INFO mscclSetupProxy: no capture

ja3:927797:927797 [0] NCCL INFO MSCCL: Setup Kernel finished, smem 41280 needsFence 1
ja2:1312459:1312459 [0] NCCL INFO mscclGetCaptureStatus: 0, captureId: 0, size: 0

ja2:1312459:1312459 [0] NCCL INFO mscclSetupProxy: no capture

ja2:1312459:1312459 [0] NCCL INFO MSCCL: Setup Kernel finished, smem 41280 needsFence 1
ja4:2516952:2516952 [0] NCCL INFO mscclGetCaptureStatus: 0, captureId: 0, size: 0

ja4:2516952:2516952 [0] NCCL INFO mscclSetupProxy: no capture

ja4:2516952:2516952 [0] NCCL INFO MSCCL: Setup Kernel finished, smem 41280 needsFence 1
ja3:927797:927797 [0] NCCL INFO mscclGetCaptureStatus: 0, captureId: 0, size: 0

ja3:927797:927797 [0] NCCL INFO mscclSetupProxy: no capture

ja3:927797:927797 [0] NCCL INFO MSCCL: Setup Kernel finished, smem 41280 needsFence 1
    83.64    0.04    0.02      0
ja4:2516952:2516952 [0] NCCL INFO mscclGetCaptureStatus: 0, captureId: 0, size: 0

ja4:2516952:2516952 [0] NCCL INFO mscclSetupProxy: no capture

ja4:2516952:2516952 [0] NCCL INFO MSCCL: Setup Kernel finished, smem 41280 needsFence 1
        6144           512     float    none      -1    25.51    0.24    0.16      0ja2:1312459:1312459 [0] NCCL INFO mscclGetCaptureStatus: 0, captureId: 0, size: 0

ja2:1312459:1312459 [0] NCCL INFO mscclSetupProxy: no capture

ja2:1312459:1312459 [0] NCCL INFO MSCCL: Setup Kernel finished, smem 41280 needsFence 1
ja3:927797:927797 [0] NCCL INFO mscclGetCaptureStatus: 0, captureId: 0, size: 0

ja3:927797:927797 [0] NCCL INFO mscclSetupProxy: no capture

ja3:927797:927797 [0] NCCL INFO MSCCL: Setup Kernel finished, smem 41280 needsFence 1
ja2:1312459:1312459 [0] NCCL INFO mscclGetCaptureStatus: 0, captureId: 0, size: 0

ja2:1312459:1312459 [0] NCCL INFO mscclSetupProxy: no capture

ja2:1312459:1312459 [0] NCCL INFO MSCCL: Setup Kernel finished, smem 41280 needsFence 1
ja2:1312459:1312459 [0] NCCL INFO mscclGetCaptureStatus: 0, captureId: 0, size: 0

ja2:1312459:1312459 [0] NCCL INFO mscclSetupProxy: no capture

ja2:1312459:1312459 [0] NCCL INFO MSCCL: Setup Kernel finished, smem 41280 needsFence 1
ja2:1312459:1312459 [0] NCCL INFO mscclGetCaptureStatus: 0, captureId: 0, size: 0

ja2:1312459:1312459 [0] NCCL INFO mscclSetupProxy: no capture

ja2:1312459:1312459 [0] NCCL INFO MSCCL: Setup Kernel finished, smem 41280 needsFence 1
ja2:1312459:1312459 [0] NCCL INFO mscclGetCaptureStatus: 0, captureId: 0, size: 0

ja2:1312459:1312459 [0] NCCL INFO mscclSetupProxy: no capture

ja2:1312459:1312459 [0] NCCL INFO MSCCL: Setup Kernel finished, smem 41280 needsFence 1
ja2:1312459:1312459 [0] NCCL INFO mscclGetCaptureStatus: 0, captureId: 0, size: 0

ja2:1312459:1312459 [0] NCCL INFO mscclSetupProxy: no capture

ja2:1312459:1312459 [0] NCCL INFO MSCCL: Setup Kernel finished, smem 41280 needsFence 1
ja2:1312459:1312459 [0] NCCL INFO mscclGetCaptureStatus: 0, captureId: 0, size: 0

ja2:1312459:1312459 [0] NCCL INFO mscclSetupProxy: no capture

ja2:1312459:1312459 [0] NCCL INFO MSCCL: Setup Kernel finished, smem 41280 needsFence 1
ja2:1312459:1312459 [0] NCCL INFO mscclGetCaptureStatus: 0, captureId: 0, size: 0

ja2:1312459:1312459 [0] NCCL INFO mscclSetupProxy: no capture

ja4:2516952:2516952 [0] NCCL INFO mscclGetCaptureStatus: 0, captureId: 0, size: 0

ja4:2516952:2516952 [0] NCCL INFO mscclSetupProxy: no capture

ja4:2516952:2516952 [0] NCCL INFO MSCCL: Setup Kernel finished, smem 41280 needsFence 1
ja4:2516952:2516952 [0] NCCL INFO mscclGetCaptureStatus: 0, captureId: 0, size: 0

ja3:927797:927797 [0] NCCL INFO mscclGetCaptureStatus: 0, captureId: 0, size: 0

ja3:927797:927797 [0] NCCL INFO mscclSetupProxy: no capture

ja3:927797:927797 [0] NCCL INFO MSCCL: Setup Kernel finished, smem 41280 needsFence 1
ja3:927797:927797 [0] NCCL INFO mscclGetCaptureStatus: 0, captureId: 0, size: 0

ja3:927797:927797 [0] NCCL INFO mscclSetupProxy: no capture

ja3:927797:927797 [0] NCCL INFO MSCCL: Setup Kernel finished, smem 41280 needsFence 1
ja4:2516952:2516952 [0] NCCL INFO mscclSetupProxy: no capture

ja4:2516952:2516952 [0] NCCL INFO MSCCL: Setup Kernel finished, smem 41280 needsFence 1
ja4:2516952:2516952 [0] NCCL INFO mscclGetCaptureStatus: 0, captureId: 0, size: 0

ja4:2516952:2516952 [0] NCCL INFO mscclSetupProxy: no capture

ja3:927797:927797 [0] NCCL INFO mscclGetCaptureStatus: 0, captureId: 0, size: 0

ja3:927797:927797 [0] NCCL INFO mscclSetupProxy: no capture

ja3:927797:927797 [0] NCCL INFO MSCCL: Setup Kernel finished, smem 41280 needsFence 1
ja4:2516952:2516952 [0] NCCL INFO MSCCL: Setup Kernel finished, smem 41280 needsFence 1
ja4:2516952:2516952 [0] NCCL INFO mscclGetCaptureStatus: 0, captureId: 0, size: 0

ja4:2516952:2516952 [0] NCCL INFO mscclSetupProxy: no capture

ja4:2516952:2516952 [0] NCCL INFO MSCCL: Setup Kernel finished, smem 41280 needsFence 1
ja4:2516952:2516952 [0] NCCL INFO mscclGetCaptureStatus: 0, captureId: 0, size: 0

ja4:2516952:2516952 [0] NCCL INFO mscclSetupProxy: no capture

ja4:2516952:2516952 [0] NCCL INFO MSCCL: Setup Kernel finished, smem 41280 needsFence 1
ja4:2516952:2516952 [0] NCCL INFO mscclGetCaptureStatus: 0, captureId: 0, size: 0

ja3:927797:927797 [0] NCCL INFO mscclGetCaptureStatus: 0, captureId: 0, size: 0

ja3:927797:927797 [0] NCCL INFO mscclSetupProxy: no capture

ja3:927797:927797 [0] NCCL INFO MSCCL: Setup Kernel finished, smem 41280 needsFence 1
ja3:927797:927797 [0] NCCL INFO mscclGetCaptureStatus: 0, captureId: 0, size: 0

ja3:927797:927797 [0] NCCL INFO mscclSetupProxy: no capture

ja3:927797:927797 [0] NCCL INFO MSCCL: Setup Kernel finished, smem 41280 needsFence 1
ja3:927797:927797 [0] NCCL INFO mscclGetCaptureStatus: 0, captureId: 0, size: 0

ja3:927797:927797 [0] NCCL INFO mscclSetupProxy: no capture

ja4:2516952:2516952 [0] NCCL INFO mscclSetupProxy: no capture

ja4:2516952:2516952 [0] NCCL INFO MSCCL: Setup Kernel finished, smem 41280 needsFence 1
ja4:2516952:2516952 [0] NCCL INFO mscclGetCaptureStatus: 0, captureId: 0, size: 0

ja4:2516952:2516952 [0] NCCL INFO mscclSetupProxy: no capture

ja4:2516952:2516952 [0] NCCL INFO MSCCL: Setup Kernel finished, smem 41280 needsFence 1
ja4:2516952:2516952 [0] NCCL INFO mscclGetCaptureStatus: 0, captureId: 0, size: 0

ja4:2516952:2516952 [0] NCCL INFO mscclSetupProxy: no capture

ja4:2516952:2516952 [0] NCCL INFO MSCCL: Setup Kernel finished, smem 41280 needsFence 1
ja4:2516952:2516952 [0] NCCL INFO mscclGetCaptureStatus: 0, captureId: 0, size: 0

ja4:2516952:2516952 [0] NCCL INFO mscclSetupProxy: no capture

ja4:2516952:2516952 [0] NCCL INFO MSCCL: Setup Kernel finished, smem 41280 needsFence 1
ja2:1312459:1312459 [0] NCCL INFO MSCCL: Setup Kernel finished, smem 41280 needsFence 1
ja2:1312459:1312459 [0] NCCL INFO mscclGetCaptureStatus: 0, captureId: 0, size: 0

ja2:1312459:1312459 [0] NCCL INFO mscclSetupProxy: no capture

ja2:1312459:1312459 [0] NCCL INFO MSCCL: Setup Kernel finished, smem 41280 needsFence 1
ja4:2516952:2516952 [0] NCCL INFO mscclGetCaptureStatus: 0, captureId: 0, size: 0

ja4:2516952:2516952 [0] NCCL INFO mscclSetupProxy: no capture

ja4:2516952:2516952 [0] NCCL INFO MSCCL: Setup Kernel finished, smem 41280 needsFence 1
ja4:2516952:2516952 [0] NCCL INFO mscclGetCaptureStatus: 0, captureId: 0, size: 0

ja4:2516952:2516952 [0] NCCL INFO mscclSetupProxy: no capture

ja4:2516952:2516952 [0] NCCL INFO MSCCL: Setup Kernel finished, smem 41280 needsFence 1
ja4:2516952:2516952 [0] NCCL INFO mscclGetCaptureStatus: 0, captureId: 0, size: 0

ja4:2516952:2516952 [0] NCCL INFO mscclSetupProxy: no capture

ja4:2516952:2516952 [0] NCCL INFO MSCCL: Setup Kernel finished, smem 41280 needsFence 1
ja3:927797:927797 [0] NCCL INFO MSCCL: Setup Kernel finished, smem 41280 needsFence 1
ja3:927797:927797 [0] NCCL INFO mscclGetCaptureStatus: 0, captureId: 0, size: 0

ja3:927797:927797 [0] NCCL INFO mscclSetupProxy: no capture

ja3:927797:927797 [0] NCCL INFO MSCCL: Setup Kernel finished, smem 41280 needsFence 1
ja3:927797:927797 [0] NCCL INFO mscclGetCaptureStatus: 0, captureId: 0, size: 0

ja3:927797:927797 [0] NCCL INFO mscclSetupProxy: no capture

ja3:927797:927797 [0] NCCL INFO MSCCL: Setup Kernel finished, smem 41280 needsFence 1
ja3:927797:927797 [0] NCCL INFO mscclGetCaptureStatus: 0, captureId: 0, size: 0

ja3:927797:927797 [0] NCCL INFO mscclSetupProxy: no capture

ja3:927797:927797 [0] NCCL INFO MSCCL: Setup Kernel finished, smem 41280 needsFence 1
ja4:2516952:2516952 [0] NCCL INFO mscclGetCaptureStatus: 0, captureId: 0, size: 0

ja4:2516952:2516952 [0] NCCL INFO mscclSetupProxy: no capture

ja4:2516952:2516952 [0] NCCL INFO MSCCL: Setup Kernel finished, smem 41280 needsFence 1
ja4:2516952:2516952 [0] NCCL INFO mscclGetCaptureStatus: 0, captureId: 0, size: 0

ja4:2516952:2516952 [0] NCCL INFO mscclSetupProxy: no capture

ja4:2516952:2516952 [0] NCCL INFO MSCCL: Setup Kernel finished, smem 41280 needsFence 1
ja3:927797:927797 [0] NCCL INFO mscclGetCaptureStatus: 0, captureId: 0, size: 0

ja3:927797:927797 [0] NCCL INFO mscclSetupProxy: no capture

ja3:927797:927797 [0] NCCL INFO MSCCL: Setup Kernel finished, smem 41280 needsFence 1
ja3:927797:927797 [0] NCCL INFO mscclGetCaptureStatus: 0, captureId: 0, size: 0

ja3:927797:927797 [0] NCCL INFO mscclSetupProxy: no capture

ja3:927797:927797 [0] NCCL INFO MSCCL: Setup Kernel finished, smem 41280 needsFence 1
ja3:927797:927797 [0] NCCL INFO mscclGetCaptureStatus: 0, captureId: 0, size: 0

ja3:927797:927797 [0] NCCL INFO mscclSetupProxy: no capture

ja2:1312459:1312459 [0] NCCL INFO mscclGetCaptureStatus: 0, captureId: 0, size: 0

ja2:1312459:1312459 [0] NCCL INFO mscclSetupProxy: no capture

ja2:1312459:1312459 [0] NCCL INFO MSCCL: Setup Kernel finished, smem 41280 needsFence 1
ja2:1312459:1312459 [0] NCCL INFO mscclGetCaptureStatus: 0, captureId: 0, size: 0

ja3:927797:927797 [0] NCCL INFO MSCCL: Setup Kernel finished, smem 41280 needsFence 1
ja3:927797:927797 [0] NCCL INFO mscclGetCaptureStatus: 0, captureId: 0, size: 0

ja3:927797:927797 [0] NCCL INFO mscclSetupProxy: no capture

ja3:927797:927797 [0] NCCL INFO MSCCL: Setup Kernel finished, smem 41280 needsFence 1
ja3:927797:927797 [0] NCCL INFO mscclGetCaptureStatus: 0, captureId: 0, size: 0

ja3:927797:927797 [0] NCCL INFO mscclSetupProxy: no capture

ja2:1312459:1312459 [0] NCCL INFO mscclSetupProxy: no capture

ja2:1312459:1312459 [0] NCCL INFO MSCCL: Setup Kernel finished, smem 41280 needsFence 1
ja2:1312459:1312459 [0] NCCL INFO mscclGetCaptureStatus: 0, captureId: 0, size: 0

ja2:1312459:1312459 [0] NCCL INFO mscclSetupProxy: no capture

ja2:1312459:1312459 [0] NCCL INFO MSCCL: Setup Kernel finished, smem 41280 needsFence 1
ja2:1312459:1312459 [0] NCCL INFO mscclGetCaptureStatus: 0, captureId: 0, size: 0

ja2:1312459:1312459 [0] NCCL INFO mscclSetupProxy: no capture

ja2:1312459:1312459 [0] NCCL INFO MSCCL: Setup Kernel finished, smem 41280 needsFence 1
ja3:927797:927797 [0] NCCL INFO MSCCL: Setup Kernel finished, smem 41280 needsFence 1
ja3:927797:927797 [0] NCCL INFO mscclGetCaptureStatus: 0, captureId: 0, size: 0

ja3:927797:927797 [0] NCCL INFO mscclSetupProxy: no capture

ja3:927797:927797 [0] NCCL INFO MSCCL: Setup Kernel finished, smem 41280 needsFence 1
ja2:1312459:1312459 [0] NCCL INFO mscclGetCaptureStatus: 0, captureId: 0, size: 0

ja2:1312459:1312459 [0] NCCL INFO mscclSetupProxy: no capture

ja2:1312459:1312459 [0] NCCL INFO MSCCL: Setup Kernel finished, smem 41280 needsFence 1
ja2:1312459:1312459 [0] NCCL INFO mscclGetCaptureStatus: 0, captureId: 0, size: 0

ja2:1312459:1312459 [0] NCCL INFO mscclSetupProxy: no capture

ja2:1312459:1312459 [0] NCCL INFO MSCCL: Setup Kernel finished, smem 41280 needsFence 1
ja2:1312459:1312459 [0] NCCL INFO mscclGetCaptureStatus: 0, captureId: 0, size: 0

ja2:1312459:1312459 [0] NCCL INFO mscclSetupProxy: no capture

ja2:1312459:1312459 [0] NCCL INFO MSCCL: Setup Kernel finished, smem 41280 needsFence 1
ja2:1312459:1312459 [0] NCCL INFO mscclGetCaptureStatus: 0, captureId: 0, size: 0

ja2:1312459:1312459 [0] NCCL INFO mscclSetupProxy: no capture

ja2:1312459:1312459 [0] NCCL INFO MSCCL: Setup Kernel finished, smem 41280 needsFence 1
ja3:927797:927797 [0] NCCL INFO mscclGetCaptureStatus: 0, captureId: 0, size: 0

ja3:927797:927797 [0] NCCL INFO mscclSetupProxy: no capture

ja3:927797:927797 [0] NCCL INFO MSCCL: Setup Kernel finished, smem 41280 needsFence 1
ja3:927797:927797 [0] NCCL INFO mscclGetCaptureStatus: 0, captureId: 0, size: 0

ja3:927797:927797 [0] NCCL INFO mscclSetupProxy: no capture

ja3:927797:927797 [0] NCCL INFO MSCCL: Setup Kernel finished, smem 41280 needsFence 1
ja2:1312459:1312459 [0] NCCL INFO mscclGetCaptureStatus: 0, captureId: 0, size: 0

ja2:1312459:1312459 [0] NCCL INFO mscclSetupProxy: no capture

ja2:1312459:1312459 [0] NCCL INFO MSCCL: Setup Kernel finished, smem 41280 needsFence 1
ja2:1312459:1312459 [0] NCCL INFO mscclGetCaptureStatus: 0, captureId: 0, size: 0

ja2:1312459:1312459 [0] NCCL INFO mscclSetupProxy: no capture

ja2:1312459:1312459 [0] NCCL INFO MSCCL: Setup Kernel finished, smem 41280 needsFence 1
ja2:1312459:1312459 [0] NCCL INFO mscclGetCaptureStatus: 0, captureId: 0, size: 0

ja2:1312459:1312459 [0] NCCL INFO mscclSetupProxy: no capture

ja2:1312459:1312459 [0] NCCL INFO MSCCL: Setup Kernel finished, smem 41280 needsFence 1
ja2:1312459:1312459 [0] NCCL INFO mscclGetCaptureStatus: 0, captureId: 0, size: 0

ja2:1312459:1312459 [0] NCCL INFO mscclSetupProxy: no capture

ja2:1312459:1312459 [0] NCCL INFO MSCCL: Setup Kernel finished, smem 41280 needsFence 1
ja4:2516952:2516952 [0] NCCL INFO mscclGetCaptureStatus: 0, captureId: 0, size: 0

ja4:2516952:2516952 [0] NCCL INFO mscclSetupProxy: no capture

ja4:2516952:2516952 [0] NCCL INFO MSCCL: Setup Kernel finished, smem 41280 needsFence 1
ja4:2516952:2516952 [0] NCCL INFO mscclGetCaptureStatus: 0, captureId: 0, size: 0

ja4:2516952:2516952 [0] NCCL INFO mscclSetupProxy: no capture

ja4:2516952:2516952 [0] NCCL INFO MSCCL: Setup Kernel finished, smem 41280 needsFence 1
ja4:2516952:2516952 [0] NCCL INFO mscclGetCaptureStatus: 0, captureId: 0, size: 0

ja4:2516952:2516952 [0] NCCL INFO mscclSetupProxy: no capture

ja4:2516952:2516952 [0] NCCL INFO MSCCL: Setup Kernel finished, smem 41280 needsFence 1
ja4:2516952:2516952 [0] NCCL INFO mscclGetCaptureStatus: 0, captureId: 0, size: 0

ja4:2516952:2516952 [0] NCCL INFO mscclSetupProxy: no capture

ja4:2516952:2516952 [0] NCCL INFO MSCCL: Setup Kernel finished, smem 41280 needsFence 1
ja4:2516952:2516952 [0] NCCL INFO mscclGetCaptureStatus: 0, captureId: 0, size: 0

ja3:927797:927797 [0] NCCL INFO mscclGetCaptureStatus: 0, captureId: 0, size: 0

ja3:927797:927797 [0] NCCL INFO mscclSetupProxy: no capture

ja3:927797:927797 [0] NCCL INFO MSCCL: Setup Kernel finished, smem 41280 needsFence 1
ja3:927797:927797 [0] NCCL INFO mscclGetCaptureStatus: 0, captureId: 0, size: 0

ja3:927797:927797 [0] NCCL INFO mscclSetupProxy: no capture

ja3:927797:927797 [0] NCCL INFO MSCCL: Setup Kernel finished, smem 41280 needsFence 1
ja4:2516952:2516952 [0] NCCL INFO mscclSetupProxy: no capture

ja4:2516952:2516952 [0] NCCL INFO MSCCL: Setup Kernel finished, smem 41280 needsFence 1
ja4:2516952:2516952 [0] NCCL INFO mscclGetCaptureStatus: 0, captureId: 0, size: 0

ja4:2516952:2516952 [0] NCCL INFO mscclSetupProxy: no capture

ja4:2516952:2516952 [0] NCCL INFO MSCCL: Setup Kernel finished, smem 41280 needsFence 1
ja3:927797:927797 [0] NCCL INFO mscclGetCaptureStatus: 0, captureId: 0, size: 0

ja3:927797:927797 [0] NCCL INFO mscclSetupProxy: no capture

ja3:927797:927797 [0] NCCL INFO MSCCL: Setup Kernel finished, smem 41280 needsFence 1
ja2:1312459:1312459 [0] NCCL INFO mscclGetCaptureStatus: 0, captureId: 0, size: 0

ja2:1312459:1312459 [0] NCCL INFO mscclSetupProxy: no capture

ja2:1312459:1312459 [0] NCCL INFO MSCCL: Setup Kernel finished, smem 41280 needsFence 1
ja4:2516952:2516952 [0] NCCL INFO mscclGetCaptureStatus: 0, captureId: 0, size: 0

ja4:2516952:2516952 [0] NCCL INFO mscclSetupProxy: no capture

ja4:2516952:2516952 [0] NCCL INFO MSCCL: Setup Kernel finished, smem 41280 needsFence 1
ja3:927797:927797 [0] NCCL INFO mscclGetCaptureStatus: 0, captureId: 0, size: 0

ja3:927797:927797 [0] NCCL INFO mscclSetupProxy: no capture

ja3:927797:927797 [0] NCCL INFO MSCCL: Setup Kernel finished, smem 41280 needsFence 1
    87.46    0.07    0.05      0
       12288          1024     float    none      -1    27.77    0.44    0.29      0ja2:1312459:1312459 [0] NCCL INFO mscclGetCaptureStatus: 0, captureId: 0, size: 0

ja2:1312459:1312459 [0] NCCL INFO mscclSetupProxy: no capture

ja2:1312459:1312459 [0] NCCL INFO MSCCL: Setup Kernel finished, smem 41280 needsFence 1
ja4:2516952:2516952 [0] NCCL INFO mscclGetCaptureStatus: 0, captureId: 0, size: 0

ja4:2516952:2516952 [0] NCCL INFO mscclSetupProxy: no capture

ja4:2516952:2516952 [0] NCCL INFO MSCCL: Setup Kernel finished, smem 41280 needsFence 1
ja3:927797:927797 [0] NCCL INFO mscclGetCaptureStatus: 0, captureId: 0, size: 0

ja3:927797:927797 [0] NCCL INFO mscclSetupProxy: no capture

ja3:927797:927797 [0] NCCL INFO MSCCL: Setup Kernel finished, smem 41280 needsFence 1
ja2:1312459:1312459 [0] NCCL INFO mscclGetCaptureStatus: 0, captureId: 0, size: 0

ja2:1312459:1312459 [0] NCCL INFO mscclSetupProxy: no capture

ja2:1312459:1312459 [0] NCCL INFO MSCCL: Setup Kernel finished, smem 41280 needsFence 1
ja2:1312459:1312459 [0] NCCL INFO mscclGetCaptureStatus: 0, captureId: 0, size: 0

ja4:2516952:2516952 [0] NCCL INFO mscclGetCaptureStatus: 0, captureId: 0, size: 0

ja4:2516952:2516952 [0] NCCL INFO mscclSetupProxy: no capture

ja4:2516952:2516952 [0] NCCL INFO MSCCL: Setup Kernel finished, smem 41280 needsFence 1
ja3:927797:927797 [0] NCCL INFO mscclGetCaptureStatus: 0, captureId: 0, size: 0

ja3:927797:927797 [0] NCCL INFO mscclSetupProxy: no capture

ja3:927797:927797 [0] NCCL INFO MSCCL: Setup Kernel finished, smem 41280 needsFence 1
ja2:1312459:1312459 [0] NCCL INFO mscclSetupProxy: no capture

ja2:1312459:1312459 [0] NCCL INFO MSCCL: Setup Kernel finished, smem 41280 needsFence 1
ja2:1312459:1312459 [0] NCCL INFO mscclGetCaptureStatus: 0, captureId: 0, size: 0

ja2:1312459:1312459 [0] NCCL INFO mscclSetupProxy: no capture

ja2:1312459:1312459 [0] NCCL INFO MSCCL: Setup Kernel finished, smem 41280 needsFence 1
ja2:1312459:1312459 [0] NCCL INFO mscclGetCaptureStatus: 0, captureId: 0, size: 0

ja2:1312459:1312459 [0] NCCL INFO mscclSetupProxy: no capture

ja2:1312459:1312459 [0] NCCL INFO MSCCL: Setup Kernel finished, smem 41280 needsFence 1
ja4:2516952:2516952 [0] NCCL INFO mscclGetCaptureStatus: 0, captureId: 0, size: 0

ja4:2516952:2516952 [0] NCCL INFO mscclSetupProxy: no capture

ja4:2516952:2516952 [0] NCCL INFO MSCCL: Setup Kernel finished, smem 41280 needsFence 1
ja3:927797:927797 [0] NCCL INFO mscclGetCaptureStatus: 0, captureId: 0, size: 0

ja3:927797:927797 [0] NCCL INFO mscclSetupProxy: no capture

ja3:927797:927797 [0] NCCL INFO MSCCL: Setup Kernel finished, smem 41280 needsFence 1
ja2:1312459:1312459 [0] NCCL INFO mscclGetCaptureStatus: 0, captureId: 0, size: 0

ja2:1312459:1312459 [0] NCCL INFO mscclSetupProxy: no capture

ja2:1312459:1312459 [0] NCCL INFO MSCCL: Setup Kernel finished, smem 41280 needsFence 1
ja2:1312459:1312459 [0] NCCL INFO mscclGetCaptureStatus: 0, captureId: 0, size: 0

ja2:1312459:1312459 [0] NCCL INFO mscclSetupProxy: no capture

ja2:1312459:1312459 [0] NCCL INFO MSCCL: Setup Kernel finished, smem 41280 needsFence 1
ja2:1312459:1312459 [0] NCCL INFO mscclGetCaptureStatus: 0, captureId: 0, size: 0

ja2:1312459:1312459 [0] NCCL INFO mscclSetupProxy: no capture

ja2:1312459:1312459 [0] NCCL INFO MSCCL: Setup Kernel finished, smem 41280 needsFence 1
ja4:2516952:2516952 [0] NCCL INFO mscclGetCaptureStatus: 0, captureId: 0, size: 0

ja4:2516952:2516952 [0] NCCL INFO mscclSetupProxy: no capture

ja4:2516952:2516952 [0] NCCL INFO MSCCL: Setup Kernel finished, smem 41280 needsFence 1
ja4:2516952:2516952 [0] NCCL INFO mscclGetCaptureStatus: 0, captureId: 0, size: 0

ja4:2516952:2516952 [0] NCCL INFO mscclSetupProxy: no capture

ja4:2516952:2516952 [0] NCCL INFO MSCCL: Setup Kernel finished, smem 41280 needsFence 1
ja4:2516952:2516952 [0] NCCL INFO mscclGetCaptureStatus: 0, captureId: 0, size: 0

ja4:2516952:2516952 [0] NCCL INFO mscclSetupProxy: no capture

ja4:2516952:2516952 [0] NCCL INFO MSCCL: Setup Kernel finished, smem 41280 needsFence 1
ja3:927797:927797 [0] NCCL INFO mscclGetCaptureStatus: 0, captureId: 0, size: 0

ja3:927797:927797 [0] NCCL INFO mscclSetupProxy: no capture

ja3:927797:927797 [0] NCCL INFO MSCCL: Setup Kernel finished, smem 41280 needsFence 1
ja3:927797:927797 [0] NCCL INFO mscclGetCaptureStatus: 0, captureId: 0, size: 0

ja3:927797:927797 [0] NCCL INFO mscclSetupProxy: no capture

ja3:927797:927797 [0] NCCL INFO MSCCL: Setup Kernel finished, smem 41280 needsFence 1
ja3:927797:927797 [0] NCCL INFO mscclGetCaptureStatus: 0, captureId: 0, size: 0

ja3:927797:927797 [0] NCCL INFO mscclSetupProxy: no capture

ja3:927797:927797 [0] NCCL INFO MSCCL: Setup Kernel finished, smem 41280 needsFence 1
ja3:927797:927797 [0] NCCL INFO mscclGetCaptureStatus: 0, captureId: 0, size: 0

ja3:927797:927797 [0] NCCL INFO mscclSetupProxy: no capture

ja3:927797:927797 [0] NCCL INFO MSCCL: Setup Kernel finished, smem 41280 needsFence 1
ja2:1312459:1312459 [0] NCCL INFO mscclGetCaptureStatus: 0, captureId: 0, size: 0

ja2:1312459:1312459 [0] NCCL INFO mscclSetupProxy: no capture

ja2:1312459:1312459 [0] NCCL INFO MSCCL: Setup Kernel finished, smem 41280 needsFence 1
ja2:1312459:1312459 [0] NCCL INFO mscclGetCaptureStatus: 0, captureId: 0, size: 0

ja2:1312459:1312459 [0] NCCL INFO mscclSetupProxy: no capture

ja2:1312459:1312459 [0] NCCL INFO MSCCL: Setup Kernel finished, smem 41280 needsFence 1
ja2:1312459:1312459 [0] NCCL INFO mscclGetCaptureStatus: 0, captureId: 0, size: 0

ja2:1312459:1312459 [0] NCCL INFO mscclSetupProxy: no capture

ja2:1312459:1312459 [0] NCCL INFO MSCCL: Setup Kernel finished, smem 41280 needsFence 1
ja4:2516952:2516952 [0] NCCL INFO mscclGetCaptureStatus: 0, captureId: 0, size: 0

ja4:2516952:2516952 [0] NCCL INFO mscclSetupProxy: no capture

ja4:2516952:2516952 [0] NCCL INFO MSCCL: Setup Kernel finished, smem 41280 needsFence 1
ja4:2516952:2516952 [0] NCCL INFO mscclGetCaptureStatus: 0, captureId: 0, size: 0

ja4:2516952:2516952 [0] NCCL INFO mscclSetupProxy: no capture

ja4:2516952:2516952 [0] NCCL INFO MSCCL: Setup Kernel finished, smem 41280 needsFence 1
ja3:927797:927797 [0] NCCL INFO mscclGetCaptureStatus: 0, captureId: 0, size: 0

ja3:927797:927797 [0] NCCL INFO mscclSetupProxy: no capture

ja3:927797:927797 [0] NCCL INFO MSCCL: Setup Kernel finished, smem 41280 needsFence 1
ja3:927797:927797 [0] NCCL INFO mscclGetCaptureStatus: 0, captureId: 0, size: 0

ja3:927797:927797 [0] NCCL INFO mscclSetupProxy: no capture

ja3:927797:927797 [0] NCCL INFO MSCCL: Setup Kernel finished, smem 41280 needsFence 1
ja2:1312459:1312459 [0] NCCL INFO mscclGetCaptureStatus: 0, captureId: 0, size: 0

ja2:1312459:1312459 [0] NCCL INFO mscclSetupProxy: no capture

ja2:1312459:1312459 [0] NCCL INFO MSCCL: Setup Kernel finished, smem 41280 needsFence 1
ja2:1312459:1312459 [0] NCCL INFO mscclGetCaptureStatus: 0, captureId: 0, size: 0

ja2:1312459:1312459 [0] NCCL INFO mscclSetupProxy: no capture

ja2:1312459:1312459 [0] NCCL INFO MSCCL: Setup Kernel finished, smem 41280 needsFence 1
ja2:1312459:1312459 [0] NCCL INFO mscclGetCaptureStatus: 0, captureId: 0, size: 0

ja2:1312459:1312459 [0] NCCL INFO mscclSetupProxy: no capture

ja2:1312459:1312459 [0] NCCL INFO MSCCL: Setup Kernel finished, smem 41280 needsFence 1
ja4:2516952:2516952 [0] NCCL INFO mscclGetCaptureStatus: 0, captureId: 0, size: 0

ja4:2516952:2516952 [0] NCCL INFO mscclSetupProxy: no capture

ja4:2516952:2516952 [0] NCCL INFO MSCCL: Setup Kernel finished, smem 41280 needsFence 1
ja4:2516952:2516952 [0] NCCL INFO mscclGetCaptureStatus: 0, captureId: 0, size: 0

ja4:2516952:2516952 [0] NCCL INFO mscclSetupProxy: no capture

ja4:2516952:2516952 [0] NCCL INFO MSCCL: Setup Kernel finished, smem 41280 needsFence 1
ja4:2516952:2516952 [0] NCCL INFO mscclGetCaptureStatus: 0, captureId: 0, size: 0

ja4:2516952:2516952 [0] NCCL INFO mscclSetupProxy: no capture

ja4:2516952:2516952 [0] NCCL INFO MSCCL: Setup Kernel finished, smem 41280 needsFence 1
ja4:2516952:2516952 [0] NCCL INFO mscclGetCaptureStatus: 0, captureId: 0, size: 0

ja3:927797:927797 [0] NCCL INFO mscclGetCaptureStatus: 0, captureId: 0, size: 0

ja3:927797:927797 [0] NCCL INFO mscclSetupProxy: no capture

ja3:927797:927797 [0] NCCL INFO MSCCL: Setup Kernel finished, smem 41280 needsFence 1
ja3:927797:927797 [0] NCCL INFO mscclGetCaptureStatus: 0, captureId: 0, size: 0

ja3:927797:927797 [0] NCCL INFO mscclSetupProxy: no capture

ja3:927797:927797 [0] NCCL INFO MSCCL: Setup Kernel finished, smem 41280 needsFence 1
ja3:927797:927797 [0] NCCL INFO mscclGetCaptureStatus: 0, captureId: 0, size: 0

ja3:927797:927797 [0] NCCL INFO mscclSetupProxy: no capture

ja2:1312459:1312459 [0] NCCL INFO mscclGetCaptureStatus: 0, captureId: 0, size: 0

ja2:1312459:1312459 [0] NCCL INFO mscclSetupProxy: no capture

ja2:1312459:1312459 [0] NCCL INFO MSCCL: Setup Kernel finished, smem 41280 needsFence 1
ja2:1312459:1312459 [0] NCCL INFO mscclGetCaptureStatus: 0, captureId: 0, size: 0

ja2:1312459:1312459 [0] NCCL INFO mscclSetupProxy: no capture

ja2:1312459:1312459 [0] NCCL INFO MSCCL: Setup Kernel finished, smem 41280 needsFence 1
ja2:1312459:1312459 [0] NCCL INFO mscclGetCaptureStatus: 0, captureId: 0, size: 0

ja2:1312459:1312459 [0] NCCL INFO mscclSetupProxy: no capture

ja2:1312459:1312459 [0] NCCL INFO MSCCL: Setup Kernel finished, smem 41280 needsFence 1
ja2:1312459:1312459 [0] NCCL INFO mscclGetCaptureStatus: 0, captureId: 0, size: 0

ja2:1312459:1312459 [0] NCCL INFO mscclSetupProxy: no capture

ja4:2516952:2516952 [0] NCCL INFO mscclSetupProxy: no capture

ja4:2516952:2516952 [0] NCCL INFO MSCCL: Setup Kernel finished, smem 41280 needsFence 1
ja4:2516952:2516952 [0] NCCL INFO mscclGetCaptureStatus: 0, captureId: 0, size: 0

ja4:2516952:2516952 [0] NCCL INFO mscclSetupProxy: no capture

ja4:2516952:2516952 [0] NCCL INFO MSCCL: Setup Kernel finished, smem 41280 needsFence 1
ja4:2516952:2516952 [0] NCCL INFO mscclGetCaptureStatus: 0, captureId: 0, size: 0

ja4:2516952:2516952 [0] NCCL INFO mscclSetupProxy: no capture

ja3:927797:927797 [0] NCCL INFO MSCCL: Setup Kernel finished, smem 41280 needsFence 1
ja3:927797:927797 [0] NCCL INFO mscclGetCaptureStatus: 0, captureId: 0, size: 0

ja3:927797:927797 [0] NCCL INFO mscclSetupProxy: no capture

ja3:927797:927797 [0] NCCL INFO MSCCL: Setup Kernel finished, smem 41280 needsFence 1
ja3:927797:927797 [0] NCCL INFO mscclGetCaptureStatus: 0, captureId: 0, size: 0

ja3:927797:927797 [0] NCCL INFO mscclSetupProxy: no capture

ja2:1312459:1312459 [0] NCCL INFO MSCCL: Setup Kernel finished, smem 41280 needsFence 1
ja2:1312459:1312459 [0] NCCL INFO mscclGetCaptureStatus: 0, captureId: 0, size: 0

ja2:1312459:1312459 [0] NCCL INFO mscclSetupProxy: no capture

ja2:1312459:1312459 [0] NCCL INFO MSCCL: Setup Kernel finished, smem 41280 needsFence 1
ja2:1312459:1312459 [0] NCCL INFO mscclGetCaptureStatus: 0, captureId: 0, size: 0

ja2:1312459:1312459 [0] NCCL INFO mscclSetupProxy: no capture

ja2:1312459:1312459 [0] NCCL INFO MSCCL: Setup Kernel finished, smem 41280 needsFence 1
ja2:1312459:1312459 [0] NCCL INFO mscclGetCaptureStatus: 0, captureId: 0, size: 0

ja2:1312459:1312459 [0] NCCL INFO mscclSetupProxy: no capture

ja2:1312459:1312459 [0] NCCL INFO MSCCL: Setup Kernel finished, smem 41280 needsFence 1
ja4:2516952:2516952 [0] NCCL INFO MSCCL: Setup Kernel finished, smem 41280 needsFence 1
ja4:2516952:2516952 [0] NCCL INFO mscclGetCaptureStatus: 0, captureId: 0, size: 0

ja4:2516952:2516952 [0] NCCL INFO mscclSetupProxy: no capture

ja4:2516952:2516952 [0] NCCL INFO MSCCL: Setup Kernel finished, smem 41280 needsFence 1
ja3:927797:927797 [0] NCCL INFO MSCCL: Setup Kernel finished, smem 41280 needsFence 1
ja3:927797:927797 [0] NCCL INFO mscclGetCaptureStatus: 0, captureId: 0, size: 0

ja3:927797:927797 [0] NCCL INFO mscclSetupProxy: no capture

ja3:927797:927797 [0] NCCL INFO MSCCL: Setup Kernel finished, smem 41280 needsFence 1
ja3:927797:927797 [0] NCCL INFO mscclGetCaptureStatus: 0, captureId: 0, size: 0

ja3:927797:927797 [0] NCCL INFO mscclSetupProxy: no capture

ja4:2516952:2516952 [0] NCCL INFO mscclGetCaptureStatus: 0, captureId: 0, size: 0

ja4:2516952:2516952 [0] NCCL INFO mscclSetupProxy: no capture

ja4:2516952:2516952 [0] NCCL INFO MSCCL: Setup Kernel finished, smem 41280 needsFence 1
ja4:2516952:2516952 [0] NCCL INFO mscclGetCaptureStatus: 0, captureId: 0, size: 0

ja4:2516952:2516952 [0] NCCL INFO mscclSetupProxy: no capture

ja4:2516952:2516952 [0] NCCL INFO MSCCL: Setup Kernel finished, smem 41280 needsFence 1
ja3:927797:927797 [0] NCCL INFO MSCCL: Setup Kernel finished, smem 41280 needsFence 1
ja3:927797:927797 [0] NCCL INFO mscclGetCaptureStatus: 0, captureId: 0, size: 0

ja3:927797:927797 [0] NCCL INFO mscclSetupProxy: no capture

ja3:927797:927797 [0] NCCL INFO MSCCL: Setup Kernel finished, smem 41280 needsFence 1
ja3:927797:927797 [0] NCCL INFO mscclGetCaptureStatus: 0, captureId: 0, size: 0

ja4:2516952:2516952 [0] NCCL INFO mscclGetCaptureStatus: 0, captureId: 0, size: 0

ja4:2516952:2516952 [0] NCCL INFO mscclSetupProxy: no capture

ja4:2516952:2516952 [0] NCCL INFO MSCCL: Setup Kernel finished, smem 41280 needsFence 1
ja4:2516952:2516952 [0] NCCL INFO mscclGetCaptureStatus: 0, captureId: 0, size: 0

ja4:2516952:2516952 [0] NCCL INFO mscclSetupProxy: no capture

ja4:2516952:2516952 [0] NCCL INFO MSCCL: Setup Kernel finished, smem 41280 needsFence 1
ja3:927797:927797 [0] NCCL INFO mscclSetupProxy: no capture

ja3:927797:927797 [0] NCCL INFO MSCCL: Setup Kernel finished, smem 41280 needsFence 1
ja3:927797:927797 [0] NCCL INFO mscclGetCaptureStatus: 0, captureId: 0, size: 0

ja3:927797:927797 [0] NCCL INFO mscclSetupProxy: no capture

ja3:927797:927797 [0] NCCL INFO MSCCL: Setup Kernel finished, smem 41280 needsFence 1
ja4:2516952:2516952 [0] NCCL INFO mscclGetCaptureStatus: 0, captureId: 0, size: 0

ja4:2516952:2516952 [0] NCCL INFO mscclSetupProxy: no capture

ja4:2516952:2516952 [0] NCCL INFO MSCCL: Setup Kernel finished, smem 41280 needsFence 1
ja4:2516952:2516952 [0] NCCL INFO mscclGetCaptureStatus: 0, captureId: 0, size: 0

ja4:2516952:2516952 [0] NCCL INFO mscclSetupProxy: no capture

ja4:2516952:2516952 [0] NCCL INFO MSCCL: Setup Kernel finished, smem 41280 needsFence 1
ja3:927797:927797 [0] NCCL INFO mscclGetCaptureStatus: 0, captureId: 0, size: 0

ja3:927797:927797 [0] NCCL INFO mscclSetupProxy: no capture

ja3:927797:927797 [0] NCCL INFO MSCCL: Setup Kernel finished, smem 41280 needsFence 1
ja3:927797:927797 [0] NCCL INFO mscclGetCaptureStatus: 0, captureId: 0, size: 0

ja3:927797:927797 [0] NCCL INFO mscclSetupProxy: no capture

ja3:927797:927797 [0] NCCL INFO MSCCL: Setup Kernel finished, smem 41280 needsFence 1
ja4:2516952:2516952 [0] NCCL INFO mscclGetCaptureStatus: 0, captureId: 0, size: 0

ja4:2516952:2516952 [0] NCCL INFO mscclSetupProxy: no capture

ja4:2516952:2516952 [0] NCCL INFO MSCCL: Setup Kernel finished, smem 41280 needsFence 1
ja3:927797:927797 [0] NCCL INFO mscclGetCaptureStatus: 0, captureId: 0, size: 0

ja3:927797:927797 [0] NCCL INFO mscclSetupProxy: no capture

ja3:927797:927797 [0] NCCL INFO MSCCL: Setup Kernel finished, smem 41280 needsFence 1
ja2:1312459:1312459 [0] NCCL INFO mscclGetCaptureStatus: 0, captureId: 0, size: 0

ja2:1312459:1312459 [0] NCCL INFO mscclSetupProxy: no capture

ja2:1312459:1312459 [0] NCCL INFO MSCCL: Setup Kernel finished, smem 41280 needsFence 1
    177.0    0.07    0.05      0
       24576          2048     float    none      -1    32.72    0.75    0.50      0ja2:1312459:1312459 [0] NCCL INFO mscclGetCaptureStatus: 0, captureId: 0, size: 0

ja2:1312459:1312459 [0] NCCL INFO mscclSetupProxy: no capture

ja2:1312459:1312459 [0] NCCL INFO MSCCL: Setup Kernel finished, smem 41280 needsFence 1
ja4:2516952:2516952 [0] NCCL INFO mscclGetCaptureStatus: 0, captureId: 0, size: 0

ja4:2516952:2516952 [0] NCCL INFO mscclSetupProxy: no capture

ja4:2516952:2516952 [0] NCCL INFO MSCCL: Setup Kernel finished, smem 41280 needsFence 1
ja3:927797:927797 [0] NCCL INFO mscclGetCaptureStatus: 0, captureId: 0, size: 0

ja3:927797:927797 [0] NCCL INFO mscclSetupProxy: no capture

ja3:927797:927797 [0] NCCL INFO MSCCL: Setup Kernel finished, smem 41280 needsFence 1
ja2:1312459:1312459 [0] NCCL INFO mscclGetCaptureStatus: 0, captureId: 0, size: 0

ja2:1312459:1312459 [0] NCCL INFO mscclSetupProxy: no capture

ja2:1312459:1312459 [0] NCCL INFO MSCCL: Setup Kernel finished, smem 41280 needsFence 1
ja4:2516952:2516952 [0] NCCL INFO mscclGetCaptureStatus: 0, captureId: 0, size: 0

ja4:2516952:2516952 [0] NCCL INFO mscclSetupProxy: no capture

ja4:2516952:2516952 [0] NCCL INFO MSCCL: Setup Kernel finished, smem 41280 needsFence 1
ja3:927797:927797 [0] NCCL INFO mscclGetCaptureStatus: 0, captureId: 0, size: 0

ja3:927797:927797 [0] NCCL INFO mscclSetupProxy: no capture

ja3:927797:927797 [0] NCCL INFO MSCCL: Setup Kernel finished, smem 41280 needsFence 1
ja2:1312459:1312459 [0] NCCL INFO mscclGetCaptureStatus: 0, captureId: 0, size: 0

ja2:1312459:1312459 [0] NCCL INFO mscclSetupProxy: no capture

ja2:1312459:1312459 [0] NCCL INFO MSCCL: Setup Kernel finished, smem 41280 needsFence 1
ja2:1312459:1312459 [0] NCCL INFO mscclGetCaptureStatus: 0, captureId: 0, size: 0

ja2:1312459:1312459 [0] NCCL INFO mscclSetupProxy: no capture

ja2:1312459:1312459 [0] NCCL INFO MSCCL: Setup Kernel finished, smem 41280 needsFence 1
ja2:1312459:1312459 [0] NCCL INFO mscclGetCaptureStatus: 0, captureId: 0, size: 0

ja2:1312459:1312459 [0] NCCL INFO mscclSetupProxy: no capture

ja2:1312459:1312459 [0] NCCL INFO MSCCL: Setup Kernel finished, smem 41280 needsFence 1
ja4:2516952:2516952 [0] NCCL INFO mscclGetCaptureStatus: 0, captureId: 0, size: 0

ja4:2516952:2516952 [0] NCCL INFO mscclSetupProxy: no capture

ja4:2516952:2516952 [0] NCCL INFO MSCCL: Setup Kernel finished, smem 41280 needsFence 1
ja4:2516952:2516952 [0] NCCL INFO mscclGetCaptureStatus: 0, captureId: 0, size: 0

ja3:927797:927797 [0] NCCL INFO mscclGetCaptureStatus: 0, captureId: 0, size: 0

ja3:927797:927797 [0] NCCL INFO mscclSetupProxy: no capture

ja3:927797:927797 [0] NCCL INFO MSCCL: Setup Kernel finished, smem 41280 needsFence 1
ja3:927797:927797 [0] NCCL INFO mscclGetCaptureStatus: 0, captureId: 0, size: 0

ja3:927797:927797 [0] NCCL INFO mscclSetupProxy: no capture

ja3:927797:927797 [0] NCCL INFO MSCCL: Setup Kernel finished, smem 41280 needsFence 1
ja2:1312459:1312459 [0] NCCL INFO mscclGetCaptureStatus: 0, captureId: 0, size: 0

ja2:1312459:1312459 [0] NCCL INFO mscclSetupProxy: no capture

ja2:1312459:1312459 [0] NCCL INFO MSCCL: Setup Kernel finished, smem 41280 needsFence 1
ja2:1312459:1312459 [0] NCCL INFO mscclGetCaptureStatus: 0, captureId: 0, size: 0

ja2:1312459:1312459 [0] NCCL INFO mscclSetupProxy: no capture

ja2:1312459:1312459 [0] NCCL INFO MSCCL: Setup Kernel finished, smem 41280 needsFence 1
ja4:2516952:2516952 [0] NCCL INFO mscclSetupProxy: no capture

ja4:2516952:2516952 [0] NCCL INFO MSCCL: Setup Kernel finished, smem 41280 needsFence 1
ja4:2516952:2516952 [0] NCCL INFO mscclGetCaptureStatus: 0, captureId: 0, size: 0

ja4:2516952:2516952 [0] NCCL INFO mscclSetupProxy: no capture

ja4:2516952:2516952 [0] NCCL INFO MSCCL: Setup Kernel finished, smem 41280 needsFence 1
ja3:927797:927797 [0] NCCL INFO mscclGetCaptureStatus: 0, captureId: 0, size: 0

ja3:927797:927797 [0] NCCL INFO mscclSetupProxy: no capture

ja3:927797:927797 [0] NCCL INFO MSCCL: Setup Kernel finished, smem 41280 needsFence 1
ja3:927797:927797 [0] NCCL INFO mscclGetCaptureStatus: 0, captureId: 0, size: 0

ja3:927797:927797 [0] NCCL INFO mscclSetupProxy: no capture

ja3:927797:927797 [0] NCCL INFO MSCCL: Setup Kernel finished, smem 41280 needsFence 1
ja3:927797:927797 [0] NCCL INFO mscclGetCaptureStatus: 0, captureId: 0, size: 0

ja3:927797:927797 [0] NCCL INFO mscclSetupProxy: no capture

ja3:927797:927797 [0] NCCL INFO MSCCL: Setup Kernel finished, smem 41280 needsFence 1
ja2:1312459:1312459 [0] NCCL INFO mscclGetCaptureStatus: 0, captureId: 0, size: 0

ja2:1312459:1312459 [0] NCCL INFO mscclSetupProxy: no capture

ja2:1312459:1312459 [0] NCCL INFO MSCCL: Setup Kernel finished, smem 41280 needsFence 1
ja2:1312459:1312459 [0] NCCL INFO mscclGetCaptureStatus: 0, captureId: 0, size: 0

ja2:1312459:1312459 [0] NCCL INFO mscclSetupProxy: no capture

ja4:2516952:2516952 [0] NCCL INFO mscclGetCaptureStatus: 0, captureId: 0, size: 0

ja4:2516952:2516952 [0] NCCL INFO mscclSetupProxy: no capture

ja4:2516952:2516952 [0] NCCL INFO MSCCL: Setup Kernel finished, smem 41280 needsFence 1
ja4:2516952:2516952 [0] NCCL INFO mscclGetCaptureStatus: 0, captureId: 0, size: 0

ja4:2516952:2516952 [0] NCCL INFO mscclSetupProxy: no capture

ja4:2516952:2516952 [0] NCCL INFO MSCCL: Setup Kernel finished, smem 41280 needsFence 1
ja4:2516952:2516952 [0] NCCL INFO mscclGetCaptureStatus: 0, captureId: 0, size: 0

ja4:2516952:2516952 [0] NCCL INFO mscclSetupProxy: no capture

ja4:2516952:2516952 [0] NCCL INFO MSCCL: Setup Kernel finished, smem 41280 needsFence 1
ja4:2516952:2516952 [0] NCCL INFO mscclGetCaptureStatus: 0, captureId: 0, size: 0

ja4:2516952:2516952 [0] NCCL INFO mscclSetupProxy: no capture

ja4:2516952:2516952 [0] NCCL INFO MSCCL: Setup Kernel finished, smem 41280 needsFence 1
ja3:927797:927797 [0] NCCL INFO mscclGetCaptureStatus: 0, captureId: 0, size: 0

ja3:927797:927797 [0] NCCL INFO mscclSetupProxy: no capture

ja3:927797:927797 [0] NCCL INFO MSCCL: Setup Kernel finished, smem 41280 needsFence 1
ja3:927797:927797 [0] NCCL INFO mscclGetCaptureStatus: 0, captureId: 0, size: 0

ja3:927797:927797 [0] NCCL INFO mscclSetupProxy: no capture

ja3:927797:927797 [0] NCCL INFO MSCCL: Setup Kernel finished, smem 41280 needsFence 1
ja3:927797:927797 [0] NCCL INFO mscclGetCaptureStatus: 0, captureId: 0, size: 0

ja3:927797:927797 [0] NCCL INFO mscclSetupProxy: no capture

ja3:927797:927797 [0] NCCL INFO MSCCL: Setup Kernel finished, smem 41280 needsFence 1
ja2:1312459:1312459 [0] NCCL INFO MSCCL: Setup Kernel finished, smem 41280 needsFence 1
ja2:1312459:1312459 [0] NCCL INFO mscclGetCaptureStatus: 0, captureId: 0, size: 0

ja2:1312459:1312459 [0] NCCL INFO mscclSetupProxy: no capture

ja2:1312459:1312459 [0] NCCL INFO MSCCL: Setup Kernel finished, smem 41280 needsFence 1
ja2:1312459:1312459 [0] NCCL INFO mscclGetCaptureStatus: 0, captureId: 0, size: 0

ja2:1312459:1312459 [0] NCCL INFO mscclSetupProxy: no capture

ja2:1312459:1312459 [0] NCCL INFO MSCCL: Setup Kernel finished, smem 41280 needsFence 1
ja2:1312459:1312459 [0] NCCL INFO mscclGetCaptureStatus: 0, captureId: 0, size: 0

ja4:2516952:2516952 [0] NCCL INFO mscclGetCaptureStatus: 0, captureId: 0, size: 0

ja4:2516952:2516952 [0] NCCL INFO mscclSetupProxy: no capture

ja4:2516952:2516952 [0] NCCL INFO MSCCL: Setup Kernel finished, smem 41280 needsFence 1
ja4:2516952:2516952 [0] NCCL INFO mscclGetCaptureStatus: 0, captureId: 0, size: 0

ja4:2516952:2516952 [0] NCCL INFO mscclSetupProxy: no capture

ja4:2516952:2516952 [0] NCCL INFO MSCCL: Setup Kernel finished, smem 41280 needsFence 1
ja3:927797:927797 [0] NCCL INFO mscclGetCaptureStatus: 0, captureId: 0, size: 0

ja3:927797:927797 [0] NCCL INFO mscclSetupProxy: no capture

ja3:927797:927797 [0] NCCL INFO MSCCL: Setup Kernel finished, smem 41280 needsFence 1
ja3:927797:927797 [0] NCCL INFO mscclGetCaptureStatus: 0, captureId: 0, size: 0

ja3:927797:927797 [0] NCCL INFO mscclSetupProxy: no capture

ja3:927797:927797 [0] NCCL INFO MSCCL: Setup Kernel finished, smem 41280 needsFence 1
ja2:1312459:1312459 [0] NCCL INFO mscclSetupProxy: no capture

ja2:1312459:1312459 [0] NCCL INFO MSCCL: Setup Kernel finished, smem 41280 needsFence 1
ja2:1312459:1312459 [0] NCCL INFO mscclGetCaptureStatus: 0, captureId: 0, size: 0

ja2:1312459:1312459 [0] NCCL INFO mscclSetupProxy: no capture

ja2:1312459:1312459 [0] NCCL INFO MSCCL: Setup Kernel finished, smem 41280 needsFence 1
ja2:1312459:1312459 [0] NCCL INFO mscclGetCaptureStatus: 0, captureId: 0, size: 0

ja2:1312459:1312459 [0] NCCL INFO mscclSetupProxy: no capture

ja2:1312459:1312459 [0] NCCL INFO MSCCL: Setup Kernel finished, smem 41280 needsFence 1
ja2:1312459:1312459 [0] NCCL INFO mscclGetCaptureStatus: 0, captureId: 0, size: 0

ja2:1312459:1312459 [0] NCCL INFO mscclSetupProxy: no capture

ja2:1312459:1312459 [0] NCCL INFO MSCCL: Setup Kernel finished, smem 41280 needsFence 1
ja4:2516952:2516952 [0] NCCL INFO mscclGetCaptureStatus: 0, captureId: 0, size: 0

ja4:2516952:2516952 [0] NCCL INFO mscclSetupProxy: no capture

ja4:2516952:2516952 [0] NCCL INFO MSCCL: Setup Kernel finished, smem 41280 needsFence 1
ja4:2516952:2516952 [0] NCCL INFO mscclGetCaptureStatus: 0, captureId: 0, size: 0

ja4:2516952:2516952 [0] NCCL INFO mscclSetupProxy: no capture

ja4:2516952:2516952 [0] NCCL INFO MSCCL: Setup Kernel finished, smem 41280 needsFence 1
ja4:2516952:2516952 [0] NCCL INFO mscclGetCaptureStatus: 0, captureId: 0, size: 0

ja4:2516952:2516952 [0] NCCL INFO mscclSetupProxy: no capture

ja4:2516952:2516952 [0] NCCL INFO MSCCL: Setup Kernel finished, smem 41280 needsFence 1
ja3:927797:927797 [0] NCCL INFO mscclGetCaptureStatus: 0, captureId: 0, size: 0

ja3:927797:927797 [0] NCCL INFO mscclSetupProxy: no capture

ja3:927797:927797 [0] NCCL INFO MSCCL: Setup Kernel finished, smem 41280 needsFence 1
ja3:927797:927797 [0] NCCL INFO mscclGetCaptureStatus: 0, captureId: 0, size: 0

ja3:927797:927797 [0] NCCL INFO mscclSetupProxy: no capture

ja3:927797:927797 [0] NCCL INFO MSCCL: Setup Kernel finished, smem 41280 needsFence 1
ja2:1312459:1312459 [0] NCCL INFO mscclGetCaptureStatus: 0, captureId: 0, size: 0

ja2:1312459:1312459 [0] NCCL INFO mscclSetupProxy: no capture

ja2:1312459:1312459 [0] NCCL INFO MSCCL: Setup Kernel finished, smem 41280 needsFence 1
ja2:1312459:1312459 [0] NCCL INFO mscclGetCaptureStatus: 0, captureId: 0, size: 0

ja2:1312459:1312459 [0] NCCL INFO mscclSetupProxy: no capture

ja2:1312459:1312459 [0] NCCL INFO MSCCL: Setup Kernel finished, smem 41280 needsFence 1
ja2:1312459:1312459 [0] NCCL INFO mscclGetCaptureStatus: 0, captureId: 0, size: 0

ja2:1312459:1312459 [0] NCCL INFO mscclSetupProxy: no capture

ja2:1312459:1312459 [0] NCCL INFO MSCCL: Setup Kernel finished, smem 41280 needsFence 1
ja4:2516952:2516952 [0] NCCL INFO mscclGetCaptureStatus: 0, captureId: 0, size: 0

ja4:2516952:2516952 [0] NCCL INFO mscclSetupProxy: no capture

ja4:2516952:2516952 [0] NCCL INFO MSCCL: Setup Kernel finished, smem 41280 needsFence 1
ja4:2516952:2516952 [0] NCCL INFO mscclGetCaptureStatus: 0, captureId: 0, size: 0

ja4:2516952:2516952 [0] NCCL INFO mscclSetupProxy: no capture

ja4:2516952:2516952 [0] NCCL INFO MSCCL: Setup Kernel finished, smem 41280 needsFence 1
ja4:2516952:2516952 [0] NCCL INFO mscclGetCaptureStatus: 0, captureId: 0, size: 0

ja4:2516952:2516952 [0] NCCL INFO mscclSetupProxy: no capture

ja4:2516952:2516952 [0] NCCL INFO MSCCL: Setup Kernel finished, smem 41280 needsFence 1
ja3:927797:927797 [0] NCCL INFO mscclGetCaptureStatus: 0, captureId: 0, size: 0

ja3:927797:927797 [0] NCCL INFO mscclSetupProxy: no capture

ja3:927797:927797 [0] NCCL INFO MSCCL: Setup Kernel finished, smem 41280 needsFence 1
ja3:927797:927797 [0] NCCL INFO mscclGetCaptureStatus: 0, captureId: 0, size: 0

ja3:927797:927797 [0] NCCL INFO mscclSetupProxy: no capture

ja3:927797:927797 [0] NCCL INFO MSCCL: Setup Kernel finished, smem 41280 needsFence 1
ja2:1312459:1312459 [0] NCCL INFO mscclGetCaptureStatus: 0, captureId: 0, size: 0

ja2:1312459:1312459 [0] NCCL INFO mscclSetupProxy: no capture

ja2:1312459:1312459 [0] NCCL INFO MSCCL: Setup Kernel finished, smem 41280 needsFence 1
ja2:1312459:1312459 [0] NCCL INFO mscclGetCaptureStatus: 0, captureId: 0, size: 0

ja2:1312459:1312459 [0] NCCL INFO mscclSetupProxy: no capture

ja2:1312459:1312459 [0] NCCL INFO MSCCL: Setup Kernel finished, smem 41280 needsFence 1
ja2:1312459:1312459 [0] NCCL INFO mscclGetCaptureStatus: 0, captureId: 0, size: 0

ja2:1312459:1312459 [0] NCCL INFO mscclSetupProxy: no capture

ja2:1312459:1312459 [0] NCCL INFO MSCCL: Setup Kernel finished, smem 41280 needsFence 1
ja4:2516952:2516952 [0] NCCL INFO mscclGetCaptureStatus: 0, captureId: 0, size: 0

ja4:2516952:2516952 [0] NCCL INFO mscclSetupProxy: no capture

ja4:2516952:2516952 [0] NCCL INFO MSCCL: Setup Kernel finished, smem 41280 needsFence 1
ja4:2516952:2516952 [0] NCCL INFO mscclGetCaptureStatus: 0, captureId: 0, size: 0

ja4:2516952:2516952 [0] NCCL INFO mscclSetupProxy: no capture

ja4:2516952:2516952 [0] NCCL INFO MSCCL: Setup Kernel finished, smem 41280 needsFence 1
ja3:927797:927797 [0] NCCL INFO mscclGetCaptureStatus: 0, captureId: 0, size: 0

ja3:927797:927797 [0] NCCL INFO mscclSetupProxy: no capture

ja3:927797:927797 [0] NCCL INFO MSCCL: Setup Kernel finished, smem 41280 needsFence 1
ja3:927797:927797 [0] NCCL INFO mscclGetCaptureStatus: 0, captureId: 0, size: 0

ja3:927797:927797 [0] NCCL INFO mscclSetupProxy: no capture

ja3:927797:927797 [0] NCCL INFO MSCCL: Setup Kernel finished, smem 41280 needsFence 1
ja3:927797:927797 [0] NCCL INFO mscclGetCaptureStatus: 0, captureId: 0, size: 0

ja3:927797:927797 [0] NCCL INFO mscclSetupProxy: no capture

ja4:2516952:2516952 [0] NCCL INFO mscclGetCaptureStatus: 0, captureId: 0, size: 0

ja4:2516952:2516952 [0] NCCL INFO mscclSetupProxy: no capture

ja4:2516952:2516952 [0] NCCL INFO MSCCL: Setup Kernel finished, smem 41280 needsFence 1
ja4:2516952:2516952 [0] NCCL INFO mscclGetCaptureStatus: 0, captureId: 0, size: 0

ja4:2516952:2516952 [0] NCCL INFO mscclSetupProxy: no capture

ja4:2516952:2516952 [0] NCCL INFO MSCCL: Setup Kernel finished, smem 41280 needsFence 1
ja3:927797:927797 [0] NCCL INFO MSCCL: Setup Kernel finished, smem 41280 needsFence 1
ja3:927797:927797 [0] NCCL INFO mscclGetCaptureStatus: 0, captureId: 0, size: 0

ja3:927797:927797 [0] NCCL INFO mscclSetupProxy: no capture

ja3:927797:927797 [0] NCCL INFO MSCCL: Setup Kernel finished, smem 41280 needsFence 1
ja3:927797:927797 [0] NCCL INFO mscclGetCaptureStatus: 0, captureId: 0, size: 0

ja3:927797:927797 [0] NCCL INFO mscclSetupProxy: no capture

ja3:927797:927797 [0] NCCL INFO MSCCL: Setup Kernel finished, smem 41280 needsFence 1
ja2:1312459:1312459 [0] NCCL INFO mscclGetCaptureStatus: 0, captureId: 0, size: 0

ja2:1312459:1312459 [0] NCCL INFO mscclSetupProxy: no capture

ja2:1312459:1312459 [0] NCCL INFO MSCCL: Setup Kernel finished, smem 41280 needsFence 1
ja4:2516952:2516952 [0] NCCL INFO mscclGetCaptureStatus: 0, captureId: 0, size: 0

ja4:2516952:2516952 [0] NCCL INFO mscclSetupProxy: no capture

ja4:2516952:2516952 [0] NCCL INFO MSCCL: Setup Kernel finished, smem 41280 needsFence 1
ja3:927797:927797 [0] NCCL INFO mscclGetCaptureStatus: 0, captureId: 0, size: 0

ja3:927797:927797 [0] NCCL INFO mscclSetupProxy: no capture

ja3:927797:927797 [0] NCCL INFO MSCCL: Setup Kernel finished, smem 41280 needsFence 1
    139.9    0.18    0.12      0
       49152          4096     float    none      -1    39.67    1.24    0.83      0ja2:1312459:1312459 [0] NCCL INFO mscclGetCaptureStatus: 0, captureId: 0, size: 0

ja2:1312459:1312459 [0] NCCL INFO mscclSetupProxy: no capture

ja2:1312459:1312459 [0] NCCL INFO MSCCL: Setup Kernel finished, smem 41280 needsFence 1
ja4:2516952:2516952 [0] NCCL INFO mscclGetCaptureStatus: 0, captureId: 0, size: 0

ja4:2516952:2516952 [0] NCCL INFO mscclSetupProxy: no capture

ja4:2516952:2516952 [0] NCCL INFO MSCCL: Setup Kernel finished, smem 41280 needsFence 1
ja3:927797:927797 [0] NCCL INFO mscclGetCaptureStatus: 0, captureId: 0, size: 0

ja3:927797:927797 [0] NCCL INFO mscclSetupProxy: no capture

ja3:927797:927797 [0] NCCL INFO MSCCL: Setup Kernel finished, smem 41280 needsFence 1
ja2:1312459:1312459 [0] NCCL INFO mscclGetCaptureStatus: 0, captureId: 0, size: 0

ja2:1312459:1312459 [0] NCCL INFO mscclSetupProxy: no capture

ja2:1312459:1312459 [0] NCCL INFO MSCCL: Setup Kernel finished, smem 41280 needsFence 1
ja4:2516952:2516952 [0] NCCL INFO mscclGetCaptureStatus: 0, captureId: 0, size: 0

ja4:2516952:2516952 [0] NCCL INFO mscclSetupProxy: no capture

ja4:2516952:2516952 [0] NCCL INFO MSCCL: Setup Kernel finished, smem 41280 needsFence 1
ja4:2516952:2516952 [0] NCCL INFO mscclGetCaptureStatus: 0, captureId: 0, size: 0

ja3:927797:927797 [0] NCCL INFO mscclGetCaptureStatus: 0, captureId: 0, size: 0

ja3:927797:927797 [0] NCCL INFO mscclSetupProxy: no capture

ja3:927797:927797 [0] NCCL INFO MSCCL: Setup Kernel finished, smem 41280 needsFence 1
ja3:927797:927797 [0] NCCL INFO mscclGetCaptureStatus: 0, captureId: 0, size: 0

ja3:927797:927797 [0] NCCL INFO mscclSetupProxy: no capture

ja3:927797:927797 [0] NCCL INFO MSCCL: Setup Kernel finished, smem 41280 needsFence 1
ja2:1312459:1312459 [0] NCCL INFO mscclGetCaptureStatus: 0, captureId: 0, size: 0

ja2:1312459:1312459 [0] NCCL INFO mscclSetupProxy: no capture

ja2:1312459:1312459 [0] NCCL INFO MSCCL: Setup Kernel finished, smem 41280 needsFence 1
ja2:1312459:1312459 [0] NCCL INFO mscclGetCaptureStatus: 0, captureId: 0, size: 0

ja2:1312459:1312459 [0] NCCL INFO mscclSetupProxy: no capture

ja2:1312459:1312459 [0] NCCL INFO MSCCL: Setup Kernel finished, smem 41280 needsFence 1
ja4:2516952:2516952 [0] NCCL INFO mscclSetupProxy: no capture

ja4:2516952:2516952 [0] NCCL INFO MSCCL: Setup Kernel finished, smem 41280 needsFence 1
ja4:2516952:2516952 [0] NCCL INFO mscclGetCaptureStatus: 0, captureId: 0, size: 0

ja4:2516952:2516952 [0] NCCL INFO mscclSetupProxy: no capture

ja3:927797:927797 [0] NCCL INFO mscclGetCaptureStatus: 0, captureId: 0, size: 0

ja3:927797:927797 [0] NCCL INFO mscclSetupProxy: no capture

ja3:927797:927797 [0] NCCL INFO MSCCL: Setup Kernel finished, smem 41280 needsFence 1
ja3:927797:927797 [0] NCCL INFO mscclGetCaptureStatus: 0, captureId: 0, size: 0

ja3:927797:927797 [0] NCCL INFO mscclSetupProxy: no capture

ja3:927797:927797 [0] NCCL INFO MSCCL: Setup Kernel finished, smem 41280 needsFence 1
ja2:1312459:1312459 [0] NCCL INFO mscclGetCaptureStatus: 0, captureId: 0, size: 0

ja2:1312459:1312459 [0] NCCL INFO mscclSetupProxy: no capture

ja2:1312459:1312459 [0] NCCL INFO MSCCL: Setup Kernel finished, smem 41280 needsFence 1
ja2:1312459:1312459 [0] NCCL INFO mscclGetCaptureStatus: 0, captureId: 0, size: 0

ja2:1312459:1312459 [0] NCCL INFO mscclSetupProxy: no capture

ja2:1312459:1312459 [0] NCCL INFO MSCCL: Setup Kernel finished, smem 41280 needsFence 1
ja2:1312459:1312459 [0] NCCL INFO mscclGetCaptureStatus: 0, captureId: 0, size: 0

ja2:1312459:1312459 [0] NCCL INFO mscclSetupProxy: no capture

ja2:1312459:1312459 [0] NCCL INFO MSCCL: Setup Kernel finished, smem 41280 needsFence 1
ja4:2516952:2516952 [0] NCCL INFO MSCCL: Setup Kernel finished, smem 41280 needsFence 1
ja4:2516952:2516952 [0] NCCL INFO mscclGetCaptureStatus: 0, captureId: 0, size: 0

ja4:2516952:2516952 [0] NCCL INFO mscclSetupProxy: no capture

ja4:2516952:2516952 [0] NCCL INFO MSCCL: Setup Kernel finished, smem 41280 needsFence 1
ja4:2516952:2516952 [0] NCCL INFO mscclGetCaptureStatus: 0, captureId: 0, size: 0

ja4:2516952:2516952 [0] NCCL INFO mscclSetupProxy: no capture

ja4:2516952:2516952 [0] NCCL INFO MSCCL: Setup Kernel finished, smem 41280 needsFence 1
ja4:2516952:2516952 [0] NCCL INFO mscclGetCaptureStatus: 0, captureId: 0, size: 0

ja3:927797:927797 [0] NCCL INFO mscclGetCaptureStatus: 0, captureId: 0, size: 0

ja3:927797:927797 [0] NCCL INFO mscclSetupProxy: no capture

ja3:927797:927797 [0] NCCL INFO MSCCL: Setup Kernel finished, smem 41280 needsFence 1
ja3:927797:927797 [0] NCCL INFO mscclGetCaptureStatus: 0, captureId: 0, size: 0

ja3:927797:927797 [0] NCCL INFO mscclSetupProxy: no capture

ja3:927797:927797 [0] NCCL INFO MSCCL: Setup Kernel finished, smem 41280 needsFence 1
ja3:927797:927797 [0] NCCL INFO mscclGetCaptureStatus: 0, captureId: 0, size: 0

ja3:927797:927797 [0] NCCL INFO mscclSetupProxy: no capture

ja3:927797:927797 [0] NCCL INFO MSCCL: Setup Kernel finished, smem 41280 needsFence 1
ja2:1312459:1312459 [0] NCCL INFO mscclGetCaptureStatus: 0, captureId: 0, size: 0

ja2:1312459:1312459 [0] NCCL INFO mscclSetupProxy: no capture

ja2:1312459:1312459 [0] NCCL INFO MSCCL: Setup Kernel finished, smem 41280 needsFence 1
ja2:1312459:1312459 [0] NCCL INFO mscclGetCaptureStatus: 0, captureId: 0, size: 0

ja2:1312459:1312459 [0] NCCL INFO mscclSetupProxy: no capture

ja2:1312459:1312459 [0] NCCL INFO MSCCL: Setup Kernel finished, smem 41280 needsFence 1
ja2:1312459:1312459 [0] NCCL INFO mscclGetCaptureStatus: 0, captureId: 0, size: 0

ja2:1312459:1312459 [0] NCCL INFO mscclSetupProxy: no capture

ja4:2516952:2516952 [0] NCCL INFO mscclSetupProxy: no capture

ja4:2516952:2516952 [0] NCCL INFO MSCCL: Setup Kernel finished, smem 41280 needsFence 1
ja4:2516952:2516952 [0] NCCL INFO mscclGetCaptureStatus: 0, captureId: 0, size: 0

ja4:2516952:2516952 [0] NCCL INFO mscclSetupProxy: no capture

ja4:2516952:2516952 [0] NCCL INFO MSCCL: Setup Kernel finished, smem 41280 needsFence 1
ja4:2516952:2516952 [0] NCCL INFO mscclGetCaptureStatus: 0, captureId: 0, size: 0

ja4:2516952:2516952 [0] NCCL INFO mscclSetupProxy: no capture

ja4:2516952:2516952 [0] NCCL INFO MSCCL: Setup Kernel finished, smem 41280 needsFence 1
ja4:2516952:2516952 [0] NCCL INFO mscclGetCaptureStatus: 0, captureId: 0, size: 0

ja4:2516952:2516952 [0] NCCL INFO mscclSetupProxy: no capture

ja3:927797:927797 [0] NCCL INFO mscclGetCaptureStatus: 0, captureId: 0, size: 0

ja3:927797:927797 [0] NCCL INFO mscclSetupProxy: no capture

ja3:927797:927797 [0] NCCL INFO MSCCL: Setup Kernel finished, smem 41280 needsFence 1
ja3:927797:927797 [0] NCCL INFO mscclGetCaptureStatus: 0, captureId: 0, size: 0

ja3:927797:927797 [0] NCCL INFO mscclSetupProxy: no capture

ja3:927797:927797 [0] NCCL INFO MSCCL: Setup Kernel finished, smem 41280 needsFence 1
ja2:1312459:1312459 [0] NCCL INFO MSCCL: Setup Kernel finished, smem 41280 needsFence 1
ja2:1312459:1312459 [0] NCCL INFO mscclGetCaptureStatus: 0, captureId: 0, size: 0

ja2:1312459:1312459 [0] NCCL INFO mscclSetupProxy: no capture

ja2:1312459:1312459 [0] NCCL INFO MSCCL: Setup Kernel finished, smem 41280 needsFence 1
ja2:1312459:1312459 [0] NCCL INFO mscclGetCaptureStatus: 0, captureId: 0, size: 0

ja2:1312459:1312459 [0] NCCL INFO mscclSetupProxy: no capture

ja2:1312459:1312459 [0] NCCL INFO MSCCL: Setup Kernel finished, smem 41280 needsFence 1
ja2:1312459:1312459 [0] NCCL INFO mscclGetCaptureStatus: 0, captureId: 0, size: 0

ja2:1312459:1312459 [0] NCCL INFO mscclSetupProxy: no capture

ja4:2516952:2516952 [0] NCCL INFO MSCCL: Setup Kernel finished, smem 41280 needsFence 1
ja4:2516952:2516952 [0] NCCL INFO mscclGetCaptureStatus: 0, captureId: 0, size: 0

ja4:2516952:2516952 [0] NCCL INFO mscclSetupProxy: no capture

ja4:2516952:2516952 [0] NCCL INFO MSCCL: Setup Kernel finished, smem 41280 needsFence 1
ja4:2516952:2516952 [0] NCCL INFO mscclGetCaptureStatus: 0, captureId: 0, size: 0

ja4:2516952:2516952 [0] NCCL INFO mscclSetupProxy: no capture

ja4:2516952:2516952 [0] NCCL INFO MSCCL: Setup Kernel finished, smem 41280 needsFence 1
ja4:2516952:2516952 [0] NCCL INFO mscclGetCaptureStatus: 0, captureId: 0, size: 0

ja4:2516952:2516952 [0] NCCL INFO mscclSetupProxy: no capture

ja3:927797:927797 [0] NCCL INFO mscclGetCaptureStatus: 0, captureId: 0, size: 0

ja3:927797:927797 [0] NCCL INFO mscclSetupProxy: no capture

ja3:927797:927797 [0] NCCL INFO MSCCL: Setup Kernel finished, smem 41280 needsFence 1
ja3:927797:927797 [0] NCCL INFO mscclGetCaptureStatus: 0, captureId: 0, size: 0

ja3:927797:927797 [0] NCCL INFO mscclSetupProxy: no capture

ja3:927797:927797 [0] NCCL INFO MSCCL: Setup Kernel finished, smem 41280 needsFence 1
ja3:927797:927797 [0] NCCL INFO mscclGetCaptureStatus: 0, captureId: 0, size: 0

ja2:1312459:1312459 [0] NCCL INFO MSCCL: Setup Kernel finished, smem 41280 needsFence 1
ja2:1312459:1312459 [0] NCCL INFO mscclGetCaptureStatus: 0, captureId: 0, size: 0

ja2:1312459:1312459 [0] NCCL INFO mscclSetupProxy: no capture

ja2:1312459:1312459 [0] NCCL INFO MSCCL: Setup Kernel finished, smem 41280 needsFence 1
ja2:1312459:1312459 [0] NCCL INFO mscclGetCaptureStatus: 0, captureId: 0, size: 0

ja2:1312459:1312459 [0] NCCL INFO mscclSetupProxy: no capture

ja2:1312459:1312459 [0] NCCL INFO MSCCL: Setup Kernel finished, smem 41280 needsFence 1
ja2:1312459:1312459 [0] NCCL INFO mscclGetCaptureStatus: 0, captureId: 0, size: 0

ja2:1312459:1312459 [0] NCCL INFO mscclSetupProxy: no capture

ja2:1312459:1312459 [0] NCCL INFO MSCCL: Setup Kernel finished, smem 41280 needsFence 1
ja4:2516952:2516952 [0] NCCL INFO MSCCL: Setup Kernel finished, smem 41280 needsFence 1
ja4:2516952:2516952 [0] NCCL INFO mscclGetCaptureStatus: 0, captureId: 0, size: 0

ja4:2516952:2516952 [0] NCCL INFO mscclSetupProxy: no capture

ja4:2516952:2516952 [0] NCCL INFO MSCCL: Setup Kernel finished, smem 41280 needsFence 1
ja4:2516952:2516952 [0] NCCL INFO mscclGetCaptureStatus: 0, captureId: 0, size: 0

ja4:2516952:2516952 [0] NCCL INFO mscclSetupProxy: no capture

ja4:2516952:2516952 [0] NCCL INFO MSCCL: Setup Kernel finished, smem 41280 needsFence 1
ja3:927797:927797 [0] NCCL INFO mscclSetupProxy: no capture

ja3:927797:927797 [0] NCCL INFO MSCCL: Setup Kernel finished, smem 41280 needsFence 1
ja3:927797:927797 [0] NCCL INFO mscclGetCaptureStatus: 0, captureId: 0, size: 0

ja3:927797:927797 [0] NCCL INFO mscclSetupProxy: no capture

ja3:927797:927797 [0] NCCL INFO MSCCL: Setup Kernel finished, smem 41280 needsFence 1
ja3:927797:927797 [0] NCCL INFO mscclGetCaptureStatus: 0, captureId: 0, size: 0

ja3:927797:927797 [0] NCCL INFO mscclSetupProxy: no capture

ja3:927797:927797 [0] NCCL INFO MSCCL: Setup Kernel finished, smem 41280 needsFence 1
ja2:1312459:1312459 [0] NCCL INFO mscclGetCaptureStatus: 0, captureId: 0, size: 0

ja2:1312459:1312459 [0] NCCL INFO mscclSetupProxy: no capture

ja2:1312459:1312459 [0] NCCL INFO MSCCL: Setup Kernel finished, smem 41280 needsFence 1
ja2:1312459:1312459 [0] NCCL INFO mscclGetCaptureStatus: 0, captureId: 0, size: 0

ja2:1312459:1312459 [0] NCCL INFO mscclSetupProxy: no capture

ja2:1312459:1312459 [0] NCCL INFO MSCCL: Setup Kernel finished, smem 41280 needsFence 1
ja2:1312459:1312459 [0] NCCL INFO mscclGetCaptureStatus: 0, captureId: 0, size: 0

ja2:1312459:1312459 [0] NCCL INFO mscclSetupProxy: no capture

ja2:1312459:1312459 [0] NCCL INFO MSCCL: Setup Kernel finished, smem 41280 needsFence 1
ja4:2516952:2516952 [0] NCCL INFO mscclGetCaptureStatus: 0, captureId: 0, size: 0

ja4:2516952:2516952 [0] NCCL INFO mscclSetupProxy: no capture

ja4:2516952:2516952 [0] NCCL INFO MSCCL: Setup Kernel finished, smem 41280 needsFence 1
ja4:2516952:2516952 [0] NCCL INFO mscclGetCaptureStatus: 0, captureId: 0, size: 0

ja4:2516952:2516952 [0] NCCL INFO mscclSetupProxy: no capture

ja4:2516952:2516952 [0] NCCL INFO MSCCL: Setup Kernel finished, smem 41280 needsFence 1
ja4:2516952:2516952 [0] NCCL INFO mscclGetCaptureStatus: 0, captureId: 0, size: 0

ja4:2516952:2516952 [0] NCCL INFO mscclSetupProxy: no capture

ja4:2516952:2516952 [0] NCCL INFO MSCCL: Setup Kernel finished, smem 41280 needsFence 1
ja3:927797:927797 [0] NCCL INFO mscclGetCaptureStatus: 0, captureId: 0, size: 0

ja3:927797:927797 [0] NCCL INFO mscclSetupProxy: no capture

ja3:927797:927797 [0] NCCL INFO MSCCL: Setup Kernel finished, smem 41280 needsFence 1
ja3:927797:927797 [0] NCCL INFO mscclGetCaptureStatus: 0, captureId: 0, size: 0

ja2:1312459:1312459 [0] NCCL INFO mscclGetCaptureStatus: 0, captureId: 0, size: 0

ja2:1312459:1312459 [0] NCCL INFO mscclSetupProxy: no capture

ja2:1312459:1312459 [0] NCCL INFO MSCCL: Setup Kernel finished, smem 41280 needsFence 1
ja2:1312459:1312459 [0] NCCL INFO mscclGetCaptureStatus: 0, captureId: 0, size: 0

ja2:1312459:1312459 [0] NCCL INFO mscclSetupProxy: no capture

ja2:1312459:1312459 [0] NCCL INFO MSCCL: Setup Kernel finished, smem 41280 needsFence 1
ja4:2516952:2516952 [0] NCCL INFO mscclGetCaptureStatus: 0, captureId: 0, size: 0

ja4:2516952:2516952 [0] NCCL INFO mscclSetupProxy: no capture

ja4:2516952:2516952 [0] NCCL INFO MSCCL: Setup Kernel finished, smem 41280 needsFence 1
ja4:2516952:2516952 [0] NCCL INFO mscclGetCaptureStatus: 0, captureId: 0, size: 0

ja4:2516952:2516952 [0] NCCL INFO mscclSetupProxy: no capture

ja4:2516952:2516952 [0] NCCL INFO MSCCL: Setup Kernel finished, smem 41280 needsFence 1
ja4:2516952:2516952 [0] NCCL INFO mscclGetCaptureStatus: 0, captureId: 0, size: 0

ja4:2516952:2516952 [0] NCCL INFO mscclSetupProxy: no capture

ja4:2516952:2516952 [0] NCCL INFO MSCCL: Setup Kernel finished, smem 41280 needsFence 1
ja3:927797:927797 [0] NCCL INFO mscclSetupProxy: no capture

ja3:927797:927797 [0] NCCL INFO MSCCL: Setup Kernel finished, smem 41280 needsFence 1
ja3:927797:927797 [0] NCCL INFO mscclGetCaptureStatus: 0, captureId: 0, size: 0

ja3:927797:927797 [0] NCCL INFO mscclSetupProxy: no capture

ja3:927797:927797 [0] NCCL INFO MSCCL: Setup Kernel finished, smem 41280 needsFence 1
ja3:927797:927797 [0] NCCL INFO mscclGetCaptureStatus: 0, captureId: 0, size: 0

ja3:927797:927797 [0] NCCL INFO mscclSetupProxy: no capture

ja3:927797:927797 [0] NCCL INFO MSCCL: Setup Kernel finished, smem 41280 needsFence 1
ja3:927797:927797 [0] NCCL INFO mscclGetCaptureStatus: 0, captureId: 0, size: 0

ja3:927797:927797 [0] NCCL INFO mscclSetupProxy: no capture

ja3:927797:927797 [0] NCCL INFO MSCCL: Setup Kernel finished, smem 41280 needsFence 1
ja3:927797:927797 [0] NCCL INFO mscclGetCaptureStatus: 0, captureId: 0, size: 0

ja3:927797:927797 [0] NCCL INFO mscclSetupProxy: no capture

ja3:927797:927797 [0] NCCL INFO MSCCL: Setup Kernel finished, smem 41280 needsFence 1
ja2:1312459:1312459 [0] NCCL INFO mscclGetCaptureStatus: 0, captureId: 0, size: 0

ja2:1312459:1312459 [0] NCCL INFO mscclSetupProxy: no capture

ja2:1312459:1312459 [0] NCCL INFO MSCCL: Setup Kernel finished, smem 41280 needsFence 1
ja4:2516952:2516952 [0] NCCL INFO mscclGetCaptureStatus: 0, captureId: 0, size: 0

ja4:2516952:2516952 [0] NCCL INFO mscclSetupProxy: no capture

ja4:2516952:2516952 [0] NCCL INFO MSCCL: Setup Kernel finished, smem 41280 needsFence 1
ja3:927797:927797 [0] NCCL INFO mscclGetCaptureStatus: 0, captureId: 0, size: 0

ja3:927797:927797 [0] NCCL INFO mscclSetupProxy: no capture

ja3:927797:927797 [0] NCCL INFO MSCCL: Setup Kernel finished, smem 41280 needsFence 1
    146.1    0.34    0.22      0
       98304          8192     float    none      -1    53.52    1.84    1.22      0ja2:1312459:1312459 [0] NCCL INFO mscclGetCaptureStatus: 0, captureId: 0, size: 0

ja2:1312459:1312459 [0] NCCL INFO mscclSetupProxy: no capture

ja2:1312459:1312459 [0] NCCL INFO MSCCL: Setup Kernel finished, smem 41280 needsFence 1
ja4:2516952:2516952 [0] NCCL INFO mscclGetCaptureStatus: 0, captureId: 0, size: 0

ja4:2516952:2516952 [0] NCCL INFO mscclSetupProxy: no capture

ja4:2516952:2516952 [0] NCCL INFO MSCCL: Setup Kernel finished, smem 41280 needsFence 1
ja3:927797:927797 [0] NCCL INFO mscclGetCaptureStatus: 0, captureId: 0, size: 0

ja3:927797:927797 [0] NCCL INFO mscclSetupProxy: no capture

ja3:927797:927797 [0] NCCL INFO MSCCL: Setup Kernel finished, smem 41280 needsFence 1
ja2:1312459:1312459 [0] NCCL INFO mscclGetCaptureStatus: 0, captureId: 0, size: 0

ja2:1312459:1312459 [0] NCCL INFO mscclSetupProxy: no capture

ja2:1312459:1312459 [0] NCCL INFO MSCCL: Setup Kernel finished, smem 41280 needsFence 1
ja4:2516952:2516952 [0] NCCL INFO mscclGetCaptureStatus: 0, captureId: 0, size: 0

ja4:2516952:2516952 [0] NCCL INFO mscclSetupProxy: no capture

ja4:2516952:2516952 [0] NCCL INFO MSCCL: Setup Kernel finished, smem 41280 needsFence 1
ja4:2516952:2516952 [0] NCCL INFO mscclGetCaptureStatus: 0, captureId: 0, size: 0

ja3:927797:927797 [0] NCCL INFO mscclGetCaptureStatus: 0, captureId: 0, size: 0

ja3:927797:927797 [0] NCCL INFO mscclSetupProxy: no capture

ja3:927797:927797 [0] NCCL INFO MSCCL: Setup Kernel finished, smem 41280 needsFence 1
ja3:927797:927797 [0] NCCL INFO mscclGetCaptureStatus: 0, captureId: 0, size: 0

ja3:927797:927797 [0] NCCL INFO mscclSetupProxy: no capture

ja3:927797:927797 [0] NCCL INFO MSCCL: Setup Kernel finished, smem 41280 needsFence 1
ja2:1312459:1312459 [0] NCCL INFO mscclGetCaptureStatus: 0, captureId: 0, size: 0

ja2:1312459:1312459 [0] NCCL INFO mscclSetupProxy: no capture

ja2:1312459:1312459 [0] NCCL INFO MSCCL: Setup Kernel finished, smem 41280 needsFence 1
ja2:1312459:1312459 [0] NCCL INFO mscclGetCaptureStatus: 0, captureId: 0, size: 0

ja2:1312459:1312459 [0] NCCL INFO mscclSetupProxy: no capture

ja2:1312459:1312459 [0] NCCL INFO MSCCL: Setup Kernel finished, smem 41280 needsFence 1
ja4:2516952:2516952 [0] NCCL INFO mscclSetupProxy: no capture

ja4:2516952:2516952 [0] NCCL INFO MSCCL: Setup Kernel finished, smem 41280 needsFence 1
ja4:2516952:2516952 [0] NCCL INFO mscclGetCaptureStatus: 0, captureId: 0, size: 0

ja4:2516952:2516952 [0] NCCL INFO mscclSetupProxy: no capture

ja3:927797:927797 [0] NCCL INFO mscclGetCaptureStatus: 0, captureId: 0, size: 0

ja3:927797:927797 [0] NCCL INFO mscclSetupProxy: no capture

ja3:927797:927797 [0] NCCL INFO MSCCL: Setup Kernel finished, smem 41280 needsFence 1
ja3:927797:927797 [0] NCCL INFO mscclGetCaptureStatus: 0, captureId: 0, size: 0

ja3:927797:927797 [0] NCCL INFO mscclSetupProxy: no capture

ja3:927797:927797 [0] NCCL INFO MSCCL: Setup Kernel finished, smem 41280 needsFence 1
ja2:1312459:1312459 [0] NCCL INFO mscclGetCaptureStatus: 0, captureId: 0, size: 0

ja2:1312459:1312459 [0] NCCL INFO mscclSetupProxy: no capture

ja2:1312459:1312459 [0] NCCL INFO MSCCL: Setup Kernel finished, smem 41280 needsFence 1
ja2:1312459:1312459 [0] NCCL INFO mscclGetCaptureStatus: 0, captureId: 0, size: 0

ja2:1312459:1312459 [0] NCCL INFO mscclSetupProxy: no capture

ja2:1312459:1312459 [0] NCCL INFO MSCCL: Setup Kernel finished, smem 41280 needsFence 1
ja2:1312459:1312459 [0] NCCL INFO mscclGetCaptureStatus: 0, captureId: 0, size: 0

ja2:1312459:1312459 [0] NCCL INFO mscclSetupProxy: no capture

ja2:1312459:1312459 [0] NCCL INFO MSCCL: Setup Kernel finished, smem 41280 needsFence 1
ja4:2516952:2516952 [0] NCCL INFO MSCCL: Setup Kernel finished, smem 41280 needsFence 1
ja4:2516952:2516952 [0] NCCL INFO mscclGetCaptureStatus: 0, captureId: 0, size: 0

ja4:2516952:2516952 [0] NCCL INFO mscclSetupProxy: no capture

ja4:2516952:2516952 [0] NCCL INFO MSCCL: Setup Kernel finished, smem 41280 needsFence 1
ja4:2516952:2516952 [0] NCCL INFO mscclGetCaptureStatus: 0, captureId: 0, size: 0

ja4:2516952:2516952 [0] NCCL INFO mscclSetupProxy: no capture

ja4:2516952:2516952 [0] NCCL INFO MSCCL: Setup Kernel finished, smem 41280 needsFence 1
ja3:927797:927797 [0] NCCL INFO mscclGetCaptureStatus: 0, captureId: 0, size: 0

ja3:927797:927797 [0] NCCL INFO mscclSetupProxy: no capture

ja3:927797:927797 [0] NCCL INFO MSCCL: Setup Kernel finished, smem 41280 needsFence 1
ja3:927797:927797 [0] NCCL INFO mscclGetCaptureStatus: 0, captureId: 0, size: 0

ja3:927797:927797 [0] NCCL INFO mscclSetupProxy: no capture

ja3:927797:927797 [0] NCCL INFO MSCCL: Setup Kernel finished, smem 41280 needsFence 1
ja3:927797:927797 [0] NCCL INFO mscclGetCaptureStatus: 0, captureId: 0, size: 0

ja3:927797:927797 [0] NCCL INFO mscclSetupProxy: no capture

ja3:927797:927797 [0] NCCL INFO MSCCL: Setup Kernel finished, smem 41280 needsFence 1
ja2:1312459:1312459 [0] NCCL INFO mscclGetCaptureStatus: 0, captureId: 0, size: 0

ja2:1312459:1312459 [0] NCCL INFO mscclSetupProxy: no capture

ja2:1312459:1312459 [0] NCCL INFO MSCCL: Setup Kernel finished, smem 41280 needsFence 1
ja2:1312459:1312459 [0] NCCL INFO mscclGetCaptureStatus: 0, captureId: 0, size: 0

ja2:1312459:1312459 [0] NCCL INFO mscclSetupProxy: no capture

ja2:1312459:1312459 [0] NCCL INFO MSCCL: Setup Kernel finished, smem 41280 needsFence 1
ja4:2516952:2516952 [0] NCCL INFO mscclGetCaptureStatus: 0, captureId: 0, size: 0

ja4:2516952:2516952 [0] NCCL INFO mscclSetupProxy: no capture

ja4:2516952:2516952 [0] NCCL INFO MSCCL: Setup Kernel finished, smem 41280 needsFence 1
ja4:2516952:2516952 [0] NCCL INFO mscclGetCaptureStatus: 0, captureId: 0, size: 0

ja4:2516952:2516952 [0] NCCL INFO mscclSetupProxy: no capture

ja3:927797:927797 [0] NCCL INFO mscclGetCaptureStatus: 0, captureId: 0, size: 0

ja3:927797:927797 [0] NCCL INFO mscclSetupProxy: no capture

ja3:927797:927797 [0] NCCL INFO MSCCL: Setup Kernel finished, smem 41280 needsFence 1
ja3:927797:927797 [0] NCCL INFO mscclGetCaptureStatus: 0, captureId: 0, size: 0

ja3:927797:927797 [0] NCCL INFO mscclSetupProxy: no capture

ja3:927797:927797 [0] NCCL INFO MSCCL: Setup Kernel finished, smem 41280 needsFence 1
ja2:1312459:1312459 [0] NCCL INFO mscclGetCaptureStatus: 0, captureId: 0, size: 0

ja2:1312459:1312459 [0] NCCL INFO mscclSetupProxy: no capture

ja2:1312459:1312459 [0] NCCL INFO MSCCL: Setup Kernel finished, smem 41280 needsFence 1
ja2:1312459:1312459 [0] NCCL INFO mscclGetCaptureStatus: 0, captureId: 0, size: 0

ja2:1312459:1312459 [0] NCCL INFO mscclSetupProxy: no capture

ja2:1312459:1312459 [0] NCCL INFO MSCCL: Setup Kernel finished, smem 41280 needsFence 1
ja2:1312459:1312459 [0] NCCL INFO mscclGetCaptureStatus: 0, captureId: 0, size: 0

ja2:1312459:1312459 [0] NCCL INFO mscclSetupProxy: no capture

ja4:2516952:2516952 [0] NCCL INFO MSCCL: Setup Kernel finished, smem 41280 needsFence 1
ja4:2516952:2516952 [0] NCCL INFO mscclGetCaptureStatus: 0, captureId: 0, size: 0

ja4:2516952:2516952 [0] NCCL INFO mscclSetupProxy: no capture

ja4:2516952:2516952 [0] NCCL INFO MSCCL: Setup Kernel finished, smem 41280 needsFence 1
ja4:2516952:2516952 [0] NCCL INFO mscclGetCaptureStatus: 0, captureId: 0, size: 0

ja4:2516952:2516952 [0] NCCL INFO mscclSetupProxy: no capture

ja4:2516952:2516952 [0] NCCL INFO MSCCL: Setup Kernel finished, smem 41280 needsFence 1
ja4:2516952:2516952 [0] NCCL INFO mscclGetCaptureStatus: 0, captureId: 0, size: 0

ja4:2516952:2516952 [0] NCCL INFO mscclSetupProxy: no capture

ja4:2516952:2516952 [0] NCCL INFO MSCCL: Setup Kernel finished, smem 41280 needsFence 1
ja3:927797:927797 [0] NCCL INFO mscclGetCaptureStatus: 0, captureId: 0, size: 0

ja3:927797:927797 [0] NCCL INFO mscclSetupProxy: no capture

ja3:927797:927797 [0] NCCL INFO MSCCL: Setup Kernel finished, smem 41280 needsFence 1
ja3:927797:927797 [0] NCCL INFO mscclGetCaptureStatus: 0, captureId: 0, size: 0

ja3:927797:927797 [0] NCCL INFO mscclSetupProxy: no capture

ja3:927797:927797 [0] NCCL INFO MSCCL: Setup Kernel finished, smem 41280 needsFence 1
ja3:927797:927797 [0] NCCL INFO mscclGetCaptureStatus: 0, captureId: 0, size: 0

ja2:1312459:1312459 [0] NCCL INFO MSCCL: Setup Kernel finished, smem 41280 needsFence 1
ja2:1312459:1312459 [0] NCCL INFO mscclGetCaptureStatus: 0, captureId: 0, size: 0

ja2:1312459:1312459 [0] NCCL INFO mscclSetupProxy: no capture

ja2:1312459:1312459 [0] NCCL INFO MSCCL: Setup Kernel finished, smem 41280 needsFence 1
ja2:1312459:1312459 [0] NCCL INFO mscclGetCaptureStatus: 0, captureId: 0, size: 0

ja2:1312459:1312459 [0] NCCL INFO mscclSetupProxy: no capture

ja2:1312459:1312459 [0] NCCL INFO MSCCL: Setup Kernel finished, smem 41280 needsFence 1
ja2:1312459:1312459 [0] NCCL INFO mscclGetCaptureStatus: 0, captureId: 0, size: 0

ja2:1312459:1312459 [0] NCCL INFO mscclSetupProxy: no capture

ja2:1312459:1312459 [0] NCCL INFO MSCCL: Setup Kernel finished, smem 41280 needsFence 1
ja4:2516952:2516952 [0] NCCL INFO mscclGetCaptureStatus: 0, captureId: 0, size: 0

ja4:2516952:2516952 [0] NCCL INFO mscclSetupProxy: no capture

ja4:2516952:2516952 [0] NCCL INFO MSCCL: Setup Kernel finished, smem 41280 needsFence 1
ja4:2516952:2516952 [0] NCCL INFO mscclGetCaptureStatus: 0, captureId: 0, size: 0

ja4:2516952:2516952 [0] NCCL INFO mscclSetupProxy: no capture

ja4:2516952:2516952 [0] NCCL INFO MSCCL: Setup Kernel finished, smem 41280 needsFence 1
ja3:927797:927797 [0] NCCL INFO mscclSetupProxy: no capture

ja3:927797:927797 [0] NCCL INFO MSCCL: Setup Kernel finished, smem 41280 needsFence 1
ja3:927797:927797 [0] NCCL INFO mscclGetCaptureStatus: 0, captureId: 0, size: 0

ja3:927797:927797 [0] NCCL INFO mscclSetupProxy: no capture

ja3:927797:927797 [0] NCCL INFO MSCCL: Setup Kernel finished, smem 41280 needsFence 1
ja3:927797:927797 [0] NCCL INFO mscclGetCaptureStatus: 0, captureId: 0, size: 0

ja3:927797:927797 [0] NCCL INFO mscclSetupProxy: no capture

ja3:927797:927797 [0] NCCL INFO MSCCL: Setup Kernel finished, smem 41280 needsFence 1
ja2:1312459:1312459 [0] NCCL INFO mscclGetCaptureStatus: 0, captureId: 0, size: 0

ja2:1312459:1312459 [0] NCCL INFO mscclSetupProxy: no capture

ja2:1312459:1312459 [0] NCCL INFO MSCCL: Setup Kernel finished, smem 41280 needsFence 1
ja2:1312459:1312459 [0] NCCL INFO mscclGetCaptureStatus: 0, captureId: 0, size: 0

ja2:1312459:1312459 [0] NCCL INFO mscclSetupProxy: no capture

ja2:1312459:1312459 [0] NCCL INFO MSCCL: Setup Kernel finished, smem 41280 needsFence 1
ja2:1312459:1312459 [0] NCCL INFO mscclGetCaptureStatus: 0, captureId: 0, size: 0

ja2:1312459:1312459 [0] NCCL INFO mscclSetupProxy: no capture

ja2:1312459:1312459 [0] NCCL INFO MSCCL: Setup Kernel finished, smem 41280 needsFence 1
ja4:2516952:2516952 [0] NCCL INFO mscclGetCaptureStatus: 0, captureId: 0, size: 0

ja4:2516952:2516952 [0] NCCL INFO mscclSetupProxy: no capture

ja4:2516952:2516952 [0] NCCL INFO MSCCL: Setup Kernel finished, smem 41280 needsFence 1
ja4:2516952:2516952 [0] NCCL INFO mscclGetCaptureStatus: 0, captureId: 0, size: 0

ja4:2516952:2516952 [0] NCCL INFO mscclSetupProxy: no capture

ja3:927797:927797 [0] NCCL INFO mscclGetCaptureStatus: 0, captureId: 0, size: 0

ja3:927797:927797 [0] NCCL INFO mscclSetupProxy: no capture

ja3:927797:927797 [0] NCCL INFO MSCCL: Setup Kernel finished, smem 41280 needsFence 1
ja3:927797:927797 [0] NCCL INFO mscclGetCaptureStatus: 0, captureId: 0, size: 0

ja3:927797:927797 [0] NCCL INFO mscclSetupProxy: no capture

ja2:1312459:1312459 [0] NCCL INFO mscclGetCaptureStatus: 0, captureId: 0, size: 0

ja2:1312459:1312459 [0] NCCL INFO mscclSetupProxy: no capture

ja2:1312459:1312459 [0] NCCL INFO MSCCL: Setup Kernel finished, smem 41280 needsFence 1
ja2:1312459:1312459 [0] NCCL INFO mscclGetCaptureStatus: 0, captureId: 0, size: 0

ja2:1312459:1312459 [0] NCCL INFO mscclSetupProxy: no capture

ja2:1312459:1312459 [0] NCCL INFO MSCCL: Setup Kernel finished, smem 41280 needsFence 1
ja2:1312459:1312459 [0] NCCL INFO mscclGetCaptureStatus: 0, captureId: 0, size: 0

ja2:1312459:1312459 [0] NCCL INFO mscclSetupProxy: no capture

ja2:1312459:1312459 [0] NCCL INFO MSCCL: Setup Kernel finished, smem 41280 needsFence 1
ja4:2516952:2516952 [0] NCCL INFO MSCCL: Setup Kernel finished, smem 41280 needsFence 1
ja4:2516952:2516952 [0] NCCL INFO mscclGetCaptureStatus: 0, captureId: 0, size: 0

ja4:2516952:2516952 [0] NCCL INFO mscclSetupProxy: no capture

ja4:2516952:2516952 [0] NCCL INFO MSCCL: Setup Kernel finished, smem 41280 needsFence 1
ja4:2516952:2516952 [0] NCCL INFO mscclGetCaptureStatus: 0, captureId: 0, size: 0

ja4:2516952:2516952 [0] NCCL INFO mscclSetupProxy: no capture

ja3:927797:927797 [0] NCCL INFO MSCCL: Setup Kernel finished, smem 41280 needsFence 1
ja3:927797:927797 [0] NCCL INFO mscclGetCaptureStatus: 0, captureId: 0, size: 0

ja3:927797:927797 [0] NCCL INFO mscclSetupProxy: no capture

ja3:927797:927797 [0] NCCL INFO MSCCL: Setup Kernel finished, smem 41280 needsFence 1
ja3:927797:927797 [0] NCCL INFO mscclGetCaptureStatus: 0, captureId: 0, size: 0

ja3:927797:927797 [0] NCCL INFO mscclSetupProxy: no capture

ja3:927797:927797 [0] NCCL INFO MSCCL: Setup Kernel finished, smem 41280 needsFence 1
ja3:927797:927797 [0] NCCL INFO mscclGetCaptureStatus: 0, captureId: 0, size: 0

ja3:927797:927797 [0] NCCL INFO mscclSetupProxy: no capture

ja3:927797:927797 [0] NCCL INFO MSCCL: Setup Kernel finished, smem 41280 needsFence 1
ja3:927797:927797 [0] NCCL INFO mscclGetCaptureStatus: 0, captureId: 0, size: 0

ja3:927797:927797 [0] NCCL INFO mscclSetupProxy: no capture

ja3:927797:927797 [0] NCCL INFO MSCCL: Setup Kernel finished, smem 41280 needsFence 1
ja4:2516952:2516952 [0] NCCL INFO MSCCL: Setup Kernel finished, smem 41280 needsFence 1
ja4:2516952:2516952 [0] NCCL INFO mscclGetCaptureStatus: 0, captureId: 0, size: 0

ja4:2516952:2516952 [0] NCCL INFO mscclSetupProxy: no capture

ja4:2516952:2516952 [0] NCCL INFO MSCCL: Setup Kernel finished, smem 41280 needsFence 1
ja4:2516952:2516952 [0] NCCL INFO mscclGetCaptureStatus: 0, captureId: 0, size: 0

ja4:2516952:2516952 [0] NCCL INFO mscclSetupProxy: no capture

ja4:2516952:2516952 [0] NCCL INFO MSCCL: Setup Kernel finished, smem 41280 needsFence 1
ja4:2516952:2516952 [0] NCCL INFO mscclGetCaptureStatus: 0, captureId: 0, size: 0

ja4:2516952:2516952 [0] NCCL INFO mscclSetupProxy: no capture

ja4:2516952:2516952 [0] NCCL INFO MSCCL: Setup Kernel finished, smem 41280 needsFence 1
ja4:2516952:2516952 [0] NCCL INFO mscclGetCaptureStatus: 0, captureId: 0, size: 0

ja4:2516952:2516952 [0] NCCL INFO mscclSetupProxy: no capture

ja4:2516952:2516952 [0] NCCL INFO MSCCL: Setup Kernel finished, smem 41280 needsFence 1
ja2:1312459:1312459 [0] NCCL INFO mscclGetCaptureStatus: 0, captureId: 0, size: 0

ja2:1312459:1312459 [0] NCCL INFO mscclSetupProxy: no capture

ja2:1312459:1312459 [0] NCCL INFO MSCCL: Setup Kernel finished, smem 41280 needsFence 1
ja4:2516952:2516952 [0] NCCL INFO mscclGetCaptureStatus: 0, captureId: 0, size: 0

ja4:2516952:2516952 [0] NCCL INFO mscclSetupProxy: no capture

ja4:2516952:2516952 [0] NCCL INFO MSCCL: Setup Kernel finished, smem 41280 needsFence 1
ja3:927797:927797 [0] NCCL INFO mscclGetCaptureStatus: 0, captureId: 0, size: 0

ja3:927797:927797 [0] NCCL INFO mscclSetupProxy: no capture

ja3:927797:927797 [0] NCCL INFO MSCCL: Setup Kernel finished, smem 41280 needsFence 1
    149.4    0.66    0.44      0
      196608         16384     float    none      -1    92.95    2.12    1.41      0ja2:1312459:1312459 [0] NCCL INFO mscclGetCaptureStatus: 0, captureId: 0, size: 0

ja2:1312459:1312459 [0] NCCL INFO mscclSetupProxy: no capture

ja2:1312459:1312459 [0] NCCL INFO MSCCL: Setup Kernel finished, smem 41280 needsFence 1
ja4:2516952:2516952 [0] NCCL INFO mscclGetCaptureStatus: 0, captureId: 0, size: 0

ja4:2516952:2516952 [0] NCCL INFO mscclSetupProxy: no capture

ja4:2516952:2516952 [0] NCCL INFO MSCCL: Setup Kernel finished, smem 41280 needsFence 1
ja3:927797:927797 [0] NCCL INFO mscclGetCaptureStatus: 0, captureId: 0, size: 0

ja3:927797:927797 [0] NCCL INFO mscclSetupProxy: no capture

ja3:927797:927797 [0] NCCL INFO MSCCL: Setup Kernel finished, smem 41280 needsFence 1
ja2:1312459:1312459 [0] NCCL INFO mscclGetCaptureStatus: 0, captureId: 0, size: 0

ja2:1312459:1312459 [0] NCCL INFO mscclSetupProxy: no capture

ja2:1312459:1312459 [0] NCCL INFO MSCCL: Setup Kernel finished, smem 41280 needsFence 1
ja2:1312459:1312459 [0] NCCL INFO mscclGetCaptureStatus: 0, captureId: 0, size: 0

ja2:1312459:1312459 [0] NCCL INFO mscclSetupProxy: no capture

ja2:1312459:1312459 [0] NCCL INFO MSCCL: Setup Kernel finished, smem 41280 needsFence 1
ja2:1312459:1312459 [0] NCCL INFO mscclGetCaptureStatus: 0, captureId: 0, size: 0

ja2:1312459:1312459 [0] NCCL INFO mscclSetupProxy: no capture

ja2:1312459:1312459 [0] NCCL INFO MSCCL: Setup Kernel finished, smem 41280 needsFence 1
ja2:1312459:1312459 [0] NCCL INFO mscclGetCaptureStatus: 0, captureId: 0, size: 0

ja2:1312459:1312459 [0] NCCL INFO mscclSetupProxy: no capture

ja2:1312459:1312459 [0] NCCL INFO MSCCL: Setup Kernel finished, smem 41280 needsFence 1
ja4:2516952:2516952 [0] NCCL INFO mscclGetCaptureStatus: 0, captureId: 0, size: 0

ja4:2516952:2516952 [0] NCCL INFO mscclSetupProxy: no capture

ja4:2516952:2516952 [0] NCCL INFO MSCCL: Setup Kernel finished, smem 41280 needsFence 1
ja4:2516952:2516952 [0] NCCL INFO mscclGetCaptureStatus: 0, captureId: 0, size: 0

ja4:2516952:2516952 [0] NCCL INFO mscclSetupProxy: no capture

ja4:2516952:2516952 [0] NCCL INFO MSCCL: Setup Kernel finished, smem 41280 needsFence 1
ja4:2516952:2516952 [0] NCCL INFO mscclGetCaptureStatus: 0, captureId: 0, size: 0

ja4:2516952:2516952 [0] NCCL INFO mscclSetupProxy: no capture

ja4:2516952:2516952 [0] NCCL INFO MSCCL: Setup Kernel finished, smem 41280 needsFence 1
ja4:2516952:2516952 [0] NCCL INFO mscclGetCaptureStatus: 0, captureId: 0, size: 0

ja4:2516952:2516952 [0] NCCL INFO mscclSetupProxy: no capture

ja4:2516952:2516952 [0] NCCL INFO MSCCL: Setup Kernel finished, smem 41280 needsFence 1
ja4:2516952:2516952 [0] NCCL INFO mscclGetCaptureStatus: 0, captureId: 0, size: 0

ja4:2516952:2516952 [0] NCCL INFO mscclSetupProxy: no capture

ja4:2516952:2516952 [0] NCCL INFO MSCCL: Setup Kernel finished, smem 41280 needsFence 1
ja3:927797:927797 [0] NCCL INFO mscclGetCaptureStatus: 0, captureId: 0, size: 0

ja3:927797:927797 [0] NCCL INFO mscclSetupProxy: no capture

ja3:927797:927797 [0] NCCL INFO MSCCL: Setup Kernel finished, smem 41280 needsFence 1
ja3:927797:927797 [0] NCCL INFO mscclGetCaptureStatus: 0, captureId: 0, size: 0

ja3:927797:927797 [0] NCCL INFO mscclSetupProxy: no capture

ja3:927797:927797 [0] NCCL INFO MSCCL: Setup Kernel finished, smem 41280 needsFence 1
ja3:927797:927797 [0] NCCL INFO mscclGetCaptureStatus: 0, captureId: 0, size: 0

ja3:927797:927797 [0] NCCL INFO mscclSetupProxy: no capture

ja3:927797:927797 [0] NCCL INFO MSCCL: Setup Kernel finished, smem 41280 needsFence 1
ja3:927797:927797 [0] NCCL INFO mscclGetCaptureStatus: 0, captureId: 0, size: 0

ja3:927797:927797 [0] NCCL INFO mscclSetupProxy: no capture

ja3:927797:927797 [0] NCCL INFO MSCCL: Setup Kernel finished, smem 41280 needsFence 1
ja3:927797:927797 [0] NCCL INFO mscclGetCaptureStatus: 0, captureId: 0, size: 0

ja2:1312459:1312459 [0] NCCL INFO mscclGetCaptureStatus: 0, captureId: 0, size: 0

ja2:1312459:1312459 [0] NCCL INFO mscclSetupProxy: no capture

ja2:1312459:1312459 [0] NCCL INFO MSCCL: Setup Kernel finished, smem 41280 needsFence 1
ja2:1312459:1312459 [0] NCCL INFO mscclGetCaptureStatus: 0, captureId: 0, size: 0

ja2:1312459:1312459 [0] NCCL INFO mscclSetupProxy: no capture

ja2:1312459:1312459 [0] NCCL INFO MSCCL: Setup Kernel finished, smem 41280 needsFence 1
ja2:1312459:1312459 [0] NCCL INFO mscclGetCaptureStatus: 0, captureId: 0, size: 0

ja2:1312459:1312459 [0] NCCL INFO mscclSetupProxy: no capture

ja2:1312459:1312459 [0] NCCL INFO MSCCL: Setup Kernel finished, smem 41280 needsFence 1
ja2:1312459:1312459 [0] NCCL INFO mscclGetCaptureStatus: 0, captureId: 0, size: 0

ja2:1312459:1312459 [0] NCCL INFO mscclSetupProxy: no capture

ja2:1312459:1312459 [0] NCCL INFO MSCCL: Setup Kernel finished, smem 41280 needsFence 1
ja2:1312459:1312459 [0] NCCL INFO mscclGetCaptureStatus: 0, captureId: 0, size: 0

ja4:2516952:2516952 [0] NCCL INFO mscclGetCaptureStatus: 0, captureId: 0, size: 0

ja4:2516952:2516952 [0] NCCL INFO mscclSetupProxy: no capture

ja4:2516952:2516952 [0] NCCL INFO MSCCL: Setup Kernel finished, smem 41280 needsFence 1
ja4:2516952:2516952 [0] NCCL INFO mscclGetCaptureStatus: 0, captureId: 0, size: 0

ja4:2516952:2516952 [0] NCCL INFO mscclSetupProxy: no capture

ja4:2516952:2516952 [0] NCCL INFO MSCCL: Setup Kernel finished, smem 41280 needsFence 1
ja4:2516952:2516952 [0] NCCL INFO mscclGetCaptureStatus: 0, captureId: 0, size: 0

ja4:2516952:2516952 [0] NCCL INFO mscclSetupProxy: no capture

ja4:2516952:2516952 [0] NCCL INFO MSCCL: Setup Kernel finished, smem 41280 needsFence 1
ja3:927797:927797 [0] NCCL INFO mscclSetupProxy: no capture

ja3:927797:927797 [0] NCCL INFO MSCCL: Setup Kernel finished, smem 41280 needsFence 1
ja2:1312459:1312459 [0] NCCL INFO mscclSetupProxy: no capture

ja2:1312459:1312459 [0] NCCL INFO MSCCL: Setup Kernel finished, smem 41280 needsFence 1
ja2:1312459:1312459 [0] NCCL INFO mscclGetCaptureStatus: 0, captureId: 0, size: 0

ja2:1312459:1312459 [0] NCCL INFO mscclSetupProxy: no capture

ja2:1312459:1312459 [0] NCCL INFO MSCCL: Setup Kernel finished, smem 41280 needsFence 1
ja2:1312459:1312459 [0] NCCL INFO mscclGetCaptureStatus: 0, captureId: 0, size: 0

ja2:1312459:1312459 [0] NCCL INFO mscclSetupProxy: no capture

ja2:1312459:1312459 [0] NCCL INFO MSCCL: Setup Kernel finished, smem 41280 needsFence 1
ja4:2516952:2516952 [0] NCCL INFO mscclGetCaptureStatus: 0, captureId: 0, size: 0

ja4:2516952:2516952 [0] NCCL INFO mscclSetupProxy: no capture

ja4:2516952:2516952 [0] NCCL INFO MSCCL: Setup Kernel finished, smem 41280 needsFence 1
ja4:2516952:2516952 [0] NCCL INFO mscclGetCaptureStatus: 0, captureId: 0, size: 0

ja4:2516952:2516952 [0] NCCL INFO mscclSetupProxy: no capture

ja4:2516952:2516952 [0] NCCL INFO MSCCL: Setup Kernel finished, smem 41280 needsFence 1
ja4:2516952:2516952 [0] NCCL INFO mscclGetCaptureStatus: 0, captureId: 0, size: 0

ja4:2516952:2516952 [0] NCCL INFO mscclSetupProxy: no capture

ja4:2516952:2516952 [0] NCCL INFO MSCCL: Setup Kernel finished, smem 41280 needsFence 1
ja4:2516952:2516952 [0] NCCL INFO mscclGetCaptureStatus: 0, captureId: 0, size: 0

ja4:2516952:2516952 [0] NCCL INFO mscclSetupProxy: no capture

ja4:2516952:2516952 [0] NCCL INFO MSCCL: Setup Kernel finished, smem 41280 needsFence 1
ja4:2516952:2516952 [0] NCCL INFO mscclGetCaptureStatus: 0, captureId: 0, size: 0

ja3:927797:927797 [0] NCCL INFO mscclGetCaptureStatus: 0, captureId: 0, size: 0

ja3:927797:927797 [0] NCCL INFO mscclSetupProxy: no capture

ja3:927797:927797 [0] NCCL INFO MSCCL: Setup Kernel finished, smem 41280 needsFence 1
ja3:927797:927797 [0] NCCL INFO mscclGetCaptureStatus: 0, captureId: 0, size: 0

ja3:927797:927797 [0] NCCL INFO mscclSetupProxy: no capture

ja3:927797:927797 [0] NCCL INFO MSCCL: Setup Kernel finished, smem 41280 needsFence 1
ja3:927797:927797 [0] NCCL INFO mscclGetCaptureStatus: 0, captureId: 0, size: 0

ja3:927797:927797 [0] NCCL INFO mscclSetupProxy: no capture

ja3:927797:927797 [0] NCCL INFO MSCCL: Setup Kernel finished, smem 41280 needsFence 1
ja3:927797:927797 [0] NCCL INFO mscclGetCaptureStatus: 0, captureId: 0, size: 0

ja3:927797:927797 [0] NCCL INFO mscclSetupProxy: no capture

ja3:927797:927797 [0] NCCL INFO MSCCL: Setup Kernel finished, smem 41280 needsFence 1
ja3:927797:927797 [0] NCCL INFO mscclGetCaptureStatus: 0, captureId: 0, size: 0

ja2:1312459:1312459 [0] NCCL INFO mscclGetCaptureStatus: 0, captureId: 0, size: 0

ja2:1312459:1312459 [0] NCCL INFO mscclSetupProxy: no capture

ja2:1312459:1312459 [0] NCCL INFO MSCCL: Setup Kernel finished, smem 41280 needsFence 1
ja2:1312459:1312459 [0] NCCL INFO mscclGetCaptureStatus: 0, captureId: 0, size: 0

ja2:1312459:1312459 [0] NCCL INFO mscclSetupProxy: no capture

ja2:1312459:1312459 [0] NCCL INFO MSCCL: Setup Kernel finished, smem 41280 needsFence 1
ja2:1312459:1312459 [0] NCCL INFO mscclGetCaptureStatus: 0, captureId: 0, size: 0

ja2:1312459:1312459 [0] NCCL INFO mscclSetupProxy: no capture

ja2:1312459:1312459 [0] NCCL INFO MSCCL: Setup Kernel finished, smem 41280 needsFence 1
ja2:1312459:1312459 [0] NCCL INFO mscclGetCaptureStatus: 0, captureId: 0, size: 0

ja2:1312459:1312459 [0] NCCL INFO mscclSetupProxy: no capture

ja2:1312459:1312459 [0] NCCL INFO MSCCL: Setup Kernel finished, smem 41280 needsFence 1
ja2:1312459:1312459 [0] NCCL INFO mscclGetCaptureStatus: 0, captureId: 0, size: 0

ja4:2516952:2516952 [0] NCCL INFO mscclSetupProxy: no capture

ja4:2516952:2516952 [0] NCCL INFO MSCCL: Setup Kernel finished, smem 41280 needsFence 1
ja4:2516952:2516952 [0] NCCL INFO mscclGetCaptureStatus: 0, captureId: 0, size: 0

ja4:2516952:2516952 [0] NCCL INFO mscclSetupProxy: no capture

ja3:927797:927797 [0] NCCL INFO mscclSetupProxy: no capture

ja3:927797:927797 [0] NCCL INFO MSCCL: Setup Kernel finished, smem 41280 needsFence 1
ja3:927797:927797 [0] NCCL INFO mscclGetCaptureStatus: 0, captureId: 0, size: 0

ja3:927797:927797 [0] NCCL INFO mscclSetupProxy: no capture

ja3:927797:927797 [0] NCCL INFO MSCCL: Setup Kernel finished, smem 41280 needsFence 1
ja3:927797:927797 [0] NCCL INFO mscclGetCaptureStatus: 0, captureId: 0, size: 0

ja3:927797:927797 [0] NCCL INFO mscclSetupProxy: no capture

ja3:927797:927797 [0] NCCL INFO MSCCL: Setup Kernel finished, smem 41280 needsFence 1
ja2:1312459:1312459 [0] NCCL INFO mscclSetupProxy: no capture

ja2:1312459:1312459 [0] NCCL INFO MSCCL: Setup Kernel finished, smem 41280 needsFence 1
ja2:1312459:1312459 [0] NCCL INFO mscclGetCaptureStatus: 0, captureId: 0, size: 0

ja2:1312459:1312459 [0] NCCL INFO mscclSetupProxy: no capture

ja2:1312459:1312459 [0] NCCL INFO MSCCL: Setup Kernel finished, smem 41280 needsFence 1
ja2:1312459:1312459 [0] NCCL INFO mscclGetCaptureStatus: 0, captureId: 0, size: 0

ja2:1312459:1312459 [0] NCCL INFO mscclSetupProxy: no capture

ja2:1312459:1312459 [0] NCCL INFO MSCCL: Setup Kernel finished, smem 41280 needsFence 1
ja4:2516952:2516952 [0] NCCL INFO MSCCL: Setup Kernel finished, smem 41280 needsFence 1
ja4:2516952:2516952 [0] NCCL INFO mscclGetCaptureStatus: 0, captureId: 0, size: 0

ja4:2516952:2516952 [0] NCCL INFO mscclSetupProxy: no capture

ja4:2516952:2516952 [0] NCCL INFO MSCCL: Setup Kernel finished, smem 41280 needsFence 1
ja4:2516952:2516952 [0] NCCL INFO mscclGetCaptureStatus: 0, captureId: 0, size: 0

ja4:2516952:2516952 [0] NCCL INFO mscclSetupProxy: no capture

ja4:2516952:2516952 [0] NCCL INFO MSCCL: Setup Kernel finished, smem 41280 needsFence 1
ja4:2516952:2516952 [0] NCCL INFO mscclGetCaptureStatus: 0, captureId: 0, size: 0

ja4:2516952:2516952 [0] NCCL INFO mscclSetupProxy: no capture

ja4:2516952:2516952 [0] NCCL INFO MSCCL: Setup Kernel finished, smem 41280 needsFence 1
ja4:2516952:2516952 [0] NCCL INFO mscclGetCaptureStatus: 0, captureId: 0, size: 0

ja4:2516952:2516952 [0] NCCL INFO mscclSetupProxy: no capture

ja3:927797:927797 [0] NCCL INFO mscclGetCaptureStatus: 0, captureId: 0, size: 0

ja3:927797:927797 [0] NCCL INFO mscclSetupProxy: no capture

ja3:927797:927797 [0] NCCL INFO MSCCL: Setup Kernel finished, smem 41280 needsFence 1
ja3:927797:927797 [0] NCCL INFO mscclGetCaptureStatus: 0, captureId: 0, size: 0

ja3:927797:927797 [0] NCCL INFO mscclSetupProxy: no capture

ja3:927797:927797 [0] NCCL INFO MSCCL: Setup Kernel finished, smem 41280 needsFence 1
ja3:927797:927797 [0] NCCL INFO mscclGetCaptureStatus: 0, captureId: 0, size: 0

ja3:927797:927797 [0] NCCL INFO mscclSetupProxy: no capture

ja3:927797:927797 [0] NCCL INFO MSCCL: Setup Kernel finished, smem 41280 needsFence 1
ja3:927797:927797 [0] NCCL INFO mscclGetCaptureStatus: 0, captureId: 0, size: 0

ja3:927797:927797 [0] NCCL INFO mscclSetupProxy: no capture

ja3:927797:927797 [0] NCCL INFO MSCCL: Setup Kernel finished, smem 41280 needsFence 1
ja3:927797:927797 [0] NCCL INFO mscclGetCaptureStatus: 0, captureId: 0, size: 0

ja2:1312459:1312459 [0] NCCL INFO mscclGetCaptureStatus: 0, captureId: 0, size: 0

ja2:1312459:1312459 [0] NCCL INFO mscclSetupProxy: no capture

ja2:1312459:1312459 [0] NCCL INFO MSCCL: Setup Kernel finished, smem 41280 needsFence 1
ja2:1312459:1312459 [0] NCCL INFO mscclGetCaptureStatus: 0, captureId: 0, size: 0

ja2:1312459:1312459 [0] NCCL INFO mscclSetupProxy: no capture

ja2:1312459:1312459 [0] NCCL INFO MSCCL: Setup Kernel finished, smem 41280 needsFence 1
ja4:2516952:2516952 [0] NCCL INFO MSCCL: Setup Kernel finished, smem 41280 needsFence 1
ja4:2516952:2516952 [0] NCCL INFO mscclGetCaptureStatus: 0, captureId: 0, size: 0

ja4:2516952:2516952 [0] NCCL INFO mscclSetupProxy: no capture

ja4:2516952:2516952 [0] NCCL INFO MSCCL: Setup Kernel finished, smem 41280 needsFence 1
ja4:2516952:2516952 [0] NCCL INFO mscclGetCaptureStatus: 0, captureId: 0, size: 0

ja4:2516952:2516952 [0] NCCL INFO mscclSetupProxy: no capture

ja4:2516952:2516952 [0] NCCL INFO MSCCL: Setup Kernel finished, smem 41280 needsFence 1
ja3:927797:927797 [0] NCCL INFO mscclSetupProxy: no capture

ja3:927797:927797 [0] NCCL INFO MSCCL: Setup Kernel finished, smem 41280 needsFence 1
ja3:927797:927797 [0] NCCL INFO mscclGetCaptureStatus: 0, captureId: 0, size: 0

ja3:927797:927797 [0] NCCL INFO mscclSetupProxy: no capture

ja3:927797:927797 [0] NCCL INFO MSCCL: Setup Kernel finished, smem 41280 needsFence 1
ja3:927797:927797 [0] NCCL INFO mscclGetCaptureStatus: 0, captureId: 0, size: 0

ja3:927797:927797 [0] NCCL INFO mscclSetupProxy: no capture

ja3:927797:927797 [0] NCCL INFO MSCCL: Setup Kernel finished, smem 41280 needsFence 1
ja3:927797:927797 [0] NCCL INFO mscclGetCaptureStatus: 0, captureId: 0, size: 0

ja3:927797:927797 [0] NCCL INFO mscclSetupProxy: no capture

ja3:927797:927797 [0] NCCL INFO MSCCL: Setup Kernel finished, smem 41280 needsFence 1
ja2:1312459:1312459 [0] NCCL INFO mscclGetCaptureStatus: 0, captureId: 0, size: 0

ja2:1312459:1312459 [0] NCCL INFO mscclSetupProxy: no capture

ja2:1312459:1312459 [0] NCCL INFO MSCCL: Setup Kernel finished, smem 41280 needsFence 1
ja4:2516952:2516952 [0] NCCL INFO mscclGetCaptureStatus: 0, captureId: 0, size: 0

ja4:2516952:2516952 [0] NCCL INFO mscclSetupProxy: no capture

ja4:2516952:2516952 [0] NCCL INFO MSCCL: Setup Kernel finished, smem 41280 needsFence 1
ja3:927797:927797 [0] NCCL INFO mscclGetCaptureStatus: 0, captureId: 0, size: 0

ja3:927797:927797 [0] NCCL INFO mscclSetupProxy: no capture

ja3:927797:927797 [0] NCCL INFO MSCCL: Setup Kernel finished, smem 41280 needsFence 1
    147.5    1.33    0.89      0
      393216         32768     float    none      -1    92.24    4.26    2.84      0ja2:1312459:1312459 [0] NCCL INFO mscclGetCaptureStatus: 0, captureId: 0, size: 0

ja2:1312459:1312459 [0] NCCL INFO mscclSetupProxy: no capture

ja2:1312459:1312459 [0] NCCL INFO MSCCL: Setup Kernel finished, smem 41280 needsFence 1
ja4:2516952:2516952 [0] NCCL INFO mscclGetCaptureStatus: 0, captureId: 0, size: 0

ja4:2516952:2516952 [0] NCCL INFO mscclSetupProxy: no capture

ja4:2516952:2516952 [0] NCCL INFO MSCCL: Setup Kernel finished, smem 41280 needsFence 1
ja3:927797:927797 [0] NCCL INFO mscclGetCaptureStatus: 0, captureId: 0, size: 0

ja3:927797:927797 [0] NCCL INFO mscclSetupProxy: no capture

ja3:927797:927797 [0] NCCL INFO MSCCL: Setup Kernel finished, smem 41280 needsFence 1
ja2:1312459:1312459 [0] NCCL INFO mscclGetCaptureStatus: 0, captureId: 0, size: 0

ja2:1312459:1312459 [0] NCCL INFO mscclSetupProxy: no capture

ja2:1312459:1312459 [0] NCCL INFO MSCCL: Setup Kernel finished, smem 41280 needsFence 1
ja2:1312459:1312459 [0] NCCL INFO mscclGetCaptureStatus: 0, captureId: 0, size: 0

ja2:1312459:1312459 [0] NCCL INFO mscclSetupProxy: no capture

ja2:1312459:1312459 [0] NCCL INFO MSCCL: Setup Kernel finished, smem 41280 needsFence 1
ja2:1312459:1312459 [0] NCCL INFO mscclGetCaptureStatus: 0, captureId: 0, size: 0

ja2:1312459:1312459 [0] NCCL INFO mscclSetupProxy: no capture

ja2:1312459:1312459 [0] NCCL INFO MSCCL: Setup Kernel finished, smem 41280 needsFence 1
ja2:1312459:1312459 [0] NCCL INFO mscclGetCaptureStatus: 0, captureId: 0, size: 0

ja2:1312459:1312459 [0] NCCL INFO mscclSetupProxy: no capture

ja2:1312459:1312459 [0] NCCL INFO MSCCL: Setup Kernel finished, smem 41280 needsFence 1
ja2:1312459:1312459 [0] NCCL INFO mscclGetCaptureStatus: 0, captureId: 0, size: 0

ja4:2516952:2516952 [0] NCCL INFO mscclGetCaptureStatus: 0, captureId: 0, size: 0

ja4:2516952:2516952 [0] NCCL INFO mscclSetupProxy: no capture

ja4:2516952:2516952 [0] NCCL INFO MSCCL: Setup Kernel finished, smem 41280 needsFence 1
ja4:2516952:2516952 [0] NCCL INFO mscclGetCaptureStatus: 0, captureId: 0, size: 0

ja4:2516952:2516952 [0] NCCL INFO mscclSetupProxy: no capture

ja4:2516952:2516952 [0] NCCL INFO MSCCL: Setup Kernel finished, smem 41280 needsFence 1
ja4:2516952:2516952 [0] NCCL INFO mscclGetCaptureStatus: 0, captureId: 0, size: 0

ja4:2516952:2516952 [0] NCCL INFO mscclSetupProxy: no capture

ja4:2516952:2516952 [0] NCCL INFO MSCCL: Setup Kernel finished, smem 41280 needsFence 1
ja4:2516952:2516952 [0] NCCL INFO mscclGetCaptureStatus: 0, captureId: 0, size: 0

ja4:2516952:2516952 [0] NCCL INFO mscclSetupProxy: no capture

ja4:2516952:2516952 [0] NCCL INFO MSCCL: Setup Kernel finished, smem 41280 needsFence 1
ja3:927797:927797 [0] NCCL INFO mscclGetCaptureStatus: 0, captureId: 0, size: 0

ja3:927797:927797 [0] NCCL INFO mscclSetupProxy: no capture

ja3:927797:927797 [0] NCCL INFO MSCCL: Setup Kernel finished, smem 41280 needsFence 1
ja3:927797:927797 [0] NCCL INFO mscclGetCaptureStatus: 0, captureId: 0, size: 0

ja3:927797:927797 [0] NCCL INFO mscclSetupProxy: no capture

ja3:927797:927797 [0] NCCL INFO MSCCL: Setup Kernel finished, smem 41280 needsFence 1
ja3:927797:927797 [0] NCCL INFO mscclGetCaptureStatus: 0, captureId: 0, size: 0

ja3:927797:927797 [0] NCCL INFO mscclSetupProxy: no capture

ja3:927797:927797 [0] NCCL INFO MSCCL: Setup Kernel finished, smem 41280 needsFence 1
ja3:927797:927797 [0] NCCL INFO mscclGetCaptureStatus: 0, captureId: 0, size: 0

ja3:927797:927797 [0] NCCL INFO mscclSetupProxy: no capture

ja3:927797:927797 [0] NCCL INFO MSCCL: Setup Kernel finished, smem 41280 needsFence 1
ja3:927797:927797 [0] NCCL INFO mscclGetCaptureStatus: 0, captureId: 0, size: 0

ja2:1312459:1312459 [0] NCCL INFO mscclSetupProxy: no capture

ja2:1312459:1312459 [0] NCCL INFO MSCCL: Setup Kernel finished, smem 41280 needsFence 1
ja2:1312459:1312459 [0] NCCL INFO mscclGetCaptureStatus: 0, captureId: 0, size: 0

ja2:1312459:1312459 [0] NCCL INFO mscclSetupProxy: no capture

ja2:1312459:1312459 [0] NCCL INFO MSCCL: Setup Kernel finished, smem 41280 needsFence 1
ja2:1312459:1312459 [0] NCCL INFO mscclGetCaptureStatus: 0, captureId: 0, size: 0

ja2:1312459:1312459 [0] NCCL INFO mscclSetupProxy: no capture

ja2:1312459:1312459 [0] NCCL INFO MSCCL: Setup Kernel finished, smem 41280 needsFence 1
ja2:1312459:1312459 [0] NCCL INFO mscclGetCaptureStatus: 0, captureId: 0, size: 0

ja4:2516952:2516952 [0] NCCL INFO mscclGetCaptureStatus: 0, captureId: 0, size: 0

ja4:2516952:2516952 [0] NCCL INFO mscclSetupProxy: no capture

ja4:2516952:2516952 [0] NCCL INFO MSCCL: Setup Kernel finished, smem 41280 needsFence 1
ja4:2516952:2516952 [0] NCCL INFO mscclGetCaptureStatus: 0, captureId: 0, size: 0

ja4:2516952:2516952 [0] NCCL INFO mscclSetupProxy: no capture

ja4:2516952:2516952 [0] NCCL INFO MSCCL: Setup Kernel finished, smem 41280 needsFence 1
ja4:2516952:2516952 [0] NCCL INFO mscclGetCaptureStatus: 0, captureId: 0, size: 0

ja4:2516952:2516952 [0] NCCL INFO mscclSetupProxy: no capture

ja4:2516952:2516952 [0] NCCL INFO MSCCL: Setup Kernel finished, smem 41280 needsFence 1
ja4:2516952:2516952 [0] NCCL INFO mscclGetCaptureStatus: 0, captureId: 0, size: 0

ja4:2516952:2516952 [0] NCCL INFO mscclSetupProxy: no capture

ja4:2516952:2516952 [0] NCCL INFO MSCCL: Setup Kernel finished, smem 41280 needsFence 1
ja4:2516952:2516952 [0] NCCL INFO mscclGetCaptureStatus: 0, captureId: 0, size: 0

ja3:927797:927797 [0] NCCL INFO mscclSetupProxy: no capture

ja2:1312459:1312459 [0] NCCL INFO mscclSetupProxy: no capture

ja2:1312459:1312459 [0] NCCL INFO MSCCL: Setup Kernel finished, smem 41280 needsFence 1
ja2:1312459:1312459 [0] NCCL INFO mscclGetCaptureStatus: 0, captureId: 0, size: 0

ja2:1312459:1312459 [0] NCCL INFO mscclSetupProxy: no capture

ja2:1312459:1312459 [0] NCCL INFO MSCCL: Setup Kernel finished, smem 41280 needsFence 1
ja2:1312459:1312459 [0] NCCL INFO mscclGetCaptureStatus: 0, captureId: 0, size: 0

ja2:1312459:1312459 [0] NCCL INFO mscclSetupProxy: no capture

ja2:1312459:1312459 [0] NCCL INFO MSCCL: Setup Kernel finished, smem 41280 needsFence 1
ja2:1312459:1312459 [0] NCCL INFO mscclGetCaptureStatus: 0, captureId: 0, size: 0

ja2:1312459:1312459 [0] NCCL INFO mscclSetupProxy: no capture

ja2:1312459:1312459 [0] NCCL INFO MSCCL: Setup Kernel finished, smem 41280 needsFence 1
ja2:1312459:1312459 [0] NCCL INFO mscclGetCaptureStatus: 0, captureId: 0, size: 0

ja2:1312459:1312459 [0] NCCL INFO mscclSetupProxy: no capture

ja4:2516952:2516952 [0] NCCL INFO mscclSetupProxy: no capture

ja4:2516952:2516952 [0] NCCL INFO MSCCL: Setup Kernel finished, smem 41280 needsFence 1
ja4:2516952:2516952 [0] NCCL INFO mscclGetCaptureStatus: 0, captureId: 0, size: 0

ja4:2516952:2516952 [0] NCCL INFO mscclSetupProxy: no capture

ja4:2516952:2516952 [0] NCCL INFO MSCCL: Setup Kernel finished, smem 41280 needsFence 1
ja3:927797:927797 [0] NCCL INFO MSCCL: Setup Kernel finished, smem 41280 needsFence 1
ja3:927797:927797 [0] NCCL INFO mscclGetCaptureStatus: 0, captureId: 0, size: 0

ja3:927797:927797 [0] NCCL INFO mscclSetupProxy: no capture

ja3:927797:927797 [0] NCCL INFO MSCCL: Setup Kernel finished, smem 41280 needsFence 1
ja3:927797:927797 [0] NCCL INFO mscclGetCaptureStatus: 0, captureId: 0, size: 0

ja3:927797:927797 [0] NCCL INFO mscclSetupProxy: no capture

ja3:927797:927797 [0] NCCL INFO MSCCL: Setup Kernel finished, smem 41280 needsFence 1
ja3:927797:927797 [0] NCCL INFO mscclGetCaptureStatus: 0, captureId: 0, size: 0

ja3:927797:927797 [0] NCCL INFO mscclSetupProxy: no capture

ja2:1312459:1312459 [0] NCCL INFO MSCCL: Setup Kernel finished, smem 41280 needsFence 1
ja2:1312459:1312459 [0] NCCL INFO mscclGetCaptureStatus: 0, captureId: 0, size: 0

ja2:1312459:1312459 [0] NCCL INFO mscclSetupProxy: no capture

ja2:1312459:1312459 [0] NCCL INFO MSCCL: Setup Kernel finished, smem 41280 needsFence 1
ja4:2516952:2516952 [0] NCCL INFO mscclGetCaptureStatus: 0, captureId: 0, size: 0

ja4:2516952:2516952 [0] NCCL INFO mscclSetupProxy: no capture

ja4:2516952:2516952 [0] NCCL INFO MSCCL: Setup Kernel finished, smem 41280 needsFence 1
ja4:2516952:2516952 [0] NCCL INFO mscclGetCaptureStatus: 0, captureId: 0, size: 0

ja4:2516952:2516952 [0] NCCL INFO mscclSetupProxy: no capture

ja4:2516952:2516952 [0] NCCL INFO MSCCL: Setup Kernel finished, smem 41280 needsFence 1
ja4:2516952:2516952 [0] NCCL INFO mscclGetCaptureStatus: 0, captureId: 0, size: 0

ja4:2516952:2516952 [0] NCCL INFO mscclSetupProxy: no capture

ja4:2516952:2516952 [0] NCCL INFO MSCCL: Setup Kernel finished, smem 41280 needsFence 1
ja4:2516952:2516952 [0] NCCL INFO mscclGetCaptureStatus: 0, captureId: 0, size: 0

ja4:2516952:2516952 [0] NCCL INFO mscclSetupProxy: no capture

ja4:2516952:2516952 [0] NCCL INFO MSCCL: Setup Kernel finished, smem 41280 needsFence 1
ja4:2516952:2516952 [0] NCCL INFO mscclGetCaptureStatus: 0, captureId: 0, size: 0

ja3:927797:927797 [0] NCCL INFO MSCCL: Setup Kernel finished, smem 41280 needsFence 1
ja3:927797:927797 [0] NCCL INFO mscclGetCaptureStatus: 0, captureId: 0, size: 0

ja3:927797:927797 [0] NCCL INFO mscclSetupProxy: no capture

ja3:927797:927797 [0] NCCL INFO MSCCL: Setup Kernel finished, smem 41280 needsFence 1
ja3:927797:927797 [0] NCCL INFO mscclGetCaptureStatus: 0, captureId: 0, size: 0

ja3:927797:927797 [0] NCCL INFO mscclSetupProxy: no capture

ja3:927797:927797 [0] NCCL INFO MSCCL: Setup Kernel finished, smem 41280 needsFence 1
ja3:927797:927797 [0] NCCL INFO mscclGetCaptureStatus: 0, captureId: 0, size: 0

ja3:927797:927797 [0] NCCL INFO mscclSetupProxy: no capture

ja3:927797:927797 [0] NCCL INFO MSCCL: Setup Kernel finished, smem 41280 needsFence 1
ja3:927797:927797 [0] NCCL INFO mscclGetCaptureStatus: 0, captureId: 0, size: 0

ja3:927797:927797 [0] NCCL INFO mscclSetupProxy: no capture

ja3:927797:927797 [0] NCCL INFO MSCCL: Setup Kernel finished, smem 41280 needsFence 1
ja2:1312459:1312459 [0] NCCL INFO mscclGetCaptureStatus: 0, captureId: 0, size: 0

ja2:1312459:1312459 [0] NCCL INFO mscclSetupProxy: no capture

ja2:1312459:1312459 [0] NCCL INFO MSCCL: Setup Kernel finished, smem 41280 needsFence 1
ja2:1312459:1312459 [0] NCCL INFO mscclGetCaptureStatus: 0, captureId: 0, size: 0

ja2:1312459:1312459 [0] NCCL INFO mscclSetupProxy: no capture

ja2:1312459:1312459 [0] NCCL INFO MSCCL: Setup Kernel finished, smem 41280 needsFence 1
ja2:1312459:1312459 [0] NCCL INFO mscclGetCaptureStatus: 0, captureId: 0, size: 0

ja2:1312459:1312459 [0] NCCL INFO mscclSetupProxy: no capture

ja2:1312459:1312459 [0] NCCL INFO MSCCL: Setup Kernel finished, smem 41280 needsFence 1
ja2:1312459:1312459 [0] NCCL INFO mscclGetCaptureStatus: 0, captureId: 0, size: 0

ja2:1312459:1312459 [0] NCCL INFO mscclSetupProxy: no capture

ja2:1312459:1312459 [0] NCCL INFO MSCCL: Setup Kernel finished, smem 41280 needsFence 1
ja2:1312459:1312459 [0] NCCL INFO mscclGetCaptureStatus: 0, captureId: 0, size: 0

ja4:2516952:2516952 [0] NCCL INFO mscclSetupProxy: no capture

ja4:2516952:2516952 [0] NCCL INFO MSCCL: Setup Kernel finished, smem 41280 needsFence 1
ja4:2516952:2516952 [0] NCCL INFO mscclGetCaptureStatus: 0, captureId: 0, size: 0

ja4:2516952:2516952 [0] NCCL INFO mscclSetupProxy: no capture

ja3:927797:927797 [0] NCCL INFO mscclGetCaptureStatus: 0, captureId: 0, size: 0

ja3:927797:927797 [0] NCCL INFO mscclSetupProxy: no capture

ja3:927797:927797 [0] NCCL INFO MSCCL: Setup Kernel finished, smem 41280 needsFence 1
ja3:927797:927797 [0] NCCL INFO mscclGetCaptureStatus: 0, captureId: 0, size: 0

ja3:927797:927797 [0] NCCL INFO mscclSetupProxy: no capture

ja3:927797:927797 [0] NCCL INFO MSCCL: Setup Kernel finished, smem 41280 needsFence 1
ja3:927797:927797 [0] NCCL INFO mscclGetCaptureStatus: 0, captureId: 0, size: 0

ja3:927797:927797 [0] NCCL INFO mscclSetupProxy: no capture

ja3:927797:927797 [0] NCCL INFO MSCCL: Setup Kernel finished, smem 41280 needsFence 1
ja3:927797:927797 [0] NCCL INFO mscclGetCaptureStatus: 0, captureId: 0, size: 0

ja3:927797:927797 [0] NCCL INFO mscclSetupProxy: no capture

ja3:927797:927797 [0] NCCL INFO MSCCL: Setup Kernel finished, smem 41280 needsFence 1
ja3:927797:927797 [0] NCCL INFO mscclGetCaptureStatus: 0, captureId: 0, size: 0

ja2:1312459:1312459 [0] NCCL INFO mscclSetupProxy: no capture

ja2:1312459:1312459 [0] NCCL INFO MSCCL: Setup Kernel finished, smem 41280 needsFence 1
ja2:1312459:1312459 [0] NCCL INFO mscclGetCaptureStatus: 0, captureId: 0, size: 0

ja2:1312459:1312459 [0] NCCL INFO mscclSetupProxy: no capture

ja2:1312459:1312459 [0] NCCL INFO MSCCL: Setup Kernel finished, smem 41280 needsFence 1
ja2:1312459:1312459 [0] NCCL INFO mscclGetCaptureStatus: 0, captureId: 0, size: 0

ja4:2516952:2516952 [0] NCCL INFO MSCCL: Setup Kernel finished, smem 41280 needsFence 1
ja4:2516952:2516952 [0] NCCL INFO mscclGetCaptureStatus: 0, captureId: 0, size: 0

ja4:2516952:2516952 [0] NCCL INFO mscclSetupProxy: no capture

ja4:2516952:2516952 [0] NCCL INFO MSCCL: Setup Kernel finished, smem 41280 needsFence 1
ja4:2516952:2516952 [0] NCCL INFO mscclGetCaptureStatus: 0, captureId: 0, size: 0

ja4:2516952:2516952 [0] NCCL INFO mscclSetupProxy: no capture

ja4:2516952:2516952 [0] NCCL INFO MSCCL: Setup Kernel finished, smem 41280 needsFence 1
ja4:2516952:2516952 [0] NCCL INFO mscclGetCaptureStatus: 0, captureId: 0, size: 0

ja4:2516952:2516952 [0] NCCL INFO mscclSetupProxy: no capture

ja4:2516952:2516952 [0] NCCL INFO MSCCL: Setup Kernel finished, smem 41280 needsFence 1
ja4:2516952:2516952 [0] NCCL INFO mscclGetCaptureStatus: 0, captureId: 0, size: 0

ja4:2516952:2516952 [0] NCCL INFO mscclSetupProxy: no capture

ja3:927797:927797 [0] NCCL INFO mscclSetupProxy: no capture

ja3:927797:927797 [0] NCCL INFO MSCCL: Setup Kernel finished, smem 41280 needsFence 1
ja3:927797:927797 [0] NCCL INFO mscclGetCaptureStatus: 0, captureId: 0, size: 0

ja3:927797:927797 [0] NCCL INFO mscclSetupProxy: no capture

ja2:1312459:1312459 [0] NCCL INFO mscclSetupProxy: no capture

ja2:1312459:1312459 [0] NCCL INFO MSCCL: Setup Kernel finished, smem 41280 needsFence 1
ja4:2516952:2516952 [0] NCCL INFO MSCCL: Setup Kernel finished, smem 41280 needsFence 1
ja3:927797:927797 [0] NCCL INFO MSCCL: Setup Kernel finished, smem 41280 needsFence 1
ja3:927797:927797 [0] NCCL INFO mscclGetCaptureStatus: 0, captureId: 0, size: 0

ja3:927797:927797 [0] NCCL INFO mscclSetupProxy: no capture

ja3:927797:927797 [0] NCCL INFO MSCCL: Setup Kernel finished, smem 41280 needsFence 1
ja3:927797:927797 [0] NCCL INFO mscclGetCaptureStatus: 0, captureId: 0, size: 0

ja3:927797:927797 [0] NCCL INFO mscclSetupProxy: no capture

ja3:927797:927797 [0] NCCL INFO MSCCL: Setup Kernel finished, smem 41280 needsFence 1
ja2:1312459:1312459 [0] NCCL INFO mscclGetCaptureStatus: 0, captureId: 0, size: 0

ja2:1312459:1312459 [0] NCCL INFO mscclSetupProxy: no capture

ja2:1312459:1312459 [0] NCCL INFO MSCCL: Setup Kernel finished, smem 41280 needsFence 1
ja4:2516952:2516952 [0] NCCL INFO mscclGetCaptureStatus: 0, captureId: 0, size: 0

ja4:2516952:2516952 [0] NCCL INFO mscclSetupProxy: no capture

ja4:2516952:2516952 [0] NCCL INFO MSCCL: Setup Kernel finished, smem 41280 needsFence 1
ja3:927797:927797 [0] NCCL INFO mscclGetCaptureStatus: 0, captureId: 0, size: 0

ja3:927797:927797 [0] NCCL INFO mscclSetupProxy: no capture

ja3:927797:927797 [0] NCCL INFO MSCCL: Setup Kernel finished, smem 41280 needsFence 1
    183.5    2.14    1.43      0
      786432         65536     float    none      -1    125.2    6.28    4.19      0ja2:1312459:1312459 [0] NCCL INFO mscclGetCaptureStatus: 0, captureId: 0, size: 0

ja2:1312459:1312459 [0] NCCL INFO mscclSetupProxy: no capture

ja2:1312459:1312459 [0] NCCL INFO MSCCL: Setup Kernel finished, smem 41280 needsFence 1
ja4:2516952:2516952 [0] NCCL INFO mscclGetCaptureStatus: 0, captureId: 0, size: 0

ja4:2516952:2516952 [0] NCCL INFO mscclSetupProxy: no capture

ja4:2516952:2516952 [0] NCCL INFO MSCCL: Setup Kernel finished, smem 41280 needsFence 1
ja3:927797:927797 [0] NCCL INFO mscclGetCaptureStatus: 0, captureId: 0, size: 0

ja3:927797:927797 [0] NCCL INFO mscclSetupProxy: no capture

ja3:927797:927797 [0] NCCL INFO MSCCL: Setup Kernel finished, smem 41280 needsFence 1
ja2:1312459:1312459 [0] NCCL INFO mscclGetCaptureStatus: 0, captureId: 0, size: 0

ja2:1312459:1312459 [0] NCCL INFO mscclSetupProxy: no capture

ja2:1312459:1312459 [0] NCCL INFO MSCCL: Setup Kernel finished, smem 41280 needsFence 1
ja2:1312459:1312459 [0] NCCL INFO mscclGetCaptureStatus: 0, captureId: 0, size: 0

ja2:1312459:1312459 [0] NCCL INFO mscclSetupProxy: no capture

ja2:1312459:1312459 [0] NCCL INFO MSCCL: Setup Kernel finished, smem 41280 needsFence 1
ja2:1312459:1312459 [0] NCCL INFO mscclGetCaptureStatus: 0, captureId: 0, size: 0

ja2:1312459:1312459 [0] NCCL INFO mscclSetupProxy: no capture

ja2:1312459:1312459 [0] NCCL INFO MSCCL: Setup Kernel finished, smem 41280 needsFence 1
ja2:1312459:1312459 [0] NCCL INFO mscclGetCaptureStatus: 0, captureId: 0, size: 0

ja2:1312459:1312459 [0] NCCL INFO mscclSetupProxy: no capture

ja2:1312459:1312459 [0] NCCL INFO MSCCL: Setup Kernel finished, smem 41280 needsFence 1
ja2:1312459:1312459 [0] NCCL INFO mscclGetCaptureStatus: 0, captureId: 0, size: 0

ja4:2516952:2516952 [0] NCCL INFO mscclGetCaptureStatus: 0, captureId: 0, size: 0

ja4:2516952:2516952 [0] NCCL INFO mscclSetupProxy: no capture

ja4:2516952:2516952 [0] NCCL INFO MSCCL: Setup Kernel finished, smem 41280 needsFence 1
ja4:2516952:2516952 [0] NCCL INFO mscclGetCaptureStatus: 0, captureId: 0, size: 0

ja4:2516952:2516952 [0] NCCL INFO mscclSetupProxy: no capture

ja4:2516952:2516952 [0] NCCL INFO MSCCL: Setup Kernel finished, smem 41280 needsFence 1
ja4:2516952:2516952 [0] NCCL INFO mscclGetCaptureStatus: 0, captureId: 0, size: 0

ja4:2516952:2516952 [0] NCCL INFO mscclSetupProxy: no capture

ja4:2516952:2516952 [0] NCCL INFO MSCCL: Setup Kernel finished, smem 41280 needsFence 1
ja4:2516952:2516952 [0] NCCL INFO mscclGetCaptureStatus: 0, captureId: 0, size: 0

ja4:2516952:2516952 [0] NCCL INFO mscclSetupProxy: no capture

ja4:2516952:2516952 [0] NCCL INFO MSCCL: Setup Kernel finished, smem 41280 needsFence 1
ja4:2516952:2516952 [0] NCCL INFO mscclGetCaptureStatus: 0, captureId: 0, size: 0

ja3:927797:927797 [0] NCCL INFO mscclGetCaptureStatus: 0, captureId: 0, size: 0

ja3:927797:927797 [0] NCCL INFO mscclSetupProxy: no capture

ja3:927797:927797 [0] NCCL INFO MSCCL: Setup Kernel finished, smem 41280 needsFence 1
ja3:927797:927797 [0] NCCL INFO mscclGetCaptureStatus: 0, captureId: 0, size: 0

ja3:927797:927797 [0] NCCL INFO mscclSetupProxy: no capture

ja3:927797:927797 [0] NCCL INFO MSCCL: Setup Kernel finished, smem 41280 needsFence 1
ja3:927797:927797 [0] NCCL INFO mscclGetCaptureStatus: 0, captureId: 0, size: 0

ja3:927797:927797 [0] NCCL INFO mscclSetupProxy: no capture

ja3:927797:927797 [0] NCCL INFO MSCCL: Setup Kernel finished, smem 41280 needsFence 1
ja3:927797:927797 [0] NCCL INFO mscclGetCaptureStatus: 0, captureId: 0, size: 0

ja3:927797:927797 [0] NCCL INFO mscclSetupProxy: no capture

ja3:927797:927797 [0] NCCL INFO MSCCL: Setup Kernel finished, smem 41280 needsFence 1
ja2:1312459:1312459 [0] NCCL INFO mscclSetupProxy: no capture

ja4:2516952:2516952 [0] NCCL INFO mscclSetupProxy: no capture

ja4:2516952:2516952 [0] NCCL INFO MSCCL: Setup Kernel finished, smem 41280 needsFence 1
ja4:2516952:2516952 [0] NCCL INFO mscclGetCaptureStatus: 0, captureId: 0, size: 0

ja4:2516952:2516952 [0] NCCL INFO mscclSetupProxy: no capture

ja4:2516952:2516952 [0] NCCL INFO MSCCL: Setup Kernel finished, smem 41280 needsFence 1
ja4:2516952:2516952 [0] NCCL INFO mscclGetCaptureStatus: 0, captureId: 0, size: 0

ja4:2516952:2516952 [0] NCCL INFO mscclSetupProxy: no capture

ja4:2516952:2516952 [0] NCCL INFO MSCCL: Setup Kernel finished, smem 41280 needsFence 1
ja3:927797:927797 [0] NCCL INFO mscclGetCaptureStatus: 0, captureId: 0, size: 0

ja3:927797:927797 [0] NCCL INFO mscclSetupProxy: no capture

ja3:927797:927797 [0] NCCL INFO MSCCL: Setup Kernel finished, smem 41280 needsFence 1
ja3:927797:927797 [0] NCCL INFO mscclGetCaptureStatus: 0, captureId: 0, size: 0

ja3:927797:927797 [0] NCCL INFO mscclSetupProxy: no capture

ja3:927797:927797 [0] NCCL INFO MSCCL: Setup Kernel finished, smem 41280 needsFence 1
ja3:927797:927797 [0] NCCL INFO mscclGetCaptureStatus: 0, captureId: 0, size: 0

ja3:927797:927797 [0] NCCL INFO mscclSetupProxy: no capture

ja3:927797:927797 [0] NCCL INFO MSCCL: Setup Kernel finished, smem 41280 needsFence 1
ja3:927797:927797 [0] NCCL INFO mscclGetCaptureStatus: 0, captureId: 0, size: 0

ja3:927797:927797 [0] NCCL INFO mscclSetupProxy: no capture

ja2:1312459:1312459 [0] NCCL INFO MSCCL: Setup Kernel finished, smem 41280 needsFence 1
ja2:1312459:1312459 [0] NCCL INFO mscclGetCaptureStatus: 0, captureId: 0, size: 0

ja2:1312459:1312459 [0] NCCL INFO mscclSetupProxy: no capture

ja2:1312459:1312459 [0] NCCL INFO MSCCL: Setup Kernel finished, smem 41280 needsFence 1
ja2:1312459:1312459 [0] NCCL INFO mscclGetCaptureStatus: 0, captureId: 0, size: 0

ja2:1312459:1312459 [0] NCCL INFO mscclSetupProxy: no capture

ja2:1312459:1312459 [0] NCCL INFO MSCCL: Setup Kernel finished, smem 41280 needsFence 1
ja2:1312459:1312459 [0] NCCL INFO mscclGetCaptureStatus: 0, captureId: 0, size: 0

ja2:1312459:1312459 [0] NCCL INFO mscclSetupProxy: no capture

ja2:1312459:1312459 [0] NCCL INFO MSCCL: Setup Kernel finished, smem 41280 needsFence 1
ja2:1312459:1312459 [0] NCCL INFO mscclGetCaptureStatus: 0, captureId: 0, size: 0

ja2:1312459:1312459 [0] NCCL INFO mscclSetupProxy: no capture

ja4:2516952:2516952 [0] NCCL INFO mscclGetCaptureStatus: 0, captureId: 0, size: 0

ja4:2516952:2516952 [0] NCCL INFO mscclSetupProxy: no capture

ja4:2516952:2516952 [0] NCCL INFO MSCCL: Setup Kernel finished, smem 41280 needsFence 1
ja4:2516952:2516952 [0] NCCL INFO mscclGetCaptureStatus: 0, captureId: 0, size: 0

ja4:2516952:2516952 [0] NCCL INFO mscclSetupProxy: no capture

ja4:2516952:2516952 [0] NCCL INFO MSCCL: Setup Kernel finished, smem 41280 needsFence 1
ja4:2516952:2516952 [0] NCCL INFO mscclGetCaptureStatus: 0, captureId: 0, size: 0

ja4:2516952:2516952 [0] NCCL INFO mscclSetupProxy: no capture

ja4:2516952:2516952 [0] NCCL INFO MSCCL: Setup Kernel finished, smem 41280 needsFence 1
ja4:2516952:2516952 [0] NCCL INFO mscclGetCaptureStatus: 0, captureId: 0, size: 0

ja4:2516952:2516952 [0] NCCL INFO mscclSetupProxy: no capture

ja4:2516952:2516952 [0] NCCL INFO MSCCL: Setup Kernel finished, smem 41280 needsFence 1
ja4:2516952:2516952 [0] NCCL INFO mscclGetCaptureStatus: 0, captureId: 0, size: 0

ja3:927797:927797 [0] NCCL INFO MSCCL: Setup Kernel finished, smem 41280 needsFence 1
ja3:927797:927797 [0] NCCL INFO mscclGetCaptureStatus: 0, captureId: 0, size: 0

ja3:927797:927797 [0] NCCL INFO mscclSetupProxy: no capture

ja3:927797:927797 [0] NCCL INFO MSCCL: Setup Kernel finished, smem 41280 needsFence 1
ja3:927797:927797 [0] NCCL INFO mscclGetCaptureStatus: 0, captureId: 0, size: 0

ja3:927797:927797 [0] NCCL INFO mscclSetupProxy: no capture

ja3:927797:927797 [0] NCCL INFO MSCCL: Setup Kernel finished, smem 41280 needsFence 1
ja3:927797:927797 [0] NCCL INFO mscclGetCaptureStatus: 0, captureId: 0, size: 0

ja3:927797:927797 [0] NCCL INFO mscclSetupProxy: no capture

ja3:927797:927797 [0] NCCL INFO MSCCL: Setup Kernel finished, smem 41280 needsFence 1
ja3:927797:927797 [0] NCCL INFO mscclGetCaptureStatus: 0, captureId: 0, size: 0

ja3:927797:927797 [0] NCCL INFO mscclSetupProxy: no capture

ja3:927797:927797 [0] NCCL INFO MSCCL: Setup Kernel finished, smem 41280 needsFence 1
ja2:1312459:1312459 [0] NCCL INFO MSCCL: Setup Kernel finished, smem 41280 needsFence 1
ja2:1312459:1312459 [0] NCCL INFO mscclGetCaptureStatus: 0, captureId: 0, size: 0

ja2:1312459:1312459 [0] NCCL INFO mscclSetupProxy: no capture

ja2:1312459:1312459 [0] NCCL INFO MSCCL: Setup Kernel finished, smem 41280 needsFence 1
ja2:1312459:1312459 [0] NCCL INFO mscclGetCaptureStatus: 0, captureId: 0, size: 0

ja2:1312459:1312459 [0] NCCL INFO mscclSetupProxy: no capture

ja2:1312459:1312459 [0] NCCL INFO MSCCL: Setup Kernel finished, smem 41280 needsFence 1
ja2:1312459:1312459 [0] NCCL INFO mscclGetCaptureStatus: 0, captureId: 0, size: 0

ja2:1312459:1312459 [0] NCCL INFO mscclSetupProxy: no capture

ja2:1312459:1312459 [0] NCCL INFO MSCCL: Setup Kernel finished, smem 41280 needsFence 1
ja2:1312459:1312459 [0] NCCL INFO mscclGetCaptureStatus: 0, captureId: 0, size: 0

ja2:1312459:1312459 [0] NCCL INFO mscclSetupProxy: no capture

ja4:2516952:2516952 [0] NCCL INFO mscclSetupProxy: no capture

ja4:2516952:2516952 [0] NCCL INFO MSCCL: Setup Kernel finished, smem 41280 needsFence 1
ja3:927797:927797 [0] NCCL INFO mscclGetCaptureStatus: 0, captureId: 0, size: 0

ja2:1312459:1312459 [0] NCCL INFO MSCCL: Setup Kernel finished, smem 41280 needsFence 1
ja2:1312459:1312459 [0] NCCL INFO mscclGetCaptureStatus: 0, captureId: 0, size: 0

ja2:1312459:1312459 [0] NCCL INFO mscclSetupProxy: no capture

ja2:1312459:1312459 [0] NCCL INFO MSCCL: Setup Kernel finished, smem 41280 needsFence 1
ja2:1312459:1312459 [0] NCCL INFO mscclGetCaptureStatus: 0, captureId: 0, size: 0

ja2:1312459:1312459 [0] NCCL INFO mscclSetupProxy: no capture

ja4:2516952:2516952 [0] NCCL INFO mscclGetCaptureStatus: 0, captureId: 0, size: 0

ja4:2516952:2516952 [0] NCCL INFO mscclSetupProxy: no capture

ja4:2516952:2516952 [0] NCCL INFO MSCCL: Setup Kernel finished, smem 41280 needsFence 1
ja4:2516952:2516952 [0] NCCL INFO mscclGetCaptureStatus: 0, captureId: 0, size: 0

ja4:2516952:2516952 [0] NCCL INFO mscclSetupProxy: no capture

ja4:2516952:2516952 [0] NCCL INFO MSCCL: Setup Kernel finished, smem 41280 needsFence 1
ja4:2516952:2516952 [0] NCCL INFO mscclGetCaptureStatus: 0, captureId: 0, size: 0

ja4:2516952:2516952 [0] NCCL INFO mscclSetupProxy: no capture

ja4:2516952:2516952 [0] NCCL INFO MSCCL: Setup Kernel finished, smem 41280 needsFence 1
ja4:2516952:2516952 [0] NCCL INFO mscclGetCaptureStatus: 0, captureId: 0, size: 0

ja4:2516952:2516952 [0] NCCL INFO mscclSetupProxy: no capture

ja4:2516952:2516952 [0] NCCL INFO MSCCL: Setup Kernel finished, smem 41280 needsFence 1
ja4:2516952:2516952 [0] NCCL INFO mscclGetCaptureStatus: 0, captureId: 0, size: 0

ja3:927797:927797 [0] NCCL INFO mscclSetupProxy: no capture

ja3:927797:927797 [0] NCCL INFO MSCCL: Setup Kernel finished, smem 41280 needsFence 1
ja3:927797:927797 [0] NCCL INFO mscclGetCaptureStatus: 0, captureId: 0, size: 0

ja3:927797:927797 [0] NCCL INFO mscclSetupProxy: no capture

ja3:927797:927797 [0] NCCL INFO MSCCL: Setup Kernel finished, smem 41280 needsFence 1
ja3:927797:927797 [0] NCCL INFO mscclGetCaptureStatus: 0, captureId: 0, size: 0

ja3:927797:927797 [0] NCCL INFO mscclSetupProxy: no capture

ja3:927797:927797 [0] NCCL INFO MSCCL: Setup Kernel finished, smem 41280 needsFence 1
ja3:927797:927797 [0] NCCL INFO mscclGetCaptureStatus: 0, captureId: 0, size: 0

ja3:927797:927797 [0] NCCL INFO mscclSetupProxy: no capture

ja3:927797:927797 [0] NCCL INFO MSCCL: Setup Kernel finished, smem 41280 needsFence 1
ja3:927797:927797 [0] NCCL INFO mscclGetCaptureStatus: 0, captureId: 0, size: 0

ja3:927797:927797 [0] NCCL INFO mscclSetupProxy: no capture

ja2:1312459:1312459 [0] NCCL INFO MSCCL: Setup Kernel finished, smem 41280 needsFence 1
ja2:1312459:1312459 [0] NCCL INFO mscclGetCaptureStatus: 0, captureId: 0, size: 0

ja2:1312459:1312459 [0] NCCL INFO mscclSetupProxy: no capture

ja2:1312459:1312459 [0] NCCL INFO MSCCL: Setup Kernel finished, smem 41280 needsFence 1
ja2:1312459:1312459 [0] NCCL INFO mscclGetCaptureStatus: 0, captureId: 0, size: 0

ja2:1312459:1312459 [0] NCCL INFO mscclSetupProxy: no capture

ja2:1312459:1312459 [0] NCCL INFO MSCCL: Setup Kernel finished, smem 41280 needsFence 1
ja2:1312459:1312459 [0] NCCL INFO mscclGetCaptureStatus: 0, captureId: 0, size: 0

ja2:1312459:1312459 [0] NCCL INFO mscclSetupProxy: no capture

ja2:1312459:1312459 [0] NCCL INFO MSCCL: Setup Kernel finished, smem 41280 needsFence 1
ja2:1312459:1312459 [0] NCCL INFO mscclGetCaptureStatus: 0, captureId: 0, size: 0

ja2:1312459:1312459 [0] NCCL INFO mscclSetupProxy: no capture

ja4:2516952:2516952 [0] NCCL INFO mscclSetupProxy: no capture

ja4:2516952:2516952 [0] NCCL INFO MSCCL: Setup Kernel finished, smem 41280 needsFence 1
ja4:2516952:2516952 [0] NCCL INFO mscclGetCaptureStatus: 0, captureId: 0, size: 0

ja4:2516952:2516952 [0] NCCL INFO mscclSetupProxy: no capture

ja4:2516952:2516952 [0] NCCL INFO MSCCL: Setup Kernel finished, smem 41280 needsFence 1
ja3:927797:927797 [0] NCCL INFO MSCCL: Setup Kernel finished, smem 41280 needsFence 1
ja2:1312459:1312459 [0] NCCL INFO MSCCL: Setup Kernel finished, smem 41280 needsFence 1
ja2:1312459:1312459 [0] NCCL INFO mscclGetCaptureStatus: 0, captureId: 0, size: 0

ja2:1312459:1312459 [0] NCCL INFO mscclSetupProxy: no capture

ja4:2516952:2516952 [0] NCCL INFO mscclGetCaptureStatus: 0, captureId: 0, size: 0

ja4:2516952:2516952 [0] NCCL INFO mscclSetupProxy: no capture

ja4:2516952:2516952 [0] NCCL INFO MSCCL: Setup Kernel finished, smem 41280 needsFence 1
ja4:2516952:2516952 [0] NCCL INFO mscclGetCaptureStatus: 0, captureId: 0, size: 0

ja4:2516952:2516952 [0] NCCL INFO mscclSetupProxy: no capture

ja4:2516952:2516952 [0] NCCL INFO MSCCL: Setup Kernel finished, smem 41280 needsFence 1
ja3:927797:927797 [0] NCCL INFO mscclGetCaptureStatus: 0, captureId: 0, size: 0

ja3:927797:927797 [0] NCCL INFO mscclSetupProxy: no capture

ja3:927797:927797 [0] NCCL INFO MSCCL: Setup Kernel finished, smem 41280 needsFence 1
ja3:927797:927797 [0] NCCL INFO mscclGetCaptureStatus: 0, captureId: 0, size: 0

ja3:927797:927797 [0] NCCL INFO mscclSetupProxy: no capture

ja3:927797:927797 [0] NCCL INFO MSCCL: Setup Kernel finished, smem 41280 needsFence 1
ja3:927797:927797 [0] NCCL INFO mscclGetCaptureStatus: 0, captureId: 0, size: 0

ja3:927797:927797 [0] NCCL INFO mscclSetupProxy: no capture

ja3:927797:927797 [0] NCCL INFO MSCCL: Setup Kernel finished, smem 41280 needsFence 1
ja2:1312459:1312459 [0] NCCL INFO MSCCL: Setup Kernel finished, smem 41280 needsFence 1
ja2:1312459:1312459 [0] NCCL INFO mscclGetCaptureStatus: 0, captureId: 0, size: 0

ja2:1312459:1312459 [0] NCCL INFO mscclSetupProxy: no capture

ja2:1312459:1312459 [0] NCCL INFO MSCCL: Setup Kernel finished, smem 41280 needsFence 1
ja4:2516952:2516952 [0] NCCL INFO mscclGetCaptureStatus: 0, captureId: 0, size: 0

ja4:2516952:2516952 [0] NCCL INFO mscclSetupProxy: no capture

ja4:2516952:2516952 [0] NCCL INFO MSCCL: Setup Kernel finished, smem 41280 needsFence 1
ja3:927797:927797 [0] NCCL INFO mscclGetCaptureStatus: 0, captureId: 0, size: 0

ja3:927797:927797 [0] NCCL INFO mscclSetupProxy: no capture

ja3:927797:927797 [0] NCCL INFO MSCCL: Setup Kernel finished, smem 41280 needsFence 1
    215.8    3.64    2.43      0
     1572864        131072     float    none      -1    207.7    7.57    5.05      0ja2:1312459:1312459 [0] NCCL INFO mscclGetCaptureStatus: 0, captureId: 0, size: 0

ja2:1312459:1312459 [0] NCCL INFO mscclSetupProxy: no capture

ja2:1312459:1312459 [0] NCCL INFO MSCCL: Setup Kernel finished, smem 41280 needsFence 1
ja4:2516952:2516952 [0] NCCL INFO mscclGetCaptureStatus: 0, captureId: 0, size: 0

ja4:2516952:2516952 [0] NCCL INFO mscclSetupProxy: no capture

ja4:2516952:2516952 [0] NCCL INFO MSCCL: Setup Kernel finished, smem 41280 needsFence 1
ja3:927797:927797 [0] NCCL INFO mscclGetCaptureStatus: 0, captureId: 0, size: 0

ja3:927797:927797 [0] NCCL INFO mscclSetupProxy: no capture

ja3:927797:927797 [0] NCCL INFO MSCCL: Setup Kernel finished, smem 41280 needsFence 1
ja2:1312459:1312459 [0] NCCL INFO mscclGetCaptureStatus: 0, captureId: 0, size: 0

ja2:1312459:1312459 [0] NCCL INFO mscclSetupProxy: no capture

ja2:1312459:1312459 [0] NCCL INFO MSCCL: Setup Kernel finished, smem 41280 needsFence 1
ja2:1312459:1312459 [0] NCCL INFO mscclGetCaptureStatus: 0, captureId: 0, size: 0

ja2:1312459:1312459 [0] NCCL INFO mscclSetupProxy: no capture

ja2:1312459:1312459 [0] NCCL INFO MSCCL: Setup Kernel finished, smem 41280 needsFence 1
ja2:1312459:1312459 [0] NCCL INFO mscclGetCaptureStatus: 0, captureId: 0, size: 0

ja2:1312459:1312459 [0] NCCL INFO mscclSetupProxy: no capture

ja2:1312459:1312459 [0] NCCL INFO MSCCL: Setup Kernel finished, smem 41280 needsFence 1
ja2:1312459:1312459 [0] NCCL INFO mscclGetCaptureStatus: 0, captureId: 0, size: 0

ja2:1312459:1312459 [0] NCCL INFO mscclSetupProxy: no capture

ja2:1312459:1312459 [0] NCCL INFO MSCCL: Setup Kernel finished, smem 41280 needsFence 1
ja2:1312459:1312459 [0] NCCL INFO mscclGetCaptureStatus: 0, captureId: 0, size: 0

ja4:2516952:2516952 [0] NCCL INFO mscclGetCaptureStatus: 0, captureId: 0, size: 0

ja4:2516952:2516952 [0] NCCL INFO mscclSetupProxy: no capture

ja4:2516952:2516952 [0] NCCL INFO MSCCL: Setup Kernel finished, smem 41280 needsFence 1
ja4:2516952:2516952 [0] NCCL INFO mscclGetCaptureStatus: 0, captureId: 0, size: 0

ja4:2516952:2516952 [0] NCCL INFO mscclSetupProxy: no capture

ja4:2516952:2516952 [0] NCCL INFO MSCCL: Setup Kernel finished, smem 41280 needsFence 1
ja4:2516952:2516952 [0] NCCL INFO mscclGetCaptureStatus: 0, captureId: 0, size: 0

ja4:2516952:2516952 [0] NCCL INFO mscclSetupProxy: no capture

ja4:2516952:2516952 [0] NCCL INFO MSCCL: Setup Kernel finished, smem 41280 needsFence 1
ja4:2516952:2516952 [0] NCCL INFO mscclGetCaptureStatus: 0, captureId: 0, size: 0

ja4:2516952:2516952 [0] NCCL INFO mscclSetupProxy: no capture

ja4:2516952:2516952 [0] NCCL INFO MSCCL: Setup Kernel finished, smem 41280 needsFence 1
ja4:2516952:2516952 [0] NCCL INFO mscclGetCaptureStatus: 0, captureId: 0, size: 0

ja3:927797:927797 [0] NCCL INFO mscclGetCaptureStatus: 0, captureId: 0, size: 0

ja3:927797:927797 [0] NCCL INFO mscclSetupProxy: no capture

ja3:927797:927797 [0] NCCL INFO MSCCL: Setup Kernel finished, smem 41280 needsFence 1
ja3:927797:927797 [0] NCCL INFO mscclGetCaptureStatus: 0, captureId: 0, size: 0

ja3:927797:927797 [0] NCCL INFO mscclSetupProxy: no capture

ja3:927797:927797 [0] NCCL INFO MSCCL: Setup Kernel finished, smem 41280 needsFence 1
ja3:927797:927797 [0] NCCL INFO mscclGetCaptureStatus: 0, captureId: 0, size: 0

ja3:927797:927797 [0] NCCL INFO mscclSetupProxy: no capture

ja3:927797:927797 [0] NCCL INFO MSCCL: Setup Kernel finished, smem 41280 needsFence 1
ja3:927797:927797 [0] NCCL INFO mscclGetCaptureStatus: 0, captureId: 0, size: 0

ja3:927797:927797 [0] NCCL INFO mscclSetupProxy: no capture

ja3:927797:927797 [0] NCCL INFO MSCCL: Setup Kernel finished, smem 41280 needsFence 1
ja3:927797:927797 [0] NCCL INFO mscclGetCaptureStatus: 0, captureId: 0, size: 0

ja2:1312459:1312459 [0] NCCL INFO mscclSetupProxy: no capture

ja2:1312459:1312459 [0] NCCL INFO MSCCL: Setup Kernel finished, smem 41280 needsFence 1
ja2:1312459:1312459 [0] NCCL INFO mscclGetCaptureStatus: 0, captureId: 0, size: 0

ja2:1312459:1312459 [0] NCCL INFO mscclSetupProxy: no capture

ja2:1312459:1312459 [0] NCCL INFO MSCCL: Setup Kernel finished, smem 41280 needsFence 1
ja2:1312459:1312459 [0] NCCL INFO mscclGetCaptureStatus: 0, captureId: 0, size: 0

ja2:1312459:1312459 [0] NCCL INFO mscclSetupProxy: no capture

ja2:1312459:1312459 [0] NCCL INFO MSCCL: Setup Kernel finished, smem 41280 needsFence 1
ja2:1312459:1312459 [0] NCCL INFO mscclGetCaptureStatus: 0, captureId: 0, size: 0

ja2:1312459:1312459 [0] NCCL INFO mscclSetupProxy: no capture

ja2:1312459:1312459 [0] NCCL INFO MSCCL: Setup Kernel finished, smem 41280 needsFence 1
ja4:2516952:2516952 [0] NCCL INFO mscclSetupProxy: no capture

ja4:2516952:2516952 [0] NCCL INFO MSCCL: Setup Kernel finished, smem 41280 needsFence 1
ja4:2516952:2516952 [0] NCCL INFO mscclGetCaptureStatus: 0, captureId: 0, size: 0

ja4:2516952:2516952 [0] NCCL INFO mscclSetupProxy: no capture

ja4:2516952:2516952 [0] NCCL INFO MSCCL: Setup Kernel finished, smem 41280 needsFence 1
ja4:2516952:2516952 [0] NCCL INFO mscclGetCaptureStatus: 0, captureId: 0, size: 0

ja4:2516952:2516952 [0] NCCL INFO mscclSetupProxy: no capture

ja4:2516952:2516952 [0] NCCL INFO MSCCL: Setup Kernel finished, smem 41280 needsFence 1
ja4:2516952:2516952 [0] NCCL INFO mscclGetCaptureStatus: 0, captureId: 0, size: 0

ja4:2516952:2516952 [0] NCCL INFO mscclSetupProxy: no capture

ja4:2516952:2516952 [0] NCCL INFO MSCCL: Setup Kernel finished, smem 41280 needsFence 1
ja3:927797:927797 [0] NCCL INFO mscclSetupProxy: no capture

ja2:1312459:1312459 [0] NCCL INFO mscclGetCaptureStatus: 0, captureId: 0, size: 0

ja2:1312459:1312459 [0] NCCL INFO mscclSetupProxy: no capture

ja2:1312459:1312459 [0] NCCL INFO MSCCL: Setup Kernel finished, smem 41280 needsFence 1
ja2:1312459:1312459 [0] NCCL INFO mscclGetCaptureStatus: 0, captureId: 0, size: 0

ja2:1312459:1312459 [0] NCCL INFO mscclSetupProxy: no capture

ja2:1312459:1312459 [0] NCCL INFO MSCCL: Setup Kernel finished, smem 41280 needsFence 1
ja2:1312459:1312459 [0] NCCL INFO mscclGetCaptureStatus: 0, captureId: 0, size: 0

ja2:1312459:1312459 [0] NCCL INFO mscclSetupProxy: no capture

ja2:1312459:1312459 [0] NCCL INFO MSCCL: Setup Kernel finished, smem 41280 needsFence 1
ja2:1312459:1312459 [0] NCCL INFO mscclGetCaptureStatus: 0, captureId: 0, size: 0

ja2:1312459:1312459 [0] NCCL INFO mscclSetupProxy: no capture

ja2:1312459:1312459 [0] NCCL INFO MSCCL: Setup Kernel finished, smem 41280 needsFence 1
ja2:1312459:1312459 [0] NCCL INFO mscclGetCaptureStatus: 0, captureId: 0, size: 0

ja4:2516952:2516952 [0] NCCL INFO mscclGetCaptureStatus: 0, captureId: 0, size: 0

ja4:2516952:2516952 [0] NCCL INFO mscclSetupProxy: no capture

ja4:2516952:2516952 [0] NCCL INFO MSCCL: Setup Kernel finished, smem 41280 needsFence 1
ja4:2516952:2516952 [0] NCCL INFO mscclGetCaptureStatus: 0, captureId: 0, size: 0

ja4:2516952:2516952 [0] NCCL INFO mscclSetupProxy: no capture

ja4:2516952:2516952 [0] NCCL INFO MSCCL: Setup Kernel finished, smem 41280 needsFence 1
ja4:2516952:2516952 [0] NCCL INFO mscclGetCaptureStatus: 0, captureId: 0, size: 0

ja4:2516952:2516952 [0] NCCL INFO mscclSetupProxy: no capture

ja4:2516952:2516952 [0] NCCL INFO MSCCL: Setup Kernel finished, smem 41280 needsFence 1
ja4:2516952:2516952 [0] NCCL INFO mscclGetCaptureStatus: 0, captureId: 0, size: 0

ja4:2516952:2516952 [0] NCCL INFO mscclSetupProxy: no capture

ja4:2516952:2516952 [0] NCCL INFO MSCCL: Setup Kernel finished, smem 41280 needsFence 1
ja4:2516952:2516952 [0] NCCL INFO mscclGetCaptureStatus: 0, captureId: 0, size: 0

ja3:927797:927797 [0] NCCL INFO MSCCL: Setup Kernel finished, smem 41280 needsFence 1
ja3:927797:927797 [0] NCCL INFO mscclGetCaptureStatus: 0, captureId: 0, size: 0

ja3:927797:927797 [0] NCCL INFO mscclSetupProxy: no capture

ja3:927797:927797 [0] NCCL INFO MSCCL: Setup Kernel finished, smem 41280 needsFence 1
ja3:927797:927797 [0] NCCL INFO mscclGetCaptureStatus: 0, captureId: 0, size: 0

ja3:927797:927797 [0] NCCL INFO mscclSetupProxy: no capture

ja3:927797:927797 [0] NCCL INFO MSCCL: Setup Kernel finished, smem 41280 needsFence 1
ja3:927797:927797 [0] NCCL INFO mscclGetCaptureStatus: 0, captureId: 0, size: 0

ja3:927797:927797 [0] NCCL INFO mscclSetupProxy: no capture

ja3:927797:927797 [0] NCCL INFO MSCCL: Setup Kernel finished, smem 41280 needsFence 1
ja3:927797:927797 [0] NCCL INFO mscclGetCaptureStatus: 0, captureId: 0, size: 0

ja2:1312459:1312459 [0] NCCL INFO mscclSetupProxy: no capture

ja2:1312459:1312459 [0] NCCL INFO MSCCL: Setup Kernel finished, smem 41280 needsFence 1
ja2:1312459:1312459 [0] NCCL INFO mscclGetCaptureStatus: 0, captureId: 0, size: 0

ja2:1312459:1312459 [0] NCCL INFO mscclSetupProxy: no capture

ja2:1312459:1312459 [0] NCCL INFO MSCCL: Setup Kernel finished, smem 41280 needsFence 1
ja2:1312459:1312459 [0] NCCL INFO mscclGetCaptureStatus: 0, captureId: 0, size: 0

ja2:1312459:1312459 [0] NCCL INFO mscclSetupProxy: no capture

ja2:1312459:1312459 [0] NCCL INFO MSCCL: Setup Kernel finished, smem 41280 needsFence 1
ja4:2516952:2516952 [0] NCCL INFO mscclSetupProxy: no capture

ja4:2516952:2516952 [0] NCCL INFO MSCCL: Setup Kernel finished, smem 41280 needsFence 1
ja4:2516952:2516952 [0] NCCL INFO mscclGetCaptureStatus: 0, captureId: 0, size: 0

ja3:927797:927797 [0] NCCL INFO mscclSetupProxy: no capture

ja3:927797:927797 [0] NCCL INFO MSCCL: Setup Kernel finished, smem 41280 needsFence 1
ja3:927797:927797 [0] NCCL INFO mscclGetCaptureStatus: 0, captureId: 0, size: 0

ja3:927797:927797 [0] NCCL INFO mscclSetupProxy: no capture

ja3:927797:927797 [0] NCCL INFO MSCCL: Setup Kernel finished, smem 41280 needsFence 1
ja3:927797:927797 [0] NCCL INFO mscclGetCaptureStatus: 0, captureId: 0, size: 0

ja3:927797:927797 [0] NCCL INFO mscclSetupProxy: no capture

ja3:927797:927797 [0] NCCL INFO MSCCL: Setup Kernel finished, smem 41280 needsFence 1
ja3:927797:927797 [0] NCCL INFO mscclGetCaptureStatus: 0, captureId: 0, size: 0

ja3:927797:927797 [0] NCCL INFO mscclSetupProxy: no capture

ja3:927797:927797 [0] NCCL INFO MSCCL: Setup Kernel finished, smem 41280 needsFence 1
ja3:927797:927797 [0] NCCL INFO mscclGetCaptureStatus: 0, captureId: 0, size: 0

ja3:927797:927797 [0] NCCL INFO mscclSetupProxy: no capture

ja2:1312459:1312459 [0] NCCL INFO mscclGetCaptureStatus: 0, captureId: 0, size: 0

ja2:1312459:1312459 [0] NCCL INFO mscclSetupProxy: no capture

ja2:1312459:1312459 [0] NCCL INFO MSCCL: Setup Kernel finished, smem 41280 needsFence 1
ja2:1312459:1312459 [0] NCCL INFO mscclGetCaptureStatus: 0, captureId: 0, size: 0

ja2:1312459:1312459 [0] NCCL INFO mscclSetupProxy: no capture

ja2:1312459:1312459 [0] NCCL INFO MSCCL: Setup Kernel finished, smem 41280 needsFence 1
ja2:1312459:1312459 [0] NCCL INFO mscclGetCaptureStatus: 0, captureId: 0, size: 0

ja2:1312459:1312459 [0] NCCL INFO mscclSetupProxy: no capture

ja2:1312459:1312459 [0] NCCL INFO MSCCL: Setup Kernel finished, smem 41280 needsFence 1
ja2:1312459:1312459 [0] NCCL INFO mscclGetCaptureStatus: 0, captureId: 0, size: 0

ja2:1312459:1312459 [0] NCCL INFO mscclSetupProxy: no capture

ja2:1312459:1312459 [0] NCCL INFO MSCCL: Setup Kernel finished, smem 41280 needsFence 1
ja2:1312459:1312459 [0] NCCL INFO mscclGetCaptureStatus: 0, captureId: 0, size: 0

ja4:2516952:2516952 [0] NCCL INFO mscclSetupProxy: no capture

ja4:2516952:2516952 [0] NCCL INFO MSCCL: Setup Kernel finished, smem 41280 needsFence 1
ja4:2516952:2516952 [0] NCCL INFO mscclGetCaptureStatus: 0, captureId: 0, size: 0

ja4:2516952:2516952 [0] NCCL INFO mscclSetupProxy: no capture

ja4:2516952:2516952 [0] NCCL INFO MSCCL: Setup Kernel finished, smem 41280 needsFence 1
ja4:2516952:2516952 [0] NCCL INFO mscclGetCaptureStatus: 0, captureId: 0, size: 0

ja4:2516952:2516952 [0] NCCL INFO mscclSetupProxy: no capture

ja4:2516952:2516952 [0] NCCL INFO MSCCL: Setup Kernel finished, smem 41280 needsFence 1
ja4:2516952:2516952 [0] NCCL INFO mscclGetCaptureStatus: 0, captureId: 0, size: 0

ja4:2516952:2516952 [0] NCCL INFO mscclSetupProxy: no capture

ja4:2516952:2516952 [0] NCCL INFO MSCCL: Setup Kernel finished, smem 41280 needsFence 1
ja4:2516952:2516952 [0] NCCL INFO mscclGetCaptureStatus: 0, captureId: 0, size: 0

ja4:2516952:2516952 [0] NCCL INFO mscclSetupProxy: no capture

ja3:927797:927797 [0] NCCL INFO MSCCL: Setup Kernel finished, smem 41280 needsFence 1
ja3:927797:927797 [0] NCCL INFO mscclGetCaptureStatus: 0, captureId: 0, size: 0

ja3:927797:927797 [0] NCCL INFO mscclSetupProxy: no capture

ja2:1312459:1312459 [0] NCCL INFO mscclSetupProxy: no capture

ja2:1312459:1312459 [0] NCCL INFO MSCCL: Setup Kernel finished, smem 41280 needsFence 1
ja4:2516952:2516952 [0] NCCL INFO MSCCL: Setup Kernel finished, smem 41280 needsFence 1
ja3:927797:927797 [0] NCCL INFO MSCCL: Setup Kernel finished, smem 41280 needsFence 1
ja3:927797:927797 [0] NCCL INFO mscclGetCaptureStatus: 0, captureId: 0, size: 0

ja3:927797:927797 [0] NCCL INFO mscclSetupProxy: no capture

ja3:927797:927797 [0] NCCL INFO MSCCL: Setup Kernel finished, smem 41280 needsFence 1
ja3:927797:927797 [0] NCCL INFO mscclGetCaptureStatus: 0, captureId: 0, size: 0

ja3:927797:927797 [0] NCCL INFO mscclSetupProxy: no capture

ja3:927797:927797 [0] NCCL INFO MSCCL: Setup Kernel finished, smem 41280 needsFence 1
ja3:927797:927797 [0] NCCL INFO mscclGetCaptureStatus: 0, captureId: 0, size: 0

ja3:927797:927797 [0] NCCL INFO mscclSetupProxy: no capture

ja3:927797:927797 [0] NCCL INFO MSCCL: Setup Kernel finished, smem 41280 needsFence 1
ja3:927797:927797 [0] NCCL INFO mscclGetCaptureStatus: 0, captureId: 0, size: 0

ja3:927797:927797 [0] NCCL INFO mscclSetupProxy: no capture

ja3:927797:927797 [0] NCCL INFO MSCCL: Setup Kernel finished, smem 41280 needsFence 1
ja4:2516952:2516952 [0] NCCL INFO mscclGetCaptureStatus: 0, captureId: 0, size: 0

ja4:2516952:2516952 [0] NCCL INFO mscclSetupProxy: no capture

ja4:2516952:2516952 [0] NCCL INFO MSCCL: Setup Kernel finished, smem 41280 needsFence 1
ja4:2516952:2516952 [0] NCCL INFO mscclGetCaptureStatus: 0, captureId: 0, size: 0

ja4:2516952:2516952 [0] NCCL INFO mscclSetupProxy: no capture

ja4:2516952:2516952 [0] NCCL INFO MSCCL: Setup Kernel finished, smem 41280 needsFence 1
ja3:927797:927797 [0] NCCL INFO mscclGetCaptureStatus: 0, captureId: 0, size: 0

ja3:927797:927797 [0] NCCL INFO mscclSetupProxy: no capture

ja3:927797:927797 [0] NCCL INFO MSCCL: Setup Kernel finished, smem 41280 needsFence 1
ja3:927797:927797 [0] NCCL INFO mscclGetCaptureStatus: 0, captureId: 0, size: 0

ja3:927797:927797 [0] NCCL INFO mscclSetupProxy: no capture

ja3:927797:927797 [0] NCCL INFO MSCCL: Setup Kernel finished, smem 41280 needsFence 1
ja2:1312459:1312459 [0] NCCL INFO mscclGetCaptureStatus: 0, captureId: 0, size: 0

ja2:1312459:1312459 [0] NCCL INFO mscclSetupProxy: no capture

ja2:1312459:1312459 [0] NCCL INFO MSCCL: Setup Kernel finished, smem 41280 needsFence 1
ja4:2516952:2516952 [0] NCCL INFO mscclGetCaptureStatus: 0, captureId: 0, size: 0

ja4:2516952:2516952 [0] NCCL INFO mscclSetupProxy: no capture

ja4:2516952:2516952 [0] NCCL INFO MSCCL: Setup Kernel finished, smem 41280 needsFence 1
ja3:927797:927797 [0] NCCL INFO mscclGetCaptureStatus: 0, captureId: 0, size: 0

ja3:927797:927797 [0] NCCL INFO mscclSetupProxy: no capture

ja3:927797:927797 [0] NCCL INFO MSCCL: Setup Kernel finished, smem 41280 needsFence 1
    300.1    5.24    3.49      0
     3145728        262144     float    none      -1    362.7    8.67    5.78      0ja2:1312459:1312459 [0] NCCL INFO mscclGetCaptureStatus: 0, captureId: 0, size: 0

ja2:1312459:1312459 [0] NCCL INFO mscclSetupProxy: no capture

ja2:1312459:1312459 [0] NCCL INFO MSCCL: Setup Kernel finished, smem 41280 needsFence 1
ja4:2516952:2516952 [0] NCCL INFO mscclGetCaptureStatus: 0, captureId: 0, size: 0

ja4:2516952:2516952 [0] NCCL INFO mscclSetupProxy: no capture

ja4:2516952:2516952 [0] NCCL INFO MSCCL: Setup Kernel finished, smem 41280 needsFence 1
ja3:927797:927797 [0] NCCL INFO mscclGetCaptureStatus: 0, captureId: 0, size: 0

ja3:927797:927797 [0] NCCL INFO mscclSetupProxy: no capture

ja3:927797:927797 [0] NCCL INFO MSCCL: Setup Kernel finished, smem 41280 needsFence 1
ja2:1312459:1312459 [0] NCCL INFO mscclGetCaptureStatus: 0, captureId: 0, size: 0

ja2:1312459:1312459 [0] NCCL INFO mscclSetupProxy: no capture

ja2:1312459:1312459 [0] NCCL INFO MSCCL: Setup Kernel finished, smem 41280 needsFence 1
ja2:1312459:1312459 [0] NCCL INFO mscclGetCaptureStatus: 0, captureId: 0, size: 0

ja2:1312459:1312459 [0] NCCL INFO mscclSetupProxy: no capture

ja2:1312459:1312459 [0] NCCL INFO MSCCL: Setup Kernel finished, smem 41280 needsFence 1
ja2:1312459:1312459 [0] NCCL INFO mscclGetCaptureStatus: 0, captureId: 0, size: 0

ja2:1312459:1312459 [0] NCCL INFO mscclSetupProxy: no capture

ja2:1312459:1312459 [0] NCCL INFO MSCCL: Setup Kernel finished, smem 41280 needsFence 1
ja2:1312459:1312459 [0] NCCL INFO mscclGetCaptureStatus: 0, captureId: 0, size: 0

ja2:1312459:1312459 [0] NCCL INFO mscclSetupProxy: no capture

ja2:1312459:1312459 [0] NCCL INFO MSCCL: Setup Kernel finished, smem 41280 needsFence 1
ja2:1312459:1312459 [0] NCCL INFO mscclGetCaptureStatus: 0, captureId: 0, size: 0

ja4:2516952:2516952 [0] NCCL INFO mscclGetCaptureStatus: 0, captureId: 0, size: 0

ja4:2516952:2516952 [0] NCCL INFO mscclSetupProxy: no capture

ja4:2516952:2516952 [0] NCCL INFO MSCCL: Setup Kernel finished, smem 41280 needsFence 1
ja4:2516952:2516952 [0] NCCL INFO mscclGetCaptureStatus: 0, captureId: 0, size: 0

ja4:2516952:2516952 [0] NCCL INFO mscclSetupProxy: no capture

ja4:2516952:2516952 [0] NCCL INFO MSCCL: Setup Kernel finished, smem 41280 needsFence 1
ja4:2516952:2516952 [0] NCCL INFO mscclGetCaptureStatus: 0, captureId: 0, size: 0

ja4:2516952:2516952 [0] NCCL INFO mscclSetupProxy: no capture

ja4:2516952:2516952 [0] NCCL INFO MSCCL: Setup Kernel finished, smem 41280 needsFence 1
ja4:2516952:2516952 [0] NCCL INFO mscclGetCaptureStatus: 0, captureId: 0, size: 0

ja4:2516952:2516952 [0] NCCL INFO mscclSetupProxy: no capture

ja4:2516952:2516952 [0] NCCL INFO MSCCL: Setup Kernel finished, smem 41280 needsFence 1
ja4:2516952:2516952 [0] NCCL INFO mscclGetCaptureStatus: 0, captureId: 0, size: 0

ja3:927797:927797 [0] NCCL INFO mscclGetCaptureStatus: 0, captureId: 0, size: 0

ja3:927797:927797 [0] NCCL INFO mscclSetupProxy: no capture

ja3:927797:927797 [0] NCCL INFO MSCCL: Setup Kernel finished, smem 41280 needsFence 1
ja3:927797:927797 [0] NCCL INFO mscclGetCaptureStatus: 0, captureId: 0, size: 0

ja3:927797:927797 [0] NCCL INFO mscclSetupProxy: no capture

ja3:927797:927797 [0] NCCL INFO MSCCL: Setup Kernel finished, smem 41280 needsFence 1
ja3:927797:927797 [0] NCCL INFO mscclGetCaptureStatus: 0, captureId: 0, size: 0

ja3:927797:927797 [0] NCCL INFO mscclSetupProxy: no capture

ja3:927797:927797 [0] NCCL INFO MSCCL: Setup Kernel finished, smem 41280 needsFence 1
ja3:927797:927797 [0] NCCL INFO mscclGetCaptureStatus: 0, captureId: 0, size: 0

ja3:927797:927797 [0] NCCL INFO mscclSetupProxy: no capture

ja3:927797:927797 [0] NCCL INFO MSCCL: Setup Kernel finished, smem 41280 needsFence 1
ja3:927797:927797 [0] NCCL INFO mscclGetCaptureStatus: 0, captureId: 0, size: 0

ja2:1312459:1312459 [0] NCCL INFO mscclSetupProxy: no capture

ja4:2516952:2516952 [0] NCCL INFO mscclSetupProxy: no capture

ja4:2516952:2516952 [0] NCCL INFO MSCCL: Setup Kernel finished, smem 41280 needsFence 1
ja3:927797:927797 [0] NCCL INFO mscclSetupProxy: no capture

ja2:1312459:1312459 [0] NCCL INFO MSCCL: Setup Kernel finished, smem 41280 needsFence 1
ja2:1312459:1312459 [0] NCCL INFO mscclGetCaptureStatus: 0, captureId: 0, size: 0

ja2:1312459:1312459 [0] NCCL INFO mscclSetupProxy: no capture

ja2:1312459:1312459 [0] NCCL INFO MSCCL: Setup Kernel finished, smem 41280 needsFence 1
ja2:1312459:1312459 [0] NCCL INFO mscclGetCaptureStatus: 0, captureId: 0, size: 0

ja2:1312459:1312459 [0] NCCL INFO mscclSetupProxy: no capture

ja2:1312459:1312459 [0] NCCL INFO MSCCL: Setup Kernel finished, smem 41280 needsFence 1
ja2:1312459:1312459 [0] NCCL INFO mscclGetCaptureStatus: 0, captureId: 0, size: 0

ja2:1312459:1312459 [0] NCCL INFO mscclSetupProxy: no capture

ja2:1312459:1312459 [0] NCCL INFO MSCCL: Setup Kernel finished, smem 41280 needsFence 1
ja2:1312459:1312459 [0] NCCL INFO mscclGetCaptureStatus: 0, captureId: 0, size: 0

ja2:1312459:1312459 [0] NCCL INFO mscclSetupProxy: no capture

ja4:2516952:2516952 [0] NCCL INFO mscclGetCaptureStatus: 0, captureId: 0, size: 0

ja4:2516952:2516952 [0] NCCL INFO mscclSetupProxy: no capture

ja4:2516952:2516952 [0] NCCL INFO MSCCL: Setup Kernel finished, smem 41280 needsFence 1
ja4:2516952:2516952 [0] NCCL INFO mscclGetCaptureStatus: 0, captureId: 0, size: 0

ja4:2516952:2516952 [0] NCCL INFO mscclSetupProxy: no capture

ja4:2516952:2516952 [0] NCCL INFO MSCCL: Setup Kernel finished, smem 41280 needsFence 1
ja4:2516952:2516952 [0] NCCL INFO mscclGetCaptureStatus: 0, captureId: 0, size: 0

ja4:2516952:2516952 [0] NCCL INFO mscclSetupProxy: no capture

ja4:2516952:2516952 [0] NCCL INFO MSCCL: Setup Kernel finished, smem 41280 needsFence 1
ja4:2516952:2516952 [0] NCCL INFO mscclGetCaptureStatus: 0, captureId: 0, size: 0

ja4:2516952:2516952 [0] NCCL INFO mscclSetupProxy: no capture

ja4:2516952:2516952 [0] NCCL INFO MSCCL: Setup Kernel finished, smem 41280 needsFence 1
ja3:927797:927797 [0] NCCL INFO MSCCL: Setup Kernel finished, smem 41280 needsFence 1
ja3:927797:927797 [0] NCCL INFO mscclGetCaptureStatus: 0, captureId: 0, size: 0

ja3:927797:927797 [0] NCCL INFO mscclSetupProxy: no capture

ja3:927797:927797 [0] NCCL INFO MSCCL: Setup Kernel finished, smem 41280 needsFence 1
ja3:927797:927797 [0] NCCL INFO mscclGetCaptureStatus: 0, captureId: 0, size: 0

ja3:927797:927797 [0] NCCL INFO mscclSetupProxy: no capture

ja3:927797:927797 [0] NCCL INFO MSCCL: Setup Kernel finished, smem 41280 needsFence 1
ja3:927797:927797 [0] NCCL INFO mscclGetCaptureStatus: 0, captureId: 0, size: 0

ja3:927797:927797 [0] NCCL INFO mscclSetupProxy: no capture

ja3:927797:927797 [0] NCCL INFO MSCCL: Setup Kernel finished, smem 41280 needsFence 1
ja3:927797:927797 [0] NCCL INFO mscclGetCaptureStatus: 0, captureId: 0, size: 0

ja3:927797:927797 [0] NCCL INFO mscclSetupProxy: no capture

ja3:927797:927797 [0] NCCL INFO MSCCL: Setup Kernel finished, smem 41280 needsFence 1
ja2:1312459:1312459 [0] NCCL INFO MSCCL: Setup Kernel finished, smem 41280 needsFence 1
ja4:2516952:2516952 [0] NCCL INFO mscclGetCaptureStatus: 0, captureId: 0, size: 0

ja4:2516952:2516952 [0] NCCL INFO mscclSetupProxy: no capture

ja4:2516952:2516952 [0] NCCL INFO MSCCL: Setup Kernel finished, smem 41280 needsFence 1
ja4:2516952:2516952 [0] NCCL INFO mscclGetCaptureStatus: 0, captureId: 0, size: 0

ja4:2516952:2516952 [0] NCCL INFO mscclSetupProxy: no capture

ja4:2516952:2516952 [0] NCCL INFO MSCCL: Setup Kernel finished, smem 41280 needsFence 1
ja4:2516952:2516952 [0] NCCL INFO mscclGetCaptureStatus: 0, captureId: 0, size: 0

ja4:2516952:2516952 [0] NCCL INFO mscclSetupProxy: no capture

ja4:2516952:2516952 [0] NCCL INFO MSCCL: Setup Kernel finished, smem 41280 needsFence 1
ja4:2516952:2516952 [0] NCCL INFO mscclGetCaptureStatus: 0, captureId: 0, size: 0

ja4:2516952:2516952 [0] NCCL INFO mscclSetupProxy: no capture

ja4:2516952:2516952 [0] NCCL INFO MSCCL: Setup Kernel finished, smem 41280 needsFence 1
ja4:2516952:2516952 [0] NCCL INFO mscclGetCaptureStatus: 0, captureId: 0, size: 0

ja3:927797:927797 [0] NCCL INFO mscclGetCaptureStatus: 0, captureId: 0, size: 0

ja3:927797:927797 [0] NCCL INFO mscclSetupProxy: no capture

ja3:927797:927797 [0] NCCL INFO MSCCL: Setup Kernel finished, smem 41280 needsFence 1
ja3:927797:927797 [0] NCCL INFO mscclGetCaptureStatus: 0, captureId: 0, size: 0

ja3:927797:927797 [0] NCCL INFO mscclSetupProxy: no capture

ja3:927797:927797 [0] NCCL INFO MSCCL: Setup Kernel finished, smem 41280 needsFence 1
ja3:927797:927797 [0] NCCL INFO mscclGetCaptureStatus: 0, captureId: 0, size: 0

ja3:927797:927797 [0] NCCL INFO mscclSetupProxy: no capture

ja3:927797:927797 [0] NCCL INFO MSCCL: Setup Kernel finished, smem 41280 needsFence 1
ja3:927797:927797 [0] NCCL INFO mscclGetCaptureStatus: 0, captureId: 0, size: 0

ja3:927797:927797 [0] NCCL INFO mscclSetupProxy: no capture

ja3:927797:927797 [0] NCCL INFO MSCCL: Setup Kernel finished, smem 41280 needsFence 1
ja3:927797:927797 [0] NCCL INFO mscclGetCaptureStatus: 0, captureId: 0, size: 0

ja2:1312459:1312459 [0] NCCL INFO mscclGetCaptureStatus: 0, captureId: 0, size: 0

ja2:1312459:1312459 [0] NCCL INFO mscclSetupProxy: no capture

ja2:1312459:1312459 [0] NCCL INFO MSCCL: Setup Kernel finished, smem 41280 needsFence 1
ja2:1312459:1312459 [0] NCCL INFO mscclGetCaptureStatus: 0, captureId: 0, size: 0

ja2:1312459:1312459 [0] NCCL INFO mscclSetupProxy: no capture

ja2:1312459:1312459 [0] NCCL INFO MSCCL: Setup Kernel finished, smem 41280 needsFence 1
ja2:1312459:1312459 [0] NCCL INFO mscclGetCaptureStatus: 0, captureId: 0, size: 0

ja2:1312459:1312459 [0] NCCL INFO mscclSetupProxy: no capture

ja2:1312459:1312459 [0] NCCL INFO MSCCL: Setup Kernel finished, smem 41280 needsFence 1
ja2:1312459:1312459 [0] NCCL INFO mscclGetCaptureStatus: 0, captureId: 0, size: 0

ja2:1312459:1312459 [0] NCCL INFO mscclSetupProxy: no capture

ja2:1312459:1312459 [0] NCCL INFO MSCCL: Setup Kernel finished, smem 41280 needsFence 1
ja2:1312459:1312459 [0] NCCL INFO mscclGetCaptureStatus: 0, captureId: 0, size: 0

ja4:2516952:2516952 [0] NCCL INFO mscclSetupProxy: no capture

ja4:2516952:2516952 [0] NCCL INFO MSCCL: Setup Kernel finished, smem 41280 needsFence 1
ja4:2516952:2516952 [0] NCCL INFO mscclGetCaptureStatus: 0, captureId: 0, size: 0

ja4:2516952:2516952 [0] NCCL INFO mscclSetupProxy: no capture

ja3:927797:927797 [0] NCCL INFO mscclSetupProxy: no capture

ja3:927797:927797 [0] NCCL INFO MSCCL: Setup Kernel finished, smem 41280 needsFence 1
ja2:1312459:1312459 [0] NCCL INFO mscclSetupProxy: no capture

ja2:1312459:1312459 [0] NCCL INFO MSCCL: Setup Kernel finished, smem 41280 needsFence 1
ja2:1312459:1312459 [0] NCCL INFO mscclGetCaptureStatus: 0, captureId: 0, size: 0

ja2:1312459:1312459 [0] NCCL INFO mscclSetupProxy: no capture

ja2:1312459:1312459 [0] NCCL INFO MSCCL: Setup Kernel finished, smem 41280 needsFence 1
ja2:1312459:1312459 [0] NCCL INFO mscclGetCaptureStatus: 0, captureId: 0, size: 0

ja2:1312459:1312459 [0] NCCL INFO mscclSetupProxy: no capture

ja2:1312459:1312459 [0] NCCL INFO MSCCL: Setup Kernel finished, smem 41280 needsFence 1
ja4:2516952:2516952 [0] NCCL INFO MSCCL: Setup Kernel finished, smem 41280 needsFence 1
ja4:2516952:2516952 [0] NCCL INFO mscclGetCaptureStatus: 0, captureId: 0, size: 0

ja4:2516952:2516952 [0] NCCL INFO mscclSetupProxy: no capture

ja4:2516952:2516952 [0] NCCL INFO MSCCL: Setup Kernel finished, smem 41280 needsFence 1
ja4:2516952:2516952 [0] NCCL INFO mscclGetCaptureStatus: 0, captureId: 0, size: 0

ja4:2516952:2516952 [0] NCCL INFO mscclSetupProxy: no capture

ja4:2516952:2516952 [0] NCCL INFO MSCCL: Setup Kernel finished, smem 41280 needsFence 1
ja4:2516952:2516952 [0] NCCL INFO mscclGetCaptureStatus: 0, captureId: 0, size: 0

ja4:2516952:2516952 [0] NCCL INFO mscclSetupProxy: no capture

ja4:2516952:2516952 [0] NCCL INFO MSCCL: Setup Kernel finished, smem 41280 needsFence 1
ja4:2516952:2516952 [0] NCCL INFO mscclGetCaptureStatus: 0, captureId: 0, size: 0

ja4:2516952:2516952 [0] NCCL INFO mscclSetupProxy: no capture

ja3:927797:927797 [0] NCCL INFO mscclGetCaptureStatus: 0, captureId: 0, size: 0

ja3:927797:927797 [0] NCCL INFO mscclSetupProxy: no capture

ja3:927797:927797 [0] NCCL INFO MSCCL: Setup Kernel finished, smem 41280 needsFence 1
ja3:927797:927797 [0] NCCL INFO mscclGetCaptureStatus: 0, captureId: 0, size: 0

ja3:927797:927797 [0] NCCL INFO mscclSetupProxy: no capture

ja3:927797:927797 [0] NCCL INFO MSCCL: Setup Kernel finished, smem 41280 needsFence 1
ja3:927797:927797 [0] NCCL INFO mscclGetCaptureStatus: 0, captureId: 0, size: 0

ja3:927797:927797 [0] NCCL INFO mscclSetupProxy: no capture

ja3:927797:927797 [0] NCCL INFO MSCCL: Setup Kernel finished, smem 41280 needsFence 1
ja3:927797:927797 [0] NCCL INFO mscclGetCaptureStatus: 0, captureId: 0, size: 0

ja3:927797:927797 [0] NCCL INFO mscclSetupProxy: no capture

ja3:927797:927797 [0] NCCL INFO MSCCL: Setup Kernel finished, smem 41280 needsFence 1
ja3:927797:927797 [0] NCCL INFO mscclGetCaptureStatus: 0, captureId: 0, size: 0

ja2:1312459:1312459 [0] NCCL INFO mscclGetCaptureStatus: 0, captureId: 0, size: 0

ja2:1312459:1312459 [0] NCCL INFO mscclSetupProxy: no capture

ja2:1312459:1312459 [0] NCCL INFO MSCCL: Setup Kernel finished, smem 41280 needsFence 1
ja2:1312459:1312459 [0] NCCL INFO mscclGetCaptureStatus: 0, captureId: 0, size: 0

ja2:1312459:1312459 [0] NCCL INFO mscclSetupProxy: no capture

ja2:1312459:1312459 [0] NCCL INFO MSCCL: Setup Kernel finished, smem 41280 needsFence 1
ja2:1312459:1312459 [0] NCCL INFO mscclGetCaptureStatus: 0, captureId: 0, size: 0

ja2:1312459:1312459 [0] NCCL INFO mscclSetupProxy: no capture

ja2:1312459:1312459 [0] NCCL INFO MSCCL: Setup Kernel finished, smem 41280 needsFence 1
ja2:1312459:1312459 [0] NCCL INFO mscclGetCaptureStatus: 0, captureId: 0, size: 0

ja2:1312459:1312459 [0] NCCL INFO mscclSetupProxy: no capture

ja2:1312459:1312459 [0] NCCL INFO MSCCL: Setup Kernel finished, smem 41280 needsFence 1
ja4:2516952:2516952 [0] NCCL INFO MSCCL: Setup Kernel finished, smem 41280 needsFence 1
ja4:2516952:2516952 [0] NCCL INFO mscclGetCaptureStatus: 0, captureId: 0, size: 0

ja4:2516952:2516952 [0] NCCL INFO mscclSetupProxy: no capture

ja3:927797:927797 [0] NCCL INFO mscclSetupProxy: no capture

ja3:927797:927797 [0] NCCL INFO MSCCL: Setup Kernel finished, smem 41280 needsFence 1
ja4:2516952:2516952 [0] NCCL INFO MSCCL: Setup Kernel finished, smem 41280 needsFence 1
ja3:927797:927797 [0] NCCL INFO mscclGetCaptureStatus: 0, captureId: 0, size: 0

ja3:927797:927797 [0] NCCL INFO mscclSetupProxy: no capture

ja3:927797:927797 [0] NCCL INFO MSCCL: Setup Kernel finished, smem 41280 needsFence 1
ja2:1312459:1312459 [0] NCCL INFO mscclGetCaptureStatus: 0, captureId: 0, size: 0

ja2:1312459:1312459 [0] NCCL INFO mscclSetupProxy: no capture

ja2:1312459:1312459 [0] NCCL INFO MSCCL: Setup Kernel finished, smem 41280 needsFence 1
ja4:2516952:2516952 [0] NCCL INFO mscclGetCaptureStatus: 0, captureId: 0, size: 0

ja4:2516952:2516952 [0] NCCL INFO mscclSetupProxy: no capture

ja4:2516952:2516952 [0] NCCL INFO MSCCL: Setup Kernel finished, smem 41280 needsFence 1
ja3:927797:927797 [0] NCCL INFO mscclGetCaptureStatus: 0, captureId: 0, size: 0

ja3:927797:927797 [0] NCCL INFO mscclSetupProxy: no capture

ja3:927797:927797 [0] NCCL INFO MSCCL: Setup Kernel finished, smem 41280 needsFence 1
    451.2    6.97    4.65      0
     6291456        524288     float    none      -1    574.0   10.96    7.31      0ja2:1312459:1312459 [0] NCCL INFO mscclGetCaptureStatus: 0, captureId: 0, size: 0

ja2:1312459:1312459 [0] NCCL INFO mscclSetupProxy: no capture

ja2:1312459:1312459 [0] NCCL INFO MSCCL: Setup Kernel finished, smem 41280 needsFence 1
ja4:2516952:2516952 [0] NCCL INFO mscclGetCaptureStatus: 0, captureId: 0, size: 0

ja4:2516952:2516952 [0] NCCL INFO mscclSetupProxy: no capture

ja4:2516952:2516952 [0] NCCL INFO MSCCL: Setup Kernel finished, smem 41280 needsFence 1
ja3:927797:927797 [0] NCCL INFO mscclGetCaptureStatus: 0, captureId: 0, size: 0

ja3:927797:927797 [0] NCCL INFO mscclSetupProxy: no capture

ja3:927797:927797 [0] NCCL INFO MSCCL: Setup Kernel finished, smem 41280 needsFence 1
ja2:1312459:1312459 [0] NCCL INFO mscclGetCaptureStatus: 0, captureId: 0, size: 0

ja2:1312459:1312459 [0] NCCL INFO mscclSetupProxy: no capture

ja2:1312459:1312459 [0] NCCL INFO MSCCL: Setup Kernel finished, smem 41280 needsFence 1
ja2:1312459:1312459 [0] NCCL INFO mscclGetCaptureStatus: 0, captureId: 0, size: 0

ja2:1312459:1312459 [0] NCCL INFO mscclSetupProxy: no capture

ja2:1312459:1312459 [0] NCCL INFO MSCCL: Setup Kernel finished, smem 41280 needsFence 1
ja2:1312459:1312459 [0] NCCL INFO mscclGetCaptureStatus: 0, captureId: 0, size: 0

ja2:1312459:1312459 [0] NCCL INFO mscclSetupProxy: no capture

ja2:1312459:1312459 [0] NCCL INFO MSCCL: Setup Kernel finished, smem 41280 needsFence 1
ja2:1312459:1312459 [0] NCCL INFO mscclGetCaptureStatus: 0, captureId: 0, size: 0

ja2:1312459:1312459 [0] NCCL INFO mscclSetupProxy: no capture

ja2:1312459:1312459 [0] NCCL INFO MSCCL: Setup Kernel finished, smem 41280 needsFence 1
ja2:1312459:1312459 [0] NCCL INFO mscclGetCaptureStatus: 0, captureId: 0, size: 0

ja4:2516952:2516952 [0] NCCL INFO mscclGetCaptureStatus: 0, captureId: 0, size: 0

ja4:2516952:2516952 [0] NCCL INFO mscclSetupProxy: no capture

ja4:2516952:2516952 [0] NCCL INFO MSCCL: Setup Kernel finished, smem 41280 needsFence 1
ja4:2516952:2516952 [0] NCCL INFO mscclGetCaptureStatus: 0, captureId: 0, size: 0

ja4:2516952:2516952 [0] NCCL INFO mscclSetupProxy: no capture

ja4:2516952:2516952 [0] NCCL INFO MSCCL: Setup Kernel finished, smem 41280 needsFence 1
ja4:2516952:2516952 [0] NCCL INFO mscclGetCaptureStatus: 0, captureId: 0, size: 0

ja4:2516952:2516952 [0] NCCL INFO mscclSetupProxy: no capture

ja4:2516952:2516952 [0] NCCL INFO MSCCL: Setup Kernel finished, smem 41280 needsFence 1
ja4:2516952:2516952 [0] NCCL INFO mscclGetCaptureStatus: 0, captureId: 0, size: 0

ja4:2516952:2516952 [0] NCCL INFO mscclSetupProxy: no capture

ja4:2516952:2516952 [0] NCCL INFO MSCCL: Setup Kernel finished, smem 41280 needsFence 1
ja4:2516952:2516952 [0] NCCL INFO mscclGetCaptureStatus: 0, captureId: 0, size: 0

ja3:927797:927797 [0] NCCL INFO mscclGetCaptureStatus: 0, captureId: 0, size: 0

ja3:927797:927797 [0] NCCL INFO mscclSetupProxy: no capture

ja3:927797:927797 [0] NCCL INFO MSCCL: Setup Kernel finished, smem 41280 needsFence 1
ja3:927797:927797 [0] NCCL INFO mscclGetCaptureStatus: 0, captureId: 0, size: 0

ja3:927797:927797 [0] NCCL INFO mscclSetupProxy: no capture

ja3:927797:927797 [0] NCCL INFO MSCCL: Setup Kernel finished, smem 41280 needsFence 1
ja3:927797:927797 [0] NCCL INFO mscclGetCaptureStatus: 0, captureId: 0, size: 0

ja3:927797:927797 [0] NCCL INFO mscclSetupProxy: no capture

ja3:927797:927797 [0] NCCL INFO MSCCL: Setup Kernel finished, smem 41280 needsFence 1
ja3:927797:927797 [0] NCCL INFO mscclGetCaptureStatus: 0, captureId: 0, size: 0

ja3:927797:927797 [0] NCCL INFO mscclSetupProxy: no capture

ja3:927797:927797 [0] NCCL INFO MSCCL: Setup Kernel finished, smem 41280 needsFence 1
ja3:927797:927797 [0] NCCL INFO mscclGetCaptureStatus: 0, captureId: 0, size: 0

ja2:1312459:1312459 [0] NCCL INFO mscclSetupProxy: no capture

ja4:2516952:2516952 [0] NCCL INFO mscclSetupProxy: no capture

ja3:927797:927797 [0] NCCL INFO mscclSetupProxy: no capture

ja3:927797:927797 [0] NCCL INFO MSCCL: Setup Kernel finished, smem 41280 needsFence 1
ja2:1312459:1312459 [0] NCCL INFO MSCCL: Setup Kernel finished, smem 41280 needsFence 1
ja2:1312459:1312459 [0] NCCL INFO mscclGetCaptureStatus: 0, captureId: 0, size: 0

ja2:1312459:1312459 [0] NCCL INFO mscclSetupProxy: no capture

ja2:1312459:1312459 [0] NCCL INFO MSCCL: Setup Kernel finished, smem 41280 needsFence 1
ja2:1312459:1312459 [0] NCCL INFO mscclGetCaptureStatus: 0, captureId: 0, size: 0

ja2:1312459:1312459 [0] NCCL INFO mscclSetupProxy: no capture

ja2:1312459:1312459 [0] NCCL INFO MSCCL: Setup Kernel finished, smem 41280 needsFence 1
ja2:1312459:1312459 [0] NCCL INFO mscclGetCaptureStatus: 0, captureId: 0, size: 0

ja2:1312459:1312459 [0] NCCL INFO mscclSetupProxy: no capture

ja2:1312459:1312459 [0] NCCL INFO MSCCL: Setup Kernel finished, smem 41280 needsFence 1
ja2:1312459:1312459 [0] NCCL INFO mscclGetCaptureStatus: 0, captureId: 0, size: 0

ja4:2516952:2516952 [0] NCCL INFO MSCCL: Setup Kernel finished, smem 41280 needsFence 1
ja4:2516952:2516952 [0] NCCL INFO mscclGetCaptureStatus: 0, captureId: 0, size: 0

ja4:2516952:2516952 [0] NCCL INFO mscclSetupProxy: no capture

ja4:2516952:2516952 [0] NCCL INFO MSCCL: Setup Kernel finished, smem 41280 needsFence 1
ja4:2516952:2516952 [0] NCCL INFO mscclGetCaptureStatus: 0, captureId: 0, size: 0

ja4:2516952:2516952 [0] NCCL INFO mscclSetupProxy: no capture

ja4:2516952:2516952 [0] NCCL INFO MSCCL: Setup Kernel finished, smem 41280 needsFence 1
ja4:2516952:2516952 [0] NCCL INFO mscclGetCaptureStatus: 0, captureId: 0, size: 0

ja4:2516952:2516952 [0] NCCL INFO mscclSetupProxy: no capture

ja4:2516952:2516952 [0] NCCL INFO MSCCL: Setup Kernel finished, smem 41280 needsFence 1
ja4:2516952:2516952 [0] NCCL INFO mscclGetCaptureStatus: 0, captureId: 0, size: 0

ja4:2516952:2516952 [0] NCCL INFO mscclSetupProxy: no capture

ja3:927797:927797 [0] NCCL INFO mscclGetCaptureStatus: 0, captureId: 0, size: 0

ja3:927797:927797 [0] NCCL INFO mscclSetupProxy: no capture

ja3:927797:927797 [0] NCCL INFO MSCCL: Setup Kernel finished, smem 41280 needsFence 1
ja3:927797:927797 [0] NCCL INFO mscclGetCaptureStatus: 0, captureId: 0, size: 0

ja3:927797:927797 [0] NCCL INFO mscclSetupProxy: no capture

ja3:927797:927797 [0] NCCL INFO MSCCL: Setup Kernel finished, smem 41280 needsFence 1
ja3:927797:927797 [0] NCCL INFO mscclGetCaptureStatus: 0, captureId: 0, size: 0

ja3:927797:927797 [0] NCCL INFO mscclSetupProxy: no capture

ja3:927797:927797 [0] NCCL INFO MSCCL: Setup Kernel finished, smem 41280 needsFence 1
ja3:927797:927797 [0] NCCL INFO mscclGetCaptureStatus: 0, captureId: 0, size: 0

ja3:927797:927797 [0] NCCL INFO mscclSetupProxy: no capture

ja3:927797:927797 [0] NCCL INFO MSCCL: Setup Kernel finished, smem 41280 needsFence 1
ja2:1312459:1312459 [0] NCCL INFO mscclSetupProxy: no capture

ja2:1312459:1312459 [0] NCCL INFO MSCCL: Setup Kernel finished, smem 41280 needsFence 1
ja2:1312459:1312459 [0] NCCL INFO mscclGetCaptureStatus: 0, captureId: 0, size: 0

ja2:1312459:1312459 [0] NCCL INFO mscclSetupProxy: no capture

ja2:1312459:1312459 [0] NCCL INFO MSCCL: Setup Kernel finished, smem 41280 needsFence 1
ja2:1312459:1312459 [0] NCCL INFO mscclGetCaptureStatus: 0, captureId: 0, size: 0

ja2:1312459:1312459 [0] NCCL INFO mscclSetupProxy: no capture

ja2:1312459:1312459 [0] NCCL INFO MSCCL: Setup Kernel finished, smem 41280 needsFence 1
ja2:1312459:1312459 [0] NCCL INFO mscclGetCaptureStatus: 0, captureId: 0, size: 0

ja2:1312459:1312459 [0] NCCL INFO mscclSetupProxy: no capture

ja2:1312459:1312459 [0] NCCL INFO MSCCL: Setup Kernel finished, smem 41280 needsFence 1
ja2:1312459:1312459 [0] NCCL INFO mscclGetCaptureStatus: 0, captureId: 0, size: 0

ja2:1312459:1312459 [0] NCCL INFO mscclSetupProxy: no capture

ja4:2516952:2516952 [0] NCCL INFO MSCCL: Setup Kernel finished, smem 41280 needsFence 1
ja4:2516952:2516952 [0] NCCL INFO mscclGetCaptureStatus: 0, captureId: 0, size: 0

ja4:2516952:2516952 [0] NCCL INFO mscclSetupProxy: no capture

ja4:2516952:2516952 [0] NCCL INFO MSCCL: Setup Kernel finished, smem 41280 needsFence 1
ja4:2516952:2516952 [0] NCCL INFO mscclGetCaptureStatus: 0, captureId: 0, size: 0

ja4:2516952:2516952 [0] NCCL INFO mscclSetupProxy: no capture

ja4:2516952:2516952 [0] NCCL INFO MSCCL: Setup Kernel finished, smem 41280 needsFence 1
ja4:2516952:2516952 [0] NCCL INFO mscclGetCaptureStatus: 0, captureId: 0, size: 0

ja4:2516952:2516952 [0] NCCL INFO mscclSetupProxy: no capture

ja4:2516952:2516952 [0] NCCL INFO MSCCL: Setup Kernel finished, smem 41280 needsFence 1
ja4:2516952:2516952 [0] NCCL INFO mscclGetCaptureStatus: 0, captureId: 0, size: 0

ja4:2516952:2516952 [0] NCCL INFO mscclSetupProxy: no capture

ja3:927797:927797 [0] NCCL INFO mscclGetCaptureStatus: 0, captureId: 0, size: 0

ja3:927797:927797 [0] NCCL INFO mscclSetupProxy: no capture

ja3:927797:927797 [0] NCCL INFO MSCCL: Setup Kernel finished, smem 41280 needsFence 1
ja3:927797:927797 [0] NCCL INFO mscclGetCaptureStatus: 0, captureId: 0, size: 0

ja3:927797:927797 [0] NCCL INFO mscclSetupProxy: no capture

ja3:927797:927797 [0] NCCL INFO MSCCL: Setup Kernel finished, smem 41280 needsFence 1
ja3:927797:927797 [0] NCCL INFO mscclGetCaptureStatus: 0, captureId: 0, size: 0

ja3:927797:927797 [0] NCCL INFO mscclSetupProxy: no capture

ja3:927797:927797 [0] NCCL INFO MSCCL: Setup Kernel finished, smem 41280 needsFence 1
ja3:927797:927797 [0] NCCL INFO mscclGetCaptureStatus: 0, captureId: 0, size: 0

ja3:927797:927797 [0] NCCL INFO mscclSetupProxy: no capture

ja3:927797:927797 [0] NCCL INFO MSCCL: Setup Kernel finished, smem 41280 needsFence 1
ja3:927797:927797 [0] NCCL INFO mscclGetCaptureStatus: 0, captureId: 0, size: 0

ja2:1312459:1312459 [0] NCCL INFO MSCCL: Setup Kernel finished, smem 41280 needsFence 1
ja2:1312459:1312459 [0] NCCL INFO mscclGetCaptureStatus: 0, captureId: 0, size: 0

ja2:1312459:1312459 [0] NCCL INFO mscclSetupProxy: no capture

ja2:1312459:1312459 [0] NCCL INFO MSCCL: Setup Kernel finished, smem 41280 needsFence 1
ja2:1312459:1312459 [0] NCCL INFO mscclGetCaptureStatus: 0, captureId: 0, size: 0

ja2:1312459:1312459 [0] NCCL INFO mscclSetupProxy: no capture

ja2:1312459:1312459 [0] NCCL INFO MSCCL: Setup Kernel finished, smem 41280 needsFence 1
ja4:2516952:2516952 [0] NCCL INFO MSCCL: Setup Kernel finished, smem 41280 needsFence 1
ja4:2516952:2516952 [0] NCCL INFO mscclGetCaptureStatus: 0, captureId: 0, size: 0

ja4:2516952:2516952 [0] NCCL INFO mscclSetupProxy: no capture

ja4:2516952:2516952 [0] NCCL INFO MSCCL: Setup Kernel finished, smem 41280 needsFence 1
ja3:927797:927797 [0] NCCL INFO mscclSetupProxy: no capture

ja3:927797:927797 [0] NCCL INFO MSCCL: Setup Kernel finished, smem 41280 needsFence 1
ja2:1312459:1312459 [0] NCCL INFO mscclGetCaptureStatus: 0, captureId: 0, size: 0

ja2:1312459:1312459 [0] NCCL INFO mscclSetupProxy: no capture

ja2:1312459:1312459 [0] NCCL INFO MSCCL: Setup Kernel finished, smem 41280 needsFence 1
ja2:1312459:1312459 [0] NCCL INFO mscclGetCaptureStatus: 0, captureId: 0, size: 0

ja2:1312459:1312459 [0] NCCL INFO mscclSetupProxy: no capture

ja2:1312459:1312459 [0] NCCL INFO MSCCL: Setup Kernel finished, smem 41280 needsFence 1
ja2:1312459:1312459 [0] NCCL INFO mscclGetCaptureStatus: 0, captureId: 0, size: 0

ja2:1312459:1312459 [0] NCCL INFO mscclSetupProxy: no capture

ja2:1312459:1312459 [0] NCCL INFO MSCCL: Setup Kernel finished, smem 41280 needsFence 1
ja2:1312459:1312459 [0] NCCL INFO mscclGetCaptureStatus: 0, captureId: 0, size: 0

ja2:1312459:1312459 [0] NCCL INFO mscclSetupProxy: no capture

ja2:1312459:1312459 [0] NCCL INFO MSCCL: Setup Kernel finished, smem 41280 needsFence 1
ja2:1312459:1312459 [0] NCCL INFO mscclGetCaptureStatus: 0, captureId: 0, size: 0

ja4:2516952:2516952 [0] NCCL INFO mscclGetCaptureStatus: 0, captureId: 0, size: 0

ja4:2516952:2516952 [0] NCCL INFO mscclSetupProxy: no capture

ja4:2516952:2516952 [0] NCCL INFO MSCCL: Setup Kernel finished, smem 41280 needsFence 1
ja4:2516952:2516952 [0] NCCL INFO mscclGetCaptureStatus: 0, captureId: 0, size: 0

ja4:2516952:2516952 [0] NCCL INFO mscclSetupProxy: no capture

ja4:2516952:2516952 [0] NCCL INFO MSCCL: Setup Kernel finished, smem 41280 needsFence 1
ja4:2516952:2516952 [0] NCCL INFO mscclGetCaptureStatus: 0, captureId: 0, size: 0

ja4:2516952:2516952 [0] NCCL INFO mscclSetupProxy: no capture

ja4:2516952:2516952 [0] NCCL INFO MSCCL: Setup Kernel finished, smem 41280 needsFence 1
ja4:2516952:2516952 [0] NCCL INFO mscclGetCaptureStatus: 0, captureId: 0, size: 0

ja4:2516952:2516952 [0] NCCL INFO mscclSetupProxy: no capture

ja4:2516952:2516952 [0] NCCL INFO MSCCL: Setup Kernel finished, smem 41280 needsFence 1
ja4:2516952:2516952 [0] NCCL INFO mscclGetCaptureStatus: 0, captureId: 0, size: 0

ja3:927797:927797 [0] NCCL INFO mscclGetCaptureStatus: 0, captureId: 0, size: 0

ja3:927797:927797 [0] NCCL INFO mscclSetupProxy: no capture

ja3:927797:927797 [0] NCCL INFO MSCCL: Setup Kernel finished, smem 41280 needsFence 1
ja3:927797:927797 [0] NCCL INFO mscclGetCaptureStatus: 0, captureId: 0, size: 0

ja3:927797:927797 [0] NCCL INFO mscclSetupProxy: no capture

ja3:927797:927797 [0] NCCL INFO MSCCL: Setup Kernel finished, smem 41280 needsFence 1
ja3:927797:927797 [0] NCCL INFO mscclGetCaptureStatus: 0, captureId: 0, size: 0

ja3:927797:927797 [0] NCCL INFO mscclSetupProxy: no capture

ja3:927797:927797 [0] NCCL INFO MSCCL: Setup Kernel finished, smem 41280 needsFence 1
ja3:927797:927797 [0] NCCL INFO mscclGetCaptureStatus: 0, captureId: 0, size: 0

ja3:927797:927797 [0] NCCL INFO mscclSetupProxy: no capture

ja3:927797:927797 [0] NCCL INFO MSCCL: Setup Kernel finished, smem 41280 needsFence 1
ja3:927797:927797 [0] NCCL INFO mscclGetCaptureStatus: 0, captureId: 0, size: 0

ja2:1312459:1312459 [0] NCCL INFO mscclSetupProxy: no capture

ja2:1312459:1312459 [0] NCCL INFO MSCCL: Setup Kernel finished, smem 41280 needsFence 1
ja4:2516952:2516952 [0] NCCL INFO mscclSetupProxy: no capture

ja4:2516952:2516952 [0] NCCL INFO MSCCL: Setup Kernel finished, smem 41280 needsFence 1
ja3:927797:927797 [0] NCCL INFO mscclSetupProxy: no capture

ja4:2516952:2516952 [0] NCCL INFO mscclGetCaptureStatus: 0, captureId: 0, size: 0

ja4:2516952:2516952 [0] NCCL INFO mscclSetupProxy: no capture

ja4:2516952:2516952 [0] NCCL INFO MSCCL: Setup Kernel finished, smem 41280 needsFence 1
ja3:927797:927797 [0] NCCL INFO MSCCL: Setup Kernel finished, smem 41280 needsFence 1
ja3:927797:927797 [0] NCCL INFO mscclGetCaptureStatus: 0, captureId: 0, size: 0

ja3:927797:927797 [0] NCCL INFO mscclSetupProxy: no capture

ja3:927797:927797 [0] NCCL INFO MSCCL: Setup Kernel finished, smem 41280 needsFence 1
ja2:1312459:1312459 [0] NCCL INFO mscclGetCaptureStatus: 0, captureId: 0, size: 0

ja2:1312459:1312459 [0] NCCL INFO mscclSetupProxy: no capture

ja2:1312459:1312459 [0] NCCL INFO MSCCL: Setup Kernel finished, smem 41280 needsFence 1
ja4:2516952:2516952 [0] NCCL INFO mscclGetCaptureStatus: 0, captureId: 0, size: 0

ja4:2516952:2516952 [0] NCCL INFO mscclSetupProxy: no capture

ja4:2516952:2516952 [0] NCCL INFO MSCCL: Setup Kernel finished, smem 41280 needsFence 1
ja3:927797:927797 [0] NCCL INFO mscclGetCaptureStatus: 0, captureId: 0, size: 0

ja3:927797:927797 [0] NCCL INFO mscclSetupProxy: no capture

ja3:927797:927797 [0] NCCL INFO MSCCL: Setup Kernel finished, smem 41280 needsFence 1
    781.2    8.05    5.37      0
    12582912       1048576     float    none      -1   1188.6   10.59    7.06      0ja2:1312459:1312459 [0] NCCL INFO mscclGetCaptureStatus: 0, captureId: 0, size: 0

ja2:1312459:1312459 [0] NCCL INFO mscclSetupProxy: no capture

ja2:1312459:1312459 [0] NCCL INFO MSCCL: Setup Kernel finished, smem 41280 needsFence 1
ja4:2516952:2516952 [0] NCCL INFO mscclGetCaptureStatus: 0, captureId: 0, size: 0

ja4:2516952:2516952 [0] NCCL INFO mscclSetupProxy: no capture

ja4:2516952:2516952 [0] NCCL INFO MSCCL: Setup Kernel finished, smem 41280 needsFence 1
ja3:927797:927797 [0] NCCL INFO mscclGetCaptureStatus: 0, captureId: 0, size: 0

ja3:927797:927797 [0] NCCL INFO mscclSetupProxy: no capture

ja3:927797:927797 [0] NCCL INFO MSCCL: Setup Kernel finished, smem 41280 needsFence 1
ja2:1312459:1312459 [0] NCCL INFO mscclGetCaptureStatus: 0, captureId: 0, size: 0

ja2:1312459:1312459 [0] NCCL INFO mscclSetupProxy: no capture

ja2:1312459:1312459 [0] NCCL INFO MSCCL: Setup Kernel finished, smem 41280 needsFence 1
ja2:1312459:1312459 [0] NCCL INFO mscclGetCaptureStatus: 0, captureId: 0, size: 0

ja2:1312459:1312459 [0] NCCL INFO mscclSetupProxy: no capture

ja2:1312459:1312459 [0] NCCL INFO MSCCL: Setup Kernel finished, smem 41280 needsFence 1
ja2:1312459:1312459 [0] NCCL INFO mscclGetCaptureStatus: 0, captureId: 0, size: 0

ja2:1312459:1312459 [0] NCCL INFO mscclSetupProxy: no capture

ja2:1312459:1312459 [0] NCCL INFO MSCCL: Setup Kernel finished, smem 41280 needsFence 1
ja2:1312459:1312459 [0] NCCL INFO mscclGetCaptureStatus: 0, captureId: 0, size: 0

ja2:1312459:1312459 [0] NCCL INFO mscclSetupProxy: no capture

ja2:1312459:1312459 [0] NCCL INFO MSCCL: Setup Kernel finished, smem 41280 needsFence 1
ja2:1312459:1312459 [0] NCCL INFO mscclGetCaptureStatus: 0, captureId: 0, size: 0

ja4:2516952:2516952 [0] NCCL INFO mscclGetCaptureStatus: 0, captureId: 0, size: 0

ja4:2516952:2516952 [0] NCCL INFO mscclSetupProxy: no capture

ja4:2516952:2516952 [0] NCCL INFO MSCCL: Setup Kernel finished, smem 41280 needsFence 1
ja4:2516952:2516952 [0] NCCL INFO mscclGetCaptureStatus: 0, captureId: 0, size: 0

ja4:2516952:2516952 [0] NCCL INFO mscclSetupProxy: no capture

ja4:2516952:2516952 [0] NCCL INFO MSCCL: Setup Kernel finished, smem 41280 needsFence 1
ja4:2516952:2516952 [0] NCCL INFO mscclGetCaptureStatus: 0, captureId: 0, size: 0

ja4:2516952:2516952 [0] NCCL INFO mscclSetupProxy: no capture

ja4:2516952:2516952 [0] NCCL INFO MSCCL: Setup Kernel finished, smem 41280 needsFence 1
ja4:2516952:2516952 [0] NCCL INFO mscclGetCaptureStatus: 0, captureId: 0, size: 0

ja4:2516952:2516952 [0] NCCL INFO mscclSetupProxy: no capture

ja4:2516952:2516952 [0] NCCL INFO MSCCL: Setup Kernel finished, smem 41280 needsFence 1
ja4:2516952:2516952 [0] NCCL INFO mscclGetCaptureStatus: 0, captureId: 0, size: 0

ja3:927797:927797 [0] NCCL INFO mscclGetCaptureStatus: 0, captureId: 0, size: 0

ja3:927797:927797 [0] NCCL INFO mscclSetupProxy: no capture

ja3:927797:927797 [0] NCCL INFO MSCCL: Setup Kernel finished, smem 41280 needsFence 1
ja3:927797:927797 [0] NCCL INFO mscclGetCaptureStatus: 0, captureId: 0, size: 0

ja3:927797:927797 [0] NCCL INFO mscclSetupProxy: no capture

ja3:927797:927797 [0] NCCL INFO MSCCL: Setup Kernel finished, smem 41280 needsFence 1
ja3:927797:927797 [0] NCCL INFO mscclGetCaptureStatus: 0, captureId: 0, size: 0

ja3:927797:927797 [0] NCCL INFO mscclSetupProxy: no capture

ja3:927797:927797 [0] NCCL INFO MSCCL: Setup Kernel finished, smem 41280 needsFence 1
ja3:927797:927797 [0] NCCL INFO mscclGetCaptureStatus: 0, captureId: 0, size: 0

ja3:927797:927797 [0] NCCL INFO mscclSetupProxy: no capture

ja3:927797:927797 [0] NCCL INFO MSCCL: Setup Kernel finished, smem 41280 needsFence 1
ja3:927797:927797 [0] NCCL INFO mscclGetCaptureStatus: 0, captureId: 0, size: 0

ja2:1312459:1312459 [0] NCCL INFO mscclSetupProxy: no capture

ja4:2516952:2516952 [0] NCCL INFO mscclSetupProxy: no capture

ja4:2516952:2516952 [0] NCCL INFO MSCCL: Setup Kernel finished, smem 41280 needsFence 1
ja3:927797:927797 [0] NCCL INFO mscclSetupProxy: no capture

ja3:927797:927797 [0] NCCL INFO MSCCL: Setup Kernel finished, smem 41280 needsFence 1
ja2:1312459:1312459 [0] NCCL INFO MSCCL: Setup Kernel finished, smem 41280 needsFence 1
ja2:1312459:1312459 [0] NCCL INFO mscclGetCaptureStatus: 0, captureId: 0, size: 0

ja2:1312459:1312459 [0] NCCL INFO mscclSetupProxy: no capture

ja2:1312459:1312459 [0] NCCL INFO MSCCL: Setup Kernel finished, smem 41280 needsFence 1
ja2:1312459:1312459 [0] NCCL INFO mscclGetCaptureStatus: 0, captureId: 0, size: 0

ja2:1312459:1312459 [0] NCCL INFO mscclSetupProxy: no capture

ja2:1312459:1312459 [0] NCCL INFO MSCCL: Setup Kernel finished, smem 41280 needsFence 1
ja2:1312459:1312459 [0] NCCL INFO mscclGetCaptureStatus: 0, captureId: 0, size: 0

ja2:1312459:1312459 [0] NCCL INFO mscclSetupProxy: no capture

ja2:1312459:1312459 [0] NCCL INFO MSCCL: Setup Kernel finished, smem 41280 needsFence 1
ja2:1312459:1312459 [0] NCCL INFO mscclGetCaptureStatus: 0, captureId: 0, size: 0

ja2:1312459:1312459 [0] NCCL INFO mscclSetupProxy: no capture

ja4:2516952:2516952 [0] NCCL INFO mscclGetCaptureStatus: 0, captureId: 0, size: 0

ja4:2516952:2516952 [0] NCCL INFO mscclSetupProxy: no capture

ja4:2516952:2516952 [0] NCCL INFO MSCCL: Setup Kernel finished, smem 41280 needsFence 1
ja4:2516952:2516952 [0] NCCL INFO mscclGetCaptureStatus: 0, captureId: 0, size: 0

ja4:2516952:2516952 [0] NCCL INFO mscclSetupProxy: no capture

ja4:2516952:2516952 [0] NCCL INFO MSCCL: Setup Kernel finished, smem 41280 needsFence 1
ja4:2516952:2516952 [0] NCCL INFO mscclGetCaptureStatus: 0, captureId: 0, size: 0

ja4:2516952:2516952 [0] NCCL INFO mscclSetupProxy: no capture

ja4:2516952:2516952 [0] NCCL INFO MSCCL: Setup Kernel finished, smem 41280 needsFence 1
ja4:2516952:2516952 [0] NCCL INFO mscclGetCaptureStatus: 0, captureId: 0, size: 0

ja4:2516952:2516952 [0] NCCL INFO mscclSetupProxy: no capture

ja4:2516952:2516952 [0] NCCL INFO MSCCL: Setup Kernel finished, smem 41280 needsFence 1
ja3:927797:927797 [0] NCCL INFO mscclGetCaptureStatus: 0, captureId: 0, size: 0

ja3:927797:927797 [0] NCCL INFO mscclSetupProxy: no capture

ja3:927797:927797 [0] NCCL INFO MSCCL: Setup Kernel finished, smem 41280 needsFence 1
ja3:927797:927797 [0] NCCL INFO mscclGetCaptureStatus: 0, captureId: 0, size: 0

ja3:927797:927797 [0] NCCL INFO mscclSetupProxy: no capture

ja3:927797:927797 [0] NCCL INFO MSCCL: Setup Kernel finished, smem 41280 needsFence 1
ja3:927797:927797 [0] NCCL INFO mscclGetCaptureStatus: 0, captureId: 0, size: 0

ja3:927797:927797 [0] NCCL INFO mscclSetupProxy: no capture

ja3:927797:927797 [0] NCCL INFO MSCCL: Setup Kernel finished, smem 41280 needsFence 1
ja3:927797:927797 [0] NCCL INFO mscclGetCaptureStatus: 0, captureId: 0, size: 0

ja3:927797:927797 [0] NCCL INFO mscclSetupProxy: no capture

ja3:927797:927797 [0] NCCL INFO MSCCL: Setup Kernel finished, smem 41280 needsFence 1
ja2:1312459:1312459 [0] NCCL INFO MSCCL: Setup Kernel finished, smem 41280 needsFence 1
ja4:2516952:2516952 [0] NCCL INFO mscclGetCaptureStatus: 0, captureId: 0, size: 0

ja4:2516952:2516952 [0] NCCL INFO mscclSetupProxy: no capture

ja4:2516952:2516952 [0] NCCL INFO MSCCL: Setup Kernel finished, smem 41280 needsFence 1
ja4:2516952:2516952 [0] NCCL INFO mscclGetCaptureStatus: 0, captureId: 0, size: 0

ja4:2516952:2516952 [0] NCCL INFO mscclSetupProxy: no capture

ja4:2516952:2516952 [0] NCCL INFO MSCCL: Setup Kernel finished, smem 41280 needsFence 1
ja4:2516952:2516952 [0] NCCL INFO mscclGetCaptureStatus: 0, captureId: 0, size: 0

ja4:2516952:2516952 [0] NCCL INFO mscclSetupProxy: no capture

ja4:2516952:2516952 [0] NCCL INFO MSCCL: Setup Kernel finished, smem 41280 needsFence 1
ja4:2516952:2516952 [0] NCCL INFO mscclGetCaptureStatus: 0, captureId: 0, size: 0

ja4:2516952:2516952 [0] NCCL INFO mscclSetupProxy: no capture

ja4:2516952:2516952 [0] NCCL INFO MSCCL: Setup Kernel finished, smem 41280 needsFence 1
ja4:2516952:2516952 [0] NCCL INFO mscclGetCaptureStatus: 0, captureId: 0, size: 0

ja3:927797:927797 [0] NCCL INFO mscclGetCaptureStatus: 0, captureId: 0, size: 0

ja3:927797:927797 [0] NCCL INFO mscclSetupProxy: no capture

ja3:927797:927797 [0] NCCL INFO MSCCL: Setup Kernel finished, smem 41280 needsFence 1
ja3:927797:927797 [0] NCCL INFO mscclGetCaptureStatus: 0, captureId: 0, size: 0

ja3:927797:927797 [0] NCCL INFO mscclSetupProxy: no capture

ja3:927797:927797 [0] NCCL INFO MSCCL: Setup Kernel finished, smem 41280 needsFence 1
ja3:927797:927797 [0] NCCL INFO mscclGetCaptureStatus: 0, captureId: 0, size: 0

ja3:927797:927797 [0] NCCL INFO mscclSetupProxy: no capture

ja3:927797:927797 [0] NCCL INFO MSCCL: Setup Kernel finished, smem 41280 needsFence 1
ja3:927797:927797 [0] NCCL INFO mscclGetCaptureStatus: 0, captureId: 0, size: 0

ja3:927797:927797 [0] NCCL INFO mscclSetupProxy: no capture

ja3:927797:927797 [0] NCCL INFO MSCCL: Setup Kernel finished, smem 41280 needsFence 1
ja3:927797:927797 [0] NCCL INFO mscclGetCaptureStatus: 0, captureId: 0, size: 0

ja2:1312459:1312459 [0] NCCL INFO mscclGetCaptureStatus: 0, captureId: 0, size: 0

ja2:1312459:1312459 [0] NCCL INFO mscclSetupProxy: no capture

ja2:1312459:1312459 [0] NCCL INFO MSCCL: Setup Kernel finished, smem 41280 needsFence 1
ja2:1312459:1312459 [0] NCCL INFO mscclGetCaptureStatus: 0, captureId: 0, size: 0

ja2:1312459:1312459 [0] NCCL INFO mscclSetupProxy: no capture

ja2:1312459:1312459 [0] NCCL INFO MSCCL: Setup Kernel finished, smem 41280 needsFence 1
ja2:1312459:1312459 [0] NCCL INFO mscclGetCaptureStatus: 0, captureId: 0, size: 0

ja2:1312459:1312459 [0] NCCL INFO mscclSetupProxy: no capture

ja2:1312459:1312459 [0] NCCL INFO MSCCL: Setup Kernel finished, smem 41280 needsFence 1
ja2:1312459:1312459 [0] NCCL INFO mscclGetCaptureStatus: 0, captureId: 0, size: 0

ja2:1312459:1312459 [0] NCCL INFO mscclSetupProxy: no capture

ja2:1312459:1312459 [0] NCCL INFO MSCCL: Setup Kernel finished, smem 41280 needsFence 1
ja2:1312459:1312459 [0] NCCL INFO mscclGetCaptureStatus: 0, captureId: 0, size: 0

ja4:2516952:2516952 [0] NCCL INFO mscclSetupProxy: no capture

ja4:2516952:2516952 [0] NCCL INFO MSCCL: Setup Kernel finished, smem 41280 needsFence 1
ja4:2516952:2516952 [0] NCCL INFO mscclGetCaptureStatus: 0, captureId: 0, size: 0

ja4:2516952:2516952 [0] NCCL INFO mscclSetupProxy: no capture

ja3:927797:927797 [0] NCCL INFO mscclSetupProxy: no capture

ja3:927797:927797 [0] NCCL INFO MSCCL: Setup Kernel finished, smem 41280 needsFence 1
ja2:1312459:1312459 [0] NCCL INFO mscclSetupProxy: no capture

ja2:1312459:1312459 [0] NCCL INFO MSCCL: Setup Kernel finished, smem 41280 needsFence 1
ja2:1312459:1312459 [0] NCCL INFO mscclGetCaptureStatus: 0, captureId: 0, size: 0

ja2:1312459:1312459 [0] NCCL INFO mscclSetupProxy: no capture

ja2:1312459:1312459 [0] NCCL INFO MSCCL: Setup Kernel finished, smem 41280 needsFence 1
ja2:1312459:1312459 [0] NCCL INFO mscclGetCaptureStatus: 0, captureId: 0, size: 0

ja2:1312459:1312459 [0] NCCL INFO mscclSetupProxy: no capture

ja2:1312459:1312459 [0] NCCL INFO MSCCL: Setup Kernel finished, smem 41280 needsFence 1
ja4:2516952:2516952 [0] NCCL INFO MSCCL: Setup Kernel finished, smem 41280 needsFence 1
ja4:2516952:2516952 [0] NCCL INFO mscclGetCaptureStatus: 0, captureId: 0, size: 0

ja4:2516952:2516952 [0] NCCL INFO mscclSetupProxy: no capture

ja4:2516952:2516952 [0] NCCL INFO MSCCL: Setup Kernel finished, smem 41280 needsFence 1
ja4:2516952:2516952 [0] NCCL INFO mscclGetCaptureStatus: 0, captureId: 0, size: 0

ja4:2516952:2516952 [0] NCCL INFO mscclSetupProxy: no capture

ja4:2516952:2516952 [0] NCCL INFO MSCCL: Setup Kernel finished, smem 41280 needsFence 1
ja4:2516952:2516952 [0] NCCL INFO mscclGetCaptureStatus: 0, captureId: 0, size: 0

ja4:2516952:2516952 [0] NCCL INFO mscclSetupProxy: no capture

ja4:2516952:2516952 [0] NCCL INFO MSCCL: Setup Kernel finished, smem 41280 needsFence 1
ja4:2516952:2516952 [0] NCCL INFO mscclGetCaptureStatus: 0, captureId: 0, size: 0

ja4:2516952:2516952 [0] NCCL INFO mscclSetupProxy: no capture

ja3:927797:927797 [0] NCCL INFO mscclGetCaptureStatus: 0, captureId: 0, size: 0

ja3:927797:927797 [0] NCCL INFO mscclSetupProxy: no capture

ja3:927797:927797 [0] NCCL INFO MSCCL: Setup Kernel finished, smem 41280 needsFence 1
ja3:927797:927797 [0] NCCL INFO mscclGetCaptureStatus: 0, captureId: 0, size: 0

ja3:927797:927797 [0] NCCL INFO mscclSetupProxy: no capture

ja3:927797:927797 [0] NCCL INFO MSCCL: Setup Kernel finished, smem 41280 needsFence 1
ja3:927797:927797 [0] NCCL INFO mscclGetCaptureStatus: 0, captureId: 0, size: 0

ja3:927797:927797 [0] NCCL INFO mscclSetupProxy: no capture

ja3:927797:927797 [0] NCCL INFO MSCCL: Setup Kernel finished, smem 41280 needsFence 1
ja3:927797:927797 [0] NCCL INFO mscclGetCaptureStatus: 0, captureId: 0, size: 0

ja3:927797:927797 [0] NCCL INFO mscclSetupProxy: no capture

ja3:927797:927797 [0] NCCL INFO MSCCL: Setup Kernel finished, smem 41280 needsFence 1
ja3:927797:927797 [0] NCCL INFO mscclGetCaptureStatus: 0, captureId: 0, size: 0

ja2:1312459:1312459 [0] NCCL INFO mscclGetCaptureStatus: 0, captureId: 0, size: 0

ja2:1312459:1312459 [0] NCCL INFO mscclSetupProxy: no capture

ja2:1312459:1312459 [0] NCCL INFO MSCCL: Setup Kernel finished, smem 41280 needsFence 1
ja2:1312459:1312459 [0] NCCL INFO mscclGetCaptureStatus: 0, captureId: 0, size: 0

ja2:1312459:1312459 [0] NCCL INFO mscclSetupProxy: no capture

ja2:1312459:1312459 [0] NCCL INFO MSCCL: Setup Kernel finished, smem 41280 needsFence 1
ja2:1312459:1312459 [0] NCCL INFO mscclGetCaptureStatus: 0, captureId: 0, size: 0

ja2:1312459:1312459 [0] NCCL INFO mscclSetupProxy: no capture

ja2:1312459:1312459 [0] NCCL INFO MSCCL: Setup Kernel finished, smem 41280 needsFence 1
ja2:1312459:1312459 [0] NCCL INFO mscclGetCaptureStatus: 0, captureId: 0, size: 0

ja2:1312459:1312459 [0] NCCL INFO mscclSetupProxy: no capture

ja2:1312459:1312459 [0] NCCL INFO MSCCL: Setup Kernel finished, smem 41280 needsFence 1
ja4:2516952:2516952 [0] NCCL INFO MSCCL: Setup Kernel finished, smem 41280 needsFence 1
ja4:2516952:2516952 [0] NCCL INFO mscclGetCaptureStatus: 0, captureId: 0, size: 0

ja4:2516952:2516952 [0] NCCL INFO mscclSetupProxy: no capture

ja4:2516952:2516952 [0] NCCL INFO MSCCL: Setup Kernel finished, smem 41280 needsFence 1
ja3:927797:927797 [0] NCCL INFO mscclSetupProxy: no capture

ja3:927797:927797 [0] NCCL INFO MSCCL: Setup Kernel finished, smem 41280 needsFence 1
ja3:927797:927797 [0] NCCL INFO mscclGetCaptureStatus: 0, captureId: 0, size: 0

ja3:927797:927797 [0] NCCL INFO mscclSetupProxy: no capture

ja3:927797:927797 [0] NCCL INFO MSCCL: Setup Kernel finished, smem 41280 needsFence 1
ja2:1312459:1312459 [0] NCCL INFO mscclGetCaptureStatus: 0, captureId: 0, size: 0

ja2:1312459:1312459 [0] NCCL INFO mscclSetupProxy: no capture

ja2:1312459:1312459 [0] NCCL INFO MSCCL: Setup Kernel finished, smem 41280 needsFence 1
ja4:2516952:2516952 [0] NCCL INFO mscclGetCaptureStatus: 0, captureId: 0, size: 0

ja4:2516952:2516952 [0] NCCL INFO mscclSetupProxy: no capture

ja4:2516952:2516952 [0] NCCL INFO MSCCL: Setup Kernel finished, smem 41280 needsFence 1
ja3:927797:927797 [0] NCCL INFO mscclGetCaptureStatus: 0, captureId: 0, size: 0

ja3:927797:927797 [0] NCCL INFO mscclSetupProxy: no capture

ja3:927797:927797 [0] NCCL INFO MSCCL: Setup Kernel finished, smem 41280 needsFence 1
   1489.9    8.45    5.63      0
    25165824       2097152     float    none      -1   2207.4   11.40    7.60      0ja2:1312459:1312459 [0] NCCL INFO mscclGetCaptureStatus: 0, captureId: 0, size: 0

ja2:1312459:1312459 [0] NCCL INFO mscclSetupProxy: no capture

ja2:1312459:1312459 [0] NCCL INFO MSCCL: Setup Kernel finished, smem 41280 needsFence 1
ja4:2516952:2516952 [0] NCCL INFO mscclGetCaptureStatus: 0, captureId: 0, size: 0

ja4:2516952:2516952 [0] NCCL INFO mscclSetupProxy: no capture

ja4:2516952:2516952 [0] NCCL INFO MSCCL: Setup Kernel finished, smem 41280 needsFence 1
ja3:927797:927797 [0] NCCL INFO mscclGetCaptureStatus: 0, captureId: 0, size: 0

ja3:927797:927797 [0] NCCL INFO mscclSetupProxy: no capture

ja3:927797:927797 [0] NCCL INFO MSCCL: Setup Kernel finished, smem 41280 needsFence 1
ja2:1312459:1312459 [0] NCCL INFO mscclGetCaptureStatus: 0, captureId: 0, size: 0

ja2:1312459:1312459 [0] NCCL INFO mscclSetupProxy: no capture

ja2:1312459:1312459 [0] NCCL INFO MSCCL: Setup Kernel finished, smem 41280 needsFence 1
ja2:1312459:1312459 [0] NCCL INFO mscclGetCaptureStatus: 0, captureId: 0, size: 0

ja2:1312459:1312459 [0] NCCL INFO mscclSetupProxy: no capture

ja2:1312459:1312459 [0] NCCL INFO MSCCL: Setup Kernel finished, smem 41280 needsFence 1
ja2:1312459:1312459 [0] NCCL INFO mscclGetCaptureStatus: 0, captureId: 0, size: 0

ja2:1312459:1312459 [0] NCCL INFO mscclSetupProxy: no capture

ja2:1312459:1312459 [0] NCCL INFO MSCCL: Setup Kernel finished, smem 41280 needsFence 1
ja2:1312459:1312459 [0] NCCL INFO mscclGetCaptureStatus: 0, captureId: 0, size: 0

ja2:1312459:1312459 [0] NCCL INFO mscclSetupProxy: no capture

ja2:1312459:1312459 [0] NCCL INFO MSCCL: Setup Kernel finished, smem 41280 needsFence 1
ja2:1312459:1312459 [0] NCCL INFO mscclGetCaptureStatus: 0, captureId: 0, size: 0

ja4:2516952:2516952 [0] NCCL INFO mscclGetCaptureStatus: 0, captureId: 0, size: 0

ja4:2516952:2516952 [0] NCCL INFO mscclSetupProxy: no capture

ja4:2516952:2516952 [0] NCCL INFO MSCCL: Setup Kernel finished, smem 41280 needsFence 1
ja4:2516952:2516952 [0] NCCL INFO mscclGetCaptureStatus: 0, captureId: 0, size: 0

ja4:2516952:2516952 [0] NCCL INFO mscclSetupProxy: no capture

ja4:2516952:2516952 [0] NCCL INFO MSCCL: Setup Kernel finished, smem 41280 needsFence 1
ja4:2516952:2516952 [0] NCCL INFO mscclGetCaptureStatus: 0, captureId: 0, size: 0

ja4:2516952:2516952 [0] NCCL INFO mscclSetupProxy: no capture

ja4:2516952:2516952 [0] NCCL INFO MSCCL: Setup Kernel finished, smem 41280 needsFence 1
ja4:2516952:2516952 [0] NCCL INFO mscclGetCaptureStatus: 0, captureId: 0, size: 0

ja4:2516952:2516952 [0] NCCL INFO mscclSetupProxy: no capture

ja4:2516952:2516952 [0] NCCL INFO MSCCL: Setup Kernel finished, smem 41280 needsFence 1
ja4:2516952:2516952 [0] NCCL INFO mscclGetCaptureStatus: 0, captureId: 0, size: 0

ja3:927797:927797 [0] NCCL INFO mscclGetCaptureStatus: 0, captureId: 0, size: 0

ja3:927797:927797 [0] NCCL INFO mscclSetupProxy: no capture

ja3:927797:927797 [0] NCCL INFO MSCCL: Setup Kernel finished, smem 41280 needsFence 1
ja3:927797:927797 [0] NCCL INFO mscclGetCaptureStatus: 0, captureId: 0, size: 0

ja3:927797:927797 [0] NCCL INFO mscclSetupProxy: no capture

ja3:927797:927797 [0] NCCL INFO MSCCL: Setup Kernel finished, smem 41280 needsFence 1
ja3:927797:927797 [0] NCCL INFO mscclGetCaptureStatus: 0, captureId: 0, size: 0

ja3:927797:927797 [0] NCCL INFO mscclSetupProxy: no capture

ja3:927797:927797 [0] NCCL INFO MSCCL: Setup Kernel finished, smem 41280 needsFence 1
ja3:927797:927797 [0] NCCL INFO mscclGetCaptureStatus: 0, captureId: 0, size: 0

ja3:927797:927797 [0] NCCL INFO mscclSetupProxy: no capture

ja3:927797:927797 [0] NCCL INFO MSCCL: Setup Kernel finished, smem 41280 needsFence 1
ja3:927797:927797 [0] NCCL INFO mscclGetCaptureStatus: 0, captureId: 0, size: 0

ja2:1312459:1312459 [0] NCCL INFO mscclSetupProxy: no capture

ja4:2516952:2516952 [0] NCCL INFO mscclSetupProxy: no capture

ja4:2516952:2516952 [0] NCCL INFO MSCCL: Setup Kernel finished, smem 41280 needsFence 1
ja4:2516952:2516952 [0] NCCL INFO mscclGetCaptureStatus: 0, captureId: 0, size: 0

ja3:927797:927797 [0] NCCL INFO mscclSetupProxy: no capture

ja3:927797:927797 [0] NCCL INFO MSCCL: Setup Kernel finished, smem 41280 needsFence 1
ja2:1312459:1312459 [0] NCCL INFO MSCCL: Setup Kernel finished, smem 41280 needsFence 1
ja2:1312459:1312459 [0] NCCL INFO mscclGetCaptureStatus: 0, captureId: 0, size: 0

ja2:1312459:1312459 [0] NCCL INFO mscclSetupProxy: no capture

ja2:1312459:1312459 [0] NCCL INFO MSCCL: Setup Kernel finished, smem 41280 needsFence 1
ja2:1312459:1312459 [0] NCCL INFO mscclGetCaptureStatus: 0, captureId: 0, size: 0

ja2:1312459:1312459 [0] NCCL INFO mscclSetupProxy: no capture

ja2:1312459:1312459 [0] NCCL INFO MSCCL: Setup Kernel finished, smem 41280 needsFence 1
ja2:1312459:1312459 [0] NCCL INFO mscclGetCaptureStatus: 0, captureId: 0, size: 0

ja2:1312459:1312459 [0] NCCL INFO mscclSetupProxy: no capture

ja2:1312459:1312459 [0] NCCL INFO MSCCL: Setup Kernel finished, smem 41280 needsFence 1
ja2:1312459:1312459 [0] NCCL INFO mscclGetCaptureStatus: 0, captureId: 0, size: 0

ja2:1312459:1312459 [0] NCCL INFO mscclSetupProxy: no capture

ja4:2516952:2516952 [0] NCCL INFO mscclSetupProxy: no capture

ja4:2516952:2516952 [0] NCCL INFO MSCCL: Setup Kernel finished, smem 41280 needsFence 1
ja4:2516952:2516952 [0] NCCL INFO mscclGetCaptureStatus: 0, captureId: 0, size: 0

ja4:2516952:2516952 [0] NCCL INFO mscclSetupProxy: no capture

ja4:2516952:2516952 [0] NCCL INFO MSCCL: Setup Kernel finished, smem 41280 needsFence 1
ja4:2516952:2516952 [0] NCCL INFO mscclGetCaptureStatus: 0, captureId: 0, size: 0

ja4:2516952:2516952 [0] NCCL INFO mscclSetupProxy: no capture

ja4:2516952:2516952 [0] NCCL INFO MSCCL: Setup Kernel finished, smem 41280 needsFence 1
ja4:2516952:2516952 [0] NCCL INFO mscclGetCaptureStatus: 0, captureId: 0, size: 0

ja4:2516952:2516952 [0] NCCL INFO mscclSetupProxy: no capture

ja4:2516952:2516952 [0] NCCL INFO MSCCL: Setup Kernel finished, smem 41280 needsFence 1
ja4:2516952:2516952 [0] NCCL INFO mscclGetCaptureStatus: 0, captureId: 0, size: 0

ja4:2516952:2516952 [0] NCCL INFO mscclSetupProxy: no capture

ja3:927797:927797 [0] NCCL INFO mscclGetCaptureStatus: 0, captureId: 0, size: 0

ja3:927797:927797 [0] NCCL INFO mscclSetupProxy: no capture

ja3:927797:927797 [0] NCCL INFO MSCCL: Setup Kernel finished, smem 41280 needsFence 1
ja3:927797:927797 [0] NCCL INFO mscclGetCaptureStatus: 0, captureId: 0, size: 0

ja3:927797:927797 [0] NCCL INFO mscclSetupProxy: no capture

ja3:927797:927797 [0] NCCL INFO MSCCL: Setup Kernel finished, smem 41280 needsFence 1
ja3:927797:927797 [0] NCCL INFO mscclGetCaptureStatus: 0, captureId: 0, size: 0

ja3:927797:927797 [0] NCCL INFO mscclSetupProxy: no capture

ja3:927797:927797 [0] NCCL INFO MSCCL: Setup Kernel finished, smem 41280 needsFence 1
ja3:927797:927797 [0] NCCL INFO mscclGetCaptureStatus: 0, captureId: 0, size: 0

ja3:927797:927797 [0] NCCL INFO mscclSetupProxy: no capture

ja3:927797:927797 [0] NCCL INFO MSCCL: Setup Kernel finished, smem 41280 needsFence 1
ja2:1312459:1312459 [0] NCCL INFO MSCCL: Setup Kernel finished, smem 41280 needsFence 1
ja4:2516952:2516952 [0] NCCL INFO MSCCL: Setup Kernel finished, smem 41280 needsFence 1
ja3:927797:927797 [0] NCCL INFO mscclGetCaptureStatus: 0, captureId: 0, size: 0

ja3:927797:927797 [0] NCCL INFO mscclSetupProxy: no capture

ja3:927797:927797 [0] NCCL INFO MSCCL: Setup Kernel finished, smem 41280 needsFence 1
ja3:927797:927797 [0] NCCL INFO mscclGetCaptureStatus: 0, captureId: 0, size: 0

ja3:927797:927797 [0] NCCL INFO mscclSetupProxy: no capture

ja3:927797:927797 [0] NCCL INFO MSCCL: Setup Kernel finished, smem 41280 needsFence 1
ja3:927797:927797 [0] NCCL INFO mscclGetCaptureStatus: 0, captureId: 0, size: 0

ja3:927797:927797 [0] NCCL INFO mscclSetupProxy: no capture

ja3:927797:927797 [0] NCCL INFO MSCCL: Setup Kernel finished, smem 41280 needsFence 1
ja3:927797:927797 [0] NCCL INFO mscclGetCaptureStatus: 0, captureId: 0, size: 0

ja3:927797:927797 [0] NCCL INFO mscclSetupProxy: no capture

ja3:927797:927797 [0] NCCL INFO MSCCL: Setup Kernel finished, smem 41280 needsFence 1
ja3:927797:927797 [0] NCCL INFO mscclGetCaptureStatus: 0, captureId: 0, size: 0

ja2:1312459:1312459 [0] NCCL INFO mscclGetCaptureStatus: 0, captureId: 0, size: 0

ja2:1312459:1312459 [0] NCCL INFO mscclSetupProxy: no capture

ja2:1312459:1312459 [0] NCCL INFO MSCCL: Setup Kernel finished, smem 41280 needsFence 1
ja2:1312459:1312459 [0] NCCL INFO mscclGetCaptureStatus: 0, captureId: 0, size: 0

ja2:1312459:1312459 [0] NCCL INFO mscclSetupProxy: no capture

ja2:1312459:1312459 [0] NCCL INFO MSCCL: Setup Kernel finished, smem 41280 needsFence 1
ja2:1312459:1312459 [0] NCCL INFO mscclGetCaptureStatus: 0, captureId: 0, size: 0

ja2:1312459:1312459 [0] NCCL INFO mscclSetupProxy: no capture

ja2:1312459:1312459 [0] NCCL INFO MSCCL: Setup Kernel finished, smem 41280 needsFence 1
ja2:1312459:1312459 [0] NCCL INFO mscclGetCaptureStatus: 0, captureId: 0, size: 0

ja2:1312459:1312459 [0] NCCL INFO mscclSetupProxy: no capture

ja2:1312459:1312459 [0] NCCL INFO MSCCL: Setup Kernel finished, smem 41280 needsFence 1
ja2:1312459:1312459 [0] NCCL INFO mscclGetCaptureStatus: 0, captureId: 0, size: 0

ja4:2516952:2516952 [0] NCCL INFO mscclGetCaptureStatus: 0, captureId: 0, size: 0

ja4:2516952:2516952 [0] NCCL INFO mscclSetupProxy: no capture

ja4:2516952:2516952 [0] NCCL INFO MSCCL: Setup Kernel finished, smem 41280 needsFence 1
ja4:2516952:2516952 [0] NCCL INFO mscclGetCaptureStatus: 0, captureId: 0, size: 0

ja4:2516952:2516952 [0] NCCL INFO mscclSetupProxy: no capture

ja4:2516952:2516952 [0] NCCL INFO MSCCL: Setup Kernel finished, smem 41280 needsFence 1
ja4:2516952:2516952 [0] NCCL INFO mscclGetCaptureStatus: 0, captureId: 0, size: 0

ja4:2516952:2516952 [0] NCCL INFO mscclSetupProxy: no capture

ja4:2516952:2516952 [0] NCCL INFO MSCCL: Setup Kernel finished, smem 41280 needsFence 1
ja4:2516952:2516952 [0] NCCL INFO mscclGetCaptureStatus: 0, captureId: 0, size: 0

ja4:2516952:2516952 [0] NCCL INFO mscclSetupProxy: no capture

ja4:2516952:2516952 [0] NCCL INFO MSCCL: Setup Kernel finished, smem 41280 needsFence 1
ja4:2516952:2516952 [0] NCCL INFO mscclGetCaptureStatus: 0, captureId: 0, size: 0

ja3:927797:927797 [0] NCCL INFO mscclSetupProxy: no capture

ja3:927797:927797 [0] NCCL INFO MSCCL: Setup Kernel finished, smem 41280 needsFence 1
ja3:927797:927797 [0] NCCL INFO mscclGetCaptureStatus: 0, captureId: 0, size: 0

ja3:927797:927797 [0] NCCL INFO mscclSetupProxy: no capture

ja2:1312459:1312459 [0] NCCL INFO mscclSetupProxy: no capture

ja2:1312459:1312459 [0] NCCL INFO MSCCL: Setup Kernel finished, smem 41280 needsFence 1
ja2:1312459:1312459 [0] NCCL INFO mscclGetCaptureStatus: 0, captureId: 0, size: 0

ja2:1312459:1312459 [0] NCCL INFO mscclSetupProxy: no capture

ja2:1312459:1312459 [0] NCCL INFO MSCCL: Setup Kernel finished, smem 41280 needsFence 1
ja2:1312459:1312459 [0] NCCL INFO mscclGetCaptureStatus: 0, captureId: 0, size: 0

ja2:1312459:1312459 [0] NCCL INFO mscclSetupProxy: no capture

ja2:1312459:1312459 [0] NCCL INFO MSCCL: Setup Kernel finished, smem 41280 needsFence 1
ja2:1312459:1312459 [0] NCCL INFO mscclGetCaptureStatus: 0, captureId: 0, size: 0

ja4:2516952:2516952 [0] NCCL INFO mscclSetupProxy: no capture

ja4:2516952:2516952 [0] NCCL INFO MSCCL: Setup Kernel finished, smem 41280 needsFence 1
ja4:2516952:2516952 [0] NCCL INFO mscclGetCaptureStatus: 0, captureId: 0, size: 0

ja4:2516952:2516952 [0] NCCL INFO mscclSetupProxy: no capture

ja4:2516952:2516952 [0] NCCL INFO MSCCL: Setup Kernel finished, smem 41280 needsFence 1
ja4:2516952:2516952 [0] NCCL INFO mscclGetCaptureStatus: 0, captureId: 0, size: 0

ja4:2516952:2516952 [0] NCCL INFO mscclSetupProxy: no capture

ja3:927797:927797 [0] NCCL INFO MSCCL: Setup Kernel finished, smem 41280 needsFence 1
ja3:927797:927797 [0] NCCL INFO mscclGetCaptureStatus: 0, captureId: 0, size: 0

ja3:927797:927797 [0] NCCL INFO mscclSetupProxy: no capture

ja3:927797:927797 [0] NCCL INFO MSCCL: Setup Kernel finished, smem 41280 needsFence 1
ja3:927797:927797 [0] NCCL INFO mscclGetCaptureStatus: 0, captureId: 0, size: 0

ja3:927797:927797 [0] NCCL INFO mscclSetupProxy: no capture

ja3:927797:927797 [0] NCCL INFO MSCCL: Setup Kernel finished, smem 41280 needsFence 1
ja3:927797:927797 [0] NCCL INFO mscclGetCaptureStatus: 0, captureId: 0, size: 0

ja3:927797:927797 [0] NCCL INFO mscclSetupProxy: no capture

ja3:927797:927797 [0] NCCL INFO MSCCL: Setup Kernel finished, smem 41280 needsFence 1
ja3:927797:927797 [0] NCCL INFO mscclGetCaptureStatus: 0, captureId: 0, size: 0

ja3:927797:927797 [0] NCCL INFO mscclSetupProxy: no capture

ja3:927797:927797 [0] NCCL INFO MSCCL: Setup Kernel finished, smem 41280 needsFence 1
ja2:1312459:1312459 [0] NCCL INFO mscclSetupProxy: no capture

ja2:1312459:1312459 [0] NCCL INFO MSCCL: Setup Kernel finished, smem 41280 needsFence 1
ja2:1312459:1312459 [0] NCCL INFO mscclGetCaptureStatus: 0, captureId: 0, size: 0

ja2:1312459:1312459 [0] NCCL INFO mscclSetupProxy: no capture

ja2:1312459:1312459 [0] NCCL INFO MSCCL: Setup Kernel finished, smem 41280 needsFence 1
ja2:1312459:1312459 [0] NCCL INFO mscclGetCaptureStatus: 0, captureId: 0, size: 0

ja2:1312459:1312459 [0] NCCL INFO mscclSetupProxy: no capture

ja2:1312459:1312459 [0] NCCL INFO MSCCL: Setup Kernel finished, smem 41280 needsFence 1
ja2:1312459:1312459 [0] NCCL INFO mscclGetCaptureStatus: 0, captureId: 0, size: 0

ja2:1312459:1312459 [0] NCCL INFO mscclSetupProxy: no capture

ja2:1312459:1312459 [0] NCCL INFO MSCCL: Setup Kernel finished, smem 41280 needsFence 1
ja4:2516952:2516952 [0] NCCL INFO MSCCL: Setup Kernel finished, smem 41280 needsFence 1
ja4:2516952:2516952 [0] NCCL INFO mscclGetCaptureStatus: 0, captureId: 0, size: 0

ja4:2516952:2516952 [0] NCCL INFO mscclSetupProxy: no capture

ja4:2516952:2516952 [0] NCCL INFO MSCCL: Setup Kernel finished, smem 41280 needsFence 1
ja4:2516952:2516952 [0] NCCL INFO mscclGetCaptureStatus: 0, captureId: 0, size: 0

ja4:2516952:2516952 [0] NCCL INFO mscclSetupProxy: no capture

ja4:2516952:2516952 [0] NCCL INFO MSCCL: Setup Kernel finished, smem 41280 needsFence 1
ja4:2516952:2516952 [0] NCCL INFO mscclGetCaptureStatus: 0, captureId: 0, size: 0

ja4:2516952:2516952 [0] NCCL INFO mscclSetupProxy: no capture

ja4:2516952:2516952 [0] NCCL INFO MSCCL: Setup Kernel finished, smem 41280 needsFence 1
ja3:927797:927797 [0] NCCL INFO mscclGetCaptureStatus: 0, captureId: 0, size: 0

ja3:927797:927797 [0] NCCL INFO mscclSetupProxy: no capture

ja3:927797:927797 [0] NCCL INFO MSCCL: Setup Kernel finished, smem 41280 needsFence 1
ja2:1312459:1312459 [0] NCCL INFO mscclGetCaptureStatus: 0, captureId: 0, size: 0

ja2:1312459:1312459 [0] NCCL INFO mscclSetupProxy: no capture

ja2:1312459:1312459 [0] NCCL INFO MSCCL: Setup Kernel finished, smem 41280 needsFence 1
ja4:2516952:2516952 [0] NCCL INFO mscclGetCaptureStatus: 0, captureId: 0, size: 0

ja4:2516952:2516952 [0] NCCL INFO mscclSetupProxy: no capture

ja4:2516952:2516952 [0] NCCL INFO MSCCL: Setup Kernel finished, smem 41280 needsFence 1
ja3:927797:927797 [0] NCCL INFO mscclGetCaptureStatus: 0, captureId: 0, size: 0

ja3:927797:927797 [0] NCCL INFO mscclSetupProxy: no capture

ja3:927797:927797 [0] NCCL INFO MSCCL: Setup Kernel finished, smem 41280 needsFence 1
   2954.3    8.52    5.68      0
    50331648       4194304     float    none      -1   4291.1   11.73    7.82      0ja2:1312459:1312459 [0] NCCL INFO mscclGetCaptureStatus: 0, captureId: 0, size: 0

ja2:1312459:1312459 [0] NCCL INFO mscclSetupProxy: no capture

ja2:1312459:1312459 [0] NCCL INFO MSCCL: Setup Kernel finished, smem 41280 needsFence 1
ja4:2516952:2516952 [0] NCCL INFO mscclGetCaptureStatus: 0, captureId: 0, size: 0

ja4:2516952:2516952 [0] NCCL INFO mscclSetupProxy: no capture

ja4:2516952:2516952 [0] NCCL INFO MSCCL: Setup Kernel finished, smem 41280 needsFence 1
ja3:927797:927797 [0] NCCL INFO mscclGetCaptureStatus: 0, captureId: 0, size: 0

ja3:927797:927797 [0] NCCL INFO mscclSetupProxy: no capture

ja3:927797:927797 [0] NCCL INFO MSCCL: Setup Kernel finished, smem 41280 needsFence 1
ja2:1312459:1312459 [0] NCCL INFO mscclGetCaptureStatus: 0, captureId: 0, size: 0

ja2:1312459:1312459 [0] NCCL INFO mscclSetupProxy: no capture

ja2:1312459:1312459 [0] NCCL INFO MSCCL: Setup Kernel finished, smem 41280 needsFence 1
ja2:1312459:1312459 [0] NCCL INFO mscclGetCaptureStatus: 0, captureId: 0, size: 0

ja2:1312459:1312459 [0] NCCL INFO mscclSetupProxy: no capture

ja2:1312459:1312459 [0] NCCL INFO MSCCL: Setup Kernel finished, smem 41280 needsFence 1
ja2:1312459:1312459 [0] NCCL INFO mscclGetCaptureStatus: 0, captureId: 0, size: 0

ja2:1312459:1312459 [0] NCCL INFO mscclSetupProxy: no capture

ja2:1312459:1312459 [0] NCCL INFO MSCCL: Setup Kernel finished, smem 41280 needsFence 1
ja2:1312459:1312459 [0] NCCL INFO mscclGetCaptureStatus: 0, captureId: 0, size: 0

ja2:1312459:1312459 [0] NCCL INFO mscclSetupProxy: no capture

ja2:1312459:1312459 [0] NCCL INFO MSCCL: Setup Kernel finished, smem 41280 needsFence 1
ja2:1312459:1312459 [0] NCCL INFO mscclGetCaptureStatus: 0, captureId: 0, size: 0

ja4:2516952:2516952 [0] NCCL INFO mscclGetCaptureStatus: 0, captureId: 0, size: 0

ja4:2516952:2516952 [0] NCCL INFO mscclSetupProxy: no capture

ja4:2516952:2516952 [0] NCCL INFO MSCCL: Setup Kernel finished, smem 41280 needsFence 1
ja4:2516952:2516952 [0] NCCL INFO mscclGetCaptureStatus: 0, captureId: 0, size: 0

ja4:2516952:2516952 [0] NCCL INFO mscclSetupProxy: no capture

ja4:2516952:2516952 [0] NCCL INFO MSCCL: Setup Kernel finished, smem 41280 needsFence 1
ja4:2516952:2516952 [0] NCCL INFO mscclGetCaptureStatus: 0, captureId: 0, size: 0

ja4:2516952:2516952 [0] NCCL INFO mscclSetupProxy: no capture

ja4:2516952:2516952 [0] NCCL INFO MSCCL: Setup Kernel finished, smem 41280 needsFence 1
ja4:2516952:2516952 [0] NCCL INFO mscclGetCaptureStatus: 0, captureId: 0, size: 0

ja4:2516952:2516952 [0] NCCL INFO mscclSetupProxy: no capture

ja4:2516952:2516952 [0] NCCL INFO MSCCL: Setup Kernel finished, smem 41280 needsFence 1
ja4:2516952:2516952 [0] NCCL INFO mscclGetCaptureStatus: 0, captureId: 0, size: 0

ja3:927797:927797 [0] NCCL INFO mscclGetCaptureStatus: 0, captureId: 0, size: 0

ja3:927797:927797 [0] NCCL INFO mscclSetupProxy: no capture

ja3:927797:927797 [0] NCCL INFO MSCCL: Setup Kernel finished, smem 41280 needsFence 1
ja3:927797:927797 [0] NCCL INFO mscclGetCaptureStatus: 0, captureId: 0, size: 0

ja3:927797:927797 [0] NCCL INFO mscclSetupProxy: no capture

ja3:927797:927797 [0] NCCL INFO MSCCL: Setup Kernel finished, smem 41280 needsFence 1
ja3:927797:927797 [0] NCCL INFO mscclGetCaptureStatus: 0, captureId: 0, size: 0

ja3:927797:927797 [0] NCCL INFO mscclSetupProxy: no capture

ja3:927797:927797 [0] NCCL INFO MSCCL: Setup Kernel finished, smem 41280 needsFence 1
ja3:927797:927797 [0] NCCL INFO mscclGetCaptureStatus: 0, captureId: 0, size: 0

ja3:927797:927797 [0] NCCL INFO mscclSetupProxy: no capture

ja3:927797:927797 [0] NCCL INFO MSCCL: Setup Kernel finished, smem 41280 needsFence 1
ja3:927797:927797 [0] NCCL INFO mscclGetCaptureStatus: 0, captureId: 0, size: 0

ja2:1312459:1312459 [0] NCCL INFO mscclSetupProxy: no capture

ja4:2516952:2516952 [0] NCCL INFO mscclSetupProxy: no capture

ja4:2516952:2516952 [0] NCCL INFO MSCCL: Setup Kernel finished, smem 41280 needsFence 1
ja4:2516952:2516952 [0] NCCL INFO mscclGetCaptureStatus: 0, captureId: 0, size: 0

ja3:927797:927797 [0] NCCL INFO mscclSetupProxy: no capture

ja3:927797:927797 [0] NCCL INFO MSCCL: Setup Kernel finished, smem 41280 needsFence 1
ja2:1312459:1312459 [0] NCCL INFO MSCCL: Setup Kernel finished, smem 41280 needsFence 1
ja2:1312459:1312459 [0] NCCL INFO mscclGetCaptureStatus: 0, captureId: 0, size: 0

ja2:1312459:1312459 [0] NCCL INFO mscclSetupProxy: no capture

ja2:1312459:1312459 [0] NCCL INFO MSCCL: Setup Kernel finished, smem 41280 needsFence 1
ja2:1312459:1312459 [0] NCCL INFO mscclGetCaptureStatus: 0, captureId: 0, size: 0

ja2:1312459:1312459 [0] NCCL INFO mscclSetupProxy: no capture

ja2:1312459:1312459 [0] NCCL INFO MSCCL: Setup Kernel finished, smem 41280 needsFence 1
ja2:1312459:1312459 [0] NCCL INFO mscclGetCaptureStatus: 0, captureId: 0, size: 0

ja2:1312459:1312459 [0] NCCL INFO mscclSetupProxy: no capture

ja2:1312459:1312459 [0] NCCL INFO MSCCL: Setup Kernel finished, smem 41280 needsFence 1
ja2:1312459:1312459 [0] NCCL INFO mscclGetCaptureStatus: 0, captureId: 0, size: 0

ja2:1312459:1312459 [0] NCCL INFO mscclSetupProxy: no capture

ja4:2516952:2516952 [0] NCCL INFO mscclSetupProxy: no capture

ja4:2516952:2516952 [0] NCCL INFO MSCCL: Setup Kernel finished, smem 41280 needsFence 1
ja4:2516952:2516952 [0] NCCL INFO mscclGetCaptureStatus: 0, captureId: 0, size: 0

ja4:2516952:2516952 [0] NCCL INFO mscclSetupProxy: no capture

ja4:2516952:2516952 [0] NCCL INFO MSCCL: Setup Kernel finished, smem 41280 needsFence 1
ja4:2516952:2516952 [0] NCCL INFO mscclGetCaptureStatus: 0, captureId: 0, size: 0

ja4:2516952:2516952 [0] NCCL INFO mscclSetupProxy: no capture

ja4:2516952:2516952 [0] NCCL INFO MSCCL: Setup Kernel finished, smem 41280 needsFence 1
ja4:2516952:2516952 [0] NCCL INFO mscclGetCaptureStatus: 0, captureId: 0, size: 0

ja4:2516952:2516952 [0] NCCL INFO mscclSetupProxy: no capture

ja4:2516952:2516952 [0] NCCL INFO MSCCL: Setup Kernel finished, smem 41280 needsFence 1
ja4:2516952:2516952 [0] NCCL INFO mscclGetCaptureStatus: 0, captureId: 0, size: 0

ja4:2516952:2516952 [0] NCCL INFO mscclSetupProxy: no capture

ja3:927797:927797 [0] NCCL INFO mscclGetCaptureStatus: 0, captureId: 0, size: 0

ja3:927797:927797 [0] NCCL INFO mscclSetupProxy: no capture

ja3:927797:927797 [0] NCCL INFO MSCCL: Setup Kernel finished, smem 41280 needsFence 1
ja3:927797:927797 [0] NCCL INFO mscclGetCaptureStatus: 0, captureId: 0, size: 0

ja3:927797:927797 [0] NCCL INFO mscclSetupProxy: no capture

ja3:927797:927797 [0] NCCL INFO MSCCL: Setup Kernel finished, smem 41280 needsFence 1
ja3:927797:927797 [0] NCCL INFO mscclGetCaptureStatus: 0, captureId: 0, size: 0

ja3:927797:927797 [0] NCCL INFO mscclSetupProxy: no capture

ja3:927797:927797 [0] NCCL INFO MSCCL: Setup Kernel finished, smem 41280 needsFence 1
ja3:927797:927797 [0] NCCL INFO mscclGetCaptureStatus: 0, captureId: 0, size: 0

ja3:927797:927797 [0] NCCL INFO mscclSetupProxy: no capture

ja3:927797:927797 [0] NCCL INFO MSCCL: Setup Kernel finished, smem 41280 needsFence 1
ja2:1312459:1312459 [0] NCCL INFO MSCCL: Setup Kernel finished, smem 41280 needsFence 1
ja4:2516952:2516952 [0] NCCL INFO MSCCL: Setup Kernel finished, smem 41280 needsFence 1
ja3:927797:927797 [0] NCCL INFO mscclGetCaptureStatus: 0, captureId: 0, size: 0

ja3:927797:927797 [0] NCCL INFO mscclSetupProxy: no capture

ja3:927797:927797 [0] NCCL INFO MSCCL: Setup Kernel finished, smem 41280 needsFence 1
ja3:927797:927797 [0] NCCL INFO mscclGetCaptureStatus: 0, captureId: 0, size: 0

ja3:927797:927797 [0] NCCL INFO mscclSetupProxy: no capture

ja3:927797:927797 [0] NCCL INFO MSCCL: Setup Kernel finished, smem 41280 needsFence 1
ja3:927797:927797 [0] NCCL INFO mscclGetCaptureStatus: 0, captureId: 0, size: 0

ja3:927797:927797 [0] NCCL INFO mscclSetupProxy: no capture

ja3:927797:927797 [0] NCCL INFO MSCCL: Setup Kernel finished, smem 41280 needsFence 1
ja3:927797:927797 [0] NCCL INFO mscclGetCaptureStatus: 0, captureId: 0, size: 0

ja3:927797:927797 [0] NCCL INFO mscclSetupProxy: no capture

ja3:927797:927797 [0] NCCL INFO MSCCL: Setup Kernel finished, smem 41280 needsFence 1
ja3:927797:927797 [0] NCCL INFO mscclGetCaptureStatus: 0, captureId: 0, size: 0

ja2:1312459:1312459 [0] NCCL INFO mscclGetCaptureStatus: 0, captureId: 0, size: 0

ja2:1312459:1312459 [0] NCCL INFO mscclSetupProxy: no capture

ja2:1312459:1312459 [0] NCCL INFO MSCCL: Setup Kernel finished, smem 41280 needsFence 1
ja2:1312459:1312459 [0] NCCL INFO mscclGetCaptureStatus: 0, captureId: 0, size: 0

ja2:1312459:1312459 [0] NCCL INFO mscclSetupProxy: no capture

ja2:1312459:1312459 [0] NCCL INFO MSCCL: Setup Kernel finished, smem 41280 needsFence 1
ja2:1312459:1312459 [0] NCCL INFO mscclGetCaptureStatus: 0, captureId: 0, size: 0

ja2:1312459:1312459 [0] NCCL INFO mscclSetupProxy: no capture

ja2:1312459:1312459 [0] NCCL INFO MSCCL: Setup Kernel finished, smem 41280 needsFence 1
ja2:1312459:1312459 [0] NCCL INFO mscclGetCaptureStatus: 0, captureId: 0, size: 0

ja2:1312459:1312459 [0] NCCL INFO mscclSetupProxy: no capture

ja2:1312459:1312459 [0] NCCL INFO MSCCL: Setup Kernel finished, smem 41280 needsFence 1
ja2:1312459:1312459 [0] NCCL INFO mscclGetCaptureStatus: 0, captureId: 0, size: 0

ja4:2516952:2516952 [0] NCCL INFO mscclGetCaptureStatus: 0, captureId: 0, size: 0

ja4:2516952:2516952 [0] NCCL INFO mscclSetupProxy: no capture

ja4:2516952:2516952 [0] NCCL INFO MSCCL: Setup Kernel finished, smem 41280 needsFence 1
ja4:2516952:2516952 [0] NCCL INFO mscclGetCaptureStatus: 0, captureId: 0, size: 0

ja4:2516952:2516952 [0] NCCL INFO mscclSetupProxy: no capture

ja4:2516952:2516952 [0] NCCL INFO MSCCL: Setup Kernel finished, smem 41280 needsFence 1
ja4:2516952:2516952 [0] NCCL INFO mscclGetCaptureStatus: 0, captureId: 0, size: 0

ja4:2516952:2516952 [0] NCCL INFO mscclSetupProxy: no capture

ja4:2516952:2516952 [0] NCCL INFO MSCCL: Setup Kernel finished, smem 41280 needsFence 1
ja4:2516952:2516952 [0] NCCL INFO mscclGetCaptureStatus: 0, captureId: 0, size: 0

ja4:2516952:2516952 [0] NCCL INFO mscclSetupProxy: no capture

ja4:2516952:2516952 [0] NCCL INFO MSCCL: Setup Kernel finished, smem 41280 needsFence 1
ja4:2516952:2516952 [0] NCCL INFO mscclGetCaptureStatus: 0, captureId: 0, size: 0

ja3:927797:927797 [0] NCCL INFO mscclSetupProxy: no capture

ja3:927797:927797 [0] NCCL INFO MSCCL: Setup Kernel finished, smem 41280 needsFence 1
ja3:927797:927797 [0] NCCL INFO mscclGetCaptureStatus: 0, captureId: 0, size: 0

ja2:1312459:1312459 [0] NCCL INFO mscclSetupProxy: no capture

ja2:1312459:1312459 [0] NCCL INFO MSCCL: Setup Kernel finished, smem 41280 needsFence 1
ja2:1312459:1312459 [0] NCCL INFO mscclGetCaptureStatus: 0, captureId: 0, size: 0

ja2:1312459:1312459 [0] NCCL INFO mscclSetupProxy: no capture

ja2:1312459:1312459 [0] NCCL INFO MSCCL: Setup Kernel finished, smem 41280 needsFence 1
ja2:1312459:1312459 [0] NCCL INFO mscclGetCaptureStatus: 0, captureId: 0, size: 0

ja2:1312459:1312459 [0] NCCL INFO mscclSetupProxy: no capture

ja2:1312459:1312459 [0] NCCL INFO MSCCL: Setup Kernel finished, smem 41280 needsFence 1
ja2:1312459:1312459 [0] NCCL INFO mscclGetCaptureStatus: 0, captureId: 0, size: 0

ja2:1312459:1312459 [0] NCCL INFO mscclSetupProxy: no capture

ja4:2516952:2516952 [0] NCCL INFO mscclSetupProxy: no capture

ja4:2516952:2516952 [0] NCCL INFO MSCCL: Setup Kernel finished, smem 41280 needsFence 1
ja4:2516952:2516952 [0] NCCL INFO mscclGetCaptureStatus: 0, captureId: 0, size: 0

ja4:2516952:2516952 [0] NCCL INFO mscclSetupProxy: no capture

ja4:2516952:2516952 [0] NCCL INFO MSCCL: Setup Kernel finished, smem 41280 needsFence 1
ja4:2516952:2516952 [0] NCCL INFO mscclGetCaptureStatus: 0, captureId: 0, size: 0

ja3:927797:927797 [0] NCCL INFO mscclSetupProxy: no capture

ja3:927797:927797 [0] NCCL INFO MSCCL: Setup Kernel finished, smem 41280 needsFence 1
ja3:927797:927797 [0] NCCL INFO mscclGetCaptureStatus: 0, captureId: 0, size: 0

ja3:927797:927797 [0] NCCL INFO mscclSetupProxy: no capture

ja3:927797:927797 [0] NCCL INFO MSCCL: Setup Kernel finished, smem 41280 needsFence 1
ja3:927797:927797 [0] NCCL INFO mscclGetCaptureStatus: 0, captureId: 0, size: 0

ja3:927797:927797 [0] NCCL INFO mscclSetupProxy: no capture

ja3:927797:927797 [0] NCCL INFO MSCCL: Setup Kernel finished, smem 41280 needsFence 1
ja3:927797:927797 [0] NCCL INFO mscclGetCaptureStatus: 0, captureId: 0, size: 0

ja3:927797:927797 [0] NCCL INFO mscclSetupProxy: no capture

ja3:927797:927797 [0] NCCL INFO MSCCL: Setup Kernel finished, smem 41280 needsFence 1
ja3:927797:927797 [0] NCCL INFO mscclGetCaptureStatus: 0, captureId: 0, size: 0

ja3:927797:927797 [0] NCCL INFO mscclSetupProxy: no capture

ja2:1312459:1312459 [0] NCCL INFO MSCCL: Setup Kernel finished, smem 41280 needsFence 1
ja2:1312459:1312459 [0] NCCL INFO mscclGetCaptureStatus: 0, captureId: 0, size: 0

ja2:1312459:1312459 [0] NCCL INFO mscclSetupProxy: no capture

ja2:1312459:1312459 [0] NCCL INFO MSCCL: Setup Kernel finished, smem 41280 needsFence 1
ja2:1312459:1312459 [0] NCCL INFO mscclGetCaptureStatus: 0, captureId: 0, size: 0

ja2:1312459:1312459 [0] NCCL INFO mscclSetupProxy: no capture

ja2:1312459:1312459 [0] NCCL INFO MSCCL: Setup Kernel finished, smem 41280 needsFence 1
ja2:1312459:1312459 [0] NCCL INFO mscclGetCaptureStatus: 0, captureId: 0, size: 0

ja2:1312459:1312459 [0] NCCL INFO mscclSetupProxy: no capture

ja2:1312459:1312459 [0] NCCL INFO MSCCL: Setup Kernel finished, smem 41280 needsFence 1
ja4:2516952:2516952 [0] NCCL INFO mscclSetupProxy: no capture

ja4:2516952:2516952 [0] NCCL INFO MSCCL: Setup Kernel finished, smem 41280 needsFence 1
ja4:2516952:2516952 [0] NCCL INFO mscclGetCaptureStatus: 0, captureId: 0, size: 0

ja4:2516952:2516952 [0] NCCL INFO mscclSetupProxy: no capture

ja4:2516952:2516952 [0] NCCL INFO MSCCL: Setup Kernel finished, smem 41280 needsFence 1
ja4:2516952:2516952 [0] NCCL INFO mscclGetCaptureStatus: 0, captureId: 0, size: 0

ja4:2516952:2516952 [0] NCCL INFO mscclSetupProxy: no capture

ja4:2516952:2516952 [0] NCCL INFO MSCCL: Setup Kernel finished, smem 41280 needsFence 1
ja4:2516952:2516952 [0] NCCL INFO mscclGetCaptureStatus: 0, captureId: 0, size: 0

ja4:2516952:2516952 [0] NCCL INFO mscclSetupProxy: no capture

ja4:2516952:2516952 [0] NCCL INFO MSCCL: Setup Kernel finished, smem 41280 needsFence 1
ja3:927797:927797 [0] NCCL INFO MSCCL: Setup Kernel finished, smem 41280 needsFence 1
ja3:927797:927797 [0] NCCL INFO mscclGetCaptureStatus: 0, captureId: 0, size: 0

ja3:927797:927797 [0] NCCL INFO mscclSetupProxy: no capture

ja3:927797:927797 [0] NCCL INFO MSCCL: Setup Kernel finished, smem 41280 needsFence 1
ja2:1312459:1312459 [0] NCCL INFO mscclGetCaptureStatus: 0, captureId: 0, size: 0

ja2:1312459:1312459 [0] NCCL INFO mscclSetupProxy: no capture

ja2:1312459:1312459 [0] NCCL INFO MSCCL: Setup Kernel finished, smem 41280 needsFence 1
ja4:2516952:2516952 [0] NCCL INFO mscclGetCaptureStatus: 0, captureId: 0, size: 0

ja4:2516952:2516952 [0] NCCL INFO mscclSetupProxy: no capture

ja4:2516952:2516952 [0] NCCL INFO MSCCL: Setup Kernel finished, smem 41280 needsFence 1
ja3:927797:927797 [0] NCCL INFO mscclGetCaptureStatus: 0, captureId: 0, size: 0

ja3:927797:927797 [0] NCCL INFO mscclSetupProxy: no capture

ja3:927797:927797 [0] NCCL INFO MSCCL: Setup Kernel finished, smem 41280 needsFence 1
   5788.7    8.69    5.80      0
   100663296       8388608     float    none      -1   8438.4   11.93    7.95      0ja2:1312459:1312459 [0] NCCL INFO mscclGetCaptureStatus: 0, captureId: 0, size: 0

ja2:1312459:1312459 [0] NCCL INFO mscclSetupProxy: no capture

ja2:1312459:1312459 [0] NCCL INFO MSCCL: Setup Kernel finished, smem 41280 needsFence 1
ja4:2516952:2516952 [0] NCCL INFO mscclGetCaptureStatus: 0, captureId: 0, size: 0

ja4:2516952:2516952 [0] NCCL INFO mscclSetupProxy: no capture

ja4:2516952:2516952 [0] NCCL INFO MSCCL: Setup Kernel finished, smem 41280 needsFence 1
ja3:927797:927797 [0] NCCL INFO mscclGetCaptureStatus: 0, captureId: 0, size: 0

ja3:927797:927797 [0] NCCL INFO mscclSetupProxy: no capture

ja3:927797:927797 [0] NCCL INFO MSCCL: Setup Kernel finished, smem 41280 needsFence 1
ja2:1312459:1312459 [0] NCCL INFO mscclGetCaptureStatus: 0, captureId: 0, size: 0

ja2:1312459:1312459 [0] NCCL INFO mscclSetupProxy: no capture

ja2:1312459:1312459 [0] NCCL INFO MSCCL: Setup Kernel finished, smem 41280 needsFence 1
ja2:1312459:1312459 [0] NCCL INFO mscclGetCaptureStatus: 0, captureId: 0, size: 0

ja2:1312459:1312459 [0] NCCL INFO mscclSetupProxy: no capture

ja2:1312459:1312459 [0] NCCL INFO MSCCL: Setup Kernel finished, smem 41280 needsFence 1
ja2:1312459:1312459 [0] NCCL INFO mscclGetCaptureStatus: 0, captureId: 0, size: 0

ja2:1312459:1312459 [0] NCCL INFO mscclSetupProxy: no capture

ja2:1312459:1312459 [0] NCCL INFO MSCCL: Setup Kernel finished, smem 41280 needsFence 1
ja2:1312459:1312459 [0] NCCL INFO mscclGetCaptureStatus: 0, captureId: 0, size: 0

ja2:1312459:1312459 [0] NCCL INFO mscclSetupProxy: no capture

ja2:1312459:1312459 [0] NCCL INFO MSCCL: Setup Kernel finished, smem 41280 needsFence 1
ja2:1312459:1312459 [0] NCCL INFO mscclGetCaptureStatus: 0, captureId: 0, size: 0

ja4:2516952:2516952 [0] NCCL INFO mscclGetCaptureStatus: 0, captureId: 0, size: 0

ja4:2516952:2516952 [0] NCCL INFO mscclSetupProxy: no capture

ja4:2516952:2516952 [0] NCCL INFO MSCCL: Setup Kernel finished, smem 41280 needsFence 1
ja4:2516952:2516952 [0] NCCL INFO mscclGetCaptureStatus: 0, captureId: 0, size: 0

ja4:2516952:2516952 [0] NCCL INFO mscclSetupProxy: no capture

ja4:2516952:2516952 [0] NCCL INFO MSCCL: Setup Kernel finished, smem 41280 needsFence 1
ja4:2516952:2516952 [0] NCCL INFO mscclGetCaptureStatus: 0, captureId: 0, size: 0

ja4:2516952:2516952 [0] NCCL INFO mscclSetupProxy: no capture

ja4:2516952:2516952 [0] NCCL INFO MSCCL: Setup Kernel finished, smem 41280 needsFence 1
ja4:2516952:2516952 [0] NCCL INFO mscclGetCaptureStatus: 0, captureId: 0, size: 0

ja4:2516952:2516952 [0] NCCL INFO mscclSetupProxy: no capture

ja4:2516952:2516952 [0] NCCL INFO MSCCL: Setup Kernel finished, smem 41280 needsFence 1
ja4:2516952:2516952 [0] NCCL INFO mscclGetCaptureStatus: 0, captureId: 0, size: 0

ja3:927797:927797 [0] NCCL INFO mscclGetCaptureStatus: 0, captureId: 0, size: 0

ja3:927797:927797 [0] NCCL INFO mscclSetupProxy: no capture

ja3:927797:927797 [0] NCCL INFO MSCCL: Setup Kernel finished, smem 41280 needsFence 1
ja3:927797:927797 [0] NCCL INFO mscclGetCaptureStatus: 0, captureId: 0, size: 0

ja3:927797:927797 [0] NCCL INFO mscclSetupProxy: no capture

ja3:927797:927797 [0] NCCL INFO MSCCL: Setup Kernel finished, smem 41280 needsFence 1
ja3:927797:927797 [0] NCCL INFO mscclGetCaptureStatus: 0, captureId: 0, size: 0

ja3:927797:927797 [0] NCCL INFO mscclSetupProxy: no capture

ja3:927797:927797 [0] NCCL INFO MSCCL: Setup Kernel finished, smem 41280 needsFence 1
ja3:927797:927797 [0] NCCL INFO mscclGetCaptureStatus: 0, captureId: 0, size: 0

ja3:927797:927797 [0] NCCL INFO mscclSetupProxy: no capture

ja3:927797:927797 [0] NCCL INFO MSCCL: Setup Kernel finished, smem 41280 needsFence 1
ja3:927797:927797 [0] NCCL INFO mscclGetCaptureStatus: 0, captureId: 0, size: 0

ja2:1312459:1312459 [0] NCCL INFO mscclSetupProxy: no capture

ja2:1312459:1312459 [0] NCCL INFO MSCCL: Setup Kernel finished, smem 41280 needsFence 1
ja4:2516952:2516952 [0] NCCL INFO mscclSetupProxy: no capture

ja4:2516952:2516952 [0] NCCL INFO MSCCL: Setup Kernel finished, smem 41280 needsFence 1
ja3:927797:927797 [0] NCCL INFO mscclSetupProxy: no capture

ja3:927797:927797 [0] NCCL INFO MSCCL: Setup Kernel finished, smem 41280 needsFence 1
ja2:1312459:1312459 [0] NCCL INFO mscclGetCaptureStatus: 0, captureId: 0, size: 0

ja2:1312459:1312459 [0] NCCL INFO mscclSetupProxy: no capture

ja2:1312459:1312459 [0] NCCL INFO MSCCL: Setup Kernel finished, smem 41280 needsFence 1
ja2:1312459:1312459 [0] NCCL INFO mscclGetCaptureStatus: 0, captureId: 0, size: 0

ja2:1312459:1312459 [0] NCCL INFO mscclSetupProxy: no capture

ja2:1312459:1312459 [0] NCCL INFO MSCCL: Setup Kernel finished, smem 41280 needsFence 1
ja2:1312459:1312459 [0] NCCL INFO mscclGetCaptureStatus: 0, captureId: 0, size: 0

ja2:1312459:1312459 [0] NCCL INFO mscclSetupProxy: no capture

ja2:1312459:1312459 [0] NCCL INFO MSCCL: Setup Kernel finished, smem 41280 needsFence 1
ja2:1312459:1312459 [0] NCCL INFO mscclGetCaptureStatus: 0, captureId: 0, size: 0

ja2:1312459:1312459 [0] NCCL INFO mscclSetupProxy: no capture

ja2:1312459:1312459 [0] NCCL INFO MSCCL: Setup Kernel finished, smem 41280 needsFence 1
ja4:2516952:2516952 [0] NCCL INFO mscclGetCaptureStatus: 0, captureId: 0, size: 0

ja4:2516952:2516952 [0] NCCL INFO mscclSetupProxy: no capture

ja4:2516952:2516952 [0] NCCL INFO MSCCL: Setup Kernel finished, smem 41280 needsFence 1
ja4:2516952:2516952 [0] NCCL INFO mscclGetCaptureStatus: 0, captureId: 0, size: 0

ja4:2516952:2516952 [0] NCCL INFO mscclSetupProxy: no capture

ja4:2516952:2516952 [0] NCCL INFO MSCCL: Setup Kernel finished, smem 41280 needsFence 1
ja4:2516952:2516952 [0] NCCL INFO mscclGetCaptureStatus: 0, captureId: 0, size: 0

ja4:2516952:2516952 [0] NCCL INFO mscclSetupProxy: no capture

ja4:2516952:2516952 [0] NCCL INFO MSCCL: Setup Kernel finished, smem 41280 needsFence 1
ja4:2516952:2516952 [0] NCCL INFO mscclGetCaptureStatus: 0, captureId: 0, size: 0

ja4:2516952:2516952 [0] NCCL INFO mscclSetupProxy: no capture

ja4:2516952:2516952 [0] NCCL INFO MSCCL: Setup Kernel finished, smem 41280 needsFence 1
ja4:2516952:2516952 [0] NCCL INFO mscclGetCaptureStatus: 0, captureId: 0, size: 0

ja3:927797:927797 [0] NCCL INFO mscclGetCaptureStatus: 0, captureId: 0, size: 0

ja3:927797:927797 [0] NCCL INFO mscclSetupProxy: no capture

ja3:927797:927797 [0] NCCL INFO MSCCL: Setup Kernel finished, smem 41280 needsFence 1
ja3:927797:927797 [0] NCCL INFO mscclGetCaptureStatus: 0, captureId: 0, size: 0

ja3:927797:927797 [0] NCCL INFO mscclSetupProxy: no capture

ja3:927797:927797 [0] NCCL INFO MSCCL: Setup Kernel finished, smem 41280 needsFence 1
ja3:927797:927797 [0] NCCL INFO mscclGetCaptureStatus: 0, captureId: 0, size: 0

ja3:927797:927797 [0] NCCL INFO mscclSetupProxy: no capture

ja3:927797:927797 [0] NCCL INFO MSCCL: Setup Kernel finished, smem 41280 needsFence 1
ja3:927797:927797 [0] NCCL INFO mscclGetCaptureStatus: 0, captureId: 0, size: 0

ja3:927797:927797 [0] NCCL INFO mscclSetupProxy: no capture

ja3:927797:927797 [0] NCCL INFO MSCCL: Setup Kernel finished, smem 41280 needsFence 1
ja3:927797:927797 [0] NCCL INFO mscclGetCaptureStatus: 0, captureId: 0, size: 0

ja2:1312459:1312459 [0] NCCL INFO mscclGetCaptureStatus: 0, captureId: 0, size: 0

ja2:1312459:1312459 [0] NCCL INFO mscclSetupProxy: no capture

ja2:1312459:1312459 [0] NCCL INFO MSCCL: Setup Kernel finished, smem 41280 needsFence 1
ja2:1312459:1312459 [0] NCCL INFO mscclGetCaptureStatus: 0, captureId: 0, size: 0

ja2:1312459:1312459 [0] NCCL INFO mscclSetupProxy: no capture

ja2:1312459:1312459 [0] NCCL INFO MSCCL: Setup Kernel finished, smem 41280 needsFence 1
ja2:1312459:1312459 [0] NCCL INFO mscclGetCaptureStatus: 0, captureId: 0, size: 0

ja2:1312459:1312459 [0] NCCL INFO mscclSetupProxy: no capture

ja2:1312459:1312459 [0] NCCL INFO MSCCL: Setup Kernel finished, smem 41280 needsFence 1
ja2:1312459:1312459 [0] NCCL INFO mscclGetCaptureStatus: 0, captureId: 0, size: 0

ja2:1312459:1312459 [0] NCCL INFO mscclSetupProxy: no capture

ja2:1312459:1312459 [0] NCCL INFO MSCCL: Setup Kernel finished, smem 41280 needsFence 1
ja2:1312459:1312459 [0] NCCL INFO mscclGetCaptureStatus: 0, captureId: 0, size: 0

ja4:2516952:2516952 [0] NCCL INFO mscclSetupProxy: no capture

ja4:2516952:2516952 [0] NCCL INFO MSCCL: Setup Kernel finished, smem 41280 needsFence 1
ja4:2516952:2516952 [0] NCCL INFO mscclGetCaptureStatus: 0, captureId: 0, size: 0

ja4:2516952:2516952 [0] NCCL INFO mscclSetupProxy: no capture

ja4:2516952:2516952 [0] NCCL INFO MSCCL: Setup Kernel finished, smem 41280 needsFence 1
ja4:2516952:2516952 [0] NCCL INFO mscclGetCaptureStatus: 0, captureId: 0, size: 0

ja4:2516952:2516952 [0] NCCL INFO mscclSetupProxy: no capture

ja4:2516952:2516952 [0] NCCL INFO MSCCL: Setup Kernel finished, smem 41280 needsFence 1
ja4:2516952:2516952 [0] NCCL INFO mscclGetCaptureStatus: 0, captureId: 0, size: 0

ja4:2516952:2516952 [0] NCCL INFO mscclSetupProxy: no capture

ja4:2516952:2516952 [0] NCCL INFO MSCCL: Setup Kernel finished, smem 41280 needsFence 1
ja4:2516952:2516952 [0] NCCL INFO mscclGetCaptureStatus: 0, captureId: 0, size: 0

ja4:2516952:2516952 [0] NCCL INFO mscclSetupProxy: no capture

ja3:927797:927797 [0] NCCL INFO mscclSetupProxy: no capture

ja3:927797:927797 [0] NCCL INFO MSCCL: Setup Kernel finished, smem 41280 needsFence 1
ja3:927797:927797 [0] NCCL INFO mscclGetCaptureStatus: 0, captureId: 0, size: 0

ja3:927797:927797 [0] NCCL INFO mscclSetupProxy: no capture

ja3:927797:927797 [0] NCCL INFO MSCCL: Setup Kernel finished, smem 41280 needsFence 1
ja3:927797:927797 [0] NCCL INFO mscclGetCaptureStatus: 0, captureId: 0, size: 0

ja3:927797:927797 [0] NCCL INFO mscclSetupProxy: no capture

ja3:927797:927797 [0] NCCL INFO MSCCL: Setup Kernel finished, smem 41280 needsFence 1
ja3:927797:927797 [0] NCCL INFO mscclGetCaptureStatus: 0, captureId: 0, size: 0

ja3:927797:927797 [0] NCCL INFO mscclSetupProxy: no capture

ja3:927797:927797 [0] NCCL INFO MSCCL: Setup Kernel finished, smem 41280 needsFence 1
ja3:927797:927797 [0] NCCL INFO mscclGetCaptureStatus: 0, captureId: 0, size: 0

ja3:927797:927797 [0] NCCL INFO mscclSetupProxy: no capture

ja2:1312459:1312459 [0] NCCL INFO mscclSetupProxy: no capture

ja2:1312459:1312459 [0] NCCL INFO MSCCL: Setup Kernel finished, smem 41280 needsFence 1
ja2:1312459:1312459 [0] NCCL INFO mscclGetCaptureStatus: 0, captureId: 0, size: 0

ja2:1312459:1312459 [0] NCCL INFO mscclSetupProxy: no capture

ja2:1312459:1312459 [0] NCCL INFO MSCCL: Setup Kernel finished, smem 41280 needsFence 1
ja2:1312459:1312459 [0] NCCL INFO mscclGetCaptureStatus: 0, captureId: 0, size: 0

ja2:1312459:1312459 [0] NCCL INFO mscclSetupProxy: no capture

ja4:2516952:2516952 [0] NCCL INFO MSCCL: Setup Kernel finished, smem 41280 needsFence 1
ja4:2516952:2516952 [0] NCCL INFO mscclGetCaptureStatus: 0, captureId: 0, size: 0

ja4:2516952:2516952 [0] NCCL INFO mscclSetupProxy: no capture

ja4:2516952:2516952 [0] NCCL INFO MSCCL: Setup Kernel finished, smem 41280 needsFence 1
ja4:2516952:2516952 [0] NCCL INFO mscclGetCaptureStatus: 0, captureId: 0, size: 0

ja3:927797:927797 [0] NCCL INFO MSCCL: Setup Kernel finished, smem 41280 needsFence 1
ja3:927797:927797 [0] NCCL INFO mscclGetCaptureStatus: 0, captureId: 0, size: 0

ja3:927797:927797 [0] NCCL INFO mscclSetupProxy: no capture

ja2:1312459:1312459 [0] NCCL INFO MSCCL: Setup Kernel finished, smem 41280 needsFence 1
ja2:1312459:1312459 [0] NCCL INFO mscclGetCaptureStatus: 0, captureId: 0, size: 0

ja2:1312459:1312459 [0] NCCL INFO mscclSetupProxy: no capture

ja2:1312459:1312459 [0] NCCL INFO MSCCL: Setup Kernel finished, smem 41280 needsFence 1
ja2:1312459:1312459 [0] NCCL INFO mscclGetCaptureStatus: 0, captureId: 0, size: 0

ja2:1312459:1312459 [0] NCCL INFO mscclSetupProxy: no capture

ja2:1312459:1312459 [0] NCCL INFO MSCCL: Setup Kernel finished, smem 41280 needsFence 1
ja2:1312459:1312459 [0] NCCL INFO mscclGetCaptureStatus: 0, captureId: 0, size: 0

ja2:1312459:1312459 [0] NCCL INFO mscclSetupProxy: no capture

ja2:1312459:1312459 [0] NCCL INFO MSCCL: Setup Kernel finished, smem 41280 needsFence 1
ja2:1312459:1312459 [0] NCCL INFO mscclGetCaptureStatus: 0, captureId: 0, size: 0

ja2:1312459:1312459 [0] NCCL INFO mscclSetupProxy: no capture

ja4:2516952:2516952 [0] NCCL INFO mscclSetupProxy: no capture

ja4:2516952:2516952 [0] NCCL INFO MSCCL: Setup Kernel finished, smem 41280 needsFence 1
ja4:2516952:2516952 [0] NCCL INFO mscclGetCaptureStatus: 0, captureId: 0, size: 0

ja4:2516952:2516952 [0] NCCL INFO mscclSetupProxy: no capture

ja4:2516952:2516952 [0] NCCL INFO MSCCL: Setup Kernel finished, smem 41280 needsFence 1
ja4:2516952:2516952 [0] NCCL INFO mscclGetCaptureStatus: 0, captureId: 0, size: 0

ja4:2516952:2516952 [0] NCCL INFO mscclSetupProxy: no capture

ja4:2516952:2516952 [0] NCCL INFO MSCCL: Setup Kernel finished, smem 41280 needsFence 1
ja4:2516952:2516952 [0] NCCL INFO mscclGetCaptureStatus: 0, captureId: 0, size: 0

ja4:2516952:2516952 [0] NCCL INFO mscclSetupProxy: no capture

ja4:2516952:2516952 [0] NCCL INFO MSCCL: Setup Kernel finished, smem 41280 needsFence 1
ja4:2516952:2516952 [0] NCCL INFO mscclGetCaptureStatus: 0, captureId: 0, size: 0

ja4:2516952:2516952 [0] NCCL INFO mscclSetupProxy: no capture

ja3:927797:927797 [0] NCCL INFO MSCCL: Setup Kernel finished, smem 41280 needsFence 1
ja3:927797:927797 [0] NCCL INFO mscclGetCaptureStatus: 0, captureId: 0, size: 0

ja3:927797:927797 [0] NCCL INFO mscclSetupProxy: no capture

ja3:927797:927797 [0] NCCL INFO MSCCL: Setup Kernel finished, smem 41280 needsFence 1
ja3:927797:927797 [0] NCCL INFO mscclGetCaptureStatus: 0, captureId: 0, size: 0

ja3:927797:927797 [0] NCCL INFO mscclSetupProxy: no capture

ja3:927797:927797 [0] NCCL INFO MSCCL: Setup Kernel finished, smem 41280 needsFence 1
ja3:927797:927797 [0] NCCL INFO mscclGetCaptureStatus: 0, captureId: 0, size: 0

ja3:927797:927797 [0] NCCL INFO mscclSetupProxy: no capture

ja3:927797:927797 [0] NCCL INFO MSCCL: Setup Kernel finished, smem 41280 needsFence 1
ja3:927797:927797 [0] NCCL INFO mscclGetCaptureStatus: 0, captureId: 0, size: 0

ja3:927797:927797 [0] NCCL INFO mscclSetupProxy: no capture

ja3:927797:927797 [0] NCCL INFO MSCCL: Setup Kernel finished, smem 41280 needsFence 1
ja2:1312459:1312459 [0] NCCL INFO MSCCL: Setup Kernel finished, smem 41280 needsFence 1
ja4:2516952:2516952 [0] NCCL INFO MSCCL: Setup Kernel finished, smem 41280 needsFence 1
ja3:927797:927797 [0] NCCL INFO mscclGetCaptureStatus: 0, captureId: 0, size: 0

ja3:927797:927797 [0] NCCL INFO mscclSetupProxy: no capture

ja3:927797:927797 [0] NCCL INFO MSCCL: Setup Kernel finished, smem 41280 needsFence 1
ja2:1312459:1312459 [0] NCCL INFO mscclGetCaptureStatus: 0, captureId: 0, size: 0

ja2:1312459:1312459 [0] NCCL INFO mscclSetupProxy: no capture

ja2:1312459:1312459 [0] NCCL INFO MSCCL: Setup Kernel finished, smem 41280 needsFence 1
ja4:2516952:2516952 [0] NCCL INFO mscclGetCaptureStatus: 0, captureId: 0, size: 0

ja4:2516952:2516952 [0] NCCL INFO mscclSetupProxy: no capture

ja4:2516952:2516952 [0] NCCL INFO MSCCL: Setup Kernel finished, smem 41280 needsFence 1
ja3:927797:927797 [0] NCCL INFO mscclGetCaptureStatus: 0, captureId: 0, size: 0

ja3:927797:927797 [0] NCCL INFO mscclSetupProxy: no capture

ja3:927797:927797 [0] NCCL INFO MSCCL: Setup Kernel finished, smem 41280 needsFence 1
    11452    8.79    5.86      0
ja4:2516952:2516952 [0] NCCL INFO comm 0xd143d90 rank 2 nranks 3 cudaDev 0 busId 1000 - Destroy COMPLETE
ja4:2516952:2516952 [0] NCCL INFO MSCCL: Teardown finished
ja2:1312459:1312459 [0] NCCL INFO comm 0x11be8d30 rank 0 nranks 3 cudaDev 0 busId 1000 - Destroy COMPLETE
ja3:927797:927797 [0] NCCL INFO comm 0x2c7d6f80 rank 1 nranks 3 cudaDev 0 busId 1000 - Destroy COMPLETE
ja3:927797:927797 [0] NCCL INFO MSCCL: Teardown finished
ja2:1312459:1312459 [0] NCCL INFO MSCCL: Teardown finished
# Out of bounds values : 0 OK
# Avg bus bandwidth    : 3.19504 
#

--- checks for CASE B_frag_k2 ---
  ALGODIR: ja3:927797:927805 [0] NCCL INFO MSCCL: Internal Scheduler will use /home/wangyj05/msccl_azure/executor/msccl-executor-nccl/build/lib/msccl-algorithms as algorithm directory and /home/wangyj05/msccl_azure/executor/msccl-executor-nccl/build/lib/../share/nccl/msccl-algorithms as share algorithm directory and /usr/share/nccl/msccl-algorithms as package installed share algorithm directory 
  !!! WARN: no MSCCL algorithm load line found - may have fallen back to RING/TREE.
      Check that an algorithm exists for nRanks=3 and this collective.
  ACTIVE: ja3:927797:927807 [0] NCCL INFO NET/IB: MTU fragmentation on: fragSize=4096 batch=2 sqDepth=2048 nqps=1
  RESULT: # Out of bounds values : 0 OK

========================================================
  MSCCL stage 1 run complete: Wed Aug 12 17:18:02 CST 2026
  Per-case logs: logs/msccl_stage1/312284_*.log
========================================================
