========================================================
  branch : stage1-mtu-fragmentation
  commit : 8c95cae
  dirty  : 37 file(s) modified
  libnccl: lrwxrwxrwx 1 wangyj05 wangyj05       17 Aug 12 14:55 /home/wangyj05/msccl_azure/executor/msccl-executor-nccl/build/lib/libnccl.so.2 -> libnccl.so.2.23.4
========================================================

========================================================
  CASE A_baseline
  NCCL_IB_FRAG_SIZE=0  NCCL_IB_FRAG_BATCH=2
  Wed Aug 12 17:13:27 CST 2026
========================================================
# nThread 1 nGpus 1 minBytes 3072 maxBytes 134217728 step: 2(factor) warmup iters: 5 iters: 20 agg iters: 1 validation: 1 graph: 0
#
# Using devices
#  Rank  0 Group  0 Pid 1312073 on        ja2 device  0 [0000:01:00] Tesla V100-PCIE-16GB
#  Rank  1 Group  0 Pid 927642 on        ja3 device  0 [0000:01:00] Tesla V100-PCIE-16GB
#  Rank  2 Group  0 Pid 2516794 on        ja4 device  0 [0000:01:00] Tesla V100-PCIE-16GB
ja2:1312073:1312073 [0] NCCL INFO cudaDriverVersion 12000
ja2:1312073:1312073 [0] NCCL INFO NCCL version 2.23.4+cuda12.2
ja2:1312073:1312086 [0] NCCL INFO NET/Plugin: Could not find: libnccl-net.so. Using internal network plugin.
ja2:1312073:1312086 [0] NCCL INFO NCCL_IB_HCA set to mlx5_0
ja2:1312073:1312086 [0] NCCL INFO NET/IB : Using [0]mlx5_0:1/IB [RO]; OOB enp68s0f0:172.23.15.12<0>
ja2:1312073:1312086 [0] NCCL INFO PROFILER/Plugin: Could not find: libnccl-profiler.so.
ja2:1312073:1312086 [0] NCCL INFO Using network IB
ja2:1312073:1312086 [0] NCCL INFO ncclCommInitRank comm 0x4710ac50 rank 0 nranks 3 cudaDev 0 nvmlDev 0 busId 1000 commId 0xf2345bf56aedd445 - Init START
ja3:927642:927642 [0] NCCL INFO cudaDriverVersion 12000
ja3:927642:927642 [0] NCCL INFO NCCL version 2.23.4+cuda12.2
ja3:927642:927653 [0] NCCL INFO NET/Plugin: Could not find: libnccl-net.so. Using internal network plugin.
ja3:927642:927653 [0] NCCL INFO NCCL_IB_HCA set to mlx5_0
ja3:927642:927653 [0] NCCL INFO NET/IB : Using [0]mlx5_0:1/IB [RO]; OOB enp68s0f0:172.23.15.13<0>
ja3:927642:927653 [0] NCCL INFO PROFILER/Plugin: Could not find: libnccl-profiler.so.
ja3:927642:927653 [0] NCCL INFO Using network IB
ja3:927642:927653 [0] NCCL INFO ncclCommInitRank comm 0x3e2b2850 rank 1 nranks 3 cudaDev 0 nvmlDev 0 busId 1000 commId 0xf2345bf56aedd445 - Init START
ja4:2516794:2516794 [0] NCCL INFO cudaDriverVersion 12000
ja4:2516794:2516794 [0] NCCL INFO NCCL version 2.23.4+cuda12.2
ja4:2516794:2516804 [0] NCCL INFO NET/Plugin: Could not find: libnccl-net.so. Using internal network plugin.
ja4:2516794:2516804 [0] NCCL INFO NCCL_IB_HCA set to mlx5_0
ja4:2516794:2516804 [0] NCCL INFO NET/IB : Using [0]mlx5_0:1/IB [RO]; OOB enp68s0f0:172.23.15.14<0>
ja4:2516794:2516804 [0] NCCL INFO PROFILER/Plugin: Could not find: libnccl-profiler.so.
ja4:2516794:2516804 [0] NCCL INFO Using network IB
ja4:2516794:2516804 [0] NCCL INFO ncclCommInitRank comm 0x39ef1f20 rank 2 nranks 3 cudaDev 0 nvmlDev 0 busId 1000 commId 0xf2345bf56aedd445 - Init START
ja3:927642:927653 [0] NCCL INFO NET/IB : GPU Direct RDMA Disabled for HCA 0 'mlx5_0'
ja2:1312073:1312086 [0] NCCL INFO NET/IB : GPU Direct RDMA Disabled for HCA 0 'mlx5_0'
ja4:2516794:2516804 [0] NCCL INFO NET/IB : GPU Direct RDMA Disabled for HCA 0 'mlx5_0'
ja2:1312073:1312086 [0] NCCL INFO comm 0x4710ac50 rank 0 nRanks 3 nNodes 3 localRanks 1 localRank 0 MNNVL 0
ja4:2516794:2516804 [0] NCCL INFO comm 0x39ef1f20 rank 2 nRanks 3 nNodes 3 localRanks 1 localRank 0 MNNVL 0
ja3:927642:927653 [0] NCCL INFO comm 0x3e2b2850 rank 1 nRanks 3 nNodes 3 localRanks 1 localRank 0 MNNVL 0
ja3:927642:927653 [0] NCCL INFO MSCCL: No external scheduler found, using internal implementation
ja3:927642:927653 [0] NCCL INFO MSCCL: Internal Scheduler will use /home/wangyj05/msccl_azure/executor/msccl-executor-nccl/build/lib/msccl-algorithms as algorithm directory and /home/wangyj05/msccl_azure/executor/msccl-executor-nccl/build/lib/../share/nccl/msccl-algorithms as share algorithm directory and /usr/share/nccl/msccl-algorithms as package installed share algorithm directory 
ja3:927642:927653 [0] NCCL INFO Using MSCCL Algo files from /home/wangyj05/msccl_azure/executor/msccl-executor-nccl/build/lib/msccl-algorithms
ja2:1312073:1312086 [0] NCCL INFO MSCCL: No external scheduler found, using internal implementation
ja3:927642:927653 [0] NCCL INFO Trees [0] -1/-1/-1->1->2 [1] 0/-1/-1->1->-1
ja3:927642:927653 [0] NCCL INFO P2P Chunksize set to 131072
ja3:927642:927655 [0] NCCL INFO [Proxy Service] Device 0 CPU core 64
ja3:927642:927656 [0] NCCL INFO [Proxy Service UDS] Device 0 CPU core 64
ja3:927642:927653 [0] NCCL INFO NCCL_ALGO set by environment to MSCCL,RING,TREE
ja3:927642:927653 [0] NCCL INFO threadThresholds 8/8/64 | 24/8/64 | 512 | 512
ja3:927642:927653 [0] NCCL INFO 2 coll channels, 2 collnet channels, 0 nvls channels, 2 p2p channels, 2 p2p channels per peer
ja2:1312073:1312086 [0] NCCL INFO MSCCL: Internal Scheduler will use /home/wangyj05/msccl_azure/executor/msccl-executor-nccl/build/lib/msccl-algorithms as algorithm directory and /home/wangyj05/msccl_azure/executor/msccl-executor-nccl/build/lib/../share/nccl/msccl-algorithms as share algorithm directory and /usr/share/nccl/msccl-algorithms as package installed share algorithm directory 
ja2:1312073:1312086 [0] NCCL INFO Using MSCCL Algo files from /home/wangyj05/msccl_azure/executor/msccl-executor-nccl/build/lib/msccl-algorithms
ja4:2516794:2516804 [0] NCCL INFO MSCCL: No external scheduler found, using internal implementation
ja4:2516794:2516804 [0] NCCL INFO MSCCL: Internal Scheduler will use /home/wangyj05/msccl_azure/executor/msccl-executor-nccl/build/lib/msccl-algorithms as algorithm directory and /home/wangyj05/msccl_azure/executor/msccl-executor-nccl/build/lib/../share/nccl/msccl-algorithms as share algorithm directory and /usr/share/nccl/msccl-algorithms as package installed share algorithm directory 
ja4:2516794:2516804 [0] NCCL INFO Using MSCCL Algo files from /home/wangyj05/msccl_azure/executor/msccl-executor-nccl/build/lib/msccl-algorithms
ja2:1312073:1312086 [0] NCCL INFO Channel 00/02 : 0 1 2
ja2:1312073:1312086 [0] NCCL INFO Channel 01/02 : 0 1 2
ja2:1312073:1312086 [0] NCCL INFO Trees [0] 2/-1/-1->0->-1 [1] 2/-1/-1->0->1
ja2:1312073:1312086 [0] NCCL INFO P2P Chunksize set to 131072
ja2:1312073:1312088 [0] NCCL INFO [Proxy Service] Device 0 CPU core 192
ja2:1312073:1312089 [0] NCCL INFO [Proxy Service UDS] Device 0 CPU core 192
ja4:2516794:2516804 [0] NCCL INFO Trees [0] 1/-1/-1->2->0 [1] -1/-1/-1->2->0
ja4:2516794:2516804 [0] NCCL INFO P2P Chunksize set to 131072
ja4:2516794:2516806 [0] NCCL INFO [Proxy Service] Device 0 CPU core 192
ja4:2516794:2516807 [0] NCCL INFO [Proxy Service UDS] Device 0 CPU core 192
ja2:1312073:1312086 [0] NCCL INFO NCCL_ALGO set by environment to MSCCL,RING,TREE
ja2:1312073:1312086 [0] NCCL INFO threadThresholds 8/8/64 | 24/8/64 | 512 | 512
ja2:1312073:1312086 [0] NCCL INFO 2 coll channels, 2 collnet channels, 0 nvls channels, 2 p2p channels, 2 p2p channels per peer
ja2:1312073:1312086 [0] NCCL INFO CC Off, Multi-GPU CC Off, workFifoBytes 1048576
ja4:2516794:2516804 [0] NCCL INFO NCCL_ALGO set by environment to MSCCL,RING,TREE
ja4:2516794:2516804 [0] NCCL INFO threadThresholds 8/8/64 | 24/8/64 | 512 | 512
ja4:2516794:2516804 [0] NCCL INFO 2 coll channels, 2 collnet channels, 0 nvls channels, 2 p2p channels, 2 p2p channels per peer
ja3:927642:927655 [0] NCCL INFO New proxy recv connection 0 from local rank 0, transport 2
ja3:927642:927653 [0] NCCL INFO Connected to proxy localRank 0 -> connection 0x14cc28000d10
ja3:927642:927657 [0] NCCL INFO [Proxy Progress] Device 0 CPU core 192
ja3:927642:927653 [0] NCCL INFO Channel 00/0 : 0[0] -> 1[0] [receive] via NET/IB/0
ja3:927642:927655 [0] NCCL INFO New proxy send connection 1 from local rank 0, transport 2
ja3:927642:927653 [0] NCCL INFO Connected to proxy localRank 0 -> connection 0x14cc28000d88
ja3:927642:927653 [0] NCCL INFO Channel 00/0 : 1[0] -> 2[0] [send] via NET/IB/0
ja4:2516794:2516806 [0] NCCL INFO New proxy recv connection 0 from local rank 0, transport 2
ja4:2516794:2516804 [0] NCCL INFO Connected to proxy localRank 0 -> connection 0x14b624000d10
ja4:2516794:2516808 [0] NCCL INFO [Proxy Progress] Device 0 CPU core 64
ja4:2516794:2516804 [0] NCCL INFO Channel 00/0 : 1[0] -> 2[0] [receive] via NET/IB/0
ja4:2516794:2516806 [0] NCCL INFO New proxy send connection 1 from local rank 0, transport 2
ja4:2516794:2516804 [0] NCCL INFO Connected to proxy localRank 0 -> connection 0x14b624000d88
ja2:1312073:1312088 [0] NCCL INFO New proxy recv connection 0 from local rank 0, transport 2
ja2:1312073:1312086 [0] NCCL INFO Connected to proxy localRank 0 -> connection 0x14aaf8000d10
ja4:2516794:2516804 [0] NCCL INFO Channel 00/0 : 2[0] -> 0[0] [send] via NET/IB/0
ja2:1312073:1312090 [0] NCCL INFO [Proxy Progress] Device 0 CPU core 192
ja2:1312073:1312086 [0] NCCL INFO Channel 00/0 : 2[0] -> 0[0] [receive] via NET/IB/0
ja2:1312073:1312088 [0] NCCL INFO New proxy send connection 1 from local rank 0, transport 2
ja2:1312073:1312086 [0] NCCL INFO Connected to proxy localRank 0 -> connection 0x14aaf8000d88
ja2:1312073:1312086 [0] NCCL INFO Channel 00/0 : 0[0] -> 1[0] [send] via NET/IB/0
ja4:2516794:2516806 [0] NCCL INFO New proxy recv connection 2 from local rank 0, transport 2
ja4:2516794:2516804 [0] NCCL INFO Connected to proxy localRank 0 -> connection 0x14b624000e00
ja4:2516794:2516804 [0] NCCL INFO Channel 00/0 : 0[0] -> 2[0] [receive] via NET/IB/0
ja2:1312073:1312088 [0] NCCL INFO New proxy recv connection 2 from local rank 0, transport 2
ja2:1312073:1312086 [0] NCCL INFO Connected to proxy localRank 0 -> connection 0x14aaf8000e00
ja3:927642:927655 [0] NCCL INFO New proxy recv connection 2 from local rank 0, transport 2
ja3:927642:927653 [0] NCCL INFO Connected to proxy localRank 0 -> connection 0x14cc28000e00
ja4:2516794:2516806 [0] NCCL INFO New proxy send connection 3 from local rank 0, transport 2
ja4:2516794:2516804 [0] NCCL INFO Connected to proxy localRank 0 -> connection 0x14b624000e78
ja3:927642:927653 [0] NCCL INFO Channel 00/0 : 2[0] -> 1[0] [receive] via NET/IB/0
ja4:2516794:2516804 [0] NCCL INFO Channel 00/0 : 2[0] -> 1[0] [send] via NET/IB/0
ja3:927642:927655 [0] NCCL INFO New proxy send connection 3 from local rank 0, transport 2
ja2:1312073:1312086 [0] NCCL INFO Channel 00/0 : 1[0] -> 0[0] [receive] via NET/IB/0
ja2:1312073:1312088 [0] NCCL INFO New proxy send connection 3 from local rank 0, transport 2
ja2:1312073:1312086 [0] NCCL INFO Connected to proxy localRank 0 -> connection 0x14aaf8000e78
ja3:927642:927653 [0] NCCL INFO Connected to proxy localRank 0 -> connection 0x14cc28000e78
ja3:927642:927653 [0] NCCL INFO Channel 00/0 : 1[0] -> 0[0] [send] via NET/IB/0
ja2:1312073:1312086 [0] NCCL INFO Channel 00/0 : 0[0] -> 2[0] [send] via NET/IB/0
ja3:927642:927655 [0] NCCL INFO NCCL_IB_QPS_PER_CONNECTION set by environment to 1.
ja2:1312073:1312088 [0] NCCL INFO NCCL_IB_QPS_PER_CONNECTION set by environment to 1.
ja4:2516794:2516806 [0] NCCL INFO NCCL_IB_QPS_PER_CONNECTION set by environment to 1.
ja3:927642:927655 [0] NCCL INFO NCCL_IB_FRAG_SIZE set by environment to 0.
ja4:2516794:2516806 [0] NCCL INFO NCCL_IB_FRAG_SIZE set by environment to 0.
ja3:927642:927655 [0] NCCL INFO NET/IB: NCCL Dev 0 IbDev 0 Port 1 qpn 3644 mtu 5 LID 23 subnet-prefix 33022  FLID 0 fifoRkey=0x1800c0 fifoLkey=0x1800c0
ja4:2516794:2516806 [0] NCCL INFO NET/IB: NCCL Dev 0 IbDev 0 Port 1 qpn 1033 mtu 5 LID 28 subnet-prefix 33022  FLID 0 fifoRkey=0x17e6a5 fifoLkey=0x17e6a5
ja3:927642:927655 [0] NCCL INFO NET/IB: NCCL Dev 0 IbDev 0 Port 1 qpn 3645 mtu 5 LID 23 subnet-prefix 33022  FLID 0 fifoRkey=0x1806c5 fifoLkey=0x1806c5
ja2:1312073:1312088 [0] NCCL INFO NCCL_IB_FRAG_SIZE set by environment to 0.
ja2:1312073:1312088 [0] NCCL INFO NET/IB: NCCL Dev 0 IbDev 0 Port 1 qpn 3725 mtu 5 LID 22 subnet-prefix 33022  FLID 0 fifoRkey=0x1836f5 fifoLkey=0x1836f5
ja4:2516794:2516806 [0] NCCL INFO NET/IB: NCCL Dev 0 IbDev 0 Port 1 qpn 1036 mtu 5 LID 28 subnet-prefix 33022  FLID 0 fifoRkey=0x17ffbe fifoLkey=0x17ffbe
ja2:1312073:1312088 [0] NCCL INFO NET/IB: NCCL Dev 0 IbDev 0 Port 1 qpn 3728 mtu 5 LID 22 subnet-prefix 33022  FLID 0 fifoRkey=0x183af9 fifoLkey=0x183af9
ja3:927642:927653 [0] NCCL INFO MSCCL: Initialization finished
ja4:2516794:2516804 [0] NCCL INFO MSCCL: Initialization finished
ja2:1312073:1312086 [0] NCCL INFO MSCCL: Initialization finished
ja3:927642:927653 [0] NCCL INFO TUNER/Plugin: Could not find: libnccl-tuner.so libnccl-net.so. Using internal tuner plugin.
ja3:927642:927653 [0] NCCL INFO ncclCommInitRank comm 0x3e2b2850 rank 1 nranks 3 cudaDev 0 nvmlDev 0 busId 1000 commId 0xf2345bf56aedd445 - Init COMPLETE
ja3:927642:927653 [0] NCCL INFO Init timings - ncclCommInitRank: rank 1 nranks 3 total 0.76 (kernels 0.00, alloc 0.02, bootstrap 0.63, allgathers 0.01, topo 0.00, graphs 0.00, connections 0.00, rest 0.09)
ja2:1312073:1312086 [0] NCCL INFO TUNER/Plugin: Could not find: libnccl-tuner.so libnccl-net.so. Using internal tuner plugin.
ja2:1312073:1312086 [0] NCCL INFO ncclCommInitRank comm 0x4710ac50 rank 0 nranks 3 cudaDev 0 nvmlDev 0 busId 1000 commId 0xf2345bf56aedd445 - Init COMPLETE
ja2:1312073:1312086 [0] NCCL INFO Init timings - ncclCommInitRank: rank 0 nranks 3 total 0.82 (kernels 0.00, alloc 0.03, bootstrap 0.68, allgathers 0.01, topo 0.00, graphs 0.00, connections 0.00, rest 0.09)
#
#                                                              out-of-place                       in-place          
#       size         count      type   redop    root     time   algbw   busbw #wrong     time   algbw   busbw #wrong
#        (B)    (elements)                               (us)  (GB/s)  (GB/s)            (us)  (GB/s)  (GB/s)       
ja4:2516794:2516804 [0] NCCL INFO TUNER/Plugin: Could not find: libnccl-tuner.so libnccl-net.so. Using internal tuner plugin.
ja4:2516794:2516804 [0] NCCL INFO ncclCommInitRank comm 0x39ef1f20 rank 2 nranks 3 cudaDev 0 nvmlDev 0 busId 1000 commId 0xf2345bf56aedd445 - Init COMPLETE
ja4:2516794:2516804 [0] NCCL INFO Init timings - ncclCommInitRank: rank 2 nranks 3 total 0.15 (kernels 0.00, alloc 0.04, bootstrap 0.00, allgathers 0.01, topo 0.01, graphs 0.00, connections 0.00, rest 0.10)
ja3:927642:927655 [0] NCCL INFO New proxy recv connection 4 from local rank 0, transport 2
ja3:927642:927658 [0] NCCL INFO Connected to proxy localRank 0 -> connection 0x14cc28000ef0
ja2:1312073:1312088 [0] NCCL INFO New proxy recv connection 4 from local rank 0, transport 2
ja2:1312073:1312091 [0] NCCL INFO Connected to proxy localRank 0 -> connection 0x14aaf8000ef0
ja4:2516794:2516806 [0] NCCL INFO New proxy recv connection 4 from local rank 0, transport 2
ja4:2516794:2516809 [0] NCCL INFO Connected to proxy localRank 0 -> connection 0x14b624000ef0
ja4:2516794:2516809 [0] NCCL INFO Channel 01/0 : 1[0] -> 2[0] [receive] via NET/IB/0
ja4:2516794:2516806 [0] NCCL INFO New proxy send connection 5 from local rank 0, transport 2
ja3:927642:927658 [0] NCCL INFO Channel 01/0 : 0[0] -> 1[0] [receive] via NET/IB/0
ja3:927642:927655 [0] NCCL INFO New proxy send connection 5 from local rank 0, transport 2
ja3:927642:927658 [0] NCCL INFO Connected to proxy localRank 0 -> connection 0x14cc28000f68
ja4:2516794:2516809 [0] NCCL INFO Connected to proxy localRank 0 -> connection 0x14b624000f68
ja2:1312073:1312091 [0] NCCL INFO Channel 01/0 : 2[0] -> 0[0] [receive] via NET/IB/0
ja3:927642:927658 [0] NCCL INFO Channel 01/0 : 1[0] -> 2[0] [send] via NET/IB/0
ja4:2516794:2516809 [0] NCCL INFO Channel 01/0 : 2[0] -> 0[0] [send] via NET/IB/0
ja2:1312073:1312088 [0] NCCL INFO New proxy send connection 5 from local rank 0, transport 2
ja2:1312073:1312091 [0] NCCL INFO Connected to proxy localRank 0 -> connection 0x14aaf8000f68
ja2:1312073:1312091 [0] NCCL INFO Channel 01/0 : 0[0] -> 1[0] [send] via NET/IB/0
ja4:2516794:2516806 [0] NCCL INFO NET/IB: NCCL Dev 0 IbDev 0 Port 1 qpn 1039 mtu 5 LID 28 subnet-prefix 33022  FLID 0 fifoRkey=0x17da99 fifoLkey=0x17da99
ja2:1312073:1312088 [0] NCCL INFO NET/IB: NCCL Dev 0 IbDev 0 Port 1 qpn 3731 mtu 5 LID 22 subnet-prefix 33022  FLID 0 fifoRkey=0x1832f1 fifoLkey=0x1832f1
ja3:927642:927655 [0] NCCL INFO NET/IB: NCCL Dev 0 IbDev 0 Port 1 qpn 3650 mtu 5 LID 23 subnet-prefix 33022  FLID 0 fifoRkey=0x180bca fifoLkey=0x180bca
ja2:1312073:1312091 [0] NCCL INFO Connected all rings
ja3:927642:927658 [0] NCCL INFO Connected all rings
ja4:2516794:2516809 [0] NCCL INFO Connected all rings
ja2:1312073:1312090 [0] NCCL INFO NCCL_IB_SPLIT_DATA_ON_QPS set by environment to 0.
ja4:2516794:2516808 [0] NCCL INFO NCCL_IB_SPLIT_DATA_ON_QPS set by environment to 0.
ja4:2516794:2516808 [0] NCCL INFO NCCL_IB_AR_THRESHOLD set by environment to 0.
ja2:1312073:1312090 [0] NCCL INFO NCCL_IB_AR_THRESHOLD set by environment to 0.
ja3:927642:927657 [0] NCCL INFO NCCL_IB_SPLIT_DATA_ON_QPS set by environment to 0.
ja3:927642:927657 [0] NCCL INFO NCCL_IB_AR_THRESHOLD set by environment to 0.
        3072           256     float    none      -1    20.34    0.15    0.10      0ja2:1312073:1312073 [0] NCCL INFO mscclGetCaptureStatus: 0, captureId: 0, size: 0

ja2:1312073:1312073 [0] NCCL INFO mscclSetupProxy: no capture

ja2:1312073:1312073 [0] NCCL INFO MSCCL: Setup Kernel finished, smem 41280 needsFence 1
ja2:1312073:1312073 [0] NCCL INFO mscclGetCaptureStatus: 0, captureId: 0, size: 0

ja2:1312073:1312073 [0] NCCL INFO mscclSetupProxy: no capture

ja2:1312073:1312073 [0] NCCL INFO MSCCL: Setup Kernel finished, smem 41280 needsFence 1
ja2:1312073:1312073 [0] NCCL INFO mscclGetCaptureStatus: 0, captureId: 0, size: 0

ja2:1312073:1312073 [0] NCCL INFO mscclSetupProxy: no capture

ja2:1312073:1312073 [0] NCCL INFO MSCCL: Setup Kernel finished, smem 41280 needsFence 1
ja4:2516794:2516794 [0] NCCL INFO mscclGetCaptureStatus: 0, captureId: 0, size: 0

ja4:2516794:2516794 [0] NCCL INFO mscclSetupProxy: no capture

ja4:2516794:2516794 [0] NCCL INFO MSCCL: Setup Kernel finished, smem 41280 needsFence 1
ja3:927642:927642 [0] NCCL INFO mscclGetCaptureStatus: 0, captureId: 0, size: 0

ja3:927642:927642 [0] NCCL INFO mscclSetupProxy: no capture

ja3:927642:927642 [0] NCCL INFO MSCCL: Setup Kernel finished, smem 41280 needsFence 1
ja2:1312073:1312073 [0] NCCL INFO mscclGetCaptureStatus: 0, captureId: 0, size: 0

ja2:1312073:1312073 [0] NCCL INFO mscclSetupProxy: no capture

ja2:1312073:1312073 [0] NCCL INFO MSCCL: Setup Kernel finished, smem 41280 needsFence 1
ja2:1312073:1312073 [0] NCCL INFO mscclGetCaptureStatus: 0, captureId: 0, size: 0

ja2:1312073:1312073 [0] NCCL INFO mscclSetupProxy: no capture

ja4:2516794:2516794 [0] NCCL INFO mscclGetCaptureStatus: 0, captureId: 0, size: 0

ja4:2516794:2516794 [0] NCCL INFO mscclSetupProxy: no capture

ja4:2516794:2516794 [0] NCCL INFO MSCCL: Setup Kernel finished, smem 41280 needsFence 1
ja4:2516794:2516794 [0] NCCL INFO mscclGetCaptureStatus: 0, captureId: 0, size: 0

ja4:2516794:2516794 [0] NCCL INFO mscclSetupProxy: no capture

ja4:2516794:2516794 [0] NCCL INFO MSCCL: Setup Kernel finished, smem 41280 needsFence 1
ja3:927642:927642 [0] NCCL INFO mscclGetCaptureStatus: 0, captureId: 0, size: 0

ja3:927642:927642 [0] NCCL INFO mscclSetupProxy: no capture

ja3:927642:927642 [0] NCCL INFO MSCCL: Setup Kernel finished, smem 41280 needsFence 1
ja3:927642:927642 [0] NCCL INFO mscclGetCaptureStatus: 0, captureId: 0, size: 0

ja3:927642:927642 [0] NCCL INFO mscclSetupProxy: no capture

ja3:927642:927642 [0] NCCL INFO MSCCL: Setup Kernel finished, smem 41280 needsFence 1
ja2:1312073:1312073 [0] NCCL INFO MSCCL: Setup Kernel finished, smem 41280 needsFence 1
ja2:1312073:1312073 [0] NCCL INFO mscclGetCaptureStatus: 0, captureId: 0, size: 0

ja2:1312073:1312073 [0] NCCL INFO mscclSetupProxy: no capture

ja2:1312073:1312073 [0] NCCL INFO MSCCL: Setup Kernel finished, smem 41280 needsFence 1
ja2:1312073:1312073 [0] NCCL INFO mscclGetCaptureStatus: 0, captureId: 0, size: 0

ja2:1312073:1312073 [0] NCCL INFO mscclSetupProxy: no capture

ja2:1312073:1312073 [0] NCCL INFO MSCCL: Setup Kernel finished, smem 41280 needsFence 1
ja2:1312073:1312073 [0] NCCL INFO mscclGetCaptureStatus: 0, captureId: 0, size: 0

ja2:1312073:1312073 [0] NCCL INFO mscclSetupProxy: no capture

ja4:2516794:2516794 [0] NCCL INFO mscclGetCaptureStatus: 0, captureId: 0, size: 0

ja4:2516794:2516794 [0] NCCL INFO mscclSetupProxy: no capture

ja4:2516794:2516794 [0] NCCL INFO MSCCL: Setup Kernel finished, smem 41280 needsFence 1
ja3:927642:927642 [0] NCCL INFO mscclGetCaptureStatus: 0, captureId: 0, size: 0

ja3:927642:927642 [0] NCCL INFO mscclSetupProxy: no capture

ja3:927642:927642 [0] NCCL INFO MSCCL: Setup Kernel finished, smem 41280 needsFence 1
ja3:927642:927642 [0] NCCL INFO mscclGetCaptureStatus: 0, captureId: 0, size: 0

ja2:1312073:1312073 [0] NCCL INFO MSCCL: Setup Kernel finished, smem 41280 needsFence 1
ja2:1312073:1312073 [0] NCCL INFO mscclGetCaptureStatus: 0, captureId: 0, size: 0

ja2:1312073:1312073 [0] NCCL INFO mscclSetupProxy: no capture

ja2:1312073:1312073 [0] NCCL INFO MSCCL: Setup Kernel finished, smem 41280 needsFence 1
ja2:1312073:1312073 [0] NCCL INFO mscclGetCaptureStatus: 0, captureId: 0, size: 0

ja2:1312073:1312073 [0] NCCL INFO mscclSetupProxy: no capture

ja2:1312073:1312073 [0] NCCL INFO MSCCL: Setup Kernel finished, smem 41280 needsFence 1
ja2:1312073:1312073 [0] NCCL INFO mscclGetCaptureStatus: 0, captureId: 0, size: 0

ja2:1312073:1312073 [0] NCCL INFO mscclSetupProxy: no capture

ja2:1312073:1312073 [0] NCCL INFO MSCCL: Setup Kernel finished, smem 41280 needsFence 1
ja2:1312073:1312073 [0] NCCL INFO mscclGetCaptureStatus: 0, captureId: 0, size: 0

ja2:1312073:1312073 [0] NCCL INFO mscclSetupProxy: no capture

ja4:2516794:2516794 [0] NCCL INFO mscclGetCaptureStatus: 0, captureId: 0, size: 0

ja4:2516794:2516794 [0] NCCL INFO mscclSetupProxy: no capture

ja4:2516794:2516794 [0] NCCL INFO MSCCL: Setup Kernel finished, smem 41280 needsFence 1
ja4:2516794:2516794 [0] NCCL INFO mscclGetCaptureStatus: 0, captureId: 0, size: 0

ja4:2516794:2516794 [0] NCCL INFO mscclSetupProxy: no capture

ja4:2516794:2516794 [0] NCCL INFO MSCCL: Setup Kernel finished, smem 41280 needsFence 1
ja4:2516794:2516794 [0] NCCL INFO mscclGetCaptureStatus: 0, captureId: 0, size: 0

ja4:2516794:2516794 [0] NCCL INFO mscclSetupProxy: no capture

ja4:2516794:2516794 [0] NCCL INFO MSCCL: Setup Kernel finished, smem 41280 needsFence 1
ja4:2516794:2516794 [0] NCCL INFO mscclGetCaptureStatus: 0, captureId: 0, size: 0

ja4:2516794:2516794 [0] NCCL INFO mscclSetupProxy: no capture

ja4:2516794:2516794 [0] NCCL INFO MSCCL: Setup Kernel finished, smem 41280 needsFence 1
ja3:927642:927642 [0] NCCL INFO mscclSetupProxy: no capture

ja3:927642:927642 [0] NCCL INFO MSCCL: Setup Kernel finished, smem 41280 needsFence 1
ja3:927642:927642 [0] NCCL INFO mscclGetCaptureStatus: 0, captureId: 0, size: 0

ja3:927642:927642 [0] NCCL INFO mscclSetupProxy: no capture

ja3:927642:927642 [0] NCCL INFO MSCCL: Setup Kernel finished, smem 41280 needsFence 1
ja3:927642:927642 [0] NCCL INFO mscclGetCaptureStatus: 0, captureId: 0, size: 0

ja3:927642:927642 [0] NCCL INFO mscclSetupProxy: no capture

ja3:927642:927642 [0] NCCL INFO MSCCL: Setup Kernel finished, smem 41280 needsFence 1
ja2:1312073:1312073 [0] NCCL INFO MSCCL: Setup Kernel finished, smem 41280 needsFence 1
ja2:1312073:1312073 [0] NCCL INFO mscclGetCaptureStatus: 0, captureId: 0, size: 0

ja2:1312073:1312073 [0] NCCL INFO mscclSetupProxy: no capture

ja4:2516794:2516794 [0] NCCL INFO mscclGetCaptureStatus: 0, captureId: 0, size: 0

ja4:2516794:2516794 [0] NCCL INFO mscclSetupProxy: no capture

ja4:2516794:2516794 [0] NCCL INFO MSCCL: Setup Kernel finished, smem 41280 needsFence 1
ja4:2516794:2516794 [0] NCCL INFO mscclGetCaptureStatus: 0, captureId: 0, size: 0

ja4:2516794:2516794 [0] NCCL INFO mscclSetupProxy: no capture

ja4:2516794:2516794 [0] NCCL INFO MSCCL: Setup Kernel finished, smem 41280 needsFence 1
ja4:2516794:2516794 [0] NCCL INFO mscclGetCaptureStatus: 0, captureId: 0, size: 0

ja2:1312073:1312073 [0] NCCL INFO MSCCL: Setup Kernel finished, smem 41280 needsFence 1
ja2:1312073:1312073 [0] NCCL INFO mscclGetCaptureStatus: 0, captureId: 0, size: 0

ja2:1312073:1312073 [0] NCCL INFO mscclSetupProxy: no capture

ja2:1312073:1312073 [0] NCCL INFO MSCCL: Setup Kernel finished, smem 41280 needsFence 1
ja2:1312073:1312073 [0] NCCL INFO mscclGetCaptureStatus: 0, captureId: 0, size: 0

ja2:1312073:1312073 [0] NCCL INFO mscclSetupProxy: no capture

ja2:1312073:1312073 [0] NCCL INFO MSCCL: Setup Kernel finished, smem 41280 needsFence 1
ja2:1312073:1312073 [0] NCCL INFO mscclGetCaptureStatus: 0, captureId: 0, size: 0

ja2:1312073:1312073 [0] NCCL INFO mscclSetupProxy: no capture

ja2:1312073:1312073 [0] NCCL INFO MSCCL: Setup Kernel finished, smem 41280 needsFence 1
ja4:2516794:2516794 [0] NCCL INFO mscclSetupProxy: no capture

ja4:2516794:2516794 [0] NCCL INFO MSCCL: Setup Kernel finished, smem 41280 needsFence 1
ja4:2516794:2516794 [0] NCCL INFO mscclGetCaptureStatus: 0, captureId: 0, size: 0

ja4:2516794:2516794 [0] NCCL INFO mscclSetupProxy: no capture

ja4:2516794:2516794 [0] NCCL INFO MSCCL: Setup Kernel finished, smem 41280 needsFence 1
ja4:2516794:2516794 [0] NCCL INFO mscclGetCaptureStatus: 0, captureId: 0, size: 0

ja4:2516794:2516794 [0] NCCL INFO mscclSetupProxy: no capture

ja4:2516794:2516794 [0] NCCL INFO MSCCL: Setup Kernel finished, smem 41280 needsFence 1
ja4:2516794:2516794 [0] NCCL INFO mscclGetCaptureStatus: 0, captureId: 0, size: 0

ja2:1312073:1312073 [0] NCCL INFO mscclGetCaptureStatus: 0, captureId: 0, size: 0

ja2:1312073:1312073 [0] NCCL INFO mscclSetupProxy: no capture

ja2:1312073:1312073 [0] NCCL INFO MSCCL: Setup Kernel finished, smem 41280 needsFence 1
ja2:1312073:1312073 [0] NCCL INFO mscclGetCaptureStatus: 0, captureId: 0, size: 0

ja2:1312073:1312073 [0] NCCL INFO mscclSetupProxy: no capture

ja2:1312073:1312073 [0] NCCL INFO MSCCL: Setup Kernel finished, smem 41280 needsFence 1
ja2:1312073:1312073 [0] NCCL INFO mscclGetCaptureStatus: 0, captureId: 0, size: 0

ja2:1312073:1312073 [0] NCCL INFO mscclSetupProxy: no capture

ja2:1312073:1312073 [0] NCCL INFO MSCCL: Setup Kernel finished, smem 41280 needsFence 1
ja2:1312073:1312073 [0] NCCL INFO mscclGetCaptureStatus: 0, captureId: 0, size: 0

ja2:1312073:1312073 [0] NCCL INFO mscclSetupProxy: no capture

ja2:1312073:1312073 [0] NCCL INFO MSCCL: Setup Kernel finished, smem 41280 needsFence 1
ja2:1312073:1312073 [0] NCCL INFO mscclGetCaptureStatus: 0, captureId: 0, size: 0

ja2:1312073:1312073 [0] NCCL INFO mscclSetupProxy: no capture

ja2:1312073:1312073 [0] NCCL INFO MSCCL: Setup Kernel finished, smem 41280 needsFence 1
ja3:927642:927642 [0] NCCL INFO mscclGetCaptureStatus: 0, captureId: 0, size: 0

ja3:927642:927642 [0] NCCL INFO mscclSetupProxy: no capture

ja3:927642:927642 [0] NCCL INFO MSCCL: Setup Kernel finished, smem 41280 needsFence 1
ja3:927642:927642 [0] NCCL INFO mscclGetCaptureStatus: 0, captureId: 0, size: 0

ja3:927642:927642 [0] NCCL INFO mscclSetupProxy: no capture

ja3:927642:927642 [0] NCCL INFO MSCCL: Setup Kernel finished, smem 41280 needsFence 1
ja3:927642:927642 [0] NCCL INFO mscclGetCaptureStatus: 0, captureId: 0, size: 0

ja3:927642:927642 [0] NCCL INFO mscclSetupProxy: no capture

ja3:927642:927642 [0] NCCL INFO MSCCL: Setup Kernel finished, smem 41280 needsFence 1
ja3:927642:927642 [0] NCCL INFO mscclGetCaptureStatus: 0, captureId: 0, size: 0

ja3:927642:927642 [0] NCCL INFO mscclSetupProxy: no capture

ja3:927642:927642 [0] NCCL INFO MSCCL: Setup Kernel finished, smem 41280 needsFence 1
ja3:927642:927642 [0] NCCL INFO mscclGetCaptureStatus: 0, captureId: 0, size: 0

ja3:927642:927642 [0] NCCL INFO mscclSetupProxy: no capture

ja3:927642:927642 [0] NCCL INFO MSCCL: Setup Kernel finished, smem 41280 needsFence 1
ja3:927642:927642 [0] NCCL INFO mscclGetCaptureStatus: 0, captureId: 0, size: 0

ja3:927642:927642 [0] NCCL INFO mscclSetupProxy: no capture

ja3:927642:927642 [0] NCCL INFO MSCCL: Setup Kernel finished, smem 41280 needsFence 1
ja3:927642:927642 [0] NCCL INFO mscclGetCaptureStatus: 0, captureId: 0, size: 0

ja3:927642:927642 [0] NCCL INFO mscclSetupProxy: no capture

ja3:927642:927642 [0] NCCL INFO MSCCL: Setup Kernel finished, smem 41280 needsFence 1
ja3:927642:927642 [0] NCCL INFO mscclGetCaptureStatus: 0, captureId: 0, size: 0

ja3:927642:927642 [0] NCCL INFO mscclSetupProxy: no capture

ja4:2516794:2516794 [0] NCCL INFO mscclSetupProxy: no capture

ja4:2516794:2516794 [0] NCCL INFO MSCCL: Setup Kernel finished, smem 41280 needsFence 1
ja4:2516794:2516794 [0] NCCL INFO mscclGetCaptureStatus: 0, captureId: 0, size: 0

ja4:2516794:2516794 [0] NCCL INFO mscclSetupProxy: no capture

ja4:2516794:2516794 [0] NCCL INFO MSCCL: Setup Kernel finished, smem 41280 needsFence 1
ja4:2516794:2516794 [0] NCCL INFO mscclGetCaptureStatus: 0, captureId: 0, size: 0

ja4:2516794:2516794 [0] NCCL INFO mscclSetupProxy: no capture

ja4:2516794:2516794 [0] NCCL INFO MSCCL: Setup Kernel finished, smem 41280 needsFence 1
ja4:2516794:2516794 [0] NCCL INFO mscclGetCaptureStatus: 0, captureId: 0, size: 0

ja4:2516794:2516794 [0] NCCL INFO mscclSetupProxy: no capture

ja4:2516794:2516794 [0] NCCL INFO MSCCL: Setup Kernel finished, smem 41280 needsFence 1
ja4:2516794:2516794 [0] NCCL INFO mscclGetCaptureStatus: 0, captureId: 0, size: 0

ja4:2516794:2516794 [0] NCCL INFO mscclSetupProxy: no capture

ja4:2516794:2516794 [0] NCCL INFO MSCCL: Setup Kernel finished, smem 41280 needsFence 1
ja4:2516794:2516794 [0] NCCL INFO mscclGetCaptureStatus: 0, captureId: 0, size: 0

ja4:2516794:2516794 [0] NCCL INFO mscclSetupProxy: no capture

ja4:2516794:2516794 [0] NCCL INFO MSCCL: Setup Kernel finished, smem 41280 needsFence 1
ja4:2516794:2516794 [0] NCCL INFO mscclGetCaptureStatus: 0, captureId: 0, size: 0

ja4:2516794:2516794 [0] NCCL INFO mscclSetupProxy: no capture

ja4:2516794:2516794 [0] NCCL INFO MSCCL: Setup Kernel finished, smem 41280 needsFence 1
ja4:2516794:2516794 [0] NCCL INFO mscclGetCaptureStatus: 0, captureId: 0, size: 0

ja4:2516794:2516794 [0] NCCL INFO mscclSetupProxy: no capture

ja4:2516794:2516794 [0] NCCL INFO MSCCL: Setup Kernel finished, smem 41280 needsFence 1
ja3:927642:927642 [0] NCCL INFO MSCCL: Setup Kernel finished, smem 41280 needsFence 1
ja3:927642:927642 [0] NCCL INFO mscclGetCaptureStatus: 0, captureId: 0, size: 0

ja3:927642:927642 [0] NCCL INFO mscclSetupProxy: no capture

ja3:927642:927642 [0] NCCL INFO MSCCL: Setup Kernel finished, smem 41280 needsFence 1
ja3:927642:927642 [0] NCCL INFO mscclGetCaptureStatus: 0, captureId: 0, size: 0

ja3:927642:927642 [0] NCCL INFO mscclSetupProxy: no capture

ja3:927642:927642 [0] NCCL INFO MSCCL: Setup Kernel finished, smem 41280 needsFence 1
ja3:927642:927642 [0] NCCL INFO mscclGetCaptureStatus: 0, captureId: 0, size: 0

ja3:927642:927642 [0] NCCL INFO mscclSetupProxy: no capture

ja3:927642:927642 [0] NCCL INFO MSCCL: Setup Kernel finished, smem 41280 needsFence 1
ja3:927642:927642 [0] NCCL INFO mscclGetCaptureStatus: 0, captureId: 0, size: 0

ja3:927642:927642 [0] NCCL INFO mscclSetupProxy: no capture

ja3:927642:927642 [0] NCCL INFO MSCCL: Setup Kernel finished, smem 41280 needsFence 1
ja3:927642:927642 [0] NCCL INFO mscclGetCaptureStatus: 0, captureId: 0, size: 0

ja3:927642:927642 [0] NCCL INFO mscclSetupProxy: no capture

ja3:927642:927642 [0] NCCL INFO MSCCL: Setup Kernel finished, smem 41280 needsFence 1
ja3:927642:927642 [0] NCCL INFO mscclGetCaptureStatus: 0, captureId: 0, size: 0

ja3:927642:927642 [0] NCCL INFO mscclSetupProxy: no capture

ja3:927642:927642 [0] NCCL INFO MSCCL: Setup Kernel finished, smem 41280 needsFence 1
ja2:1312073:1312073 [0] NCCL INFO mscclGetCaptureStatus: 0, captureId: 0, size: 0

ja2:1312073:1312073 [0] NCCL INFO mscclSetupProxy: no capture

ja2:1312073:1312073 [0] NCCL INFO MSCCL: Setup Kernel finished, smem 41280 needsFence 1
ja3:927642:927642 [0] NCCL INFO mscclGetCaptureStatus: 0, captureId: 0, size: 0

ja3:927642:927642 [0] NCCL INFO mscclSetupProxy: no capture

ja3:927642:927642 [0] NCCL INFO MSCCL: Setup Kernel finished, smem 41280 needsFence 1
ja4:2516794:2516794 [0] NCCL INFO mscclGetCaptureStatus: 0, captureId: 0, size: 0

ja4:2516794:2516794 [0] NCCL INFO mscclSetupProxy: no capture

ja4:2516794:2516794 [0] NCCL INFO MSCCL: Setup Kernel finished, smem 41280 needsFence 1
    85.03    0.04    0.02      0
        6144           512     float    none      -1    23.91    0.26    0.17      0ja2:1312073:1312073 [0] NCCL INFO mscclGetCaptureStatus: 0, captureId: 0, size: 0

ja2:1312073:1312073 [0] NCCL INFO mscclSetupProxy: no capture

ja2:1312073:1312073 [0] NCCL INFO MSCCL: Setup Kernel finished, smem 41280 needsFence 1
ja2:1312073:1312073 [0] NCCL INFO mscclGetCaptureStatus: 0, captureId: 0, size: 0

ja2:1312073:1312073 [0] NCCL INFO mscclSetupProxy: no capture

ja2:1312073:1312073 [0] NCCL INFO MSCCL: Setup Kernel finished, smem 41280 needsFence 1
ja2:1312073:1312073 [0] NCCL INFO mscclGetCaptureStatus: 0, captureId: 0, size: 0

ja2:1312073:1312073 [0] NCCL INFO mscclSetupProxy: no capture

ja3:927642:927642 [0] NCCL INFO mscclGetCaptureStatus: 0, captureId: 0, size: 0

ja3:927642:927642 [0] NCCL INFO mscclSetupProxy: no capture

ja3:927642:927642 [0] NCCL INFO MSCCL: Setup Kernel finished, smem 41280 needsFence 1
ja4:2516794:2516794 [0] NCCL INFO mscclGetCaptureStatus: 0, captureId: 0, size: 0

ja4:2516794:2516794 [0] NCCL INFO mscclSetupProxy: no capture

ja4:2516794:2516794 [0] NCCL INFO MSCCL: Setup Kernel finished, smem 41280 needsFence 1
ja2:1312073:1312073 [0] NCCL INFO MSCCL: Setup Kernel finished, smem 41280 needsFence 1
ja2:1312073:1312073 [0] NCCL INFO mscclGetCaptureStatus: 0, captureId: 0, size: 0

ja2:1312073:1312073 [0] NCCL INFO mscclSetupProxy: no capture

ja2:1312073:1312073 [0] NCCL INFO MSCCL: Setup Kernel finished, smem 41280 needsFence 1
ja2:1312073:1312073 [0] NCCL INFO mscclGetCaptureStatus: 0, captureId: 0, size: 0

ja2:1312073:1312073 [0] NCCL INFO mscclSetupProxy: no capture

ja2:1312073:1312073 [0] NCCL INFO MSCCL: Setup Kernel finished, smem 41280 needsFence 1
ja2:1312073:1312073 [0] NCCL INFO mscclGetCaptureStatus: 0, captureId: 0, size: 0

ja2:1312073:1312073 [0] NCCL INFO mscclSetupProxy: no capture

ja2:1312073:1312073 [0] NCCL INFO MSCCL: Setup Kernel finished, smem 41280 needsFence 1
ja2:1312073:1312073 [0] NCCL INFO mscclGetCaptureStatus: 0, captureId: 0, size: 0

ja2:1312073:1312073 [0] NCCL INFO mscclSetupProxy: no capture

ja2:1312073:1312073 [0] NCCL INFO MSCCL: Setup Kernel finished, smem 41280 needsFence 1
ja2:1312073:1312073 [0] NCCL INFO mscclGetCaptureStatus: 0, captureId: 0, size: 0

ja2:1312073:1312073 [0] NCCL INFO mscclSetupProxy: no capture

ja2:1312073:1312073 [0] NCCL INFO MSCCL: Setup Kernel finished, smem 41280 needsFence 1
ja2:1312073:1312073 [0] NCCL INFO mscclGetCaptureStatus: 0, captureId: 0, size: 0

ja2:1312073:1312073 [0] NCCL INFO mscclSetupProxy: no capture

ja2:1312073:1312073 [0] NCCL INFO MSCCL: Setup Kernel finished, smem 41280 needsFence 1
ja2:1312073:1312073 [0] NCCL INFO mscclGetCaptureStatus: 0, captureId: 0, size: 0

ja2:1312073:1312073 [0] NCCL INFO mscclSetupProxy: no capture

ja2:1312073:1312073 [0] NCCL INFO MSCCL: Setup Kernel finished, smem 41280 needsFence 1
ja2:1312073:1312073 [0] NCCL INFO mscclGetCaptureStatus: 0, captureId: 0, size: 0

ja2:1312073:1312073 [0] NCCL INFO mscclSetupProxy: no capture

ja2:1312073:1312073 [0] NCCL INFO MSCCL: Setup Kernel finished, smem 41280 needsFence 1
ja2:1312073:1312073 [0] NCCL INFO mscclGetCaptureStatus: 0, captureId: 0, size: 0

ja2:1312073:1312073 [0] NCCL INFO mscclSetupProxy: no capture

ja2:1312073:1312073 [0] NCCL INFO MSCCL: Setup Kernel finished, smem 41280 needsFence 1
ja2:1312073:1312073 [0] NCCL INFO mscclGetCaptureStatus: 0, captureId: 0, size: 0

ja2:1312073:1312073 [0] NCCL INFO mscclSetupProxy: no capture

ja2:1312073:1312073 [0] NCCL INFO MSCCL: Setup Kernel finished, smem 41280 needsFence 1
ja2:1312073:1312073 [0] NCCL INFO mscclGetCaptureStatus: 0, captureId: 0, size: 0

ja2:1312073:1312073 [0] NCCL INFO mscclSetupProxy: no capture

ja2:1312073:1312073 [0] NCCL INFO MSCCL: Setup Kernel finished, smem 41280 needsFence 1
ja2:1312073:1312073 [0] NCCL INFO mscclGetCaptureStatus: 0, captureId: 0, size: 0

ja2:1312073:1312073 [0] NCCL INFO mscclSetupProxy: no capture

ja2:1312073:1312073 [0] NCCL INFO MSCCL: Setup Kernel finished, smem 41280 needsFence 1
ja3:927642:927642 [0] NCCL INFO mscclGetCaptureStatus: 0, captureId: 0, size: 0

ja3:927642:927642 [0] NCCL INFO mscclSetupProxy: no capture

ja3:927642:927642 [0] NCCL INFO MSCCL: Setup Kernel finished, smem 41280 needsFence 1
ja3:927642:927642 [0] NCCL INFO mscclGetCaptureStatus: 0, captureId: 0, size: 0

ja3:927642:927642 [0] NCCL INFO mscclSetupProxy: no capture

ja3:927642:927642 [0] NCCL INFO MSCCL: Setup Kernel finished, smem 41280 needsFence 1
ja3:927642:927642 [0] NCCL INFO mscclGetCaptureStatus: 0, captureId: 0, size: 0

ja3:927642:927642 [0] NCCL INFO mscclSetupProxy: no capture

ja2:1312073:1312073 [0] NCCL INFO mscclGetCaptureStatus: 0, captureId: 0, size: 0

ja2:1312073:1312073 [0] NCCL INFO mscclSetupProxy: no capture

ja2:1312073:1312073 [0] NCCL INFO MSCCL: Setup Kernel finished, smem 41280 needsFence 1
ja2:1312073:1312073 [0] NCCL INFO mscclGetCaptureStatus: 0, captureId: 0, size: 0

ja2:1312073:1312073 [0] NCCL INFO mscclSetupProxy: no capture

ja2:1312073:1312073 [0] NCCL INFO MSCCL: Setup Kernel finished, smem 41280 needsFence 1
ja2:1312073:1312073 [0] NCCL INFO mscclGetCaptureStatus: 0, captureId: 0, size: 0

ja2:1312073:1312073 [0] NCCL INFO mscclSetupProxy: no capture

ja2:1312073:1312073 [0] NCCL INFO MSCCL: Setup Kernel finished, smem 41280 needsFence 1
ja4:2516794:2516794 [0] NCCL INFO mscclGetCaptureStatus: 0, captureId: 0, size: 0

ja4:2516794:2516794 [0] NCCL INFO mscclSetupProxy: no capture

ja4:2516794:2516794 [0] NCCL INFO MSCCL: Setup Kernel finished, smem 41280 needsFence 1
ja4:2516794:2516794 [0] NCCL INFO mscclGetCaptureStatus: 0, captureId: 0, size: 0

ja4:2516794:2516794 [0] NCCL INFO mscclSetupProxy: no capture

ja4:2516794:2516794 [0] NCCL INFO MSCCL: Setup Kernel finished, smem 41280 needsFence 1
ja4:2516794:2516794 [0] NCCL INFO mscclGetCaptureStatus: 0, captureId: 0, size: 0

ja3:927642:927642 [0] NCCL INFO MSCCL: Setup Kernel finished, smem 41280 needsFence 1
ja3:927642:927642 [0] NCCL INFO mscclGetCaptureStatus: 0, captureId: 0, size: 0

ja3:927642:927642 [0] NCCL INFO mscclSetupProxy: no capture

ja3:927642:927642 [0] NCCL INFO MSCCL: Setup Kernel finished, smem 41280 needsFence 1
ja2:1312073:1312073 [0] NCCL INFO mscclGetCaptureStatus: 0, captureId: 0, size: 0

ja2:1312073:1312073 [0] NCCL INFO mscclSetupProxy: no capture

ja2:1312073:1312073 [0] NCCL INFO MSCCL: Setup Kernel finished, smem 41280 needsFence 1
ja2:1312073:1312073 [0] NCCL INFO mscclGetCaptureStatus: 0, captureId: 0, size: 0

ja2:1312073:1312073 [0] NCCL INFO mscclSetupProxy: no capture

ja2:1312073:1312073 [0] NCCL INFO MSCCL: Setup Kernel finished, smem 41280 needsFence 1
ja2:1312073:1312073 [0] NCCL INFO mscclGetCaptureStatus: 0, captureId: 0, size: 0

ja2:1312073:1312073 [0] NCCL INFO mscclSetupProxy: no capture

ja2:1312073:1312073 [0] NCCL INFO MSCCL: Setup Kernel finished, smem 41280 needsFence 1
ja4:2516794:2516794 [0] NCCL INFO mscclSetupProxy: no capture

ja4:2516794:2516794 [0] NCCL INFO MSCCL: Setup Kernel finished, smem 41280 needsFence 1
ja4:2516794:2516794 [0] NCCL INFO mscclGetCaptureStatus: 0, captureId: 0, size: 0

ja4:2516794:2516794 [0] NCCL INFO mscclSetupProxy: no capture

ja4:2516794:2516794 [0] NCCL INFO MSCCL: Setup Kernel finished, smem 41280 needsFence 1
ja3:927642:927642 [0] NCCL INFO mscclGetCaptureStatus: 0, captureId: 0, size: 0

ja3:927642:927642 [0] NCCL INFO mscclSetupProxy: no capture

ja3:927642:927642 [0] NCCL INFO MSCCL: Setup Kernel finished, smem 41280 needsFence 1
ja3:927642:927642 [0] NCCL INFO mscclGetCaptureStatus: 0, captureId: 0, size: 0

ja3:927642:927642 [0] NCCL INFO mscclSetupProxy: no capture

ja3:927642:927642 [0] NCCL INFO MSCCL: Setup Kernel finished, smem 41280 needsFence 1
ja3:927642:927642 [0] NCCL INFO mscclGetCaptureStatus: 0, captureId: 0, size: 0

ja3:927642:927642 [0] NCCL INFO mscclSetupProxy: no capture

ja3:927642:927642 [0] NCCL INFO MSCCL: Setup Kernel finished, smem 41280 needsFence 1
ja4:2516794:2516794 [0] NCCL INFO mscclGetCaptureStatus: 0, captureId: 0, size: 0

ja4:2516794:2516794 [0] NCCL INFO mscclSetupProxy: no capture

ja4:2516794:2516794 [0] NCCL INFO MSCCL: Setup Kernel finished, smem 41280 needsFence 1
ja4:2516794:2516794 [0] NCCL INFO mscclGetCaptureStatus: 0, captureId: 0, size: 0

ja4:2516794:2516794 [0] NCCL INFO mscclSetupProxy: no capture

ja4:2516794:2516794 [0] NCCL INFO MSCCL: Setup Kernel finished, smem 41280 needsFence 1
ja4:2516794:2516794 [0] NCCL INFO mscclGetCaptureStatus: 0, captureId: 0, size: 0

ja4:2516794:2516794 [0] NCCL INFO mscclSetupProxy: no capture

ja4:2516794:2516794 [0] NCCL INFO MSCCL: Setup Kernel finished, smem 41280 needsFence 1
ja4:2516794:2516794 [0] NCCL INFO mscclGetCaptureStatus: 0, captureId: 0, size: 0

ja4:2516794:2516794 [0] NCCL INFO mscclSetupProxy: no capture

ja4:2516794:2516794 [0] NCCL INFO MSCCL: Setup Kernel finished, smem 41280 needsFence 1
ja4:2516794:2516794 [0] NCCL INFO mscclGetCaptureStatus: 0, captureId: 0, size: 0

ja4:2516794:2516794 [0] NCCL INFO mscclSetupProxy: no capture

ja4:2516794:2516794 [0] NCCL INFO MSCCL: Setup Kernel finished, smem 41280 needsFence 1
ja3:927642:927642 [0] NCCL INFO mscclGetCaptureStatus: 0, captureId: 0, size: 0

ja3:927642:927642 [0] NCCL INFO mscclSetupProxy: no capture

ja3:927642:927642 [0] NCCL INFO MSCCL: Setup Kernel finished, smem 41280 needsFence 1
ja3:927642:927642 [0] NCCL INFO mscclGetCaptureStatus: 0, captureId: 0, size: 0

ja3:927642:927642 [0] NCCL INFO mscclSetupProxy: no capture

ja3:927642:927642 [0] NCCL INFO MSCCL: Setup Kernel finished, smem 41280 needsFence 1
ja4:2516794:2516794 [0] NCCL INFO mscclGetCaptureStatus: 0, captureId: 0, size: 0

ja4:2516794:2516794 [0] NCCL INFO mscclSetupProxy: no capture

ja4:2516794:2516794 [0] NCCL INFO MSCCL: Setup Kernel finished, smem 41280 needsFence 1
ja4:2516794:2516794 [0] NCCL INFO mscclGetCaptureStatus: 0, captureId: 0, size: 0

ja4:2516794:2516794 [0] NCCL INFO mscclSetupProxy: no capture

ja4:2516794:2516794 [0] NCCL INFO MSCCL: Setup Kernel finished, smem 41280 needsFence 1
ja4:2516794:2516794 [0] NCCL INFO mscclGetCaptureStatus: 0, captureId: 0, size: 0

ja4:2516794:2516794 [0] NCCL INFO mscclSetupProxy: no capture

ja4:2516794:2516794 [0] NCCL INFO MSCCL: Setup Kernel finished, smem 41280 needsFence 1
ja4:2516794:2516794 [0] NCCL INFO mscclGetCaptureStatus: 0, captureId: 0, size: 0

ja4:2516794:2516794 [0] NCCL INFO mscclSetupProxy: no capture

ja4:2516794:2516794 [0] NCCL INFO MSCCL: Setup Kernel finished, smem 41280 needsFence 1
ja3:927642:927642 [0] NCCL INFO mscclGetCaptureStatus: 0, captureId: 0, size: 0

ja3:927642:927642 [0] NCCL INFO mscclSetupProxy: no capture

ja3:927642:927642 [0] NCCL INFO MSCCL: Setup Kernel finished, smem 41280 needsFence 1
ja3:927642:927642 [0] NCCL INFO mscclGetCaptureStatus: 0, captureId: 0, size: 0

ja3:927642:927642 [0] NCCL INFO mscclSetupProxy: no capture

ja3:927642:927642 [0] NCCL INFO MSCCL: Setup Kernel finished, smem 41280 needsFence 1
ja3:927642:927642 [0] NCCL INFO mscclGetCaptureStatus: 0, captureId: 0, size: 0

ja3:927642:927642 [0] NCCL INFO mscclSetupProxy: no capture

ja3:927642:927642 [0] NCCL INFO MSCCL: Setup Kernel finished, smem 41280 needsFence 1
ja3:927642:927642 [0] NCCL INFO mscclGetCaptureStatus: 0, captureId: 0, size: 0

ja3:927642:927642 [0] NCCL INFO mscclSetupProxy: no capture

ja3:927642:927642 [0] NCCL INFO MSCCL: Setup Kernel finished, smem 41280 needsFence 1
ja3:927642:927642 [0] NCCL INFO mscclGetCaptureStatus: 0, captureId: 0, size: 0

ja3:927642:927642 [0] NCCL INFO mscclSetupProxy: no capture

ja3:927642:927642 [0] NCCL INFO MSCCL: Setup Kernel finished, smem 41280 needsFence 1
ja3:927642:927642 [0] NCCL INFO mscclGetCaptureStatus: 0, captureId: 0, size: 0

ja3:927642:927642 [0] NCCL INFO mscclSetupProxy: no capture

ja3:927642:927642 [0] NCCL INFO MSCCL: Setup Kernel finished, smem 41280 needsFence 1
ja3:927642:927642 [0] NCCL INFO mscclGetCaptureStatus: 0, captureId: 0, size: 0

ja3:927642:927642 [0] NCCL INFO mscclSetupProxy: no capture

ja3:927642:927642 [0] NCCL INFO MSCCL: Setup Kernel finished, smem 41280 needsFence 1
ja3:927642:927642 [0] NCCL INFO mscclGetCaptureStatus: 0, captureId: 0, size: 0

ja3:927642:927642 [0] NCCL INFO mscclSetupProxy: no capture

ja3:927642:927642 [0] NCCL INFO MSCCL: Setup Kernel finished, smem 41280 needsFence 1
ja3:927642:927642 [0] NCCL INFO mscclGetCaptureStatus: 0, captureId: 0, size: 0

ja3:927642:927642 [0] NCCL INFO mscclSetupProxy: no capture

ja3:927642:927642 [0] NCCL INFO MSCCL: Setup Kernel finished, smem 41280 needsFence 1
ja3:927642:927642 [0] NCCL INFO mscclGetCaptureStatus: 0, captureId: 0, size: 0

ja3:927642:927642 [0] NCCL INFO mscclSetupProxy: no capture

ja3:927642:927642 [0] NCCL INFO MSCCL: Setup Kernel finished, smem 41280 needsFence 1
ja3:927642:927642 [0] NCCL INFO mscclGetCaptureStatus: 0, captureId: 0, size: 0

ja3:927642:927642 [0] NCCL INFO mscclSetupProxy: no capture

ja3:927642:927642 [0] NCCL INFO MSCCL: Setup Kernel finished, smem 41280 needsFence 1
ja4:2516794:2516794 [0] NCCL INFO mscclGetCaptureStatus: 0, captureId: 0, size: 0

ja4:2516794:2516794 [0] NCCL INFO mscclSetupProxy: no capture

ja4:2516794:2516794 [0] NCCL INFO MSCCL: Setup Kernel finished, smem 41280 needsFence 1
ja4:2516794:2516794 [0] NCCL INFO mscclGetCaptureStatus: 0, captureId: 0, size: 0

ja4:2516794:2516794 [0] NCCL INFO mscclSetupProxy: no capture

ja4:2516794:2516794 [0] NCCL INFO MSCCL: Setup Kernel finished, smem 41280 needsFence 1
ja4:2516794:2516794 [0] NCCL INFO mscclGetCaptureStatus: 0, captureId: 0, size: 0

ja4:2516794:2516794 [0] NCCL INFO mscclSetupProxy: no capture

ja4:2516794:2516794 [0] NCCL INFO MSCCL: Setup Kernel finished, smem 41280 needsFence 1
ja4:2516794:2516794 [0] NCCL INFO mscclGetCaptureStatus: 0, captureId: 0, size: 0

ja4:2516794:2516794 [0] NCCL INFO mscclSetupProxy: no capture

ja4:2516794:2516794 [0] NCCL INFO MSCCL: Setup Kernel finished, smem 41280 needsFence 1
ja4:2516794:2516794 [0] NCCL INFO mscclGetCaptureStatus: 0, captureId: 0, size: 0

ja4:2516794:2516794 [0] NCCL INFO mscclSetupProxy: no capture

ja4:2516794:2516794 [0] NCCL INFO MSCCL: Setup Kernel finished, smem 41280 needsFence 1
ja4:2516794:2516794 [0] NCCL INFO mscclGetCaptureStatus: 0, captureId: 0, size: 0

ja4:2516794:2516794 [0] NCCL INFO mscclSetupProxy: no capture

ja4:2516794:2516794 [0] NCCL INFO MSCCL: Setup Kernel finished, smem 41280 needsFence 1
ja4:2516794:2516794 [0] NCCL INFO mscclGetCaptureStatus: 0, captureId: 0, size: 0

ja4:2516794:2516794 [0] NCCL INFO mscclSetupProxy: no capture

ja4:2516794:2516794 [0] NCCL INFO MSCCL: Setup Kernel finished, smem 41280 needsFence 1
ja2:1312073:1312073 [0] NCCL INFO mscclGetCaptureStatus: 0, captureId: 0, size: 0

ja2:1312073:1312073 [0] NCCL INFO mscclSetupProxy: no capture

ja2:1312073:1312073 [0] NCCL INFO MSCCL: Setup Kernel finished, smem 41280 needsFence 1
ja3:927642:927642 [0] NCCL INFO mscclGetCaptureStatus: 0, captureId: 0, size: 0

ja3:927642:927642 [0] NCCL INFO mscclSetupProxy: no capture

ja3:927642:927642 [0] NCCL INFO MSCCL: Setup Kernel finished, smem 41280 needsFence 1
ja4:2516794:2516794 [0] NCCL INFO mscclGetCaptureStatus: 0, captureId: 0, size: 0

ja4:2516794:2516794 [0] NCCL INFO mscclSetupProxy: no capture

ja4:2516794:2516794 [0] NCCL INFO MSCCL: Setup Kernel finished, smem 41280 needsFence 1
    82.55    0.07    0.05      0
       12288          1024     float    none      -1    26.60    0.46    0.31      0ja2:1312073:1312073 [0] NCCL INFO mscclGetCaptureStatus: 0, captureId: 0, size: 0

ja2:1312073:1312073 [0] NCCL INFO mscclSetupProxy: no capture

ja2:1312073:1312073 [0] NCCL INFO MSCCL: Setup Kernel finished, smem 41280 needsFence 1
ja3:927642:927642 [0] NCCL INFO mscclGetCaptureStatus: 0, captureId: 0, size: 0

ja3:927642:927642 [0] NCCL INFO mscclSetupProxy: no capture

ja3:927642:927642 [0] NCCL INFO MSCCL: Setup Kernel finished, smem 41280 needsFence 1
ja2:1312073:1312073 [0] NCCL INFO mscclGetCaptureStatus: 0, captureId: 0, size: 0

ja2:1312073:1312073 [0] NCCL INFO mscclSetupProxy: no capture

ja2:1312073:1312073 [0] NCCL INFO MSCCL: Setup Kernel finished, smem 41280 needsFence 1
ja2:1312073:1312073 [0] NCCL INFO mscclGetCaptureStatus: 0, captureId: 0, size: 0

ja2:1312073:1312073 [0] NCCL INFO mscclSetupProxy: no capture

ja4:2516794:2516794 [0] NCCL INFO mscclGetCaptureStatus: 0, captureId: 0, size: 0

ja4:2516794:2516794 [0] NCCL INFO mscclSetupProxy: no capture

ja4:2516794:2516794 [0] NCCL INFO MSCCL: Setup Kernel finished, smem 41280 needsFence 1
ja2:1312073:1312073 [0] NCCL INFO MSCCL: Setup Kernel finished, smem 41280 needsFence 1
ja2:1312073:1312073 [0] NCCL INFO mscclGetCaptureStatus: 0, captureId: 0, size: 0

ja2:1312073:1312073 [0] NCCL INFO mscclSetupProxy: no capture

ja2:1312073:1312073 [0] NCCL INFO MSCCL: Setup Kernel finished, smem 41280 needsFence 1
ja3:927642:927642 [0] NCCL INFO mscclGetCaptureStatus: 0, captureId: 0, size: 0

ja3:927642:927642 [0] NCCL INFO mscclSetupProxy: no capture

ja3:927642:927642 [0] NCCL INFO MSCCL: Setup Kernel finished, smem 41280 needsFence 1
ja3:927642:927642 [0] NCCL INFO mscclGetCaptureStatus: 0, captureId: 0, size: 0

ja3:927642:927642 [0] NCCL INFO mscclSetupProxy: no capture

ja3:927642:927642 [0] NCCL INFO MSCCL: Setup Kernel finished, smem 41280 needsFence 1
ja2:1312073:1312073 [0] NCCL INFO mscclGetCaptureStatus: 0, captureId: 0, size: 0

ja2:1312073:1312073 [0] NCCL INFO mscclSetupProxy: no capture

ja2:1312073:1312073 [0] NCCL INFO MSCCL: Setup Kernel finished, smem 41280 needsFence 1
ja2:1312073:1312073 [0] NCCL INFO mscclGetCaptureStatus: 0, captureId: 0, size: 0

ja2:1312073:1312073 [0] NCCL INFO mscclSetupProxy: no capture

ja2:1312073:1312073 [0] NCCL INFO MSCCL: Setup Kernel finished, smem 41280 needsFence 1
ja2:1312073:1312073 [0] NCCL INFO mscclGetCaptureStatus: 0, captureId: 0, size: 0

ja2:1312073:1312073 [0] NCCL INFO mscclSetupProxy: no capture

ja4:2516794:2516794 [0] NCCL INFO mscclGetCaptureStatus: 0, captureId: 0, size: 0

ja4:2516794:2516794 [0] NCCL INFO mscclSetupProxy: no capture

ja4:2516794:2516794 [0] NCCL INFO MSCCL: Setup Kernel finished, smem 41280 needsFence 1
ja4:2516794:2516794 [0] NCCL INFO mscclGetCaptureStatus: 0, captureId: 0, size: 0

ja4:2516794:2516794 [0] NCCL INFO mscclSetupProxy: no capture

ja3:927642:927642 [0] NCCL INFO mscclGetCaptureStatus: 0, captureId: 0, size: 0

ja3:927642:927642 [0] NCCL INFO mscclSetupProxy: no capture

ja3:927642:927642 [0] NCCL INFO MSCCL: Setup Kernel finished, smem 41280 needsFence 1
ja3:927642:927642 [0] NCCL INFO mscclGetCaptureStatus: 0, captureId: 0, size: 0

ja3:927642:927642 [0] NCCL INFO mscclSetupProxy: no capture

ja3:927642:927642 [0] NCCL INFO MSCCL: Setup Kernel finished, smem 41280 needsFence 1
ja3:927642:927642 [0] NCCL INFO mscclGetCaptureStatus: 0, captureId: 0, size: 0

ja2:1312073:1312073 [0] NCCL INFO MSCCL: Setup Kernel finished, smem 41280 needsFence 1
ja2:1312073:1312073 [0] NCCL INFO mscclGetCaptureStatus: 0, captureId: 0, size: 0

ja2:1312073:1312073 [0] NCCL INFO mscclSetupProxy: no capture

ja2:1312073:1312073 [0] NCCL INFO MSCCL: Setup Kernel finished, smem 41280 needsFence 1
ja2:1312073:1312073 [0] NCCL INFO mscclGetCaptureStatus: 0, captureId: 0, size: 0

ja2:1312073:1312073 [0] NCCL INFO mscclSetupProxy: no capture

ja2:1312073:1312073 [0] NCCL INFO MSCCL: Setup Kernel finished, smem 41280 needsFence 1
ja4:2516794:2516794 [0] NCCL INFO MSCCL: Setup Kernel finished, smem 41280 needsFence 1
ja4:2516794:2516794 [0] NCCL INFO mscclGetCaptureStatus: 0, captureId: 0, size: 0

ja4:2516794:2516794 [0] NCCL INFO mscclSetupProxy: no capture

ja4:2516794:2516794 [0] NCCL INFO MSCCL: Setup Kernel finished, smem 41280 needsFence 1
ja3:927642:927642 [0] NCCL INFO mscclSetupProxy: no capture

ja3:927642:927642 [0] NCCL INFO MSCCL: Setup Kernel finished, smem 41280 needsFence 1
ja3:927642:927642 [0] NCCL INFO mscclGetCaptureStatus: 0, captureId: 0, size: 0

ja3:927642:927642 [0] NCCL INFO mscclSetupProxy: no capture

ja3:927642:927642 [0] NCCL INFO MSCCL: Setup Kernel finished, smem 41280 needsFence 1
ja3:927642:927642 [0] NCCL INFO mscclGetCaptureStatus: 0, captureId: 0, size: 0

ja3:927642:927642 [0] NCCL INFO mscclSetupProxy: no capture

ja3:927642:927642 [0] NCCL INFO MSCCL: Setup Kernel finished, smem 41280 needsFence 1
ja3:927642:927642 [0] NCCL INFO mscclGetCaptureStatus: 0, captureId: 0, size: 0

ja2:1312073:1312073 [0] NCCL INFO mscclGetCaptureStatus: 0, captureId: 0, size: 0

ja2:1312073:1312073 [0] NCCL INFO mscclSetupProxy: no capture

ja2:1312073:1312073 [0] NCCL INFO MSCCL: Setup Kernel finished, smem 41280 needsFence 1
ja2:1312073:1312073 [0] NCCL INFO mscclGetCaptureStatus: 0, captureId: 0, size: 0

ja2:1312073:1312073 [0] NCCL INFO mscclSetupProxy: no capture

ja2:1312073:1312073 [0] NCCL INFO MSCCL: Setup Kernel finished, smem 41280 needsFence 1
ja2:1312073:1312073 [0] NCCL INFO mscclGetCaptureStatus: 0, captureId: 0, size: 0

ja2:1312073:1312073 [0] NCCL INFO mscclSetupProxy: no capture

ja2:1312073:1312073 [0] NCCL INFO MSCCL: Setup Kernel finished, smem 41280 needsFence 1
ja2:1312073:1312073 [0] NCCL INFO mscclGetCaptureStatus: 0, captureId: 0, size: 0

ja2:1312073:1312073 [0] NCCL INFO mscclSetupProxy: no capture

ja2:1312073:1312073 [0] NCCL INFO MSCCL: Setup Kernel finished, smem 41280 needsFence 1
ja4:2516794:2516794 [0] NCCL INFO mscclGetCaptureStatus: 0, captureId: 0, size: 0

ja4:2516794:2516794 [0] NCCL INFO mscclSetupProxy: no capture

ja4:2516794:2516794 [0] NCCL INFO MSCCL: Setup Kernel finished, smem 41280 needsFence 1
ja4:2516794:2516794 [0] NCCL INFO mscclGetCaptureStatus: 0, captureId: 0, size: 0

ja4:2516794:2516794 [0] NCCL INFO mscclSetupProxy: no capture

ja4:2516794:2516794 [0] NCCL INFO MSCCL: Setup Kernel finished, smem 41280 needsFence 1
ja4:2516794:2516794 [0] NCCL INFO mscclGetCaptureStatus: 0, captureId: 0, size: 0

ja4:2516794:2516794 [0] NCCL INFO mscclSetupProxy: no capture

ja4:2516794:2516794 [0] NCCL INFO MSCCL: Setup Kernel finished, smem 41280 needsFence 1
ja4:2516794:2516794 [0] NCCL INFO mscclGetCaptureStatus: 0, captureId: 0, size: 0

ja4:2516794:2516794 [0] NCCL INFO mscclSetupProxy: no capture

ja4:2516794:2516794 [0] NCCL INFO MSCCL: Setup Kernel finished, smem 41280 needsFence 1
ja3:927642:927642 [0] NCCL INFO mscclSetupProxy: no capture

ja3:927642:927642 [0] NCCL INFO MSCCL: Setup Kernel finished, smem 41280 needsFence 1
ja3:927642:927642 [0] NCCL INFO mscclGetCaptureStatus: 0, captureId: 0, size: 0

ja3:927642:927642 [0] NCCL INFO mscclSetupProxy: no capture

ja3:927642:927642 [0] NCCL INFO MSCCL: Setup Kernel finished, smem 41280 needsFence 1
ja3:927642:927642 [0] NCCL INFO mscclGetCaptureStatus: 0, captureId: 0, size: 0

ja3:927642:927642 [0] NCCL INFO mscclSetupProxy: no capture

ja3:927642:927642 [0] NCCL INFO MSCCL: Setup Kernel finished, smem 41280 needsFence 1
ja2:1312073:1312073 [0] NCCL INFO mscclGetCaptureStatus: 0, captureId: 0, size: 0

ja2:1312073:1312073 [0] NCCL INFO mscclSetupProxy: no capture

ja2:1312073:1312073 [0] NCCL INFO MSCCL: Setup Kernel finished, smem 41280 needsFence 1
ja2:1312073:1312073 [0] NCCL INFO mscclGetCaptureStatus: 0, captureId: 0, size: 0

ja2:1312073:1312073 [0] NCCL INFO mscclSetupProxy: no capture

ja2:1312073:1312073 [0] NCCL INFO MSCCL: Setup Kernel finished, smem 41280 needsFence 1
ja2:1312073:1312073 [0] NCCL INFO mscclGetCaptureStatus: 0, captureId: 0, size: 0

ja2:1312073:1312073 [0] NCCL INFO mscclSetupProxy: no capture

ja2:1312073:1312073 [0] NCCL INFO MSCCL: Setup Kernel finished, smem 41280 needsFence 1
ja2:1312073:1312073 [0] NCCL INFO mscclGetCaptureStatus: 0, captureId: 0, size: 0

ja2:1312073:1312073 [0] NCCL INFO mscclSetupProxy: no capture

ja2:1312073:1312073 [0] NCCL INFO MSCCL: Setup Kernel finished, smem 41280 needsFence 1
ja2:1312073:1312073 [0] NCCL INFO mscclGetCaptureStatus: 0, captureId: 0, size: 0

ja4:2516794:2516794 [0] NCCL INFO mscclGetCaptureStatus: 0, captureId: 0, size: 0

ja4:2516794:2516794 [0] NCCL INFO mscclSetupProxy: no capture

ja4:2516794:2516794 [0] NCCL INFO MSCCL: Setup Kernel finished, smem 41280 needsFence 1
ja4:2516794:2516794 [0] NCCL INFO mscclGetCaptureStatus: 0, captureId: 0, size: 0

ja4:2516794:2516794 [0] NCCL INFO mscclSetupProxy: no capture

ja4:2516794:2516794 [0] NCCL INFO MSCCL: Setup Kernel finished, smem 41280 needsFence 1
ja4:2516794:2516794 [0] NCCL INFO mscclGetCaptureStatus: 0, captureId: 0, size: 0

ja3:927642:927642 [0] NCCL INFO mscclGetCaptureStatus: 0, captureId: 0, size: 0

ja3:927642:927642 [0] NCCL INFO mscclSetupProxy: no capture

ja3:927642:927642 [0] NCCL INFO MSCCL: Setup Kernel finished, smem 41280 needsFence 1
ja3:927642:927642 [0] NCCL INFO mscclGetCaptureStatus: 0, captureId: 0, size: 0

ja3:927642:927642 [0] NCCL INFO mscclSetupProxy: no capture

ja3:927642:927642 [0] NCCL INFO MSCCL: Setup Kernel finished, smem 41280 needsFence 1
ja3:927642:927642 [0] NCCL INFO mscclGetCaptureStatus: 0, captureId: 0, size: 0

ja3:927642:927642 [0] NCCL INFO mscclSetupProxy: no capture

ja3:927642:927642 [0] NCCL INFO MSCCL: Setup Kernel finished, smem 41280 needsFence 1
ja3:927642:927642 [0] NCCL INFO mscclGetCaptureStatus: 0, captureId: 0, size: 0

ja2:1312073:1312073 [0] NCCL INFO mscclSetupProxy: no capture

ja2:1312073:1312073 [0] NCCL INFO MSCCL: Setup Kernel finished, smem 41280 needsFence 1
ja2:1312073:1312073 [0] NCCL INFO mscclGetCaptureStatus: 0, captureId: 0, size: 0

ja2:1312073:1312073 [0] NCCL INFO mscclSetupProxy: no capture

ja2:1312073:1312073 [0] NCCL INFO MSCCL: Setup Kernel finished, smem 41280 needsFence 1
ja2:1312073:1312073 [0] NCCL INFO mscclGetCaptureStatus: 0, captureId: 0, size: 0

ja2:1312073:1312073 [0] NCCL INFO mscclSetupProxy: no capture

ja2:1312073:1312073 [0] NCCL INFO MSCCL: Setup Kernel finished, smem 41280 needsFence 1
ja2:1312073:1312073 [0] NCCL INFO mscclGetCaptureStatus: 0, captureId: 0, size: 0

ja2:1312073:1312073 [0] NCCL INFO mscclSetupProxy: no capture

ja4:2516794:2516794 [0] NCCL INFO mscclSetupProxy: no capture

ja4:2516794:2516794 [0] NCCL INFO MSCCL: Setup Kernel finished, smem 41280 needsFence 1
ja4:2516794:2516794 [0] NCCL INFO mscclGetCaptureStatus: 0, captureId: 0, size: 0

ja4:2516794:2516794 [0] NCCL INFO mscclSetupProxy: no capture

ja4:2516794:2516794 [0] NCCL INFO MSCCL: Setup Kernel finished, smem 41280 needsFence 1
ja4:2516794:2516794 [0] NCCL INFO mscclGetCaptureStatus: 0, captureId: 0, size: 0

ja4:2516794:2516794 [0] NCCL INFO mscclSetupProxy: no capture

ja4:2516794:2516794 [0] NCCL INFO MSCCL: Setup Kernel finished, smem 41280 needsFence 1
ja3:927642:927642 [0] NCCL INFO mscclSetupProxy: no capture

ja3:927642:927642 [0] NCCL INFO MSCCL: Setup Kernel finished, smem 41280 needsFence 1
ja3:927642:927642 [0] NCCL INFO mscclGetCaptureStatus: 0, captureId: 0, size: 0

ja3:927642:927642 [0] NCCL INFO mscclSetupProxy: no capture

ja3:927642:927642 [0] NCCL INFO MSCCL: Setup Kernel finished, smem 41280 needsFence 1
ja3:927642:927642 [0] NCCL INFO mscclGetCaptureStatus: 0, captureId: 0, size: 0

ja3:927642:927642 [0] NCCL INFO mscclSetupProxy: no capture

ja3:927642:927642 [0] NCCL INFO MSCCL: Setup Kernel finished, smem 41280 needsFence 1
ja2:1312073:1312073 [0] NCCL INFO MSCCL: Setup Kernel finished, smem 41280 needsFence 1
ja4:2516794:2516794 [0] NCCL INFO mscclGetCaptureStatus: 0, captureId: 0, size: 0

ja4:2516794:2516794 [0] NCCL INFO mscclSetupProxy: no capture

ja4:2516794:2516794 [0] NCCL INFO MSCCL: Setup Kernel finished, smem 41280 needsFence 1
ja4:2516794:2516794 [0] NCCL INFO mscclGetCaptureStatus: 0, captureId: 0, size: 0

ja4:2516794:2516794 [0] NCCL INFO mscclSetupProxy: no capture

ja4:2516794:2516794 [0] NCCL INFO MSCCL: Setup Kernel finished, smem 41280 needsFence 1
ja3:927642:927642 [0] NCCL INFO mscclGetCaptureStatus: 0, captureId: 0, size: 0

ja3:927642:927642 [0] NCCL INFO mscclSetupProxy: no capture

ja3:927642:927642 [0] NCCL INFO MSCCL: Setup Kernel finished, smem 41280 needsFence 1
ja3:927642:927642 [0] NCCL INFO mscclGetCaptureStatus: 0, captureId: 0, size: 0

ja3:927642:927642 [0] NCCL INFO mscclSetupProxy: no capture

ja3:927642:927642 [0] NCCL INFO MSCCL: Setup Kernel finished, smem 41280 needsFence 1
ja4:2516794:2516794 [0] NCCL INFO mscclGetCaptureStatus: 0, captureId: 0, size: 0

ja4:2516794:2516794 [0] NCCL INFO mscclSetupProxy: no capture

ja4:2516794:2516794 [0] NCCL INFO MSCCL: Setup Kernel finished, smem 41280 needsFence 1
ja4:2516794:2516794 [0] NCCL INFO mscclGetCaptureStatus: 0, captureId: 0, size: 0

ja4:2516794:2516794 [0] NCCL INFO mscclSetupProxy: no capture

ja4:2516794:2516794 [0] NCCL INFO MSCCL: Setup Kernel finished, smem 41280 needsFence 1
ja4:2516794:2516794 [0] NCCL INFO mscclGetCaptureStatus: 0, captureId: 0, size: 0

ja3:927642:927642 [0] NCCL INFO mscclGetCaptureStatus: 0, captureId: 0, size: 0

ja3:927642:927642 [0] NCCL INFO mscclSetupProxy: no capture

ja3:927642:927642 [0] NCCL INFO MSCCL: Setup Kernel finished, smem 41280 needsFence 1
ja3:927642:927642 [0] NCCL INFO mscclGetCaptureStatus: 0, captureId: 0, size: 0

ja3:927642:927642 [0] NCCL INFO mscclSetupProxy: no capture

ja4:2516794:2516794 [0] NCCL INFO mscclSetupProxy: no capture

ja4:2516794:2516794 [0] NCCL INFO MSCCL: Setup Kernel finished, smem 41280 needsFence 1
ja4:2516794:2516794 [0] NCCL INFO mscclGetCaptureStatus: 0, captureId: 0, size: 0

ja4:2516794:2516794 [0] NCCL INFO mscclSetupProxy: no capture

ja4:2516794:2516794 [0] NCCL INFO MSCCL: Setup Kernel finished, smem 41280 needsFence 1
ja4:2516794:2516794 [0] NCCL INFO mscclGetCaptureStatus: 0, captureId: 0, size: 0

ja4:2516794:2516794 [0] NCCL INFO mscclSetupProxy: no capture

ja4:2516794:2516794 [0] NCCL INFO MSCCL: Setup Kernel finished, smem 41280 needsFence 1
ja4:2516794:2516794 [0] NCCL INFO mscclGetCaptureStatus: 0, captureId: 0, size: 0

ja4:2516794:2516794 [0] NCCL INFO mscclSetupProxy: no capture

ja4:2516794:2516794 [0] NCCL INFO MSCCL: Setup Kernel finished, smem 41280 needsFence 1
ja3:927642:927642 [0] NCCL INFO MSCCL: Setup Kernel finished, smem 41280 needsFence 1
ja2:1312073:1312073 [0] NCCL INFO mscclGetCaptureStatus: 0, captureId: 0, size: 0

ja2:1312073:1312073 [0] NCCL INFO mscclSetupProxy: no capture

ja2:1312073:1312073 [0] NCCL INFO MSCCL: Setup Kernel finished, smem 41280 needsFence 1
ja3:927642:927642 [0] NCCL INFO mscclGetCaptureStatus: 0, captureId: 0, size: 0

ja3:927642:927642 [0] NCCL INFO mscclSetupProxy: no capture

ja3:927642:927642 [0] NCCL INFO MSCCL: Setup Kernel finished, smem 41280 needsFence 1
ja4:2516794:2516794 [0] NCCL INFO mscclGetCaptureStatus: 0, captureId: 0, size: 0

ja4:2516794:2516794 [0] NCCL INFO mscclSetupProxy: no capture

ja4:2516794:2516794 [0] NCCL INFO MSCCL: Setup Kernel finished, smem 41280 needsFence 1
    146.7    0.08    0.06      0
       24576          2048     float    none      -1    31.11    0.79    0.53      0ja2:1312073:1312073 [0] NCCL INFO mscclGetCaptureStatus: 0, captureId: 0, size: 0

ja2:1312073:1312073 [0] NCCL INFO mscclSetupProxy: no capture

ja2:1312073:1312073 [0] NCCL INFO MSCCL: Setup Kernel finished, smem 41280 needsFence 1
ja3:927642:927642 [0] NCCL INFO mscclGetCaptureStatus: 0, captureId: 0, size: 0

ja3:927642:927642 [0] NCCL INFO mscclSetupProxy: no capture

ja3:927642:927642 [0] NCCL INFO MSCCL: Setup Kernel finished, smem 41280 needsFence 1
ja2:1312073:1312073 [0] NCCL INFO mscclGetCaptureStatus: 0, captureId: 0, size: 0

ja2:1312073:1312073 [0] NCCL INFO mscclSetupProxy: no capture

ja2:1312073:1312073 [0] NCCL INFO MSCCL: Setup Kernel finished, smem 41280 needsFence 1
ja2:1312073:1312073 [0] NCCL INFO mscclGetCaptureStatus: 0, captureId: 0, size: 0

ja2:1312073:1312073 [0] NCCL INFO mscclSetupProxy: no capture

ja2:1312073:1312073 [0] NCCL INFO MSCCL: Setup Kernel finished, smem 41280 needsFence 1
ja2:1312073:1312073 [0] NCCL INFO mscclGetCaptureStatus: 0, captureId: 0, size: 0

ja2:1312073:1312073 [0] NCCL INFO mscclSetupProxy: no capture

ja3:927642:927642 [0] NCCL INFO mscclGetCaptureStatus: 0, captureId: 0, size: 0

ja3:927642:927642 [0] NCCL INFO mscclSetupProxy: no capture

ja3:927642:927642 [0] NCCL INFO MSCCL: Setup Kernel finished, smem 41280 needsFence 1
ja2:1312073:1312073 [0] NCCL INFO MSCCL: Setup Kernel finished, smem 41280 needsFence 1
ja2:1312073:1312073 [0] NCCL INFO mscclGetCaptureStatus: 0, captureId: 0, size: 0

ja2:1312073:1312073 [0] NCCL INFO mscclSetupProxy: no capture

ja2:1312073:1312073 [0] NCCL INFO MSCCL: Setup Kernel finished, smem 41280 needsFence 1
ja2:1312073:1312073 [0] NCCL INFO mscclGetCaptureStatus: 0, captureId: 0, size: 0

ja2:1312073:1312073 [0] NCCL INFO mscclSetupProxy: no capture

ja2:1312073:1312073 [0] NCCL INFO MSCCL: Setup Kernel finished, smem 41280 needsFence 1
ja4:2516794:2516794 [0] NCCL INFO mscclGetCaptureStatus: 0, captureId: 0, size: 0

ja4:2516794:2516794 [0] NCCL INFO mscclSetupProxy: no capture

ja4:2516794:2516794 [0] NCCL INFO MSCCL: Setup Kernel finished, smem 41280 needsFence 1
ja3:927642:927642 [0] NCCL INFO mscclGetCaptureStatus: 0, captureId: 0, size: 0

ja3:927642:927642 [0] NCCL INFO mscclSetupProxy: no capture

ja3:927642:927642 [0] NCCL INFO MSCCL: Setup Kernel finished, smem 41280 needsFence 1
ja3:927642:927642 [0] NCCL INFO mscclGetCaptureStatus: 0, captureId: 0, size: 0

ja3:927642:927642 [0] NCCL INFO mscclSetupProxy: no capture

ja3:927642:927642 [0] NCCL INFO MSCCL: Setup Kernel finished, smem 41280 needsFence 1
ja3:927642:927642 [0] NCCL INFO mscclGetCaptureStatus: 0, captureId: 0, size: 0

ja2:1312073:1312073 [0] NCCL INFO mscclGetCaptureStatus: 0, captureId: 0, size: 0

ja2:1312073:1312073 [0] NCCL INFO mscclSetupProxy: no capture

ja2:1312073:1312073 [0] NCCL INFO MSCCL: Setup Kernel finished, smem 41280 needsFence 1
ja2:1312073:1312073 [0] NCCL INFO mscclGetCaptureStatus: 0, captureId: 0, size: 0

ja2:1312073:1312073 [0] NCCL INFO mscclSetupProxy: no capture

ja2:1312073:1312073 [0] NCCL INFO MSCCL: Setup Kernel finished, smem 41280 needsFence 1
ja2:1312073:1312073 [0] NCCL INFO mscclGetCaptureStatus: 0, captureId: 0, size: 0

ja2:1312073:1312073 [0] NCCL INFO mscclSetupProxy: no capture

ja4:2516794:2516794 [0] NCCL INFO mscclGetCaptureStatus: 0, captureId: 0, size: 0

ja4:2516794:2516794 [0] NCCL INFO mscclSetupProxy: no capture

ja4:2516794:2516794 [0] NCCL INFO MSCCL: Setup Kernel finished, smem 41280 needsFence 1
ja3:927642:927642 [0] NCCL INFO mscclSetupProxy: no capture

ja3:927642:927642 [0] NCCL INFO MSCCL: Setup Kernel finished, smem 41280 needsFence 1
ja3:927642:927642 [0] NCCL INFO mscclGetCaptureStatus: 0, captureId: 0, size: 0

ja3:927642:927642 [0] NCCL INFO mscclSetupProxy: no capture

ja3:927642:927642 [0] NCCL INFO MSCCL: Setup Kernel finished, smem 41280 needsFence 1
ja3:927642:927642 [0] NCCL INFO mscclGetCaptureStatus: 0, captureId: 0, size: 0

ja3:927642:927642 [0] NCCL INFO mscclSetupProxy: no capture

ja3:927642:927642 [0] NCCL INFO MSCCL: Setup Kernel finished, smem 41280 needsFence 1
ja2:1312073:1312073 [0] NCCL INFO MSCCL: Setup Kernel finished, smem 41280 needsFence 1
ja2:1312073:1312073 [0] NCCL INFO mscclGetCaptureStatus: 0, captureId: 0, size: 0

ja2:1312073:1312073 [0] NCCL INFO mscclSetupProxy: no capture

ja2:1312073:1312073 [0] NCCL INFO MSCCL: Setup Kernel finished, smem 41280 needsFence 1
ja2:1312073:1312073 [0] NCCL INFO mscclGetCaptureStatus: 0, captureId: 0, size: 0

ja2:1312073:1312073 [0] NCCL INFO mscclSetupProxy: no capture

ja2:1312073:1312073 [0] NCCL INFO MSCCL: Setup Kernel finished, smem 41280 needsFence 1
ja2:1312073:1312073 [0] NCCL INFO mscclGetCaptureStatus: 0, captureId: 0, size: 0

ja2:1312073:1312073 [0] NCCL INFO mscclSetupProxy: no capture

ja2:1312073:1312073 [0] NCCL INFO MSCCL: Setup Kernel finished, smem 41280 needsFence 1
ja2:1312073:1312073 [0] NCCL INFO mscclGetCaptureStatus: 0, captureId: 0, size: 0

ja2:1312073:1312073 [0] NCCL INFO mscclSetupProxy: no capture

ja4:2516794:2516794 [0] NCCL INFO mscclGetCaptureStatus: 0, captureId: 0, size: 0

ja4:2516794:2516794 [0] NCCL INFO mscclSetupProxy: no capture

ja4:2516794:2516794 [0] NCCL INFO MSCCL: Setup Kernel finished, smem 41280 needsFence 1
ja4:2516794:2516794 [0] NCCL INFO mscclGetCaptureStatus: 0, captureId: 0, size: 0

ja3:927642:927642 [0] NCCL INFO mscclGetCaptureStatus: 0, captureId: 0, size: 0

ja3:927642:927642 [0] NCCL INFO mscclSetupProxy: no capture

ja3:927642:927642 [0] NCCL INFO MSCCL: Setup Kernel finished, smem 41280 needsFence 1
ja3:927642:927642 [0] NCCL INFO mscclGetCaptureStatus: 0, captureId: 0, size: 0

ja3:927642:927642 [0] NCCL INFO mscclSetupProxy: no capture

ja3:927642:927642 [0] NCCL INFO MSCCL: Setup Kernel finished, smem 41280 needsFence 1
ja3:927642:927642 [0] NCCL INFO mscclGetCaptureStatus: 0, captureId: 0, size: 0

ja3:927642:927642 [0] NCCL INFO mscclSetupProxy: no capture

ja3:927642:927642 [0] NCCL INFO MSCCL: Setup Kernel finished, smem 41280 needsFence 1
ja2:1312073:1312073 [0] NCCL INFO MSCCL: Setup Kernel finished, smem 41280 needsFence 1
ja4:2516794:2516794 [0] NCCL INFO mscclSetupProxy: no capture

ja4:2516794:2516794 [0] NCCL INFO MSCCL: Setup Kernel finished, smem 41280 needsFence 1
ja4:2516794:2516794 [0] NCCL INFO mscclGetCaptureStatus: 0, captureId: 0, size: 0

ja4:2516794:2516794 [0] NCCL INFO mscclSetupProxy: no capture

ja4:2516794:2516794 [0] NCCL INFO MSCCL: Setup Kernel finished, smem 41280 needsFence 1
ja3:927642:927642 [0] NCCL INFO mscclGetCaptureStatus: 0, captureId: 0, size: 0

ja3:927642:927642 [0] NCCL INFO mscclSetupProxy: no capture

ja3:927642:927642 [0] NCCL INFO MSCCL: Setup Kernel finished, smem 41280 needsFence 1
ja3:927642:927642 [0] NCCL INFO mscclGetCaptureStatus: 0, captureId: 0, size: 0

ja3:927642:927642 [0] NCCL INFO mscclSetupProxy: no capture

ja3:927642:927642 [0] NCCL INFO MSCCL: Setup Kernel finished, smem 41280 needsFence 1
ja2:1312073:1312073 [0] NCCL INFO mscclGetCaptureStatus: 0, captureId: 0, size: 0

ja2:1312073:1312073 [0] NCCL INFO mscclSetupProxy: no capture

ja2:1312073:1312073 [0] NCCL INFO MSCCL: Setup Kernel finished, smem 41280 needsFence 1
ja2:1312073:1312073 [0] NCCL INFO mscclGetCaptureStatus: 0, captureId: 0, size: 0

ja2:1312073:1312073 [0] NCCL INFO mscclSetupProxy: no capture

ja2:1312073:1312073 [0] NCCL INFO MSCCL: Setup Kernel finished, smem 41280 needsFence 1
ja2:1312073:1312073 [0] NCCL INFO mscclGetCaptureStatus: 0, captureId: 0, size: 0

ja2:1312073:1312073 [0] NCCL INFO mscclSetupProxy: no capture

ja2:1312073:1312073 [0] NCCL INFO MSCCL: Setup Kernel finished, smem 41280 needsFence 1
ja2:1312073:1312073 [0] NCCL INFO mscclGetCaptureStatus: 0, captureId: 0, size: 0

ja2:1312073:1312073 [0] NCCL INFO mscclSetupProxy: no capture

ja2:1312073:1312073 [0] NCCL INFO MSCCL: Setup Kernel finished, smem 41280 needsFence 1
ja4:2516794:2516794 [0] NCCL INFO mscclGetCaptureStatus: 0, captureId: 0, size: 0

ja4:2516794:2516794 [0] NCCL INFO mscclSetupProxy: no capture

ja4:2516794:2516794 [0] NCCL INFO MSCCL: Setup Kernel finished, smem 41280 needsFence 1
ja4:2516794:2516794 [0] NCCL INFO mscclGetCaptureStatus: 0, captureId: 0, size: 0

ja4:2516794:2516794 [0] NCCL INFO mscclSetupProxy: no capture

ja4:2516794:2516794 [0] NCCL INFO MSCCL: Setup Kernel finished, smem 41280 needsFence 1
ja4:2516794:2516794 [0] NCCL INFO mscclGetCaptureStatus: 0, captureId: 0, size: 0

ja4:2516794:2516794 [0] NCCL INFO mscclSetupProxy: no capture

ja4:2516794:2516794 [0] NCCL INFO MSCCL: Setup Kernel finished, smem 41280 needsFence 1
ja4:2516794:2516794 [0] NCCL INFO mscclGetCaptureStatus: 0, captureId: 0, size: 0

ja4:2516794:2516794 [0] NCCL INFO mscclSetupProxy: no capture

ja3:927642:927642 [0] NCCL INFO mscclGetCaptureStatus: 0, captureId: 0, size: 0

ja3:927642:927642 [0] NCCL INFO mscclSetupProxy: no capture

ja3:927642:927642 [0] NCCL INFO MSCCL: Setup Kernel finished, smem 41280 needsFence 1
ja3:927642:927642 [0] NCCL INFO mscclGetCaptureStatus: 0, captureId: 0, size: 0

ja3:927642:927642 [0] NCCL INFO mscclSetupProxy: no capture

ja3:927642:927642 [0] NCCL INFO MSCCL: Setup Kernel finished, smem 41280 needsFence 1
ja3:927642:927642 [0] NCCL INFO mscclGetCaptureStatus: 0, captureId: 0, size: 0

ja2:1312073:1312073 [0] NCCL INFO mscclGetCaptureStatus: 0, captureId: 0, size: 0

ja2:1312073:1312073 [0] NCCL INFO mscclSetupProxy: no capture

ja2:1312073:1312073 [0] NCCL INFO MSCCL: Setup Kernel finished, smem 41280 needsFence 1
ja2:1312073:1312073 [0] NCCL INFO mscclGetCaptureStatus: 0, captureId: 0, size: 0

ja2:1312073:1312073 [0] NCCL INFO mscclSetupProxy: no capture

ja2:1312073:1312073 [0] NCCL INFO MSCCL: Setup Kernel finished, smem 41280 needsFence 1
ja2:1312073:1312073 [0] NCCL INFO mscclGetCaptureStatus: 0, captureId: 0, size: 0

ja2:1312073:1312073 [0] NCCL INFO mscclSetupProxy: no capture

ja2:1312073:1312073 [0] NCCL INFO MSCCL: Setup Kernel finished, smem 41280 needsFence 1
ja4:2516794:2516794 [0] NCCL INFO MSCCL: Setup Kernel finished, smem 41280 needsFence 1
ja4:2516794:2516794 [0] NCCL INFO mscclGetCaptureStatus: 0, captureId: 0, size: 0

ja4:2516794:2516794 [0] NCCL INFO mscclSetupProxy: no capture

ja4:2516794:2516794 [0] NCCL INFO MSCCL: Setup Kernel finished, smem 41280 needsFence 1
ja4:2516794:2516794 [0] NCCL INFO mscclGetCaptureStatus: 0, captureId: 0, size: 0

ja4:2516794:2516794 [0] NCCL INFO mscclSetupProxy: no capture

ja4:2516794:2516794 [0] NCCL INFO MSCCL: Setup Kernel finished, smem 41280 needsFence 1
ja3:927642:927642 [0] NCCL INFO mscclSetupProxy: no capture

ja3:927642:927642 [0] NCCL INFO MSCCL: Setup Kernel finished, smem 41280 needsFence 1
ja3:927642:927642 [0] NCCL INFO mscclGetCaptureStatus: 0, captureId: 0, size: 0

ja3:927642:927642 [0] NCCL INFO mscclSetupProxy: no capture

ja3:927642:927642 [0] NCCL INFO MSCCL: Setup Kernel finished, smem 41280 needsFence 1
ja2:1312073:1312073 [0] NCCL INFO mscclGetCaptureStatus: 0, captureId: 0, size: 0

ja2:1312073:1312073 [0] NCCL INFO mscclSetupProxy: no capture

ja2:1312073:1312073 [0] NCCL INFO MSCCL: Setup Kernel finished, smem 41280 needsFence 1
ja4:2516794:2516794 [0] NCCL INFO mscclGetCaptureStatus: 0, captureId: 0, size: 0

ja4:2516794:2516794 [0] NCCL INFO mscclSetupProxy: no capture

ja4:2516794:2516794 [0] NCCL INFO MSCCL: Setup Kernel finished, smem 41280 needsFence 1
ja4:2516794:2516794 [0] NCCL INFO mscclGetCaptureStatus: 0, captureId: 0, size: 0

ja4:2516794:2516794 [0] NCCL INFO mscclSetupProxy: no capture

ja4:2516794:2516794 [0] NCCL INFO MSCCL: Setup Kernel finished, smem 41280 needsFence 1
ja4:2516794:2516794 [0] NCCL INFO mscclGetCaptureStatus: 0, captureId: 0, size: 0

ja4:2516794:2516794 [0] NCCL INFO mscclSetupProxy: no capture

ja4:2516794:2516794 [0] NCCL INFO MSCCL: Setup Kernel finished, smem 41280 needsFence 1
ja3:927642:927642 [0] NCCL INFO mscclGetCaptureStatus: 0, captureId: 0, size: 0

ja3:927642:927642 [0] NCCL INFO mscclSetupProxy: no capture

ja3:927642:927642 [0] NCCL INFO MSCCL: Setup Kernel finished, smem 41280 needsFence 1
ja3:927642:927642 [0] NCCL INFO mscclGetCaptureStatus: 0, captureId: 0, size: 0

ja3:927642:927642 [0] NCCL INFO mscclSetupProxy: no capture

ja3:927642:927642 [0] NCCL INFO MSCCL: Setup Kernel finished, smem 41280 needsFence 1
ja3:927642:927642 [0] NCCL INFO mscclGetCaptureStatus: 0, captureId: 0, size: 0

ja3:927642:927642 [0] NCCL INFO mscclSetupProxy: no capture

ja3:927642:927642 [0] NCCL INFO MSCCL: Setup Kernel finished, smem 41280 needsFence 1
ja3:927642:927642 [0] NCCL INFO mscclGetCaptureStatus: 0, captureId: 0, size: 0

ja3:927642:927642 [0] NCCL INFO mscclSetupProxy: no capture

ja3:927642:927642 [0] NCCL INFO MSCCL: Setup Kernel finished, smem 41280 needsFence 1
ja4:2516794:2516794 [0] NCCL INFO mscclGetCaptureStatus: 0, captureId: 0, size: 0

ja4:2516794:2516794 [0] NCCL INFO mscclSetupProxy: no capture

ja4:2516794:2516794 [0] NCCL INFO MSCCL: Setup Kernel finished, smem 41280 needsFence 1
ja4:2516794:2516794 [0] NCCL INFO mscclGetCaptureStatus: 0, captureId: 0, size: 0

ja4:2516794:2516794 [0] NCCL INFO mscclSetupProxy: no capture

ja4:2516794:2516794 [0] NCCL INFO MSCCL: Setup Kernel finished, smem 41280 needsFence 1
ja3:927642:927642 [0] NCCL INFO mscclGetCaptureStatus: 0, captureId: 0, size: 0

ja3:927642:927642 [0] NCCL INFO mscclSetupProxy: no capture

ja3:927642:927642 [0] NCCL INFO MSCCL: Setup Kernel finished, smem 41280 needsFence 1
ja4:2516794:2516794 [0] NCCL INFO mscclGetCaptureStatus: 0, captureId: 0, size: 0

ja4:2516794:2516794 [0] NCCL INFO mscclSetupProxy: no capture

ja4:2516794:2516794 [0] NCCL INFO MSCCL: Setup Kernel finished, smem 41280 needsFence 1
ja4:2516794:2516794 [0] NCCL INFO mscclGetCaptureStatus: 0, captureId: 0, size: 0

ja4:2516794:2516794 [0] NCCL INFO mscclSetupProxy: no capture

ja4:2516794:2516794 [0] NCCL INFO MSCCL: Setup Kernel finished, smem 41280 needsFence 1
ja4:2516794:2516794 [0] NCCL INFO mscclGetCaptureStatus: 0, captureId: 0, size: 0

ja4:2516794:2516794 [0] NCCL INFO mscclSetupProxy: no capture

ja4:2516794:2516794 [0] NCCL INFO MSCCL: Setup Kernel finished, smem 41280 needsFence 1
ja4:2516794:2516794 [0] NCCL INFO mscclGetCaptureStatus: 0, captureId: 0, size: 0

ja4:2516794:2516794 [0] NCCL INFO mscclSetupProxy: no capture

ja4:2516794:2516794 [0] NCCL INFO MSCCL: Setup Kernel finished, smem 41280 needsFence 1
ja4:2516794:2516794 [0] NCCL INFO mscclGetCaptureStatus: 0, captureId: 0, size: 0

ja4:2516794:2516794 [0] NCCL INFO mscclSetupProxy: no capture

ja4:2516794:2516794 [0] NCCL INFO MSCCL: Setup Kernel finished, smem 41280 needsFence 1
ja2:1312073:1312073 [0] NCCL INFO mscclGetCaptureStatus: 0, captureId: 0, size: 0

ja2:1312073:1312073 [0] NCCL INFO mscclSetupProxy: no capture

ja2:1312073:1312073 [0] NCCL INFO MSCCL: Setup Kernel finished, smem 41280 needsFence 1
ja3:927642:927642 [0] NCCL INFO mscclGetCaptureStatus: 0, captureId: 0, size: 0

ja3:927642:927642 [0] NCCL INFO mscclSetupProxy: no capture

ja3:927642:927642 [0] NCCL INFO MSCCL: Setup Kernel finished, smem 41280 needsFence 1
ja4:2516794:2516794 [0] NCCL INFO mscclGetCaptureStatus: 0, captureId: 0, size: 0

ja4:2516794:2516794 [0] NCCL INFO mscclSetupProxy: no capture

ja4:2516794:2516794 [0] NCCL INFO MSCCL: Setup Kernel finished, smem 41280 needsFence 1
    128.3    0.19    0.13      0
       49152          4096     float    none      -1    40.80    1.20    0.80      0ja2:1312073:1312073 [0] NCCL INFO mscclGetCaptureStatus: 0, captureId: 0, size: 0

ja2:1312073:1312073 [0] NCCL INFO mscclSetupProxy: no capture

ja2:1312073:1312073 [0] NCCL INFO MSCCL: Setup Kernel finished, smem 41280 needsFence 1
ja3:927642:927642 [0] NCCL INFO mscclGetCaptureStatus: 0, captureId: 0, size: 0

ja3:927642:927642 [0] NCCL INFO mscclSetupProxy: no capture

ja3:927642:927642 [0] NCCL INFO MSCCL: Setup Kernel finished, smem 41280 needsFence 1
ja2:1312073:1312073 [0] NCCL INFO mscclGetCaptureStatus: 0, captureId: 0, size: 0

ja2:1312073:1312073 [0] NCCL INFO mscclSetupProxy: no capture

ja2:1312073:1312073 [0] NCCL INFO MSCCL: Setup Kernel finished, smem 41280 needsFence 1
ja2:1312073:1312073 [0] NCCL INFO mscclGetCaptureStatus: 0, captureId: 0, size: 0

ja2:1312073:1312073 [0] NCCL INFO mscclSetupProxy: no capture

ja2:1312073:1312073 [0] NCCL INFO MSCCL: Setup Kernel finished, smem 41280 needsFence 1
ja2:1312073:1312073 [0] NCCL INFO mscclGetCaptureStatus: 0, captureId: 0, size: 0

ja2:1312073:1312073 [0] NCCL INFO mscclSetupProxy: no capture

ja2:1312073:1312073 [0] NCCL INFO MSCCL: Setup Kernel finished, smem 41280 needsFence 1
ja2:1312073:1312073 [0] NCCL INFO mscclGetCaptureStatus: 0, captureId: 0, size: 0

ja4:2516794:2516794 [0] NCCL INFO mscclGetCaptureStatus: 0, captureId: 0, size: 0

ja4:2516794:2516794 [0] NCCL INFO mscclSetupProxy: no capture

ja4:2516794:2516794 [0] NCCL INFO MSCCL: Setup Kernel finished, smem 41280 needsFence 1
ja3:927642:927642 [0] NCCL INFO mscclGetCaptureStatus: 0, captureId: 0, size: 0

ja3:927642:927642 [0] NCCL INFO mscclSetupProxy: no capture

ja3:927642:927642 [0] NCCL INFO MSCCL: Setup Kernel finished, smem 41280 needsFence 1
ja2:1312073:1312073 [0] NCCL INFO mscclSetupProxy: no capture

ja2:1312073:1312073 [0] NCCL INFO MSCCL: Setup Kernel finished, smem 41280 needsFence 1
ja2:1312073:1312073 [0] NCCL INFO mscclGetCaptureStatus: 0, captureId: 0, size: 0

ja2:1312073:1312073 [0] NCCL INFO mscclSetupProxy: no capture

ja2:1312073:1312073 [0] NCCL INFO MSCCL: Setup Kernel finished, smem 41280 needsFence 1
ja2:1312073:1312073 [0] NCCL INFO mscclGetCaptureStatus: 0, captureId: 0, size: 0

ja2:1312073:1312073 [0] NCCL INFO mscclSetupProxy: no capture

ja2:1312073:1312073 [0] NCCL INFO MSCCL: Setup Kernel finished, smem 41280 needsFence 1
ja2:1312073:1312073 [0] NCCL INFO mscclGetCaptureStatus: 0, captureId: 0, size: 0

ja2:1312073:1312073 [0] NCCL INFO mscclSetupProxy: no capture

ja2:1312073:1312073 [0] NCCL INFO MSCCL: Setup Kernel finished, smem 41280 needsFence 1
ja4:2516794:2516794 [0] NCCL INFO mscclGetCaptureStatus: 0, captureId: 0, size: 0

ja4:2516794:2516794 [0] NCCL INFO mscclSetupProxy: no capture

ja4:2516794:2516794 [0] NCCL INFO MSCCL: Setup Kernel finished, smem 41280 needsFence 1
ja3:927642:927642 [0] NCCL INFO mscclGetCaptureStatus: 0, captureId: 0, size: 0

ja3:927642:927642 [0] NCCL INFO mscclSetupProxy: no capture

ja3:927642:927642 [0] NCCL INFO MSCCL: Setup Kernel finished, smem 41280 needsFence 1
ja3:927642:927642 [0] NCCL INFO mscclGetCaptureStatus: 0, captureId: 0, size: 0

ja3:927642:927642 [0] NCCL INFO mscclSetupProxy: no capture

ja3:927642:927642 [0] NCCL INFO MSCCL: Setup Kernel finished, smem 41280 needsFence 1
ja2:1312073:1312073 [0] NCCL INFO mscclGetCaptureStatus: 0, captureId: 0, size: 0

ja2:1312073:1312073 [0] NCCL INFO mscclSetupProxy: no capture

ja2:1312073:1312073 [0] NCCL INFO MSCCL: Setup Kernel finished, smem 41280 needsFence 1
ja2:1312073:1312073 [0] NCCL INFO mscclGetCaptureStatus: 0, captureId: 0, size: 0

ja2:1312073:1312073 [0] NCCL INFO mscclSetupProxy: no capture

ja2:1312073:1312073 [0] NCCL INFO MSCCL: Setup Kernel finished, smem 41280 needsFence 1
ja2:1312073:1312073 [0] NCCL INFO mscclGetCaptureStatus: 0, captureId: 0, size: 0

ja2:1312073:1312073 [0] NCCL INFO mscclSetupProxy: no capture

ja2:1312073:1312073 [0] NCCL INFO MSCCL: Setup Kernel finished, smem 41280 needsFence 1
ja2:1312073:1312073 [0] NCCL INFO mscclGetCaptureStatus: 0, captureId: 0, size: 0

ja4:2516794:2516794 [0] NCCL INFO mscclGetCaptureStatus: 0, captureId: 0, size: 0

ja4:2516794:2516794 [0] NCCL INFO mscclSetupProxy: no capture

ja4:2516794:2516794 [0] NCCL INFO MSCCL: Setup Kernel finished, smem 41280 needsFence 1
ja3:927642:927642 [0] NCCL INFO mscclGetCaptureStatus: 0, captureId: 0, size: 0

ja3:927642:927642 [0] NCCL INFO mscclSetupProxy: no capture

ja3:927642:927642 [0] NCCL INFO MSCCL: Setup Kernel finished, smem 41280 needsFence 1
ja3:927642:927642 [0] NCCL INFO mscclGetCaptureStatus: 0, captureId: 0, size: 0

ja3:927642:927642 [0] NCCL INFO mscclSetupProxy: no capture

ja3:927642:927642 [0] NCCL INFO MSCCL: Setup Kernel finished, smem 41280 needsFence 1
ja3:927642:927642 [0] NCCL INFO mscclGetCaptureStatus: 0, captureId: 0, size: 0

ja3:927642:927642 [0] NCCL INFO mscclSetupProxy: no capture

ja2:1312073:1312073 [0] NCCL INFO mscclSetupProxy: no capture

ja2:1312073:1312073 [0] NCCL INFO MSCCL: Setup Kernel finished, smem 41280 needsFence 1
ja2:1312073:1312073 [0] NCCL INFO mscclGetCaptureStatus: 0, captureId: 0, size: 0

ja2:1312073:1312073 [0] NCCL INFO mscclSetupProxy: no capture

ja2:1312073:1312073 [0] NCCL INFO MSCCL: Setup Kernel finished, smem 41280 needsFence 1
ja2:1312073:1312073 [0] NCCL INFO mscclGetCaptureStatus: 0, captureId: 0, size: 0

ja2:1312073:1312073 [0] NCCL INFO mscclSetupProxy: no capture

ja2:1312073:1312073 [0] NCCL INFO MSCCL: Setup Kernel finished, smem 41280 needsFence 1
ja4:2516794:2516794 [0] NCCL INFO mscclGetCaptureStatus: 0, captureId: 0, size: 0

ja4:2516794:2516794 [0] NCCL INFO mscclSetupProxy: no capture

ja4:2516794:2516794 [0] NCCL INFO MSCCL: Setup Kernel finished, smem 41280 needsFence 1
ja4:2516794:2516794 [0] NCCL INFO mscclGetCaptureStatus: 0, captureId: 0, size: 0

ja4:2516794:2516794 [0] NCCL INFO mscclSetupProxy: no capture

ja4:2516794:2516794 [0] NCCL INFO MSCCL: Setup Kernel finished, smem 41280 needsFence 1
ja4:2516794:2516794 [0] NCCL INFO mscclGetCaptureStatus: 0, captureId: 0, size: 0

ja4:2516794:2516794 [0] NCCL INFO mscclSetupProxy: no capture

ja4:2516794:2516794 [0] NCCL INFO MSCCL: Setup Kernel finished, smem 41280 needsFence 1
ja3:927642:927642 [0] NCCL INFO MSCCL: Setup Kernel finished, smem 41280 needsFence 1
ja3:927642:927642 [0] NCCL INFO mscclGetCaptureStatus: 0, captureId: 0, size: 0

ja3:927642:927642 [0] NCCL INFO mscclSetupProxy: no capture

ja3:927642:927642 [0] NCCL INFO MSCCL: Setup Kernel finished, smem 41280 needsFence 1
ja3:927642:927642 [0] NCCL INFO mscclGetCaptureStatus: 0, captureId: 0, size: 0

ja3:927642:927642 [0] NCCL INFO mscclSetupProxy: no capture

ja3:927642:927642 [0] NCCL INFO MSCCL: Setup Kernel finished, smem 41280 needsFence 1
ja3:927642:927642 [0] NCCL INFO mscclGetCaptureStatus: 0, captureId: 0, size: 0

ja3:927642:927642 [0] NCCL INFO mscclSetupProxy: no capture

ja2:1312073:1312073 [0] NCCL INFO mscclGetCaptureStatus: 0, captureId: 0, size: 0

ja2:1312073:1312073 [0] NCCL INFO mscclSetupProxy: no capture

ja2:1312073:1312073 [0] NCCL INFO MSCCL: Setup Kernel finished, smem 41280 needsFence 1
ja2:1312073:1312073 [0] NCCL INFO mscclGetCaptureStatus: 0, captureId: 0, size: 0

ja2:1312073:1312073 [0] NCCL INFO mscclSetupProxy: no capture

ja2:1312073:1312073 [0] NCCL INFO MSCCL: Setup Kernel finished, smem 41280 needsFence 1
ja2:1312073:1312073 [0] NCCL INFO mscclGetCaptureStatus: 0, captureId: 0, size: 0

ja2:1312073:1312073 [0] NCCL INFO mscclSetupProxy: no capture

ja2:1312073:1312073 [0] NCCL INFO MSCCL: Setup Kernel finished, smem 41280 needsFence 1
ja4:2516794:2516794 [0] NCCL INFO mscclGetCaptureStatus: 0, captureId: 0, size: 0

ja4:2516794:2516794 [0] NCCL INFO mscclSetupProxy: no capture

ja4:2516794:2516794 [0] NCCL INFO MSCCL: Setup Kernel finished, smem 41280 needsFence 1
ja4:2516794:2516794 [0] NCCL INFO mscclGetCaptureStatus: 0, captureId: 0, size: 0

ja4:2516794:2516794 [0] NCCL INFO mscclSetupProxy: no capture

ja4:2516794:2516794 [0] NCCL INFO MSCCL: Setup Kernel finished, smem 41280 needsFence 1
ja4:2516794:2516794 [0] NCCL INFO mscclGetCaptureStatus: 0, captureId: 0, size: 0

ja4:2516794:2516794 [0] NCCL INFO mscclSetupProxy: no capture

ja4:2516794:2516794 [0] NCCL INFO MSCCL: Setup Kernel finished, smem 41280 needsFence 1
ja3:927642:927642 [0] NCCL INFO MSCCL: Setup Kernel finished, smem 41280 needsFence 1
ja3:927642:927642 [0] NCCL INFO mscclGetCaptureStatus: 0, captureId: 0, size: 0

ja3:927642:927642 [0] NCCL INFO mscclSetupProxy: no capture

ja3:927642:927642 [0] NCCL INFO MSCCL: Setup Kernel finished, smem 41280 needsFence 1
ja3:927642:927642 [0] NCCL INFO mscclGetCaptureStatus: 0, captureId: 0, size: 0

ja3:927642:927642 [0] NCCL INFO mscclSetupProxy: no capture

ja3:927642:927642 [0] NCCL INFO MSCCL: Setup Kernel finished, smem 41280 needsFence 1
ja3:927642:927642 [0] NCCL INFO mscclGetCaptureStatus: 0, captureId: 0, size: 0

ja3:927642:927642 [0] NCCL INFO mscclSetupProxy: no capture

ja3:927642:927642 [0] NCCL INFO MSCCL: Setup Kernel finished, smem 41280 needsFence 1
ja3:927642:927642 [0] NCCL INFO mscclGetCaptureStatus: 0, captureId: 0, size: 0

ja2:1312073:1312073 [0] NCCL INFO mscclGetCaptureStatus: 0, captureId: 0, size: 0

ja2:1312073:1312073 [0] NCCL INFO mscclSetupProxy: no capture

ja2:1312073:1312073 [0] NCCL INFO MSCCL: Setup Kernel finished, smem 41280 needsFence 1
ja2:1312073:1312073 [0] NCCL INFO mscclGetCaptureStatus: 0, captureId: 0, size: 0

ja2:1312073:1312073 [0] NCCL INFO mscclSetupProxy: no capture

ja2:1312073:1312073 [0] NCCL INFO MSCCL: Setup Kernel finished, smem 41280 needsFence 1
ja2:1312073:1312073 [0] NCCL INFO mscclGetCaptureStatus: 0, captureId: 0, size: 0

ja2:1312073:1312073 [0] NCCL INFO mscclSetupProxy: no capture

ja2:1312073:1312073 [0] NCCL INFO MSCCL: Setup Kernel finished, smem 41280 needsFence 1
ja2:1312073:1312073 [0] NCCL INFO mscclGetCaptureStatus: 0, captureId: 0, size: 0

ja4:2516794:2516794 [0] NCCL INFO mscclGetCaptureStatus: 0, captureId: 0, size: 0

ja4:2516794:2516794 [0] NCCL INFO mscclSetupProxy: no capture

ja4:2516794:2516794 [0] NCCL INFO MSCCL: Setup Kernel finished, smem 41280 needsFence 1
ja4:2516794:2516794 [0] NCCL INFO mscclGetCaptureStatus: 0, captureId: 0, size: 0

ja4:2516794:2516794 [0] NCCL INFO mscclSetupProxy: no capture

ja4:2516794:2516794 [0] NCCL INFO MSCCL: Setup Kernel finished, smem 41280 needsFence 1
ja4:2516794:2516794 [0] NCCL INFO mscclGetCaptureStatus: 0, captureId: 0, size: 0

ja4:2516794:2516794 [0] NCCL INFO mscclSetupProxy: no capture

ja4:2516794:2516794 [0] NCCL INFO MSCCL: Setup Kernel finished, smem 41280 needsFence 1
ja3:927642:927642 [0] NCCL INFO mscclSetupProxy: no capture

ja3:927642:927642 [0] NCCL INFO MSCCL: Setup Kernel finished, smem 41280 needsFence 1
ja3:927642:927642 [0] NCCL INFO mscclGetCaptureStatus: 0, captureId: 0, size: 0

ja3:927642:927642 [0] NCCL INFO mscclSetupProxy: no capture

ja3:927642:927642 [0] NCCL INFO MSCCL: Setup Kernel finished, smem 41280 needsFence 1
ja3:927642:927642 [0] NCCL INFO mscclGetCaptureStatus: 0, captureId: 0, size: 0

ja3:927642:927642 [0] NCCL INFO mscclSetupProxy: no capture

ja3:927642:927642 [0] NCCL INFO MSCCL: Setup Kernel finished, smem 41280 needsFence 1
ja3:927642:927642 [0] NCCL INFO mscclGetCaptureStatus: 0, captureId: 0, size: 0

ja3:927642:927642 [0] NCCL INFO mscclSetupProxy: no capture

ja3:927642:927642 [0] NCCL INFO MSCCL: Setup Kernel finished, smem 41280 needsFence 1
ja3:927642:927642 [0] NCCL INFO mscclGetCaptureStatus: 0, captureId: 0, size: 0

ja2:1312073:1312073 [0] NCCL INFO mscclSetupProxy: no capture

ja2:1312073:1312073 [0] NCCL INFO MSCCL: Setup Kernel finished, smem 41280 needsFence 1
ja4:2516794:2516794 [0] NCCL INFO mscclGetCaptureStatus: 0, captureId: 0, size: 0

ja4:2516794:2516794 [0] NCCL INFO mscclSetupProxy: no capture

ja4:2516794:2516794 [0] NCCL INFO MSCCL: Setup Kernel finished, smem 41280 needsFence 1
ja4:2516794:2516794 [0] NCCL INFO mscclGetCaptureStatus: 0, captureId: 0, size: 0

ja4:2516794:2516794 [0] NCCL INFO mscclSetupProxy: no capture

ja4:2516794:2516794 [0] NCCL INFO MSCCL: Setup Kernel finished, smem 41280 needsFence 1
ja3:927642:927642 [0] NCCL INFO mscclSetupProxy: no capture

ja3:927642:927642 [0] NCCL INFO MSCCL: Setup Kernel finished, smem 41280 needsFence 1
ja3:927642:927642 [0] NCCL INFO mscclGetCaptureStatus: 0, captureId: 0, size: 0

ja3:927642:927642 [0] NCCL INFO mscclSetupProxy: no capture

ja3:927642:927642 [0] NCCL INFO MSCCL: Setup Kernel finished, smem 41280 needsFence 1
ja3:927642:927642 [0] NCCL INFO mscclGetCaptureStatus: 0, captureId: 0, size: 0

ja3:927642:927642 [0] NCCL INFO mscclSetupProxy: no capture

ja3:927642:927642 [0] NCCL INFO MSCCL: Setup Kernel finished, smem 41280 needsFence 1
ja4:2516794:2516794 [0] NCCL INFO mscclGetCaptureStatus: 0, captureId: 0, size: 0

ja4:2516794:2516794 [0] NCCL INFO mscclSetupProxy: no capture

ja4:2516794:2516794 [0] NCCL INFO MSCCL: Setup Kernel finished, smem 41280 needsFence 1
ja4:2516794:2516794 [0] NCCL INFO mscclGetCaptureStatus: 0, captureId: 0, size: 0

ja4:2516794:2516794 [0] NCCL INFO mscclSetupProxy: no capture

ja4:2516794:2516794 [0] NCCL INFO MSCCL: Setup Kernel finished, smem 41280 needsFence 1
ja3:927642:927642 [0] NCCL INFO mscclGetCaptureStatus: 0, captureId: 0, size: 0

ja3:927642:927642 [0] NCCL INFO mscclSetupProxy: no capture

ja3:927642:927642 [0] NCCL INFO MSCCL: Setup Kernel finished, smem 41280 needsFence 1
ja4:2516794:2516794 [0] NCCL INFO mscclGetCaptureStatus: 0, captureId: 0, size: 0

ja4:2516794:2516794 [0] NCCL INFO mscclSetupProxy: no capture

ja4:2516794:2516794 [0] NCCL INFO MSCCL: Setup Kernel finished, smem 41280 needsFence 1
ja4:2516794:2516794 [0] NCCL INFO mscclGetCaptureStatus: 0, captureId: 0, size: 0

ja4:2516794:2516794 [0] NCCL INFO mscclSetupProxy: no capture

ja4:2516794:2516794 [0] NCCL INFO MSCCL: Setup Kernel finished, smem 41280 needsFence 1
ja4:2516794:2516794 [0] NCCL INFO mscclGetCaptureStatus: 0, captureId: 0, size: 0

ja4:2516794:2516794 [0] NCCL INFO mscclSetupProxy: no capture

ja4:2516794:2516794 [0] NCCL INFO MSCCL: Setup Kernel finished, smem 41280 needsFence 1
ja4:2516794:2516794 [0] NCCL INFO mscclGetCaptureStatus: 0, captureId: 0, size: 0

ja4:2516794:2516794 [0] NCCL INFO mscclSetupProxy: no capture

ja4:2516794:2516794 [0] NCCL INFO MSCCL: Setup Kernel finished, smem 41280 needsFence 1
ja4:2516794:2516794 [0] NCCL INFO mscclGetCaptureStatus: 0, captureId: 0, size: 0

ja4:2516794:2516794 [0] NCCL INFO mscclSetupProxy: no capture

ja4:2516794:2516794 [0] NCCL INFO MSCCL: Setup Kernel finished, smem 41280 needsFence 1
ja2:1312073:1312073 [0] NCCL INFO mscclGetCaptureStatus: 0, captureId: 0, size: 0

ja2:1312073:1312073 [0] NCCL INFO mscclSetupProxy: no capture

ja2:1312073:1312073 [0] NCCL INFO MSCCL: Setup Kernel finished, smem 41280 needsFence 1
ja3:927642:927642 [0] NCCL INFO mscclGetCaptureStatus: 0, captureId: 0, size: 0

ja3:927642:927642 [0] NCCL INFO mscclSetupProxy: no capture

ja3:927642:927642 [0] NCCL INFO MSCCL: Setup Kernel finished, smem 41280 needsFence 1
ja4:2516794:2516794 [0] NCCL INFO mscclGetCaptureStatus: 0, captureId: 0, size: 0

ja4:2516794:2516794 [0] NCCL INFO mscclSetupProxy: no capture

ja4:2516794:2516794 [0] NCCL INFO MSCCL: Setup Kernel finished, smem 41280 needsFence 1
    145.4    0.34    0.23      0
       98304          8192     float    none      -1    270.9    0.36    0.24      0ja2:1312073:1312073 [0] NCCL INFO mscclGetCaptureStatus: 0, captureId: 0, size: 0

ja2:1312073:1312073 [0] NCCL INFO mscclSetupProxy: no capture

ja2:1312073:1312073 [0] NCCL INFO MSCCL: Setup Kernel finished, smem 41280 needsFence 1
ja2:1312073:1312073 [0] NCCL INFO mscclGetCaptureStatus: 0, captureId: 0, size: 0

ja2:1312073:1312073 [0] NCCL INFO mscclSetupProxy: no capture

ja2:1312073:1312073 [0] NCCL INFO MSCCL: Setup Kernel finished, smem 41280 needsFence 1
ja2:1312073:1312073 [0] NCCL INFO mscclGetCaptureStatus: 0, captureId: 0, size: 0

ja4:2516794:2516794 [0] NCCL INFO mscclGetCaptureStatus: 0, captureId: 0, size: 0

ja4:2516794:2516794 [0] NCCL INFO mscclSetupProxy: no capture

ja4:2516794:2516794 [0] NCCL INFO MSCCL: Setup Kernel finished, smem 41280 needsFence 1
ja3:927642:927642 [0] NCCL INFO mscclGetCaptureStatus: 0, captureId: 0, size: 0

ja3:927642:927642 [0] NCCL INFO mscclSetupProxy: no capture

ja3:927642:927642 [0] NCCL INFO MSCCL: Setup Kernel finished, smem 41280 needsFence 1
ja2:1312073:1312073 [0] NCCL INFO mscclSetupProxy: no capture

ja2:1312073:1312073 [0] NCCL INFO MSCCL: Setup Kernel finished, smem 41280 needsFence 1
ja2:1312073:1312073 [0] NCCL INFO mscclGetCaptureStatus: 0, captureId: 0, size: 0

ja2:1312073:1312073 [0] NCCL INFO mscclSetupProxy: no capture

ja3:927642:927642 [0] NCCL INFO mscclGetCaptureStatus: 0, captureId: 0, size: 0

ja3:927642:927642 [0] NCCL INFO mscclSetupProxy: no capture

ja3:927642:927642 [0] NCCL INFO MSCCL: Setup Kernel finished, smem 41280 needsFence 1
ja3:927642:927642 [0] NCCL INFO mscclGetCaptureStatus: 0, captureId: 0, size: 0

ja3:927642:927642 [0] NCCL INFO mscclSetupProxy: no capture

ja2:1312073:1312073 [0] NCCL INFO MSCCL: Setup Kernel finished, smem 41280 needsFence 1
ja2:1312073:1312073 [0] NCCL INFO mscclGetCaptureStatus: 0, captureId: 0, size: 0

ja2:1312073:1312073 [0] NCCL INFO mscclSetupProxy: no capture

ja2:1312073:1312073 [0] NCCL INFO MSCCL: Setup Kernel finished, smem 41280 needsFence 1
ja2:1312073:1312073 [0] NCCL INFO mscclGetCaptureStatus: 0, captureId: 0, size: 0

ja2:1312073:1312073 [0] NCCL INFO mscclSetupProxy: no capture

ja2:1312073:1312073 [0] NCCL INFO MSCCL: Setup Kernel finished, smem 41280 needsFence 1
ja2:1312073:1312073 [0] NCCL INFO mscclGetCaptureStatus: 0, captureId: 0, size: 0

ja2:1312073:1312073 [0] NCCL INFO mscclSetupProxy: no capture

ja2:1312073:1312073 [0] NCCL INFO MSCCL: Setup Kernel finished, smem 41280 needsFence 1
ja2:1312073:1312073 [0] NCCL INFO mscclGetCaptureStatus: 0, captureId: 0, size: 0

ja2:1312073:1312073 [0] NCCL INFO mscclSetupProxy: no capture

ja4:2516794:2516794 [0] NCCL INFO mscclGetCaptureStatus: 0, captureId: 0, size: 0

ja4:2516794:2516794 [0] NCCL INFO mscclSetupProxy: no capture

ja4:2516794:2516794 [0] NCCL INFO MSCCL: Setup Kernel finished, smem 41280 needsFence 1
ja4:2516794:2516794 [0] NCCL INFO mscclGetCaptureStatus: 0, captureId: 0, size: 0

ja3:927642:927642 [0] NCCL INFO MSCCL: Setup Kernel finished, smem 41280 needsFence 1
ja3:927642:927642 [0] NCCL INFO mscclGetCaptureStatus: 0, captureId: 0, size: 0

ja3:927642:927642 [0] NCCL INFO mscclSetupProxy: no capture

ja3:927642:927642 [0] NCCL INFO MSCCL: Setup Kernel finished, smem 41280 needsFence 1
ja2:1312073:1312073 [0] NCCL INFO MSCCL: Setup Kernel finished, smem 41280 needsFence 1
ja2:1312073:1312073 [0] NCCL INFO mscclGetCaptureStatus: 0, captureId: 0, size: 0

ja2:1312073:1312073 [0] NCCL INFO mscclSetupProxy: no capture

ja2:1312073:1312073 [0] NCCL INFO MSCCL: Setup Kernel finished, smem 41280 needsFence 1
ja2:1312073:1312073 [0] NCCL INFO mscclGetCaptureStatus: 0, captureId: 0, size: 0

ja2:1312073:1312073 [0] NCCL INFO mscclSetupProxy: no capture

ja2:1312073:1312073 [0] NCCL INFO MSCCL: Setup Kernel finished, smem 41280 needsFence 1
ja2:1312073:1312073 [0] NCCL INFO mscclGetCaptureStatus: 0, captureId: 0, size: 0

ja4:2516794:2516794 [0] NCCL INFO mscclSetupProxy: no capture

ja4:2516794:2516794 [0] NCCL INFO MSCCL: Setup Kernel finished, smem 41280 needsFence 1
ja4:2516794:2516794 [0] NCCL INFO mscclGetCaptureStatus: 0, captureId: 0, size: 0

ja4:2516794:2516794 [0] NCCL INFO mscclSetupProxy: no capture

ja3:927642:927642 [0] NCCL INFO mscclGetCaptureStatus: 0, captureId: 0, size: 0

ja3:927642:927642 [0] NCCL INFO mscclSetupProxy: no capture

ja3:927642:927642 [0] NCCL INFO MSCCL: Setup Kernel finished, smem 41280 needsFence 1
ja3:927642:927642 [0] NCCL INFO mscclGetCaptureStatus: 0, captureId: 0, size: 0

ja3:927642:927642 [0] NCCL INFO mscclSetupProxy: no capture

ja3:927642:927642 [0] NCCL INFO MSCCL: Setup Kernel finished, smem 41280 needsFence 1
ja3:927642:927642 [0] NCCL INFO mscclGetCaptureStatus: 0, captureId: 0, size: 0

ja3:927642:927642 [0] NCCL INFO mscclSetupProxy: no capture

ja3:927642:927642 [0] NCCL INFO MSCCL: Setup Kernel finished, smem 41280 needsFence 1
ja3:927642:927642 [0] NCCL INFO mscclGetCaptureStatus: 0, captureId: 0, size: 0

ja3:927642:927642 [0] NCCL INFO mscclSetupProxy: no capture

ja2:1312073:1312073 [0] NCCL INFO mscclSetupProxy: no capture

ja2:1312073:1312073 [0] NCCL INFO MSCCL: Setup Kernel finished, smem 41280 needsFence 1
ja2:1312073:1312073 [0] NCCL INFO mscclGetCaptureStatus: 0, captureId: 0, size: 0

ja2:1312073:1312073 [0] NCCL INFO mscclSetupProxy: no capture

ja2:1312073:1312073 [0] NCCL INFO MSCCL: Setup Kernel finished, smem 41280 needsFence 1
ja2:1312073:1312073 [0] NCCL INFO mscclGetCaptureStatus: 0, captureId: 0, size: 0

ja2:1312073:1312073 [0] NCCL INFO mscclSetupProxy: no capture

ja2:1312073:1312073 [0] NCCL INFO MSCCL: Setup Kernel finished, smem 41280 needsFence 1
ja4:2516794:2516794 [0] NCCL INFO MSCCL: Setup Kernel finished, smem 41280 needsFence 1
ja4:2516794:2516794 [0] NCCL INFO mscclGetCaptureStatus: 0, captureId: 0, size: 0

ja4:2516794:2516794 [0] NCCL INFO mscclSetupProxy: no capture

ja4:2516794:2516794 [0] NCCL INFO MSCCL: Setup Kernel finished, smem 41280 needsFence 1
ja4:2516794:2516794 [0] NCCL INFO mscclGetCaptureStatus: 0, captureId: 0, size: 0

ja4:2516794:2516794 [0] NCCL INFO mscclSetupProxy: no capture

ja4:2516794:2516794 [0] NCCL INFO MSCCL: Setup Kernel finished, smem 41280 needsFence 1
ja4:2516794:2516794 [0] NCCL INFO mscclGetCaptureStatus: 0, captureId: 0, size: 0

ja3:927642:927642 [0] NCCL INFO MSCCL: Setup Kernel finished, smem 41280 needsFence 1
ja3:927642:927642 [0] NCCL INFO mscclGetCaptureStatus: 0, captureId: 0, size: 0

ja3:927642:927642 [0] NCCL INFO mscclSetupProxy: no capture

ja3:927642:927642 [0] NCCL INFO MSCCL: Setup Kernel finished, smem 41280 needsFence 1
ja3:927642:927642 [0] NCCL INFO mscclGetCaptureStatus: 0, captureId: 0, size: 0

ja3:927642:927642 [0] NCCL INFO mscclSetupProxy: no capture

ja2:1312073:1312073 [0] NCCL INFO mscclGetCaptureStatus: 0, captureId: 0, size: 0

ja2:1312073:1312073 [0] NCCL INFO mscclSetupProxy: no capture

ja2:1312073:1312073 [0] NCCL INFO MSCCL: Setup Kernel finished, smem 41280 needsFence 1
ja2:1312073:1312073 [0] NCCL INFO mscclGetCaptureStatus: 0, captureId: 0, size: 0

ja2:1312073:1312073 [0] NCCL INFO mscclSetupProxy: no capture

ja2:1312073:1312073 [0] NCCL INFO MSCCL: Setup Kernel finished, smem 41280 needsFence 1
ja2:1312073:1312073 [0] NCCL INFO mscclGetCaptureStatus: 0, captureId: 0, size: 0

ja2:1312073:1312073 [0] NCCL INFO mscclSetupProxy: no capture

ja2:1312073:1312073 [0] NCCL INFO MSCCL: Setup Kernel finished, smem 41280 needsFence 1
ja4:2516794:2516794 [0] NCCL INFO mscclSetupProxy: no capture

ja4:2516794:2516794 [0] NCCL INFO MSCCL: Setup Kernel finished, smem 41280 needsFence 1
ja4:2516794:2516794 [0] NCCL INFO mscclGetCaptureStatus: 0, captureId: 0, size: 0

ja4:2516794:2516794 [0] NCCL INFO mscclSetupProxy: no capture

ja4:2516794:2516794 [0] NCCL INFO MSCCL: Setup Kernel finished, smem 41280 needsFence 1
ja4:2516794:2516794 [0] NCCL INFO mscclGetCaptureStatus: 0, captureId: 0, size: 0

ja4:2516794:2516794 [0] NCCL INFO mscclSetupProxy: no capture

ja4:2516794:2516794 [0] NCCL INFO MSCCL: Setup Kernel finished, smem 41280 needsFence 1
ja3:927642:927642 [0] NCCL INFO MSCCL: Setup Kernel finished, smem 41280 needsFence 1
ja3:927642:927642 [0] NCCL INFO mscclGetCaptureStatus: 0, captureId: 0, size: 0

ja3:927642:927642 [0] NCCL INFO mscclSetupProxy: no capture

ja3:927642:927642 [0] NCCL INFO MSCCL: Setup Kernel finished, smem 41280 needsFence 1
ja3:927642:927642 [0] NCCL INFO mscclGetCaptureStatus: 0, captureId: 0, size: 0

ja3:927642:927642 [0] NCCL INFO mscclSetupProxy: no capture

ja3:927642:927642 [0] NCCL INFO MSCCL: Setup Kernel finished, smem 41280 needsFence 1
ja2:1312073:1312073 [0] NCCL INFO mscclGetCaptureStatus: 0, captureId: 0, size: 0

ja2:1312073:1312073 [0] NCCL INFO mscclSetupProxy: no capture

ja2:1312073:1312073 [0] NCCL INFO MSCCL: Setup Kernel finished, smem 41280 needsFence 1
ja2:1312073:1312073 [0] NCCL INFO mscclGetCaptureStatus: 0, captureId: 0, size: 0

ja2:1312073:1312073 [0] NCCL INFO mscclSetupProxy: no capture

ja2:1312073:1312073 [0] NCCL INFO MSCCL: Setup Kernel finished, smem 41280 needsFence 1
ja2:1312073:1312073 [0] NCCL INFO mscclGetCaptureStatus: 0, captureId: 0, size: 0

ja2:1312073:1312073 [0] NCCL INFO mscclSetupProxy: no capture

ja2:1312073:1312073 [0] NCCL INFO MSCCL: Setup Kernel finished, smem 41280 needsFence 1
ja2:1312073:1312073 [0] NCCL INFO mscclGetCaptureStatus: 0, captureId: 0, size: 0

ja2:1312073:1312073 [0] NCCL INFO mscclSetupProxy: no capture

ja4:2516794:2516794 [0] NCCL INFO mscclGetCaptureStatus: 0, captureId: 0, size: 0

ja4:2516794:2516794 [0] NCCL INFO mscclSetupProxy: no capture

ja4:2516794:2516794 [0] NCCL INFO MSCCL: Setup Kernel finished, smem 41280 needsFence 1
ja4:2516794:2516794 [0] NCCL INFO mscclGetCaptureStatus: 0, captureId: 0, size: 0

ja4:2516794:2516794 [0] NCCL INFO mscclSetupProxy: no capture

ja4:2516794:2516794 [0] NCCL INFO MSCCL: Setup Kernel finished, smem 41280 needsFence 1
ja4:2516794:2516794 [0] NCCL INFO mscclGetCaptureStatus: 0, captureId: 0, size: 0

ja4:2516794:2516794 [0] NCCL INFO mscclSetupProxy: no capture

ja4:2516794:2516794 [0] NCCL INFO MSCCL: Setup Kernel finished, smem 41280 needsFence 1
ja3:927642:927642 [0] NCCL INFO mscclGetCaptureStatus: 0, captureId: 0, size: 0

ja3:927642:927642 [0] NCCL INFO mscclSetupProxy: no capture

ja3:927642:927642 [0] NCCL INFO MSCCL: Setup Kernel finished, smem 41280 needsFence 1
ja3:927642:927642 [0] NCCL INFO mscclGetCaptureStatus: 0, captureId: 0, size: 0

ja3:927642:927642 [0] NCCL INFO mscclSetupProxy: no capture

ja3:927642:927642 [0] NCCL INFO MSCCL: Setup Kernel finished, smem 41280 needsFence 1
ja2:1312073:1312073 [0] NCCL INFO MSCCL: Setup Kernel finished, smem 41280 needsFence 1
ja2:1312073:1312073 [0] NCCL INFO mscclGetCaptureStatus: 0, captureId: 0, size: 0

ja2:1312073:1312073 [0] NCCL INFO mscclSetupProxy: no capture

ja2:1312073:1312073 [0] NCCL INFO MSCCL: Setup Kernel finished, smem 41280 needsFence 1
ja4:2516794:2516794 [0] NCCL INFO mscclGetCaptureStatus: 0, captureId: 0, size: 0

ja4:2516794:2516794 [0] NCCL INFO mscclSetupProxy: no capture

ja4:2516794:2516794 [0] NCCL INFO MSCCL: Setup Kernel finished, smem 41280 needsFence 1
ja4:2516794:2516794 [0] NCCL INFO mscclGetCaptureStatus: 0, captureId: 0, size: 0

ja4:2516794:2516794 [0] NCCL INFO mscclSetupProxy: no capture

ja4:2516794:2516794 [0] NCCL INFO MSCCL: Setup Kernel finished, smem 41280 needsFence 1
ja3:927642:927642 [0] NCCL INFO mscclGetCaptureStatus: 0, captureId: 0, size: 0

ja3:927642:927642 [0] NCCL INFO mscclSetupProxy: no capture

ja3:927642:927642 [0] NCCL INFO MSCCL: Setup Kernel finished, smem 41280 needsFence 1
ja3:927642:927642 [0] NCCL INFO mscclGetCaptureStatus: 0, captureId: 0, size: 0

ja3:927642:927642 [0] NCCL INFO mscclSetupProxy: no capture

ja3:927642:927642 [0] NCCL INFO MSCCL: Setup Kernel finished, smem 41280 needsFence 1
ja3:927642:927642 [0] NCCL INFO mscclGetCaptureStatus: 0, captureId: 0, size: 0

ja3:927642:927642 [0] NCCL INFO mscclSetupProxy: no capture

ja3:927642:927642 [0] NCCL INFO MSCCL: Setup Kernel finished, smem 41280 needsFence 1
ja3:927642:927642 [0] NCCL INFO mscclGetCaptureStatus: 0, captureId: 0, size: 0

ja3:927642:927642 [0] NCCL INFO mscclSetupProxy: no capture

ja3:927642:927642 [0] NCCL INFO MSCCL: Setup Kernel finished, smem 41280 needsFence 1
ja3:927642:927642 [0] NCCL INFO mscclGetCaptureStatus: 0, captureId: 0, size: 0

ja4:2516794:2516794 [0] NCCL INFO mscclGetCaptureStatus: 0, captureId: 0, size: 0

ja4:2516794:2516794 [0] NCCL INFO mscclSetupProxy: no capture

ja4:2516794:2516794 [0] NCCL INFO MSCCL: Setup Kernel finished, smem 41280 needsFence 1
ja4:2516794:2516794 [0] NCCL INFO mscclGetCaptureStatus: 0, captureId: 0, size: 0

ja4:2516794:2516794 [0] NCCL INFO mscclSetupProxy: no capture

ja4:2516794:2516794 [0] NCCL INFO MSCCL: Setup Kernel finished, smem 41280 needsFence 1
ja4:2516794:2516794 [0] NCCL INFO mscclGetCaptureStatus: 0, captureId: 0, size: 0

ja4:2516794:2516794 [0] NCCL INFO mscclSetupProxy: no capture

ja4:2516794:2516794 [0] NCCL INFO MSCCL: Setup Kernel finished, smem 41280 needsFence 1
ja4:2516794:2516794 [0] NCCL INFO mscclGetCaptureStatus: 0, captureId: 0, size: 0

ja4:2516794:2516794 [0] NCCL INFO mscclSetupProxy: no capture

ja4:2516794:2516794 [0] NCCL INFO MSCCL: Setup Kernel finished, smem 41280 needsFence 1
ja4:2516794:2516794 [0] NCCL INFO mscclGetCaptureStatus: 0, captureId: 0, size: 0

ja3:927642:927642 [0] NCCL INFO mscclSetupProxy: no capture

ja3:927642:927642 [0] NCCL INFO MSCCL: Setup Kernel finished, smem 41280 needsFence 1
ja3:927642:927642 [0] NCCL INFO mscclGetCaptureStatus: 0, captureId: 0, size: 0

ja3:927642:927642 [0] NCCL INFO mscclSetupProxy: no capture

ja3:927642:927642 [0] NCCL INFO MSCCL: Setup Kernel finished, smem 41280 needsFence 1
ja3:927642:927642 [0] NCCL INFO mscclGetCaptureStatus: 0, captureId: 0, size: 0

ja3:927642:927642 [0] NCCL INFO mscclSetupProxy: no capture

ja3:927642:927642 [0] NCCL INFO MSCCL: Setup Kernel finished, smem 41280 needsFence 1
ja4:2516794:2516794 [0] NCCL INFO mscclSetupProxy: no capture

ja4:2516794:2516794 [0] NCCL INFO MSCCL: Setup Kernel finished, smem 41280 needsFence 1
ja4:2516794:2516794 [0] NCCL INFO mscclGetCaptureStatus: 0, captureId: 0, size: 0

ja4:2516794:2516794 [0] NCCL INFO mscclSetupProxy: no capture

ja4:2516794:2516794 [0] NCCL INFO MSCCL: Setup Kernel finished, smem 41280 needsFence 1
ja4:2516794:2516794 [0] NCCL INFO mscclGetCaptureStatus: 0, captureId: 0, size: 0

ja4:2516794:2516794 [0] NCCL INFO mscclSetupProxy: no capture

ja4:2516794:2516794 [0] NCCL INFO MSCCL: Setup Kernel finished, smem 41280 needsFence 1
ja2:1312073:1312073 [0] NCCL INFO mscclGetCaptureStatus: 0, captureId: 0, size: 0

ja2:1312073:1312073 [0] NCCL INFO mscclSetupProxy: no capture

ja2:1312073:1312073 [0] NCCL INFO MSCCL: Setup Kernel finished, smem 41280 needsFence 1
ja3:927642:927642 [0] NCCL INFO mscclGetCaptureStatus: 0, captureId: 0, size: 0

ja3:927642:927642 [0] NCCL INFO mscclSetupProxy: no capture

ja3:927642:927642 [0] NCCL INFO MSCCL: Setup Kernel finished, smem 41280 needsFence 1
ja4:2516794:2516794 [0] NCCL INFO mscclGetCaptureStatus: 0, captureId: 0, size: 0

ja4:2516794:2516794 [0] NCCL INFO mscclSetupProxy: no capture

ja4:2516794:2516794 [0] NCCL INFO MSCCL: Setup Kernel finished, smem 41280 needsFence 1
    146.9    0.67    0.45      0
      196608         16384     float    none      -1    92.97    2.11    1.41      0ja2:1312073:1312073 [0] NCCL INFO mscclGetCaptureStatus: 0, captureId: 0, size: 0

ja2:1312073:1312073 [0] NCCL INFO mscclSetupProxy: no capture

ja2:1312073:1312073 [0] NCCL INFO MSCCL: Setup Kernel finished, smem 41280 needsFence 1
ja3:927642:927642 [0] NCCL INFO mscclGetCaptureStatus: 0, captureId: 0, size: 0

ja3:927642:927642 [0] NCCL INFO mscclSetupProxy: no capture

ja3:927642:927642 [0] NCCL INFO MSCCL: Setup Kernel finished, smem 41280 needsFence 1
ja4:2516794:2516794 [0] NCCL INFO mscclGetCaptureStatus: 0, captureId: 0, size: 0

ja4:2516794:2516794 [0] NCCL INFO mscclSetupProxy: no capture

ja4:2516794:2516794 [0] NCCL INFO MSCCL: Setup Kernel finished, smem 41280 needsFence 1
ja2:1312073:1312073 [0] NCCL INFO mscclGetCaptureStatus: 0, captureId: 0, size: 0

ja2:1312073:1312073 [0] NCCL INFO mscclSetupProxy: no capture

ja2:1312073:1312073 [0] NCCL INFO MSCCL: Setup Kernel finished, smem 41280 needsFence 1
ja2:1312073:1312073 [0] NCCL INFO mscclGetCaptureStatus: 0, captureId: 0, size: 0

ja2:1312073:1312073 [0] NCCL INFO mscclSetupProxy: no capture

ja2:1312073:1312073 [0] NCCL INFO MSCCL: Setup Kernel finished, smem 41280 needsFence 1
ja2:1312073:1312073 [0] NCCL INFO mscclGetCaptureStatus: 0, captureId: 0, size: 0

ja2:1312073:1312073 [0] NCCL INFO mscclSetupProxy: no capture

ja2:1312073:1312073 [0] NCCL INFO MSCCL: Setup Kernel finished, smem 41280 needsFence 1
ja2:1312073:1312073 [0] NCCL INFO mscclGetCaptureStatus: 0, captureId: 0, size: 0

ja2:1312073:1312073 [0] NCCL INFO mscclSetupProxy: no capture

ja2:1312073:1312073 [0] NCCL INFO MSCCL: Setup Kernel finished, smem 41280 needsFence 1
ja3:927642:927642 [0] NCCL INFO mscclGetCaptureStatus: 0, captureId: 0, size: 0

ja3:927642:927642 [0] NCCL INFO mscclSetupProxy: no capture

ja3:927642:927642 [0] NCCL INFO MSCCL: Setup Kernel finished, smem 41280 needsFence 1
ja3:927642:927642 [0] NCCL INFO mscclGetCaptureStatus: 0, captureId: 0, size: 0

ja3:927642:927642 [0] NCCL INFO mscclSetupProxy: no capture

ja3:927642:927642 [0] NCCL INFO MSCCL: Setup Kernel finished, smem 41280 needsFence 1
ja3:927642:927642 [0] NCCL INFO mscclGetCaptureStatus: 0, captureId: 0, size: 0

ja3:927642:927642 [0] NCCL INFO mscclSetupProxy: no capture

ja3:927642:927642 [0] NCCL INFO MSCCL: Setup Kernel finished, smem 41280 needsFence 1
ja3:927642:927642 [0] NCCL INFO mscclGetCaptureStatus: 0, captureId: 0, size: 0

ja3:927642:927642 [0] NCCL INFO mscclSetupProxy: no capture

ja3:927642:927642 [0] NCCL INFO MSCCL: Setup Kernel finished, smem 41280 needsFence 1
ja3:927642:927642 [0] NCCL INFO mscclGetCaptureStatus: 0, captureId: 0, size: 0

ja2:1312073:1312073 [0] NCCL INFO mscclGetCaptureStatus: 0, captureId: 0, size: 0

ja2:1312073:1312073 [0] NCCL INFO mscclSetupProxy: no capture

ja2:1312073:1312073 [0] NCCL INFO MSCCL: Setup Kernel finished, smem 41280 needsFence 1
ja2:1312073:1312073 [0] NCCL INFO mscclGetCaptureStatus: 0, captureId: 0, size: 0

ja2:1312073:1312073 [0] NCCL INFO mscclSetupProxy: no capture

ja2:1312073:1312073 [0] NCCL INFO MSCCL: Setup Kernel finished, smem 41280 needsFence 1
ja2:1312073:1312073 [0] NCCL INFO mscclGetCaptureStatus: 0, captureId: 0, size: 0

ja2:1312073:1312073 [0] NCCL INFO mscclSetupProxy: no capture

ja2:1312073:1312073 [0] NCCL INFO MSCCL: Setup Kernel finished, smem 41280 needsFence 1
ja4:2516794:2516794 [0] NCCL INFO mscclGetCaptureStatus: 0, captureId: 0, size: 0

ja4:2516794:2516794 [0] NCCL INFO mscclSetupProxy: no capture

ja4:2516794:2516794 [0] NCCL INFO MSCCL: Setup Kernel finished, smem 41280 needsFence 1
ja4:2516794:2516794 [0] NCCL INFO mscclGetCaptureStatus: 0, captureId: 0, size: 0

ja4:2516794:2516794 [0] NCCL INFO mscclSetupProxy: no capture

ja4:2516794:2516794 [0] NCCL INFO MSCCL: Setup Kernel finished, smem 41280 needsFence 1
ja4:2516794:2516794 [0] NCCL INFO mscclGetCaptureStatus: 0, captureId: 0, size: 0

ja4:2516794:2516794 [0] NCCL INFO mscclSetupProxy: no capture

ja4:2516794:2516794 [0] NCCL INFO MSCCL: Setup Kernel finished, smem 41280 needsFence 1
ja4:2516794:2516794 [0] NCCL INFO mscclGetCaptureStatus: 0, captureId: 0, size: 0

ja4:2516794:2516794 [0] NCCL INFO mscclSetupProxy: no capture

ja4:2516794:2516794 [0] NCCL INFO MSCCL: Setup Kernel finished, smem 41280 needsFence 1
ja3:927642:927642 [0] NCCL INFO mscclSetupProxy: no capture

ja2:1312073:1312073 [0] NCCL INFO mscclGetCaptureStatus: 0, captureId: 0, size: 0

ja2:1312073:1312073 [0] NCCL INFO mscclSetupProxy: no capture

ja2:1312073:1312073 [0] NCCL INFO MSCCL: Setup Kernel finished, smem 41280 needsFence 1
ja2:1312073:1312073 [0] NCCL INFO mscclGetCaptureStatus: 0, captureId: 0, size: 0

ja2:1312073:1312073 [0] NCCL INFO mscclSetupProxy: no capture

ja2:1312073:1312073 [0] NCCL INFO MSCCL: Setup Kernel finished, smem 41280 needsFence 1
ja2:1312073:1312073 [0] NCCL INFO mscclGetCaptureStatus: 0, captureId: 0, size: 0

ja2:1312073:1312073 [0] NCCL INFO mscclSetupProxy: no capture

ja2:1312073:1312073 [0] NCCL INFO MSCCL: Setup Kernel finished, smem 41280 needsFence 1
ja2:1312073:1312073 [0] NCCL INFO mscclGetCaptureStatus: 0, captureId: 0, size: 0

ja2:1312073:1312073 [0] NCCL INFO mscclSetupProxy: no capture

ja2:1312073:1312073 [0] NCCL INFO MSCCL: Setup Kernel finished, smem 41280 needsFence 1
ja2:1312073:1312073 [0] NCCL INFO mscclGetCaptureStatus: 0, captureId: 0, size: 0

ja4:2516794:2516794 [0] NCCL INFO mscclGetCaptureStatus: 0, captureId: 0, size: 0

ja4:2516794:2516794 [0] NCCL INFO mscclSetupProxy: no capture

ja4:2516794:2516794 [0] NCCL INFO MSCCL: Setup Kernel finished, smem 41280 needsFence 1
ja4:2516794:2516794 [0] NCCL INFO mscclGetCaptureStatus: 0, captureId: 0, size: 0

ja4:2516794:2516794 [0] NCCL INFO mscclSetupProxy: no capture

ja4:2516794:2516794 [0] NCCL INFO MSCCL: Setup Kernel finished, smem 41280 needsFence 1
ja4:2516794:2516794 [0] NCCL INFO mscclGetCaptureStatus: 0, captureId: 0, size: 0

ja4:2516794:2516794 [0] NCCL INFO mscclSetupProxy: no capture

ja4:2516794:2516794 [0] NCCL INFO MSCCL: Setup Kernel finished, smem 41280 needsFence 1
ja3:927642:927642 [0] NCCL INFO MSCCL: Setup Kernel finished, smem 41280 needsFence 1
ja3:927642:927642 [0] NCCL INFO mscclGetCaptureStatus: 0, captureId: 0, size: 0

ja3:927642:927642 [0] NCCL INFO mscclSetupProxy: no capture

ja3:927642:927642 [0] NCCL INFO MSCCL: Setup Kernel finished, smem 41280 needsFence 1
ja3:927642:927642 [0] NCCL INFO mscclGetCaptureStatus: 0, captureId: 0, size: 0

ja3:927642:927642 [0] NCCL INFO mscclSetupProxy: no capture

ja3:927642:927642 [0] NCCL INFO MSCCL: Setup Kernel finished, smem 41280 needsFence 1
ja3:927642:927642 [0] NCCL INFO mscclGetCaptureStatus: 0, captureId: 0, size: 0

ja3:927642:927642 [0] NCCL INFO mscclSetupProxy: no capture

ja3:927642:927642 [0] NCCL INFO MSCCL: Setup Kernel finished, smem 41280 needsFence 1
ja2:1312073:1312073 [0] NCCL INFO mscclSetupProxy: no capture

ja2:1312073:1312073 [0] NCCL INFO MSCCL: Setup Kernel finished, smem 41280 needsFence 1
ja2:1312073:1312073 [0] NCCL INFO mscclGetCaptureStatus: 0, captureId: 0, size: 0

ja2:1312073:1312073 [0] NCCL INFO mscclSetupProxy: no capture

ja2:1312073:1312073 [0] NCCL INFO MSCCL: Setup Kernel finished, smem 41280 needsFence 1
ja2:1312073:1312073 [0] NCCL INFO mscclGetCaptureStatus: 0, captureId: 0, size: 0

ja2:1312073:1312073 [0] NCCL INFO mscclSetupProxy: no capture

ja2:1312073:1312073 [0] NCCL INFO MSCCL: Setup Kernel finished, smem 41280 needsFence 1
ja2:1312073:1312073 [0] NCCL INFO mscclGetCaptureStatus: 0, captureId: 0, size: 0

ja2:1312073:1312073 [0] NCCL INFO mscclSetupProxy: no capture

ja2:1312073:1312073 [0] NCCL INFO MSCCL: Setup Kernel finished, smem 41280 needsFence 1
ja2:1312073:1312073 [0] NCCL INFO mscclGetCaptureStatus: 0, captureId: 0, size: 0

ja2:1312073:1312073 [0] NCCL INFO mscclSetupProxy: no capture

ja4:2516794:2516794 [0] NCCL INFO mscclGetCaptureStatus: 0, captureId: 0, size: 0

ja4:2516794:2516794 [0] NCCL INFO mscclSetupProxy: no capture

ja4:2516794:2516794 [0] NCCL INFO MSCCL: Setup Kernel finished, smem 41280 needsFence 1
ja4:2516794:2516794 [0] NCCL INFO mscclGetCaptureStatus: 0, captureId: 0, size: 0

ja4:2516794:2516794 [0] NCCL INFO mscclSetupProxy: no capture

ja4:2516794:2516794 [0] NCCL INFO MSCCL: Setup Kernel finished, smem 41280 needsFence 1
ja4:2516794:2516794 [0] NCCL INFO mscclGetCaptureStatus: 0, captureId: 0, size: 0

ja4:2516794:2516794 [0] NCCL INFO mscclSetupProxy: no capture

ja4:2516794:2516794 [0] NCCL INFO MSCCL: Setup Kernel finished, smem 41280 needsFence 1
ja4:2516794:2516794 [0] NCCL INFO mscclGetCaptureStatus: 0, captureId: 0, size: 0

ja4:2516794:2516794 [0] NCCL INFO mscclSetupProxy: no capture

ja4:2516794:2516794 [0] NCCL INFO MSCCL: Setup Kernel finished, smem 41280 needsFence 1
ja4:2516794:2516794 [0] NCCL INFO mscclGetCaptureStatus: 0, captureId: 0, size: 0

ja3:927642:927642 [0] NCCL INFO mscclGetCaptureStatus: 0, captureId: 0, size: 0

ja3:927642:927642 [0] NCCL INFO mscclSetupProxy: no capture

ja3:927642:927642 [0] NCCL INFO MSCCL: Setup Kernel finished, smem 41280 needsFence 1
ja3:927642:927642 [0] NCCL INFO mscclGetCaptureStatus: 0, captureId: 0, size: 0

ja3:927642:927642 [0] NCCL INFO mscclSetupProxy: no capture

ja3:927642:927642 [0] NCCL INFO MSCCL: Setup Kernel finished, smem 41280 needsFence 1
ja3:927642:927642 [0] NCCL INFO mscclGetCaptureStatus: 0, captureId: 0, size: 0

ja3:927642:927642 [0] NCCL INFO mscclSetupProxy: no capture

ja3:927642:927642 [0] NCCL INFO MSCCL: Setup Kernel finished, smem 41280 needsFence 1
ja3:927642:927642 [0] NCCL INFO mscclGetCaptureStatus: 0, captureId: 0, size: 0

ja3:927642:927642 [0] NCCL INFO mscclSetupProxy: no capture

ja3:927642:927642 [0] NCCL INFO MSCCL: Setup Kernel finished, smem 41280 needsFence 1
ja3:927642:927642 [0] NCCL INFO mscclGetCaptureStatus: 0, captureId: 0, size: 0

ja2:1312073:1312073 [0] NCCL INFO MSCCL: Setup Kernel finished, smem 41280 needsFence 1
ja2:1312073:1312073 [0] NCCL INFO mscclGetCaptureStatus: 0, captureId: 0, size: 0

ja4:2516794:2516794 [0] NCCL INFO mscclSetupProxy: no capture

ja4:2516794:2516794 [0] NCCL INFO MSCCL: Setup Kernel finished, smem 41280 needsFence 1
ja4:2516794:2516794 [0] NCCL INFO mscclGetCaptureStatus: 0, captureId: 0, size: 0

ja4:2516794:2516794 [0] NCCL INFO mscclSetupProxy: no capture

ja4:2516794:2516794 [0] NCCL INFO MSCCL: Setup Kernel finished, smem 41280 needsFence 1
ja4:2516794:2516794 [0] NCCL INFO mscclGetCaptureStatus: 0, captureId: 0, size: 0

ja4:2516794:2516794 [0] NCCL INFO mscclSetupProxy: no capture

ja4:2516794:2516794 [0] NCCL INFO MSCCL: Setup Kernel finished, smem 41280 needsFence 1
ja3:927642:927642 [0] NCCL INFO mscclSetupProxy: no capture

ja3:927642:927642 [0] NCCL INFO MSCCL: Setup Kernel finished, smem 41280 needsFence 1
ja2:1312073:1312073 [0] NCCL INFO mscclSetupProxy: no capture

ja2:1312073:1312073 [0] NCCL INFO MSCCL: Setup Kernel finished, smem 41280 needsFence 1
ja2:1312073:1312073 [0] NCCL INFO mscclGetCaptureStatus: 0, captureId: 0, size: 0

ja2:1312073:1312073 [0] NCCL INFO mscclSetupProxy: no capture

ja2:1312073:1312073 [0] NCCL INFO MSCCL: Setup Kernel finished, smem 41280 needsFence 1
ja2:1312073:1312073 [0] NCCL INFO mscclGetCaptureStatus: 0, captureId: 0, size: 0

ja2:1312073:1312073 [0] NCCL INFO mscclSetupProxy: no capture

ja2:1312073:1312073 [0] NCCL INFO MSCCL: Setup Kernel finished, smem 41280 needsFence 1
ja2:1312073:1312073 [0] NCCL INFO mscclGetCaptureStatus: 0, captureId: 0, size: 0

ja2:1312073:1312073 [0] NCCL INFO mscclSetupProxy: no capture

ja2:1312073:1312073 [0] NCCL INFO MSCCL: Setup Kernel finished, smem 41280 needsFence 1
ja4:2516794:2516794 [0] NCCL INFO mscclGetCaptureStatus: 0, captureId: 0, size: 0

ja4:2516794:2516794 [0] NCCL INFO mscclSetupProxy: no capture

ja4:2516794:2516794 [0] NCCL INFO MSCCL: Setup Kernel finished, smem 41280 needsFence 1
ja4:2516794:2516794 [0] NCCL INFO mscclGetCaptureStatus: 0, captureId: 0, size: 0

ja4:2516794:2516794 [0] NCCL INFO mscclSetupProxy: no capture

ja4:2516794:2516794 [0] NCCL INFO MSCCL: Setup Kernel finished, smem 41280 needsFence 1
ja4:2516794:2516794 [0] NCCL INFO mscclGetCaptureStatus: 0, captureId: 0, size: 0

ja4:2516794:2516794 [0] NCCL INFO mscclSetupProxy: no capture

ja4:2516794:2516794 [0] NCCL INFO MSCCL: Setup Kernel finished, smem 41280 needsFence 1
ja4:2516794:2516794 [0] NCCL INFO mscclGetCaptureStatus: 0, captureId: 0, size: 0

ja4:2516794:2516794 [0] NCCL INFO mscclSetupProxy: no capture

ja4:2516794:2516794 [0] NCCL INFO MSCCL: Setup Kernel finished, smem 41280 needsFence 1
ja4:2516794:2516794 [0] NCCL INFO mscclGetCaptureStatus: 0, captureId: 0, size: 0

ja3:927642:927642 [0] NCCL INFO mscclGetCaptureStatus: 0, captureId: 0, size: 0

ja3:927642:927642 [0] NCCL INFO mscclSetupProxy: no capture

ja3:927642:927642 [0] NCCL INFO MSCCL: Setup Kernel finished, smem 41280 needsFence 1
ja3:927642:927642 [0] NCCL INFO mscclGetCaptureStatus: 0, captureId: 0, size: 0

ja3:927642:927642 [0] NCCL INFO mscclSetupProxy: no capture

ja3:927642:927642 [0] NCCL INFO MSCCL: Setup Kernel finished, smem 41280 needsFence 1
ja3:927642:927642 [0] NCCL INFO mscclGetCaptureStatus: 0, captureId: 0, size: 0

ja3:927642:927642 [0] NCCL INFO mscclSetupProxy: no capture

ja3:927642:927642 [0] NCCL INFO MSCCL: Setup Kernel finished, smem 41280 needsFence 1
ja3:927642:927642 [0] NCCL INFO mscclGetCaptureStatus: 0, captureId: 0, size: 0

ja3:927642:927642 [0] NCCL INFO mscclSetupProxy: no capture

ja3:927642:927642 [0] NCCL INFO MSCCL: Setup Kernel finished, smem 41280 needsFence 1
ja4:2516794:2516794 [0] NCCL INFO mscclSetupProxy: no capture

ja4:2516794:2516794 [0] NCCL INFO MSCCL: Setup Kernel finished, smem 41280 needsFence 1
ja4:2516794:2516794 [0] NCCL INFO mscclGetCaptureStatus: 0, captureId: 0, size: 0

ja4:2516794:2516794 [0] NCCL INFO mscclSetupProxy: no capture

ja4:2516794:2516794 [0] NCCL INFO MSCCL: Setup Kernel finished, smem 41280 needsFence 1
ja3:927642:927642 [0] NCCL INFO mscclGetCaptureStatus: 0, captureId: 0, size: 0

ja3:927642:927642 [0] NCCL INFO mscclSetupProxy: no capture

ja3:927642:927642 [0] NCCL INFO MSCCL: Setup Kernel finished, smem 41280 needsFence 1
ja3:927642:927642 [0] NCCL INFO mscclGetCaptureStatus: 0, captureId: 0, size: 0

ja3:927642:927642 [0] NCCL INFO mscclSetupProxy: no capture

ja3:927642:927642 [0] NCCL INFO MSCCL: Setup Kernel finished, smem 41280 needsFence 1
ja3:927642:927642 [0] NCCL INFO mscclGetCaptureStatus: 0, captureId: 0, size: 0

ja3:927642:927642 [0] NCCL INFO mscclSetupProxy: no capture

ja3:927642:927642 [0] NCCL INFO MSCCL: Setup Kernel finished, smem 41280 needsFence 1
ja2:1312073:1312073 [0] NCCL INFO mscclGetCaptureStatus: 0, captureId: 0, size: 0

ja2:1312073:1312073 [0] NCCL INFO mscclSetupProxy: no capture

ja2:1312073:1312073 [0] NCCL INFO MSCCL: Setup Kernel finished, smem 41280 needsFence 1
ja3:927642:927642 [0] NCCL INFO mscclGetCaptureStatus: 0, captureId: 0, size: 0

ja3:927642:927642 [0] NCCL INFO mscclSetupProxy: no capture

ja3:927642:927642 [0] NCCL INFO MSCCL: Setup Kernel finished, smem 41280 needsFence 1
ja4:2516794:2516794 [0] NCCL INFO mscclGetCaptureStatus: 0, captureId: 0, size: 0

ja4:2516794:2516794 [0] NCCL INFO mscclSetupProxy: no capture

ja4:2516794:2516794 [0] NCCL INFO MSCCL: Setup Kernel finished, smem 41280 needsFence 1
    142.2    1.38    0.92      0
      393216         32768     float    none      -1    87.88    4.47    2.98      0ja2:1312073:1312073 [0] NCCL INFO mscclGetCaptureStatus: 0, captureId: 0, size: 0

ja2:1312073:1312073 [0] NCCL INFO mscclSetupProxy: no capture

ja2:1312073:1312073 [0] NCCL INFO MSCCL: Setup Kernel finished, smem 41280 needsFence 1
ja3:927642:927642 [0] NCCL INFO mscclGetCaptureStatus: 0, captureId: 0, size: 0

ja3:927642:927642 [0] NCCL INFO mscclSetupProxy: no capture

ja3:927642:927642 [0] NCCL INFO MSCCL: Setup Kernel finished, smem 41280 needsFence 1
ja4:2516794:2516794 [0] NCCL INFO mscclGetCaptureStatus: 0, captureId: 0, size: 0

ja4:2516794:2516794 [0] NCCL INFO mscclSetupProxy: no capture

ja4:2516794:2516794 [0] NCCL INFO MSCCL: Setup Kernel finished, smem 41280 needsFence 1
ja2:1312073:1312073 [0] NCCL INFO mscclGetCaptureStatus: 0, captureId: 0, size: 0

ja2:1312073:1312073 [0] NCCL INFO mscclSetupProxy: no capture

ja2:1312073:1312073 [0] NCCL INFO MSCCL: Setup Kernel finished, smem 41280 needsFence 1
ja2:1312073:1312073 [0] NCCL INFO mscclGetCaptureStatus: 0, captureId: 0, size: 0

ja2:1312073:1312073 [0] NCCL INFO mscclSetupProxy: no capture

ja2:1312073:1312073 [0] NCCL INFO MSCCL: Setup Kernel finished, smem 41280 needsFence 1
ja2:1312073:1312073 [0] NCCL INFO mscclGetCaptureStatus: 0, captureId: 0, size: 0

ja2:1312073:1312073 [0] NCCL INFO mscclSetupProxy: no capture

ja2:1312073:1312073 [0] NCCL INFO MSCCL: Setup Kernel finished, smem 41280 needsFence 1
ja2:1312073:1312073 [0] NCCL INFO mscclGetCaptureStatus: 0, captureId: 0, size: 0

ja2:1312073:1312073 [0] NCCL INFO mscclSetupProxy: no capture

ja2:1312073:1312073 [0] NCCL INFO MSCCL: Setup Kernel finished, smem 41280 needsFence 1
ja3:927642:927642 [0] NCCL INFO mscclGetCaptureStatus: 0, captureId: 0, size: 0

ja3:927642:927642 [0] NCCL INFO mscclSetupProxy: no capture

ja3:927642:927642 [0] NCCL INFO MSCCL: Setup Kernel finished, smem 41280 needsFence 1
ja3:927642:927642 [0] NCCL INFO mscclGetCaptureStatus: 0, captureId: 0, size: 0

ja3:927642:927642 [0] NCCL INFO mscclSetupProxy: no capture

ja3:927642:927642 [0] NCCL INFO MSCCL: Setup Kernel finished, smem 41280 needsFence 1
ja3:927642:927642 [0] NCCL INFO mscclGetCaptureStatus: 0, captureId: 0, size: 0

ja3:927642:927642 [0] NCCL INFO mscclSetupProxy: no capture

ja3:927642:927642 [0] NCCL INFO MSCCL: Setup Kernel finished, smem 41280 needsFence 1
ja3:927642:927642 [0] NCCL INFO mscclGetCaptureStatus: 0, captureId: 0, size: 0

ja3:927642:927642 [0] NCCL INFO mscclSetupProxy: no capture

ja3:927642:927642 [0] NCCL INFO MSCCL: Setup Kernel finished, smem 41280 needsFence 1
ja3:927642:927642 [0] NCCL INFO mscclGetCaptureStatus: 0, captureId: 0, size: 0

ja2:1312073:1312073 [0] NCCL INFO mscclGetCaptureStatus: 0, captureId: 0, size: 0

ja2:1312073:1312073 [0] NCCL INFO mscclSetupProxy: no capture

ja2:1312073:1312073 [0] NCCL INFO MSCCL: Setup Kernel finished, smem 41280 needsFence 1
ja2:1312073:1312073 [0] NCCL INFO mscclGetCaptureStatus: 0, captureId: 0, size: 0

ja2:1312073:1312073 [0] NCCL INFO mscclSetupProxy: no capture

ja2:1312073:1312073 [0] NCCL INFO MSCCL: Setup Kernel finished, smem 41280 needsFence 1
ja2:1312073:1312073 [0] NCCL INFO mscclGetCaptureStatus: 0, captureId: 0, size: 0

ja2:1312073:1312073 [0] NCCL INFO mscclSetupProxy: no capture

ja2:1312073:1312073 [0] NCCL INFO MSCCL: Setup Kernel finished, smem 41280 needsFence 1
ja4:2516794:2516794 [0] NCCL INFO mscclGetCaptureStatus: 0, captureId: 0, size: 0

ja4:2516794:2516794 [0] NCCL INFO mscclSetupProxy: no capture

ja4:2516794:2516794 [0] NCCL INFO MSCCL: Setup Kernel finished, smem 41280 needsFence 1
ja4:2516794:2516794 [0] NCCL INFO mscclGetCaptureStatus: 0, captureId: 0, size: 0

ja4:2516794:2516794 [0] NCCL INFO mscclSetupProxy: no capture

ja4:2516794:2516794 [0] NCCL INFO MSCCL: Setup Kernel finished, smem 41280 needsFence 1
ja4:2516794:2516794 [0] NCCL INFO mscclGetCaptureStatus: 0, captureId: 0, size: 0

ja4:2516794:2516794 [0] NCCL INFO mscclSetupProxy: no capture

ja4:2516794:2516794 [0] NCCL INFO MSCCL: Setup Kernel finished, smem 41280 needsFence 1
ja4:2516794:2516794 [0] NCCL INFO mscclGetCaptureStatus: 0, captureId: 0, size: 0

ja4:2516794:2516794 [0] NCCL INFO mscclSetupProxy: no capture

ja4:2516794:2516794 [0] NCCL INFO MSCCL: Setup Kernel finished, smem 41280 needsFence 1
ja4:2516794:2516794 [0] NCCL INFO mscclGetCaptureStatus: 0, captureId: 0, size: 0

ja3:927642:927642 [0] NCCL INFO mscclSetupProxy: no capture

ja3:927642:927642 [0] NCCL INFO MSCCL: Setup Kernel finished, smem 41280 needsFence 1
ja2:1312073:1312073 [0] NCCL INFO mscclGetCaptureStatus: 0, captureId: 0, size: 0

ja2:1312073:1312073 [0] NCCL INFO mscclSetupProxy: no capture

ja2:1312073:1312073 [0] NCCL INFO MSCCL: Setup Kernel finished, smem 41280 needsFence 1
ja2:1312073:1312073 [0] NCCL INFO mscclGetCaptureStatus: 0, captureId: 0, size: 0

ja2:1312073:1312073 [0] NCCL INFO mscclSetupProxy: no capture

ja2:1312073:1312073 [0] NCCL INFO MSCCL: Setup Kernel finished, smem 41280 needsFence 1
ja2:1312073:1312073 [0] NCCL INFO mscclGetCaptureStatus: 0, captureId: 0, size: 0

ja2:1312073:1312073 [0] NCCL INFO mscclSetupProxy: no capture

ja2:1312073:1312073 [0] NCCL INFO MSCCL: Setup Kernel finished, smem 41280 needsFence 1
ja2:1312073:1312073 [0] NCCL INFO mscclGetCaptureStatus: 0, captureId: 0, size: 0

ja2:1312073:1312073 [0] NCCL INFO mscclSetupProxy: no capture

ja2:1312073:1312073 [0] NCCL INFO MSCCL: Setup Kernel finished, smem 41280 needsFence 1
ja2:1312073:1312073 [0] NCCL INFO mscclGetCaptureStatus: 0, captureId: 0, size: 0

ja4:2516794:2516794 [0] NCCL INFO mscclSetupProxy: no capture

ja4:2516794:2516794 [0] NCCL INFO MSCCL: Setup Kernel finished, smem 41280 needsFence 1
ja4:2516794:2516794 [0] NCCL INFO mscclGetCaptureStatus: 0, captureId: 0, size: 0

ja4:2516794:2516794 [0] NCCL INFO mscclSetupProxy: no capture

ja4:2516794:2516794 [0] NCCL INFO MSCCL: Setup Kernel finished, smem 41280 needsFence 1
ja4:2516794:2516794 [0] NCCL INFO mscclGetCaptureStatus: 0, captureId: 0, size: 0

ja4:2516794:2516794 [0] NCCL INFO mscclSetupProxy: no capture

ja4:2516794:2516794 [0] NCCL INFO MSCCL: Setup Kernel finished, smem 41280 needsFence 1
ja3:927642:927642 [0] NCCL INFO mscclGetCaptureStatus: 0, captureId: 0, size: 0

ja3:927642:927642 [0] NCCL INFO mscclSetupProxy: no capture

ja3:927642:927642 [0] NCCL INFO MSCCL: Setup Kernel finished, smem 41280 needsFence 1
ja3:927642:927642 [0] NCCL INFO mscclGetCaptureStatus: 0, captureId: 0, size: 0

ja3:927642:927642 [0] NCCL INFO mscclSetupProxy: no capture

ja3:927642:927642 [0] NCCL INFO MSCCL: Setup Kernel finished, smem 41280 needsFence 1
ja3:927642:927642 [0] NCCL INFO mscclGetCaptureStatus: 0, captureId: 0, size: 0

ja3:927642:927642 [0] NCCL INFO mscclSetupProxy: no capture

ja3:927642:927642 [0] NCCL INFO MSCCL: Setup Kernel finished, smem 41280 needsFence 1
ja3:927642:927642 [0] NCCL INFO mscclGetCaptureStatus: 0, captureId: 0, size: 0

ja3:927642:927642 [0] NCCL INFO mscclSetupProxy: no capture

ja3:927642:927642 [0] NCCL INFO MSCCL: Setup Kernel finished, smem 41280 needsFence 1
ja2:1312073:1312073 [0] NCCL INFO mscclSetupProxy: no capture

ja2:1312073:1312073 [0] NCCL INFO MSCCL: Setup Kernel finished, smem 41280 needsFence 1
ja2:1312073:1312073 [0] NCCL INFO mscclGetCaptureStatus: 0, captureId: 0, size: 0

ja4:2516794:2516794 [0] NCCL INFO mscclGetCaptureStatus: 0, captureId: 0, size: 0

ja4:2516794:2516794 [0] NCCL INFO mscclSetupProxy: no capture

ja4:2516794:2516794 [0] NCCL INFO MSCCL: Setup Kernel finished, smem 41280 needsFence 1
ja4:2516794:2516794 [0] NCCL INFO mscclGetCaptureStatus: 0, captureId: 0, size: 0

ja4:2516794:2516794 [0] NCCL INFO mscclSetupProxy: no capture

ja4:2516794:2516794 [0] NCCL INFO MSCCL: Setup Kernel finished, smem 41280 needsFence 1
ja4:2516794:2516794 [0] NCCL INFO mscclGetCaptureStatus: 0, captureId: 0, size: 0

ja4:2516794:2516794 [0] NCCL INFO mscclSetupProxy: no capture

ja4:2516794:2516794 [0] NCCL INFO MSCCL: Setup Kernel finished, smem 41280 needsFence 1
ja4:2516794:2516794 [0] NCCL INFO mscclGetCaptureStatus: 0, captureId: 0, size: 0

ja4:2516794:2516794 [0] NCCL INFO mscclSetupProxy: no capture

ja4:2516794:2516794 [0] NCCL INFO MSCCL: Setup Kernel finished, smem 41280 needsFence 1
ja4:2516794:2516794 [0] NCCL INFO mscclGetCaptureStatus: 0, captureId: 0, size: 0

ja3:927642:927642 [0] NCCL INFO mscclGetCaptureStatus: 0, captureId: 0, size: 0

ja3:927642:927642 [0] NCCL INFO mscclSetupProxy: no capture

ja3:927642:927642 [0] NCCL INFO MSCCL: Setup Kernel finished, smem 41280 needsFence 1
ja3:927642:927642 [0] NCCL INFO mscclGetCaptureStatus: 0, captureId: 0, size: 0

ja3:927642:927642 [0] NCCL INFO mscclSetupProxy: no capture

ja3:927642:927642 [0] NCCL INFO MSCCL: Setup Kernel finished, smem 41280 needsFence 1
ja3:927642:927642 [0] NCCL INFO mscclGetCaptureStatus: 0, captureId: 0, size: 0

ja3:927642:927642 [0] NCCL INFO mscclSetupProxy: no capture

ja3:927642:927642 [0] NCCL INFO MSCCL: Setup Kernel finished, smem 41280 needsFence 1
ja3:927642:927642 [0] NCCL INFO mscclGetCaptureStatus: 0, captureId: 0, size: 0

ja3:927642:927642 [0] NCCL INFO mscclSetupProxy: no capture

ja3:927642:927642 [0] NCCL INFO MSCCL: Setup Kernel finished, smem 41280 needsFence 1
ja3:927642:927642 [0] NCCL INFO mscclGetCaptureStatus: 0, captureId: 0, size: 0

ja2:1312073:1312073 [0] NCCL INFO mscclSetupProxy: no capture

ja2:1312073:1312073 [0] NCCL INFO MSCCL: Setup Kernel finished, smem 41280 needsFence 1
ja2:1312073:1312073 [0] NCCL INFO mscclGetCaptureStatus: 0, captureId: 0, size: 0

ja2:1312073:1312073 [0] NCCL INFO mscclSetupProxy: no capture

ja2:1312073:1312073 [0] NCCL INFO MSCCL: Setup Kernel finished, smem 41280 needsFence 1
ja2:1312073:1312073 [0] NCCL INFO mscclGetCaptureStatus: 0, captureId: 0, size: 0

ja2:1312073:1312073 [0] NCCL INFO mscclSetupProxy: no capture

ja2:1312073:1312073 [0] NCCL INFO MSCCL: Setup Kernel finished, smem 41280 needsFence 1
ja2:1312073:1312073 [0] NCCL INFO mscclGetCaptureStatus: 0, captureId: 0, size: 0

ja2:1312073:1312073 [0] NCCL INFO mscclSetupProxy: no capture

ja2:1312073:1312073 [0] NCCL INFO MSCCL: Setup Kernel finished, smem 41280 needsFence 1
ja2:1312073:1312073 [0] NCCL INFO mscclGetCaptureStatus: 0, captureId: 0, size: 0

ja2:1312073:1312073 [0] NCCL INFO mscclSetupProxy: no capture

ja4:2516794:2516794 [0] NCCL INFO mscclSetupProxy: no capture

ja4:2516794:2516794 [0] NCCL INFO MSCCL: Setup Kernel finished, smem 41280 needsFence 1
ja3:927642:927642 [0] NCCL INFO mscclSetupProxy: no capture

ja2:1312073:1312073 [0] NCCL INFO MSCCL: Setup Kernel finished, smem 41280 needsFence 1
ja2:1312073:1312073 [0] NCCL INFO mscclGetCaptureStatus: 0, captureId: 0, size: 0

ja2:1312073:1312073 [0] NCCL INFO mscclSetupProxy: no capture

ja2:1312073:1312073 [0] NCCL INFO MSCCL: Setup Kernel finished, smem 41280 needsFence 1
ja2:1312073:1312073 [0] NCCL INFO mscclGetCaptureStatus: 0, captureId: 0, size: 0

ja4:2516794:2516794 [0] NCCL INFO mscclGetCaptureStatus: 0, captureId: 0, size: 0

ja4:2516794:2516794 [0] NCCL INFO mscclSetupProxy: no capture

ja4:2516794:2516794 [0] NCCL INFO MSCCL: Setup Kernel finished, smem 41280 needsFence 1
ja4:2516794:2516794 [0] NCCL INFO mscclGetCaptureStatus: 0, captureId: 0, size: 0

ja4:2516794:2516794 [0] NCCL INFO mscclSetupProxy: no capture

ja4:2516794:2516794 [0] NCCL INFO MSCCL: Setup Kernel finished, smem 41280 needsFence 1
ja4:2516794:2516794 [0] NCCL INFO mscclGetCaptureStatus: 0, captureId: 0, size: 0

ja4:2516794:2516794 [0] NCCL INFO mscclSetupProxy: no capture

ja4:2516794:2516794 [0] NCCL INFO MSCCL: Setup Kernel finished, smem 41280 needsFence 1
ja4:2516794:2516794 [0] NCCL INFO mscclGetCaptureStatus: 0, captureId: 0, size: 0

ja4:2516794:2516794 [0] NCCL INFO mscclSetupProxy: no capture

ja4:2516794:2516794 [0] NCCL INFO MSCCL: Setup Kernel finished, smem 41280 needsFence 1
ja4:2516794:2516794 [0] NCCL INFO mscclGetCaptureStatus: 0, captureId: 0, size: 0

ja3:927642:927642 [0] NCCL INFO MSCCL: Setup Kernel finished, smem 41280 needsFence 1
ja3:927642:927642 [0] NCCL INFO mscclGetCaptureStatus: 0, captureId: 0, size: 0

ja3:927642:927642 [0] NCCL INFO mscclSetupProxy: no capture

ja3:927642:927642 [0] NCCL INFO MSCCL: Setup Kernel finished, smem 41280 needsFence 1
ja3:927642:927642 [0] NCCL INFO mscclGetCaptureStatus: 0, captureId: 0, size: 0

ja3:927642:927642 [0] NCCL INFO mscclSetupProxy: no capture

ja3:927642:927642 [0] NCCL INFO MSCCL: Setup Kernel finished, smem 41280 needsFence 1
ja3:927642:927642 [0] NCCL INFO mscclGetCaptureStatus: 0, captureId: 0, size: 0

ja3:927642:927642 [0] NCCL INFO mscclSetupProxy: no capture

ja3:927642:927642 [0] NCCL INFO MSCCL: Setup Kernel finished, smem 41280 needsFence 1
ja3:927642:927642 [0] NCCL INFO mscclGetCaptureStatus: 0, captureId: 0, size: 0

ja3:927642:927642 [0] NCCL INFO mscclSetupProxy: no capture

ja3:927642:927642 [0] NCCL INFO MSCCL: Setup Kernel finished, smem 41280 needsFence 1
ja2:1312073:1312073 [0] NCCL INFO mscclSetupProxy: no capture

ja2:1312073:1312073 [0] NCCL INFO MSCCL: Setup Kernel finished, smem 41280 needsFence 1
ja2:1312073:1312073 [0] NCCL INFO mscclGetCaptureStatus: 0, captureId: 0, size: 0

ja2:1312073:1312073 [0] NCCL INFO mscclSetupProxy: no capture

ja2:1312073:1312073 [0] NCCL INFO MSCCL: Setup Kernel finished, smem 41280 needsFence 1
ja4:2516794:2516794 [0] NCCL INFO mscclSetupProxy: no capture

ja4:2516794:2516794 [0] NCCL INFO MSCCL: Setup Kernel finished, smem 41280 needsFence 1
ja3:927642:927642 [0] NCCL INFO mscclGetCaptureStatus: 0, captureId: 0, size: 0

ja3:927642:927642 [0] NCCL INFO mscclSetupProxy: no capture

ja3:927642:927642 [0] NCCL INFO MSCCL: Setup Kernel finished, smem 41280 needsFence 1
ja3:927642:927642 [0] NCCL INFO mscclGetCaptureStatus: 0, captureId: 0, size: 0

ja3:927642:927642 [0] NCCL INFO mscclSetupProxy: no capture

ja3:927642:927642 [0] NCCL INFO MSCCL: Setup Kernel finished, smem 41280 needsFence 1
ja4:2516794:2516794 [0] NCCL INFO mscclGetCaptureStatus: 0, captureId: 0, size: 0

ja4:2516794:2516794 [0] NCCL INFO mscclSetupProxy: no capture

ja4:2516794:2516794 [0] NCCL INFO MSCCL: Setup Kernel finished, smem 41280 needsFence 1
ja4:2516794:2516794 [0] NCCL INFO mscclGetCaptureStatus: 0, captureId: 0, size: 0

ja4:2516794:2516794 [0] NCCL INFO mscclSetupProxy: no capture

ja4:2516794:2516794 [0] NCCL INFO MSCCL: Setup Kernel finished, smem 41280 needsFence 1
ja4:2516794:2516794 [0] NCCL INFO mscclGetCaptureStatus: 0, captureId: 0, size: 0

ja4:2516794:2516794 [0] NCCL INFO mscclSetupProxy: no capture

ja4:2516794:2516794 [0] NCCL INFO MSCCL: Setup Kernel finished, smem 41280 needsFence 1
ja2:1312073:1312073 [0] NCCL INFO mscclGetCaptureStatus: 0, captureId: 0, size: 0

ja2:1312073:1312073 [0] NCCL INFO mscclSetupProxy: no capture

ja2:1312073:1312073 [0] NCCL INFO MSCCL: Setup Kernel finished, smem 41280 needsFence 1
ja3:927642:927642 [0] NCCL INFO mscclGetCaptureStatus: 0, captureId: 0, size: 0

ja3:927642:927642 [0] NCCL INFO mscclSetupProxy: no capture

ja3:927642:927642 [0] NCCL INFO MSCCL: Setup Kernel finished, smem 41280 needsFence 1
ja4:2516794:2516794 [0] NCCL INFO mscclGetCaptureStatus: 0, captureId: 0, size: 0

ja4:2516794:2516794 [0] NCCL INFO mscclSetupProxy: no capture

ja4:2516794:2516794 [0] NCCL INFO MSCCL: Setup Kernel finished, smem 41280 needsFence 1
    172.1    2.28    1.52      0
      786432         65536     float    none      -1    119.1    6.60    4.40      0ja2:1312073:1312073 [0] NCCL INFO mscclGetCaptureStatus: 0, captureId: 0, size: 0

ja2:1312073:1312073 [0] NCCL INFO mscclSetupProxy: no capture

ja2:1312073:1312073 [0] NCCL INFO MSCCL: Setup Kernel finished, smem 41280 needsFence 1
ja3:927642:927642 [0] NCCL INFO mscclGetCaptureStatus: 0, captureId: 0, size: 0

ja3:927642:927642 [0] NCCL INFO mscclSetupProxy: no capture

ja3:927642:927642 [0] NCCL INFO MSCCL: Setup Kernel finished, smem 41280 needsFence 1
ja4:2516794:2516794 [0] NCCL INFO mscclGetCaptureStatus: 0, captureId: 0, size: 0

ja4:2516794:2516794 [0] NCCL INFO mscclSetupProxy: no capture

ja4:2516794:2516794 [0] NCCL INFO MSCCL: Setup Kernel finished, smem 41280 needsFence 1
ja2:1312073:1312073 [0] NCCL INFO mscclGetCaptureStatus: 0, captureId: 0, size: 0

ja2:1312073:1312073 [0] NCCL INFO mscclSetupProxy: no capture

ja2:1312073:1312073 [0] NCCL INFO MSCCL: Setup Kernel finished, smem 41280 needsFence 1
ja2:1312073:1312073 [0] NCCL INFO mscclGetCaptureStatus: 0, captureId: 0, size: 0

ja2:1312073:1312073 [0] NCCL INFO mscclSetupProxy: no capture

ja2:1312073:1312073 [0] NCCL INFO MSCCL: Setup Kernel finished, smem 41280 needsFence 1
ja2:1312073:1312073 [0] NCCL INFO mscclGetCaptureStatus: 0, captureId: 0, size: 0

ja2:1312073:1312073 [0] NCCL INFO mscclSetupProxy: no capture

ja2:1312073:1312073 [0] NCCL INFO MSCCL: Setup Kernel finished, smem 41280 needsFence 1
ja2:1312073:1312073 [0] NCCL INFO mscclGetCaptureStatus: 0, captureId: 0, size: 0

ja2:1312073:1312073 [0] NCCL INFO mscclSetupProxy: no capture

ja2:1312073:1312073 [0] NCCL INFO MSCCL: Setup Kernel finished, smem 41280 needsFence 1
ja3:927642:927642 [0] NCCL INFO mscclGetCaptureStatus: 0, captureId: 0, size: 0

ja3:927642:927642 [0] NCCL INFO mscclSetupProxy: no capture

ja3:927642:927642 [0] NCCL INFO MSCCL: Setup Kernel finished, smem 41280 needsFence 1
ja3:927642:927642 [0] NCCL INFO mscclGetCaptureStatus: 0, captureId: 0, size: 0

ja3:927642:927642 [0] NCCL INFO mscclSetupProxy: no capture

ja3:927642:927642 [0] NCCL INFO MSCCL: Setup Kernel finished, smem 41280 needsFence 1
ja3:927642:927642 [0] NCCL INFO mscclGetCaptureStatus: 0, captureId: 0, size: 0

ja3:927642:927642 [0] NCCL INFO mscclSetupProxy: no capture

ja3:927642:927642 [0] NCCL INFO MSCCL: Setup Kernel finished, smem 41280 needsFence 1
ja3:927642:927642 [0] NCCL INFO mscclGetCaptureStatus: 0, captureId: 0, size: 0

ja3:927642:927642 [0] NCCL INFO mscclSetupProxy: no capture

ja3:927642:927642 [0] NCCL INFO MSCCL: Setup Kernel finished, smem 41280 needsFence 1
ja3:927642:927642 [0] NCCL INFO mscclGetCaptureStatus: 0, captureId: 0, size: 0

ja2:1312073:1312073 [0] NCCL INFO mscclGetCaptureStatus: 0, captureId: 0, size: 0

ja2:1312073:1312073 [0] NCCL INFO mscclSetupProxy: no capture

ja2:1312073:1312073 [0] NCCL INFO MSCCL: Setup Kernel finished, smem 41280 needsFence 1
ja2:1312073:1312073 [0] NCCL INFO mscclGetCaptureStatus: 0, captureId: 0, size: 0

ja2:1312073:1312073 [0] NCCL INFO mscclSetupProxy: no capture

ja2:1312073:1312073 [0] NCCL INFO MSCCL: Setup Kernel finished, smem 41280 needsFence 1
ja2:1312073:1312073 [0] NCCL INFO mscclGetCaptureStatus: 0, captureId: 0, size: 0

ja2:1312073:1312073 [0] NCCL INFO mscclSetupProxy: no capture

ja2:1312073:1312073 [0] NCCL INFO MSCCL: Setup Kernel finished, smem 41280 needsFence 1
ja2:1312073:1312073 [0] NCCL INFO mscclGetCaptureStatus: 0, captureId: 0, size: 0

ja4:2516794:2516794 [0] NCCL INFO mscclGetCaptureStatus: 0, captureId: 0, size: 0

ja4:2516794:2516794 [0] NCCL INFO mscclSetupProxy: no capture

ja4:2516794:2516794 [0] NCCL INFO MSCCL: Setup Kernel finished, smem 41280 needsFence 1
ja4:2516794:2516794 [0] NCCL INFO mscclGetCaptureStatus: 0, captureId: 0, size: 0

ja4:2516794:2516794 [0] NCCL INFO mscclSetupProxy: no capture

ja4:2516794:2516794 [0] NCCL INFO MSCCL: Setup Kernel finished, smem 41280 needsFence 1
ja4:2516794:2516794 [0] NCCL INFO mscclGetCaptureStatus: 0, captureId: 0, size: 0

ja4:2516794:2516794 [0] NCCL INFO mscclSetupProxy: no capture

ja4:2516794:2516794 [0] NCCL INFO MSCCL: Setup Kernel finished, smem 41280 needsFence 1
ja4:2516794:2516794 [0] NCCL INFO mscclGetCaptureStatus: 0, captureId: 0, size: 0

ja4:2516794:2516794 [0] NCCL INFO mscclSetupProxy: no capture

ja4:2516794:2516794 [0] NCCL INFO MSCCL: Setup Kernel finished, smem 41280 needsFence 1
ja4:2516794:2516794 [0] NCCL INFO mscclGetCaptureStatus: 0, captureId: 0, size: 0

ja3:927642:927642 [0] NCCL INFO mscclSetupProxy: no capture

ja2:1312073:1312073 [0] NCCL INFO mscclSetupProxy: no capture

ja2:1312073:1312073 [0] NCCL INFO MSCCL: Setup Kernel finished, smem 41280 needsFence 1
ja2:1312073:1312073 [0] NCCL INFO mscclGetCaptureStatus: 0, captureId: 0, size: 0

ja2:1312073:1312073 [0] NCCL INFO mscclSetupProxy: no capture

ja2:1312073:1312073 [0] NCCL INFO MSCCL: Setup Kernel finished, smem 41280 needsFence 1
ja2:1312073:1312073 [0] NCCL INFO mscclGetCaptureStatus: 0, captureId: 0, size: 0

ja2:1312073:1312073 [0] NCCL INFO mscclSetupProxy: no capture

ja2:1312073:1312073 [0] NCCL INFO MSCCL: Setup Kernel finished, smem 41280 needsFence 1
ja2:1312073:1312073 [0] NCCL INFO mscclGetCaptureStatus: 0, captureId: 0, size: 0

ja2:1312073:1312073 [0] NCCL INFO mscclSetupProxy: no capture

ja2:1312073:1312073 [0] NCCL INFO MSCCL: Setup Kernel finished, smem 41280 needsFence 1
ja2:1312073:1312073 [0] NCCL INFO mscclGetCaptureStatus: 0, captureId: 0, size: 0

ja2:1312073:1312073 [0] NCCL INFO mscclSetupProxy: no capture

ja4:2516794:2516794 [0] NCCL INFO mscclSetupProxy: no capture

ja4:2516794:2516794 [0] NCCL INFO MSCCL: Setup Kernel finished, smem 41280 needsFence 1
ja4:2516794:2516794 [0] NCCL INFO mscclGetCaptureStatus: 0, captureId: 0, size: 0

ja4:2516794:2516794 [0] NCCL INFO mscclSetupProxy: no capture

ja4:2516794:2516794 [0] NCCL INFO MSCCL: Setup Kernel finished, smem 41280 needsFence 1
ja4:2516794:2516794 [0] NCCL INFO mscclGetCaptureStatus: 0, captureId: 0, size: 0

ja4:2516794:2516794 [0] NCCL INFO mscclSetupProxy: no capture

ja4:2516794:2516794 [0] NCCL INFO MSCCL: Setup Kernel finished, smem 41280 needsFence 1
ja3:927642:927642 [0] NCCL INFO MSCCL: Setup Kernel finished, smem 41280 needsFence 1
ja3:927642:927642 [0] NCCL INFO mscclGetCaptureStatus: 0, captureId: 0, size: 0

ja3:927642:927642 [0] NCCL INFO mscclSetupProxy: no capture

ja3:927642:927642 [0] NCCL INFO MSCCL: Setup Kernel finished, smem 41280 needsFence 1
ja3:927642:927642 [0] NCCL INFO mscclGetCaptureStatus: 0, captureId: 0, size: 0

ja3:927642:927642 [0] NCCL INFO mscclSetupProxy: no capture

ja3:927642:927642 [0] NCCL INFO MSCCL: Setup Kernel finished, smem 41280 needsFence 1
ja3:927642:927642 [0] NCCL INFO mscclGetCaptureStatus: 0, captureId: 0, size: 0

ja3:927642:927642 [0] NCCL INFO mscclSetupProxy: no capture

ja2:1312073:1312073 [0] NCCL INFO MSCCL: Setup Kernel finished, smem 41280 needsFence 1
ja2:1312073:1312073 [0] NCCL INFO mscclGetCaptureStatus: 0, captureId: 0, size: 0

ja2:1312073:1312073 [0] NCCL INFO mscclSetupProxy: no capture

ja2:1312073:1312073 [0] NCCL INFO MSCCL: Setup Kernel finished, smem 41280 needsFence 1
ja4:2516794:2516794 [0] NCCL INFO mscclGetCaptureStatus: 0, captureId: 0, size: 0

ja4:2516794:2516794 [0] NCCL INFO mscclSetupProxy: no capture

ja4:2516794:2516794 [0] NCCL INFO MSCCL: Setup Kernel finished, smem 41280 needsFence 1
ja4:2516794:2516794 [0] NCCL INFO mscclGetCaptureStatus: 0, captureId: 0, size: 0

ja4:2516794:2516794 [0] NCCL INFO mscclSetupProxy: no capture

ja4:2516794:2516794 [0] NCCL INFO MSCCL: Setup Kernel finished, smem 41280 needsFence 1
ja4:2516794:2516794 [0] NCCL INFO mscclGetCaptureStatus: 0, captureId: 0, size: 0

ja4:2516794:2516794 [0] NCCL INFO mscclSetupProxy: no capture

ja4:2516794:2516794 [0] NCCL INFO MSCCL: Setup Kernel finished, smem 41280 needsFence 1
ja4:2516794:2516794 [0] NCCL INFO mscclGetCaptureStatus: 0, captureId: 0, size: 0

ja4:2516794:2516794 [0] NCCL INFO mscclSetupProxy: no capture

ja4:2516794:2516794 [0] NCCL INFO MSCCL: Setup Kernel finished, smem 41280 needsFence 1
ja4:2516794:2516794 [0] NCCL INFO mscclGetCaptureStatus: 0, captureId: 0, size: 0

ja3:927642:927642 [0] NCCL INFO MSCCL: Setup Kernel finished, smem 41280 needsFence 1
ja3:927642:927642 [0] NCCL INFO mscclGetCaptureStatus: 0, captureId: 0, size: 0

ja3:927642:927642 [0] NCCL INFO mscclSetupProxy: no capture

ja3:927642:927642 [0] NCCL INFO MSCCL: Setup Kernel finished, smem 41280 needsFence 1
ja3:927642:927642 [0] NCCL INFO mscclGetCaptureStatus: 0, captureId: 0, size: 0

ja3:927642:927642 [0] NCCL INFO mscclSetupProxy: no capture

ja3:927642:927642 [0] NCCL INFO MSCCL: Setup Kernel finished, smem 41280 needsFence 1
ja3:927642:927642 [0] NCCL INFO mscclGetCaptureStatus: 0, captureId: 0, size: 0

ja3:927642:927642 [0] NCCL INFO mscclSetupProxy: no capture

ja3:927642:927642 [0] NCCL INFO MSCCL: Setup Kernel finished, smem 41280 needsFence 1
ja3:927642:927642 [0] NCCL INFO mscclGetCaptureStatus: 0, captureId: 0, size: 0

ja3:927642:927642 [0] NCCL INFO mscclSetupProxy: no capture

ja3:927642:927642 [0] NCCL INFO MSCCL: Setup Kernel finished, smem 41280 needsFence 1
ja2:1312073:1312073 [0] NCCL INFO mscclGetCaptureStatus: 0, captureId: 0, size: 0

ja2:1312073:1312073 [0] NCCL INFO mscclSetupProxy: no capture

ja2:1312073:1312073 [0] NCCL INFO MSCCL: Setup Kernel finished, smem 41280 needsFence 1
ja2:1312073:1312073 [0] NCCL INFO mscclGetCaptureStatus: 0, captureId: 0, size: 0

ja2:1312073:1312073 [0] NCCL INFO mscclSetupProxy: no capture

ja2:1312073:1312073 [0] NCCL INFO MSCCL: Setup Kernel finished, smem 41280 needsFence 1
ja2:1312073:1312073 [0] NCCL INFO mscclGetCaptureStatus: 0, captureId: 0, size: 0

ja2:1312073:1312073 [0] NCCL INFO mscclSetupProxy: no capture

ja2:1312073:1312073 [0] NCCL INFO MSCCL: Setup Kernel finished, smem 41280 needsFence 1
ja2:1312073:1312073 [0] NCCL INFO mscclGetCaptureStatus: 0, captureId: 0, size: 0

ja2:1312073:1312073 [0] NCCL INFO mscclSetupProxy: no capture

ja2:1312073:1312073 [0] NCCL INFO MSCCL: Setup Kernel finished, smem 41280 needsFence 1
ja2:1312073:1312073 [0] NCCL INFO mscclGetCaptureStatus: 0, captureId: 0, size: 0

ja4:2516794:2516794 [0] NCCL INFO mscclSetupProxy: no capture

ja4:2516794:2516794 [0] NCCL INFO MSCCL: Setup Kernel finished, smem 41280 needsFence 1
ja4:2516794:2516794 [0] NCCL INFO mscclGetCaptureStatus: 0, captureId: 0, size: 0

ja4:2516794:2516794 [0] NCCL INFO mscclSetupProxy: no capture

ja4:2516794:2516794 [0] NCCL INFO MSCCL: Setup Kernel finished, smem 41280 needsFence 1
ja4:2516794:2516794 [0] NCCL INFO mscclGetCaptureStatus: 0, captureId: 0, size: 0

ja4:2516794:2516794 [0] NCCL INFO mscclSetupProxy: no capture

ja4:2516794:2516794 [0] NCCL INFO MSCCL: Setup Kernel finished, smem 41280 needsFence 1
ja4:2516794:2516794 [0] NCCL INFO mscclGetCaptureStatus: 0, captureId: 0, size: 0

ja4:2516794:2516794 [0] NCCL INFO mscclSetupProxy: no capture

ja4:2516794:2516794 [0] NCCL INFO MSCCL: Setup Kernel finished, smem 41280 needsFence 1
ja3:927642:927642 [0] NCCL INFO mscclGetCaptureStatus: 0, captureId: 0, size: 0

ja3:927642:927642 [0] NCCL INFO mscclSetupProxy: no capture

ja3:927642:927642 [0] NCCL INFO MSCCL: Setup Kernel finished, smem 41280 needsFence 1
ja3:927642:927642 [0] NCCL INFO mscclGetCaptureStatus: 0, captureId: 0, size: 0

ja3:927642:927642 [0] NCCL INFO mscclSetupProxy: no capture

ja3:927642:927642 [0] NCCL INFO MSCCL: Setup Kernel finished, smem 41280 needsFence 1
ja2:1312073:1312073 [0] NCCL INFO mscclSetupProxy: no capture

ja2:1312073:1312073 [0] NCCL INFO MSCCL: Setup Kernel finished, smem 41280 needsFence 1
ja4:2516794:2516794 [0] NCCL INFO mscclGetCaptureStatus: 0, captureId: 0, size: 0

ja4:2516794:2516794 [0] NCCL INFO mscclSetupProxy: no capture

ja4:2516794:2516794 [0] NCCL INFO MSCCL: Setup Kernel finished, smem 41280 needsFence 1
ja4:2516794:2516794 [0] NCCL INFO mscclGetCaptureStatus: 0, captureId: 0, size: 0

ja4:2516794:2516794 [0] NCCL INFO mscclSetupProxy: no capture

ja4:2516794:2516794 [0] NCCL INFO MSCCL: Setup Kernel finished, smem 41280 needsFence 1
ja4:2516794:2516794 [0] NCCL INFO mscclGetCaptureStatus: 0, captureId: 0, size: 0

ja4:2516794:2516794 [0] NCCL INFO mscclSetupProxy: no capture

ja4:2516794:2516794 [0] NCCL INFO MSCCL: Setup Kernel finished, smem 41280 needsFence 1
ja4:2516794:2516794 [0] NCCL INFO mscclGetCaptureStatus: 0, captureId: 0, size: 0

ja4:2516794:2516794 [0] NCCL INFO mscclSetupProxy: no capture

ja4:2516794:2516794 [0] NCCL INFO MSCCL: Setup Kernel finished, smem 41280 needsFence 1
ja4:2516794:2516794 [0] NCCL INFO mscclGetCaptureStatus: 0, captureId: 0, size: 0

ja3:927642:927642 [0] NCCL INFO mscclGetCaptureStatus: 0, captureId: 0, size: 0

ja3:927642:927642 [0] NCCL INFO mscclSetupProxy: no capture

ja3:927642:927642 [0] NCCL INFO MSCCL: Setup Kernel finished, smem 41280 needsFence 1
ja3:927642:927642 [0] NCCL INFO mscclGetCaptureStatus: 0, captureId: 0, size: 0

ja3:927642:927642 [0] NCCL INFO mscclSetupProxy: no capture

ja3:927642:927642 [0] NCCL INFO MSCCL: Setup Kernel finished, smem 41280 needsFence 1
ja3:927642:927642 [0] NCCL INFO mscclGetCaptureStatus: 0, captureId: 0, size: 0

ja3:927642:927642 [0] NCCL INFO mscclSetupProxy: no capture

ja3:927642:927642 [0] NCCL INFO MSCCL: Setup Kernel finished, smem 41280 needsFence 1
ja3:927642:927642 [0] NCCL INFO mscclGetCaptureStatus: 0, captureId: 0, size: 0

ja3:927642:927642 [0] NCCL INFO mscclSetupProxy: no capture

ja3:927642:927642 [0] NCCL INFO MSCCL: Setup Kernel finished, smem 41280 needsFence 1
ja3:927642:927642 [0] NCCL INFO mscclGetCaptureStatus: 0, captureId: 0, size: 0

ja2:1312073:1312073 [0] NCCL INFO mscclGetCaptureStatus: 0, captureId: 0, size: 0

ja2:1312073:1312073 [0] NCCL INFO mscclSetupProxy: no capture

ja2:1312073:1312073 [0] NCCL INFO MSCCL: Setup Kernel finished, smem 41280 needsFence 1
ja2:1312073:1312073 [0] NCCL INFO mscclGetCaptureStatus: 0, captureId: 0, size: 0

ja2:1312073:1312073 [0] NCCL INFO mscclSetupProxy: no capture

ja2:1312073:1312073 [0] NCCL INFO MSCCL: Setup Kernel finished, smem 41280 needsFence 1
ja4:2516794:2516794 [0] NCCL INFO mscclSetupProxy: no capture

ja3:927642:927642 [0] NCCL INFO mscclSetupProxy: no capture

ja3:927642:927642 [0] NCCL INFO MSCCL: Setup Kernel finished, smem 41280 needsFence 1
ja3:927642:927642 [0] NCCL INFO mscclGetCaptureStatus: 0, captureId: 0, size: 0

ja3:927642:927642 [0] NCCL INFO mscclSetupProxy: no capture

ja3:927642:927642 [0] NCCL INFO MSCCL: Setup Kernel finished, smem 41280 needsFence 1
ja4:2516794:2516794 [0] NCCL INFO MSCCL: Setup Kernel finished, smem 41280 needsFence 1
ja2:1312073:1312073 [0] NCCL INFO mscclGetCaptureStatus: 0, captureId: 0, size: 0

ja2:1312073:1312073 [0] NCCL INFO mscclSetupProxy: no capture

ja2:1312073:1312073 [0] NCCL INFO MSCCL: Setup Kernel finished, smem 41280 needsFence 1
ja3:927642:927642 [0] NCCL INFO mscclGetCaptureStatus: 0, captureId: 0, size: 0

ja3:927642:927642 [0] NCCL INFO mscclSetupProxy: no capture

ja3:927642:927642 [0] NCCL INFO MSCCL: Setup Kernel finished, smem 41280 needsFence 1
ja4:2516794:2516794 [0] NCCL INFO mscclGetCaptureStatus: 0, captureId: 0, size: 0

ja4:2516794:2516794 [0] NCCL INFO mscclSetupProxy: no capture

ja4:2516794:2516794 [0] NCCL INFO MSCCL: Setup Kernel finished, smem 41280 needsFence 1
    202.1    3.89    2.59      0
     1572864        131072     float    none      -1    199.0    7.90    5.27      0ja2:1312073:1312073 [0] NCCL INFO mscclGetCaptureStatus: 0, captureId: 0, size: 0

ja2:1312073:1312073 [0] NCCL INFO mscclSetupProxy: no capture

ja2:1312073:1312073 [0] NCCL INFO MSCCL: Setup Kernel finished, smem 41280 needsFence 1
ja3:927642:927642 [0] NCCL INFO mscclGetCaptureStatus: 0, captureId: 0, size: 0

ja3:927642:927642 [0] NCCL INFO mscclSetupProxy: no capture

ja3:927642:927642 [0] NCCL INFO MSCCL: Setup Kernel finished, smem 41280 needsFence 1
ja4:2516794:2516794 [0] NCCL INFO mscclGetCaptureStatus: 0, captureId: 0, size: 0

ja4:2516794:2516794 [0] NCCL INFO mscclSetupProxy: no capture

ja4:2516794:2516794 [0] NCCL INFO MSCCL: Setup Kernel finished, smem 41280 needsFence 1
ja2:1312073:1312073 [0] NCCL INFO mscclGetCaptureStatus: 0, captureId: 0, size: 0

ja2:1312073:1312073 [0] NCCL INFO mscclSetupProxy: no capture

ja2:1312073:1312073 [0] NCCL INFO MSCCL: Setup Kernel finished, smem 41280 needsFence 1
ja2:1312073:1312073 [0] NCCL INFO mscclGetCaptureStatus: 0, captureId: 0, size: 0

ja2:1312073:1312073 [0] NCCL INFO mscclSetupProxy: no capture

ja2:1312073:1312073 [0] NCCL INFO MSCCL: Setup Kernel finished, smem 41280 needsFence 1
ja2:1312073:1312073 [0] NCCL INFO mscclGetCaptureStatus: 0, captureId: 0, size: 0

ja2:1312073:1312073 [0] NCCL INFO mscclSetupProxy: no capture

ja2:1312073:1312073 [0] NCCL INFO MSCCL: Setup Kernel finished, smem 41280 needsFence 1
ja2:1312073:1312073 [0] NCCL INFO mscclGetCaptureStatus: 0, captureId: 0, size: 0

ja2:1312073:1312073 [0] NCCL INFO mscclSetupProxy: no capture

ja2:1312073:1312073 [0] NCCL INFO MSCCL: Setup Kernel finished, smem 41280 needsFence 1
ja2:1312073:1312073 [0] NCCL INFO mscclGetCaptureStatus: 0, captureId: 0, size: 0

ja3:927642:927642 [0] NCCL INFO mscclGetCaptureStatus: 0, captureId: 0, size: 0

ja3:927642:927642 [0] NCCL INFO mscclSetupProxy: no capture

ja3:927642:927642 [0] NCCL INFO MSCCL: Setup Kernel finished, smem 41280 needsFence 1
ja3:927642:927642 [0] NCCL INFO mscclGetCaptureStatus: 0, captureId: 0, size: 0

ja3:927642:927642 [0] NCCL INFO mscclSetupProxy: no capture

ja3:927642:927642 [0] NCCL INFO MSCCL: Setup Kernel finished, smem 41280 needsFence 1
ja3:927642:927642 [0] NCCL INFO mscclGetCaptureStatus: 0, captureId: 0, size: 0

ja3:927642:927642 [0] NCCL INFO mscclSetupProxy: no capture

ja3:927642:927642 [0] NCCL INFO MSCCL: Setup Kernel finished, smem 41280 needsFence 1
ja3:927642:927642 [0] NCCL INFO mscclGetCaptureStatus: 0, captureId: 0, size: 0

ja3:927642:927642 [0] NCCL INFO mscclSetupProxy: no capture

ja3:927642:927642 [0] NCCL INFO MSCCL: Setup Kernel finished, smem 41280 needsFence 1
ja3:927642:927642 [0] NCCL INFO mscclGetCaptureStatus: 0, captureId: 0, size: 0

ja2:1312073:1312073 [0] NCCL INFO mscclSetupProxy: no capture

ja2:1312073:1312073 [0] NCCL INFO MSCCL: Setup Kernel finished, smem 41280 needsFence 1
ja2:1312073:1312073 [0] NCCL INFO mscclGetCaptureStatus: 0, captureId: 0, size: 0

ja2:1312073:1312073 [0] NCCL INFO mscclSetupProxy: no capture

ja2:1312073:1312073 [0] NCCL INFO MSCCL: Setup Kernel finished, smem 41280 needsFence 1
ja2:1312073:1312073 [0] NCCL INFO mscclGetCaptureStatus: 0, captureId: 0, size: 0

ja2:1312073:1312073 [0] NCCL INFO mscclSetupProxy: no capture

ja2:1312073:1312073 [0] NCCL INFO MSCCL: Setup Kernel finished, smem 41280 needsFence 1
ja2:1312073:1312073 [0] NCCL INFO mscclGetCaptureStatus: 0, captureId: 0, size: 0

ja2:1312073:1312073 [0] NCCL INFO mscclSetupProxy: no capture

ja2:1312073:1312073 [0] NCCL INFO MSCCL: Setup Kernel finished, smem 41280 needsFence 1
ja4:2516794:2516794 [0] NCCL INFO mscclGetCaptureStatus: 0, captureId: 0, size: 0

ja4:2516794:2516794 [0] NCCL INFO mscclSetupProxy: no capture

ja4:2516794:2516794 [0] NCCL INFO MSCCL: Setup Kernel finished, smem 41280 needsFence 1
ja4:2516794:2516794 [0] NCCL INFO mscclGetCaptureStatus: 0, captureId: 0, size: 0

ja4:2516794:2516794 [0] NCCL INFO mscclSetupProxy: no capture

ja4:2516794:2516794 [0] NCCL INFO MSCCL: Setup Kernel finished, smem 41280 needsFence 1
ja4:2516794:2516794 [0] NCCL INFO mscclGetCaptureStatus: 0, captureId: 0, size: 0

ja4:2516794:2516794 [0] NCCL INFO mscclSetupProxy: no capture

ja4:2516794:2516794 [0] NCCL INFO MSCCL: Setup Kernel finished, smem 41280 needsFence 1
ja4:2516794:2516794 [0] NCCL INFO mscclGetCaptureStatus: 0, captureId: 0, size: 0

ja4:2516794:2516794 [0] NCCL INFO mscclSetupProxy: no capture

ja4:2516794:2516794 [0] NCCL INFO MSCCL: Setup Kernel finished, smem 41280 needsFence 1
ja3:927642:927642 [0] NCCL INFO mscclSetupProxy: no capture

ja2:1312073:1312073 [0] NCCL INFO mscclGetCaptureStatus: 0, captureId: 0, size: 0

ja2:1312073:1312073 [0] NCCL INFO mscclSetupProxy: no capture

ja2:1312073:1312073 [0] NCCL INFO MSCCL: Setup Kernel finished, smem 41280 needsFence 1
ja2:1312073:1312073 [0] NCCL INFO mscclGetCaptureStatus: 0, captureId: 0, size: 0

ja2:1312073:1312073 [0] NCCL INFO mscclSetupProxy: no capture

ja2:1312073:1312073 [0] NCCL INFO MSCCL: Setup Kernel finished, smem 41280 needsFence 1
ja2:1312073:1312073 [0] NCCL INFO mscclGetCaptureStatus: 0, captureId: 0, size: 0

ja2:1312073:1312073 [0] NCCL INFO mscclSetupProxy: no capture

ja2:1312073:1312073 [0] NCCL INFO MSCCL: Setup Kernel finished, smem 41280 needsFence 1
ja2:1312073:1312073 [0] NCCL INFO mscclGetCaptureStatus: 0, captureId: 0, size: 0

ja2:1312073:1312073 [0] NCCL INFO mscclSetupProxy: no capture

ja2:1312073:1312073 [0] NCCL INFO MSCCL: Setup Kernel finished, smem 41280 needsFence 1
ja2:1312073:1312073 [0] NCCL INFO mscclGetCaptureStatus: 0, captureId: 0, size: 0

ja4:2516794:2516794 [0] NCCL INFO mscclGetCaptureStatus: 0, captureId: 0, size: 0

ja4:2516794:2516794 [0] NCCL INFO mscclSetupProxy: no capture

ja4:2516794:2516794 [0] NCCL INFO MSCCL: Setup Kernel finished, smem 41280 needsFence 1
ja4:2516794:2516794 [0] NCCL INFO mscclGetCaptureStatus: 0, captureId: 0, size: 0

ja4:2516794:2516794 [0] NCCL INFO mscclSetupProxy: no capture

ja4:2516794:2516794 [0] NCCL INFO MSCCL: Setup Kernel finished, smem 41280 needsFence 1
ja4:2516794:2516794 [0] NCCL INFO mscclGetCaptureStatus: 0, captureId: 0, size: 0

ja4:2516794:2516794 [0] NCCL INFO mscclSetupProxy: no capture

ja4:2516794:2516794 [0] NCCL INFO MSCCL: Setup Kernel finished, smem 41280 needsFence 1
ja3:927642:927642 [0] NCCL INFO MSCCL: Setup Kernel finished, smem 41280 needsFence 1
ja3:927642:927642 [0] NCCL INFO mscclGetCaptureStatus: 0, captureId: 0, size: 0

ja3:927642:927642 [0] NCCL INFO mscclSetupProxy: no capture

ja3:927642:927642 [0] NCCL INFO MSCCL: Setup Kernel finished, smem 41280 needsFence 1
ja3:927642:927642 [0] NCCL INFO mscclGetCaptureStatus: 0, captureId: 0, size: 0

ja3:927642:927642 [0] NCCL INFO mscclSetupProxy: no capture

ja3:927642:927642 [0] NCCL INFO MSCCL: Setup Kernel finished, smem 41280 needsFence 1
ja3:927642:927642 [0] NCCL INFO mscclGetCaptureStatus: 0, captureId: 0, size: 0

ja3:927642:927642 [0] NCCL INFO mscclSetupProxy: no capture

ja3:927642:927642 [0] NCCL INFO MSCCL: Setup Kernel finished, smem 41280 needsFence 1
ja3:927642:927642 [0] NCCL INFO mscclGetCaptureStatus: 0, captureId: 0, size: 0

ja3:927642:927642 [0] NCCL INFO mscclSetupProxy: no capture

ja3:927642:927642 [0] NCCL INFO MSCCL: Setup Kernel finished, smem 41280 needsFence 1
ja2:1312073:1312073 [0] NCCL INFO mscclSetupProxy: no capture

ja2:1312073:1312073 [0] NCCL INFO MSCCL: Setup Kernel finished, smem 41280 needsFence 1
ja2:1312073:1312073 [0] NCCL INFO mscclGetCaptureStatus: 0, captureId: 0, size: 0

ja2:1312073:1312073 [0] NCCL INFO mscclSetupProxy: no capture

ja2:1312073:1312073 [0] NCCL INFO MSCCL: Setup Kernel finished, smem 41280 needsFence 1
ja4:2516794:2516794 [0] NCCL INFO mscclGetCaptureStatus: 0, captureId: 0, size: 0

ja4:2516794:2516794 [0] NCCL INFO mscclSetupProxy: no capture

ja4:2516794:2516794 [0] NCCL INFO MSCCL: Setup Kernel finished, smem 41280 needsFence 1
ja4:2516794:2516794 [0] NCCL INFO mscclGetCaptureStatus: 0, captureId: 0, size: 0

ja4:2516794:2516794 [0] NCCL INFO mscclSetupProxy: no capture

ja4:2516794:2516794 [0] NCCL INFO MSCCL: Setup Kernel finished, smem 41280 needsFence 1
ja4:2516794:2516794 [0] NCCL INFO mscclGetCaptureStatus: 0, captureId: 0, size: 0

ja4:2516794:2516794 [0] NCCL INFO mscclSetupProxy: no capture

ja4:2516794:2516794 [0] NCCL INFO MSCCL: Setup Kernel finished, smem 41280 needsFence 1
ja4:2516794:2516794 [0] NCCL INFO mscclGetCaptureStatus: 0, captureId: 0, size: 0

ja4:2516794:2516794 [0] NCCL INFO mscclSetupProxy: no capture

ja4:2516794:2516794 [0] NCCL INFO MSCCL: Setup Kernel finished, smem 41280 needsFence 1
ja4:2516794:2516794 [0] NCCL INFO mscclGetCaptureStatus: 0, captureId: 0, size: 0

ja3:927642:927642 [0] NCCL INFO mscclGetCaptureStatus: 0, captureId: 0, size: 0

ja3:927642:927642 [0] NCCL INFO mscclSetupProxy: no capture

ja3:927642:927642 [0] NCCL INFO MSCCL: Setup Kernel finished, smem 41280 needsFence 1
ja3:927642:927642 [0] NCCL INFO mscclGetCaptureStatus: 0, captureId: 0, size: 0

ja3:927642:927642 [0] NCCL INFO mscclSetupProxy: no capture

ja3:927642:927642 [0] NCCL INFO MSCCL: Setup Kernel finished, smem 41280 needsFence 1
ja3:927642:927642 [0] NCCL INFO mscclGetCaptureStatus: 0, captureId: 0, size: 0

ja3:927642:927642 [0] NCCL INFO mscclSetupProxy: no capture

ja3:927642:927642 [0] NCCL INFO MSCCL: Setup Kernel finished, smem 41280 needsFence 1
ja3:927642:927642 [0] NCCL INFO mscclGetCaptureStatus: 0, captureId: 0, size: 0

ja3:927642:927642 [0] NCCL INFO mscclSetupProxy: no capture

ja3:927642:927642 [0] NCCL INFO MSCCL: Setup Kernel finished, smem 41280 needsFence 1
ja3:927642:927642 [0] NCCL INFO mscclGetCaptureStatus: 0, captureId: 0, size: 0

ja2:1312073:1312073 [0] NCCL INFO mscclGetCaptureStatus: 0, captureId: 0, size: 0

ja2:1312073:1312073 [0] NCCL INFO mscclSetupProxy: no capture

ja2:1312073:1312073 [0] NCCL INFO MSCCL: Setup Kernel finished, smem 41280 needsFence 1
ja2:1312073:1312073 [0] NCCL INFO mscclGetCaptureStatus: 0, captureId: 0, size: 0

ja2:1312073:1312073 [0] NCCL INFO mscclSetupProxy: no capture

ja2:1312073:1312073 [0] NCCL INFO MSCCL: Setup Kernel finished, smem 41280 needsFence 1
ja2:1312073:1312073 [0] NCCL INFO mscclGetCaptureStatus: 0, captureId: 0, size: 0

ja2:1312073:1312073 [0] NCCL INFO mscclSetupProxy: no capture

ja2:1312073:1312073 [0] NCCL INFO MSCCL: Setup Kernel finished, smem 41280 needsFence 1
ja2:1312073:1312073 [0] NCCL INFO mscclGetCaptureStatus: 0, captureId: 0, size: 0

ja2:1312073:1312073 [0] NCCL INFO mscclSetupProxy: no capture

ja2:1312073:1312073 [0] NCCL INFO MSCCL: Setup Kernel finished, smem 41280 needsFence 1
ja2:1312073:1312073 [0] NCCL INFO mscclGetCaptureStatus: 0, captureId: 0, size: 0

ja4:2516794:2516794 [0] NCCL INFO mscclSetupProxy: no capture

ja4:2516794:2516794 [0] NCCL INFO MSCCL: Setup Kernel finished, smem 41280 needsFence 1
ja4:2516794:2516794 [0] NCCL INFO mscclGetCaptureStatus: 0, captureId: 0, size: 0

ja4:2516794:2516794 [0] NCCL INFO mscclSetupProxy: no capture

ja3:927642:927642 [0] NCCL INFO mscclSetupProxy: no capture

ja3:927642:927642 [0] NCCL INFO MSCCL: Setup Kernel finished, smem 41280 needsFence 1
ja2:1312073:1312073 [0] NCCL INFO mscclSetupProxy: no capture

ja2:1312073:1312073 [0] NCCL INFO MSCCL: Setup Kernel finished, smem 41280 needsFence 1
ja4:2516794:2516794 [0] NCCL INFO MSCCL: Setup Kernel finished, smem 41280 needsFence 1
ja4:2516794:2516794 [0] NCCL INFO mscclGetCaptureStatus: 0, captureId: 0, size: 0

ja4:2516794:2516794 [0] NCCL INFO mscclSetupProxy: no capture

ja4:2516794:2516794 [0] NCCL INFO MSCCL: Setup Kernel finished, smem 41280 needsFence 1
ja4:2516794:2516794 [0] NCCL INFO mscclGetCaptureStatus: 0, captureId: 0, size: 0

ja4:2516794:2516794 [0] NCCL INFO mscclSetupProxy: no capture

ja4:2516794:2516794 [0] NCCL INFO MSCCL: Setup Kernel finished, smem 41280 needsFence 1
ja4:2516794:2516794 [0] NCCL INFO mscclGetCaptureStatus: 0, captureId: 0, size: 0

ja4:2516794:2516794 [0] NCCL INFO mscclSetupProxy: no capture

ja4:2516794:2516794 [0] NCCL INFO MSCCL: Setup Kernel finished, smem 41280 needsFence 1
ja4:2516794:2516794 [0] NCCL INFO mscclGetCaptureStatus: 0, captureId: 0, size: 0

ja4:2516794:2516794 [0] NCCL INFO mscclSetupProxy: no capture

ja3:927642:927642 [0] NCCL INFO mscclGetCaptureStatus: 0, captureId: 0, size: 0

ja3:927642:927642 [0] NCCL INFO mscclSetupProxy: no capture

ja3:927642:927642 [0] NCCL INFO MSCCL: Setup Kernel finished, smem 41280 needsFence 1
ja3:927642:927642 [0] NCCL INFO mscclGetCaptureStatus: 0, captureId: 0, size: 0

ja3:927642:927642 [0] NCCL INFO mscclSetupProxy: no capture

ja3:927642:927642 [0] NCCL INFO MSCCL: Setup Kernel finished, smem 41280 needsFence 1
ja3:927642:927642 [0] NCCL INFO mscclGetCaptureStatus: 0, captureId: 0, size: 0

ja3:927642:927642 [0] NCCL INFO mscclSetupProxy: no capture

ja3:927642:927642 [0] NCCL INFO MSCCL: Setup Kernel finished, smem 41280 needsFence 1
ja3:927642:927642 [0] NCCL INFO mscclGetCaptureStatus: 0, captureId: 0, size: 0

ja3:927642:927642 [0] NCCL INFO mscclSetupProxy: no capture

ja3:927642:927642 [0] NCCL INFO MSCCL: Setup Kernel finished, smem 41280 needsFence 1
ja3:927642:927642 [0] NCCL INFO mscclGetCaptureStatus: 0, captureId: 0, size: 0

ja2:1312073:1312073 [0] NCCL INFO mscclGetCaptureStatus: 0, captureId: 0, size: 0

ja2:1312073:1312073 [0] NCCL INFO mscclSetupProxy: no capture

ja2:1312073:1312073 [0] NCCL INFO MSCCL: Setup Kernel finished, smem 41280 needsFence 1
ja4:2516794:2516794 [0] NCCL INFO MSCCL: Setup Kernel finished, smem 41280 needsFence 1
ja3:927642:927642 [0] NCCL INFO mscclSetupProxy: no capture

ja4:2516794:2516794 [0] NCCL INFO mscclGetCaptureStatus: 0, captureId: 0, size: 0

ja4:2516794:2516794 [0] NCCL INFO mscclSetupProxy: no capture

ja4:2516794:2516794 [0] NCCL INFO MSCCL: Setup Kernel finished, smem 41280 needsFence 1
ja4:2516794:2516794 [0] NCCL INFO mscclGetCaptureStatus: 0, captureId: 0, size: 0

ja4:2516794:2516794 [0] NCCL INFO mscclSetupProxy: no capture

ja4:2516794:2516794 [0] NCCL INFO MSCCL: Setup Kernel finished, smem 41280 needsFence 1
ja4:2516794:2516794 [0] NCCL INFO mscclGetCaptureStatus: 0, captureId: 0, size: 0

ja4:2516794:2516794 [0] NCCL INFO mscclSetupProxy: no capture

ja4:2516794:2516794 [0] NCCL INFO MSCCL: Setup Kernel finished, smem 41280 needsFence 1
ja3:927642:927642 [0] NCCL INFO MSCCL: Setup Kernel finished, smem 41280 needsFence 1
ja3:927642:927642 [0] NCCL INFO mscclGetCaptureStatus: 0, captureId: 0, size: 0

ja3:927642:927642 [0] NCCL INFO mscclSetupProxy: no capture

ja3:927642:927642 [0] NCCL INFO MSCCL: Setup Kernel finished, smem 41280 needsFence 1
ja2:1312073:1312073 [0] NCCL INFO mscclGetCaptureStatus: 0, captureId: 0, size: 0

ja2:1312073:1312073 [0] NCCL INFO mscclSetupProxy: no capture

ja2:1312073:1312073 [0] NCCL INFO MSCCL: Setup Kernel finished, smem 41280 needsFence 1
ja3:927642:927642 [0] NCCL INFO mscclGetCaptureStatus: 0, captureId: 0, size: 0

ja3:927642:927642 [0] NCCL INFO mscclSetupProxy: no capture

ja3:927642:927642 [0] NCCL INFO MSCCL: Setup Kernel finished, smem 41280 needsFence 1
ja4:2516794:2516794 [0] NCCL INFO mscclGetCaptureStatus: 0, captureId: 0, size: 0

ja4:2516794:2516794 [0] NCCL INFO mscclSetupProxy: no capture

ja4:2516794:2516794 [0] NCCL INFO MSCCL: Setup Kernel finished, smem 41280 needsFence 1
    295.0    5.33    3.56      0
     3145728        262144     float    none      -1    354.1    8.88    5.92      0ja2:1312073:1312073 [0] NCCL INFO mscclGetCaptureStatus: 0, captureId: 0, size: 0

ja2:1312073:1312073 [0] NCCL INFO mscclSetupProxy: no capture

ja2:1312073:1312073 [0] NCCL INFO MSCCL: Setup Kernel finished, smem 41280 needsFence 1
ja3:927642:927642 [0] NCCL INFO mscclGetCaptureStatus: 0, captureId: 0, size: 0

ja3:927642:927642 [0] NCCL INFO mscclSetupProxy: no capture

ja3:927642:927642 [0] NCCL INFO MSCCL: Setup Kernel finished, smem 41280 needsFence 1
ja4:2516794:2516794 [0] NCCL INFO mscclGetCaptureStatus: 0, captureId: 0, size: 0

ja4:2516794:2516794 [0] NCCL INFO mscclSetupProxy: no capture

ja4:2516794:2516794 [0] NCCL INFO MSCCL: Setup Kernel finished, smem 41280 needsFence 1
ja2:1312073:1312073 [0] NCCL INFO mscclGetCaptureStatus: 0, captureId: 0, size: 0

ja2:1312073:1312073 [0] NCCL INFO mscclSetupProxy: no capture

ja2:1312073:1312073 [0] NCCL INFO MSCCL: Setup Kernel finished, smem 41280 needsFence 1
ja2:1312073:1312073 [0] NCCL INFO mscclGetCaptureStatus: 0, captureId: 0, size: 0

ja2:1312073:1312073 [0] NCCL INFO mscclSetupProxy: no capture

ja2:1312073:1312073 [0] NCCL INFO MSCCL: Setup Kernel finished, smem 41280 needsFence 1
ja2:1312073:1312073 [0] NCCL INFO mscclGetCaptureStatus: 0, captureId: 0, size: 0

ja2:1312073:1312073 [0] NCCL INFO mscclSetupProxy: no capture

ja2:1312073:1312073 [0] NCCL INFO MSCCL: Setup Kernel finished, smem 41280 needsFence 1
ja2:1312073:1312073 [0] NCCL INFO mscclGetCaptureStatus: 0, captureId: 0, size: 0

ja2:1312073:1312073 [0] NCCL INFO mscclSetupProxy: no capture

ja2:1312073:1312073 [0] NCCL INFO MSCCL: Setup Kernel finished, smem 41280 needsFence 1
ja3:927642:927642 [0] NCCL INFO mscclGetCaptureStatus: 0, captureId: 0, size: 0

ja3:927642:927642 [0] NCCL INFO mscclSetupProxy: no capture

ja3:927642:927642 [0] NCCL INFO MSCCL: Setup Kernel finished, smem 41280 needsFence 1
ja3:927642:927642 [0] NCCL INFO mscclGetCaptureStatus: 0, captureId: 0, size: 0

ja3:927642:927642 [0] NCCL INFO mscclSetupProxy: no capture

ja3:927642:927642 [0] NCCL INFO MSCCL: Setup Kernel finished, smem 41280 needsFence 1
ja3:927642:927642 [0] NCCL INFO mscclGetCaptureStatus: 0, captureId: 0, size: 0

ja3:927642:927642 [0] NCCL INFO mscclSetupProxy: no capture

ja3:927642:927642 [0] NCCL INFO MSCCL: Setup Kernel finished, smem 41280 needsFence 1
ja3:927642:927642 [0] NCCL INFO mscclGetCaptureStatus: 0, captureId: 0, size: 0

ja3:927642:927642 [0] NCCL INFO mscclSetupProxy: no capture

ja3:927642:927642 [0] NCCL INFO MSCCL: Setup Kernel finished, smem 41280 needsFence 1
ja3:927642:927642 [0] NCCL INFO mscclGetCaptureStatus: 0, captureId: 0, size: 0

ja2:1312073:1312073 [0] NCCL INFO mscclGetCaptureStatus: 0, captureId: 0, size: 0

ja2:1312073:1312073 [0] NCCL INFO mscclSetupProxy: no capture

ja2:1312073:1312073 [0] NCCL INFO MSCCL: Setup Kernel finished, smem 41280 needsFence 1
ja2:1312073:1312073 [0] NCCL INFO mscclGetCaptureStatus: 0, captureId: 0, size: 0

ja2:1312073:1312073 [0] NCCL INFO mscclSetupProxy: no capture

ja2:1312073:1312073 [0] NCCL INFO MSCCL: Setup Kernel finished, smem 41280 needsFence 1
ja2:1312073:1312073 [0] NCCL INFO mscclGetCaptureStatus: 0, captureId: 0, size: 0

ja2:1312073:1312073 [0] NCCL INFO mscclSetupProxy: no capture

ja2:1312073:1312073 [0] NCCL INFO MSCCL: Setup Kernel finished, smem 41280 needsFence 1
ja2:1312073:1312073 [0] NCCL INFO mscclGetCaptureStatus: 0, captureId: 0, size: 0

ja2:1312073:1312073 [0] NCCL INFO mscclSetupProxy: no capture

ja4:2516794:2516794 [0] NCCL INFO mscclGetCaptureStatus: 0, captureId: 0, size: 0

ja4:2516794:2516794 [0] NCCL INFO mscclSetupProxy: no capture

ja4:2516794:2516794 [0] NCCL INFO MSCCL: Setup Kernel finished, smem 41280 needsFence 1
ja4:2516794:2516794 [0] NCCL INFO mscclGetCaptureStatus: 0, captureId: 0, size: 0

ja4:2516794:2516794 [0] NCCL INFO mscclSetupProxy: no capture

ja4:2516794:2516794 [0] NCCL INFO MSCCL: Setup Kernel finished, smem 41280 needsFence 1
ja4:2516794:2516794 [0] NCCL INFO mscclGetCaptureStatus: 0, captureId: 0, size: 0

ja4:2516794:2516794 [0] NCCL INFO mscclSetupProxy: no capture

ja4:2516794:2516794 [0] NCCL INFO MSCCL: Setup Kernel finished, smem 41280 needsFence 1
ja4:2516794:2516794 [0] NCCL INFO mscclGetCaptureStatus: 0, captureId: 0, size: 0

ja4:2516794:2516794 [0] NCCL INFO mscclSetupProxy: no capture

ja4:2516794:2516794 [0] NCCL INFO MSCCL: Setup Kernel finished, smem 41280 needsFence 1
ja4:2516794:2516794 [0] NCCL INFO mscclGetCaptureStatus: 0, captureId: 0, size: 0

ja3:927642:927642 [0] NCCL INFO mscclSetupProxy: no capture

ja2:1312073:1312073 [0] NCCL INFO MSCCL: Setup Kernel finished, smem 41280 needsFence 1
ja2:1312073:1312073 [0] NCCL INFO mscclGetCaptureStatus: 0, captureId: 0, size: 0

ja2:1312073:1312073 [0] NCCL INFO mscclSetupProxy: no capture

ja2:1312073:1312073 [0] NCCL INFO MSCCL: Setup Kernel finished, smem 41280 needsFence 1
ja2:1312073:1312073 [0] NCCL INFO mscclGetCaptureStatus: 0, captureId: 0, size: 0

ja2:1312073:1312073 [0] NCCL INFO mscclSetupProxy: no capture

ja2:1312073:1312073 [0] NCCL INFO MSCCL: Setup Kernel finished, smem 41280 needsFence 1
ja2:1312073:1312073 [0] NCCL INFO mscclGetCaptureStatus: 0, captureId: 0, size: 0

ja2:1312073:1312073 [0] NCCL INFO mscclSetupProxy: no capture

ja2:1312073:1312073 [0] NCCL INFO MSCCL: Setup Kernel finished, smem 41280 needsFence 1
ja2:1312073:1312073 [0] NCCL INFO mscclGetCaptureStatus: 0, captureId: 0, size: 0

ja2:1312073:1312073 [0] NCCL INFO mscclSetupProxy: no capture

ja4:2516794:2516794 [0] NCCL INFO mscclSetupProxy: no capture

ja4:2516794:2516794 [0] NCCL INFO MSCCL: Setup Kernel finished, smem 41280 needsFence 1
ja3:927642:927642 [0] NCCL INFO MSCCL: Setup Kernel finished, smem 41280 needsFence 1
ja3:927642:927642 [0] NCCL INFO mscclGetCaptureStatus: 0, captureId: 0, size: 0

ja3:927642:927642 [0] NCCL INFO mscclSetupProxy: no capture

ja3:927642:927642 [0] NCCL INFO MSCCL: Setup Kernel finished, smem 41280 needsFence 1
ja3:927642:927642 [0] NCCL INFO mscclGetCaptureStatus: 0, captureId: 0, size: 0

ja3:927642:927642 [0] NCCL INFO mscclSetupProxy: no capture

ja3:927642:927642 [0] NCCL INFO MSCCL: Setup Kernel finished, smem 41280 needsFence 1
ja3:927642:927642 [0] NCCL INFO mscclGetCaptureStatus: 0, captureId: 0, size: 0

ja3:927642:927642 [0] NCCL INFO mscclSetupProxy: no capture

ja3:927642:927642 [0] NCCL INFO MSCCL: Setup Kernel finished, smem 41280 needsFence 1
ja3:927642:927642 [0] NCCL INFO mscclGetCaptureStatus: 0, captureId: 0, size: 0

ja3:927642:927642 [0] NCCL INFO mscclSetupProxy: no capture

ja3:927642:927642 [0] NCCL INFO MSCCL: Setup Kernel finished, smem 41280 needsFence 1
ja2:1312073:1312073 [0] NCCL INFO MSCCL: Setup Kernel finished, smem 41280 needsFence 1
ja2:1312073:1312073 [0] NCCL INFO mscclGetCaptureStatus: 0, captureId: 0, size: 0

ja2:1312073:1312073 [0] NCCL INFO mscclSetupProxy: no capture

ja2:1312073:1312073 [0] NCCL INFO MSCCL: Setup Kernel finished, smem 41280 needsFence 1
ja2:1312073:1312073 [0] NCCL INFO mscclGetCaptureStatus: 0, captureId: 0, size: 0

ja2:1312073:1312073 [0] NCCL INFO mscclSetupProxy: no capture

ja2:1312073:1312073 [0] NCCL INFO MSCCL: Setup Kernel finished, smem 41280 needsFence 1
ja2:1312073:1312073 [0] NCCL INFO mscclGetCaptureStatus: 0, captureId: 0, size: 0

ja2:1312073:1312073 [0] NCCL INFO mscclSetupProxy: no capture

ja2:1312073:1312073 [0] NCCL INFO MSCCL: Setup Kernel finished, smem 41280 needsFence 1
ja2:1312073:1312073 [0] NCCL INFO mscclGetCaptureStatus: 0, captureId: 0, size: 0

ja2:1312073:1312073 [0] NCCL INFO mscclSetupProxy: no capture

ja4:2516794:2516794 [0] NCCL INFO mscclGetCaptureStatus: 0, captureId: 0, size: 0

ja4:2516794:2516794 [0] NCCL INFO mscclSetupProxy: no capture

ja4:2516794:2516794 [0] NCCL INFO MSCCL: Setup Kernel finished, smem 41280 needsFence 1
ja4:2516794:2516794 [0] NCCL INFO mscclGetCaptureStatus: 0, captureId: 0, size: 0

ja4:2516794:2516794 [0] NCCL INFO mscclSetupProxy: no capture

ja4:2516794:2516794 [0] NCCL INFO MSCCL: Setup Kernel finished, smem 41280 needsFence 1
ja4:2516794:2516794 [0] NCCL INFO mscclGetCaptureStatus: 0, captureId: 0, size: 0

ja4:2516794:2516794 [0] NCCL INFO mscclSetupProxy: no capture

ja4:2516794:2516794 [0] NCCL INFO MSCCL: Setup Kernel finished, smem 41280 needsFence 1
ja4:2516794:2516794 [0] NCCL INFO mscclGetCaptureStatus: 0, captureId: 0, size: 0

ja4:2516794:2516794 [0] NCCL INFO mscclSetupProxy: no capture

ja4:2516794:2516794 [0] NCCL INFO MSCCL: Setup Kernel finished, smem 41280 needsFence 1
ja3:927642:927642 [0] NCCL INFO mscclGetCaptureStatus: 0, captureId: 0, size: 0

ja3:927642:927642 [0] NCCL INFO mscclSetupProxy: no capture

ja3:927642:927642 [0] NCCL INFO MSCCL: Setup Kernel finished, smem 41280 needsFence 1
ja3:927642:927642 [0] NCCL INFO mscclGetCaptureStatus: 0, captureId: 0, size: 0

ja3:927642:927642 [0] NCCL INFO mscclSetupProxy: no capture

ja3:927642:927642 [0] NCCL INFO MSCCL: Setup Kernel finished, smem 41280 needsFence 1
ja3:927642:927642 [0] NCCL INFO mscclGetCaptureStatus: 0, captureId: 0, size: 0

ja3:927642:927642 [0] NCCL INFO mscclSetupProxy: no capture

ja3:927642:927642 [0] NCCL INFO MSCCL: Setup Kernel finished, smem 41280 needsFence 1
ja3:927642:927642 [0] NCCL INFO mscclGetCaptureStatus: 0, captureId: 0, size: 0

ja3:927642:927642 [0] NCCL INFO mscclSetupProxy: no capture

ja3:927642:927642 [0] NCCL INFO MSCCL: Setup Kernel finished, smem 41280 needsFence 1
ja3:927642:927642 [0] NCCL INFO mscclGetCaptureStatus: 0, captureId: 0, size: 0

ja2:1312073:1312073 [0] NCCL INFO MSCCL: Setup Kernel finished, smem 41280 needsFence 1
ja2:1312073:1312073 [0] NCCL INFO mscclGetCaptureStatus: 0, captureId: 0, size: 0

ja4:2516794:2516794 [0] NCCL INFO mscclGetCaptureStatus: 0, captureId: 0, size: 0

ja4:2516794:2516794 [0] NCCL INFO mscclSetupProxy: no capture

ja4:2516794:2516794 [0] NCCL INFO MSCCL: Setup Kernel finished, smem 41280 needsFence 1
ja4:2516794:2516794 [0] NCCL INFO mscclGetCaptureStatus: 0, captureId: 0, size: 0

ja4:2516794:2516794 [0] NCCL INFO mscclSetupProxy: no capture

ja4:2516794:2516794 [0] NCCL INFO MSCCL: Setup Kernel finished, smem 41280 needsFence 1
ja4:2516794:2516794 [0] NCCL INFO mscclGetCaptureStatus: 0, captureId: 0, size: 0

ja4:2516794:2516794 [0] NCCL INFO mscclSetupProxy: no capture

ja4:2516794:2516794 [0] NCCL INFO MSCCL: Setup Kernel finished, smem 41280 needsFence 1
ja4:2516794:2516794 [0] NCCL INFO mscclGetCaptureStatus: 0, captureId: 0, size: 0

ja4:2516794:2516794 [0] NCCL INFO mscclSetupProxy: no capture

ja4:2516794:2516794 [0] NCCL INFO MSCCL: Setup Kernel finished, smem 41280 needsFence 1
ja4:2516794:2516794 [0] NCCL INFO mscclGetCaptureStatus: 0, captureId: 0, size: 0

ja3:927642:927642 [0] NCCL INFO mscclSetupProxy: no capture

ja2:1312073:1312073 [0] NCCL INFO mscclSetupProxy: no capture

ja2:1312073:1312073 [0] NCCL INFO MSCCL: Setup Kernel finished, smem 41280 needsFence 1
ja2:1312073:1312073 [0] NCCL INFO mscclGetCaptureStatus: 0, captureId: 0, size: 0

ja2:1312073:1312073 [0] NCCL INFO mscclSetupProxy: no capture

ja2:1312073:1312073 [0] NCCL INFO MSCCL: Setup Kernel finished, smem 41280 needsFence 1
ja2:1312073:1312073 [0] NCCL INFO mscclGetCaptureStatus: 0, captureId: 0, size: 0

ja2:1312073:1312073 [0] NCCL INFO mscclSetupProxy: no capture

ja2:1312073:1312073 [0] NCCL INFO MSCCL: Setup Kernel finished, smem 41280 needsFence 1
ja2:1312073:1312073 [0] NCCL INFO mscclGetCaptureStatus: 0, captureId: 0, size: 0

ja2:1312073:1312073 [0] NCCL INFO mscclSetupProxy: no capture

ja2:1312073:1312073 [0] NCCL INFO MSCCL: Setup Kernel finished, smem 41280 needsFence 1
ja4:2516794:2516794 [0] NCCL INFO mscclSetupProxy: no capture

ja4:2516794:2516794 [0] NCCL INFO MSCCL: Setup Kernel finished, smem 41280 needsFence 1
ja4:2516794:2516794 [0] NCCL INFO mscclGetCaptureStatus: 0, captureId: 0, size: 0

ja4:2516794:2516794 [0] NCCL INFO mscclSetupProxy: no capture

ja3:927642:927642 [0] NCCL INFO MSCCL: Setup Kernel finished, smem 41280 needsFence 1
ja3:927642:927642 [0] NCCL INFO mscclGetCaptureStatus: 0, captureId: 0, size: 0

ja3:927642:927642 [0] NCCL INFO mscclSetupProxy: no capture

ja3:927642:927642 [0] NCCL INFO MSCCL: Setup Kernel finished, smem 41280 needsFence 1
ja3:927642:927642 [0] NCCL INFO mscclGetCaptureStatus: 0, captureId: 0, size: 0

ja3:927642:927642 [0] NCCL INFO mscclSetupProxy: no capture

ja3:927642:927642 [0] NCCL INFO MSCCL: Setup Kernel finished, smem 41280 needsFence 1
ja3:927642:927642 [0] NCCL INFO mscclGetCaptureStatus: 0, captureId: 0, size: 0

ja3:927642:927642 [0] NCCL INFO mscclSetupProxy: no capture

ja3:927642:927642 [0] NCCL INFO MSCCL: Setup Kernel finished, smem 41280 needsFence 1
ja3:927642:927642 [0] NCCL INFO mscclGetCaptureStatus: 0, captureId: 0, size: 0

ja3:927642:927642 [0] NCCL INFO mscclSetupProxy: no capture

ja3:927642:927642 [0] NCCL INFO MSCCL: Setup Kernel finished, smem 41280 needsFence 1
ja4:2516794:2516794 [0] NCCL INFO MSCCL: Setup Kernel finished, smem 41280 needsFence 1
ja4:2516794:2516794 [0] NCCL INFO mscclGetCaptureStatus: 0, captureId: 0, size: 0

ja4:2516794:2516794 [0] NCCL INFO mscclSetupProxy: no capture

ja4:2516794:2516794 [0] NCCL INFO MSCCL: Setup Kernel finished, smem 41280 needsFence 1
ja4:2516794:2516794 [0] NCCL INFO mscclGetCaptureStatus: 0, captureId: 0, size: 0

ja4:2516794:2516794 [0] NCCL INFO mscclSetupProxy: no capture

ja4:2516794:2516794 [0] NCCL INFO MSCCL: Setup Kernel finished, smem 41280 needsFence 1
ja4:2516794:2516794 [0] NCCL INFO mscclGetCaptureStatus: 0, captureId: 0, size: 0

ja4:2516794:2516794 [0] NCCL INFO mscclSetupProxy: no capture

ja4:2516794:2516794 [0] NCCL INFO MSCCL: Setup Kernel finished, smem 41280 needsFence 1
ja4:2516794:2516794 [0] NCCL INFO mscclGetCaptureStatus: 0, captureId: 0, size: 0

ja4:2516794:2516794 [0] NCCL INFO mscclSetupProxy: no capture

ja3:927642:927642 [0] NCCL INFO mscclGetCaptureStatus: 0, captureId: 0, size: 0

ja3:927642:927642 [0] NCCL INFO mscclSetupProxy: no capture

ja3:927642:927642 [0] NCCL INFO MSCCL: Setup Kernel finished, smem 41280 needsFence 1
ja3:927642:927642 [0] NCCL INFO mscclGetCaptureStatus: 0, captureId: 0, size: 0

ja3:927642:927642 [0] NCCL INFO mscclSetupProxy: no capture

ja3:927642:927642 [0] NCCL INFO MSCCL: Setup Kernel finished, smem 41280 needsFence 1
ja4:2516794:2516794 [0] NCCL INFO MSCCL: Setup Kernel finished, smem 41280 needsFence 1
ja4:2516794:2516794 [0] NCCL INFO mscclGetCaptureStatus: 0, captureId: 0, size: 0

ja4:2516794:2516794 [0] NCCL INFO mscclSetupProxy: no capture

ja4:2516794:2516794 [0] NCCL INFO MSCCL: Setup Kernel finished, smem 41280 needsFence 1
ja2:1312073:1312073 [0] NCCL INFO mscclGetCaptureStatus: 0, captureId: 0, size: 0

ja2:1312073:1312073 [0] NCCL INFO mscclSetupProxy: no capture

ja2:1312073:1312073 [0] NCCL INFO MSCCL: Setup Kernel finished, smem 41280 needsFence 1
ja3:927642:927642 [0] NCCL INFO mscclGetCaptureStatus: 0, captureId: 0, size: 0

ja3:927642:927642 [0] NCCL INFO mscclSetupProxy: no capture

ja3:927642:927642 [0] NCCL INFO MSCCL: Setup Kernel finished, smem 41280 needsFence 1
ja4:2516794:2516794 [0] NCCL INFO mscclGetCaptureStatus: 0, captureId: 0, size: 0

ja4:2516794:2516794 [0] NCCL INFO mscclSetupProxy: no capture

ja4:2516794:2516794 [0] NCCL INFO MSCCL: Setup Kernel finished, smem 41280 needsFence 1
    438.8    7.17    4.78      0
     6291456        524288     float    none      -1    574.4   10.95    7.30      0ja2:1312073:1312073 [0] NCCL INFO mscclGetCaptureStatus: 0, captureId: 0, size: 0

ja2:1312073:1312073 [0] NCCL INFO mscclSetupProxy: no capture

ja2:1312073:1312073 [0] NCCL INFO MSCCL: Setup Kernel finished, smem 41280 needsFence 1
ja3:927642:927642 [0] NCCL INFO mscclGetCaptureStatus: 0, captureId: 0, size: 0

ja3:927642:927642 [0] NCCL INFO mscclSetupProxy: no capture

ja3:927642:927642 [0] NCCL INFO MSCCL: Setup Kernel finished, smem 41280 needsFence 1
ja4:2516794:2516794 [0] NCCL INFO mscclGetCaptureStatus: 0, captureId: 0, size: 0

ja4:2516794:2516794 [0] NCCL INFO mscclSetupProxy: no capture

ja4:2516794:2516794 [0] NCCL INFO MSCCL: Setup Kernel finished, smem 41280 needsFence 1
ja2:1312073:1312073 [0] NCCL INFO mscclGetCaptureStatus: 0, captureId: 0, size: 0

ja2:1312073:1312073 [0] NCCL INFO mscclSetupProxy: no capture

ja2:1312073:1312073 [0] NCCL INFO MSCCL: Setup Kernel finished, smem 41280 needsFence 1
ja2:1312073:1312073 [0] NCCL INFO mscclGetCaptureStatus: 0, captureId: 0, size: 0

ja2:1312073:1312073 [0] NCCL INFO mscclSetupProxy: no capture

ja2:1312073:1312073 [0] NCCL INFO MSCCL: Setup Kernel finished, smem 41280 needsFence 1
ja2:1312073:1312073 [0] NCCL INFO mscclGetCaptureStatus: 0, captureId: 0, size: 0

ja2:1312073:1312073 [0] NCCL INFO mscclSetupProxy: no capture

ja2:1312073:1312073 [0] NCCL INFO MSCCL: Setup Kernel finished, smem 41280 needsFence 1
ja2:1312073:1312073 [0] NCCL INFO mscclGetCaptureStatus: 0, captureId: 0, size: 0

ja2:1312073:1312073 [0] NCCL INFO mscclSetupProxy: no capture

ja2:1312073:1312073 [0] NCCL INFO MSCCL: Setup Kernel finished, smem 41280 needsFence 1
ja2:1312073:1312073 [0] NCCL INFO mscclGetCaptureStatus: 0, captureId: 0, size: 0

ja3:927642:927642 [0] NCCL INFO mscclGetCaptureStatus: 0, captureId: 0, size: 0

ja3:927642:927642 [0] NCCL INFO mscclSetupProxy: no capture

ja3:927642:927642 [0] NCCL INFO MSCCL: Setup Kernel finished, smem 41280 needsFence 1
ja3:927642:927642 [0] NCCL INFO mscclGetCaptureStatus: 0, captureId: 0, size: 0

ja3:927642:927642 [0] NCCL INFO mscclSetupProxy: no capture

ja3:927642:927642 [0] NCCL INFO MSCCL: Setup Kernel finished, smem 41280 needsFence 1
ja3:927642:927642 [0] NCCL INFO mscclGetCaptureStatus: 0, captureId: 0, size: 0

ja3:927642:927642 [0] NCCL INFO mscclSetupProxy: no capture

ja3:927642:927642 [0] NCCL INFO MSCCL: Setup Kernel finished, smem 41280 needsFence 1
ja3:927642:927642 [0] NCCL INFO mscclGetCaptureStatus: 0, captureId: 0, size: 0

ja3:927642:927642 [0] NCCL INFO mscclSetupProxy: no capture

ja3:927642:927642 [0] NCCL INFO MSCCL: Setup Kernel finished, smem 41280 needsFence 1
ja3:927642:927642 [0] NCCL INFO mscclGetCaptureStatus: 0, captureId: 0, size: 0

ja2:1312073:1312073 [0] NCCL INFO mscclSetupProxy: no capture

ja2:1312073:1312073 [0] NCCL INFO MSCCL: Setup Kernel finished, smem 41280 needsFence 1
ja2:1312073:1312073 [0] NCCL INFO mscclGetCaptureStatus: 0, captureId: 0, size: 0

ja2:1312073:1312073 [0] NCCL INFO mscclSetupProxy: no capture

ja2:1312073:1312073 [0] NCCL INFO MSCCL: Setup Kernel finished, smem 41280 needsFence 1
ja2:1312073:1312073 [0] NCCL INFO mscclGetCaptureStatus: 0, captureId: 0, size: 0

ja2:1312073:1312073 [0] NCCL INFO mscclSetupProxy: no capture

ja2:1312073:1312073 [0] NCCL INFO MSCCL: Setup Kernel finished, smem 41280 needsFence 1
ja2:1312073:1312073 [0] NCCL INFO mscclGetCaptureStatus: 0, captureId: 0, size: 0

ja2:1312073:1312073 [0] NCCL INFO mscclSetupProxy: no capture

ja2:1312073:1312073 [0] NCCL INFO MSCCL: Setup Kernel finished, smem 41280 needsFence 1
ja4:2516794:2516794 [0] NCCL INFO mscclGetCaptureStatus: 0, captureId: 0, size: 0

ja4:2516794:2516794 [0] NCCL INFO mscclSetupProxy: no capture

ja4:2516794:2516794 [0] NCCL INFO MSCCL: Setup Kernel finished, smem 41280 needsFence 1
ja4:2516794:2516794 [0] NCCL INFO mscclGetCaptureStatus: 0, captureId: 0, size: 0

ja4:2516794:2516794 [0] NCCL INFO mscclSetupProxy: no capture

ja4:2516794:2516794 [0] NCCL INFO MSCCL: Setup Kernel finished, smem 41280 needsFence 1
ja4:2516794:2516794 [0] NCCL INFO mscclGetCaptureStatus: 0, captureId: 0, size: 0

ja4:2516794:2516794 [0] NCCL INFO mscclSetupProxy: no capture

ja4:2516794:2516794 [0] NCCL INFO MSCCL: Setup Kernel finished, smem 41280 needsFence 1
ja4:2516794:2516794 [0] NCCL INFO mscclGetCaptureStatus: 0, captureId: 0, size: 0

ja4:2516794:2516794 [0] NCCL INFO mscclSetupProxy: no capture

ja4:2516794:2516794 [0] NCCL INFO MSCCL: Setup Kernel finished, smem 41280 needsFence 1
ja4:2516794:2516794 [0] NCCL INFO mscclGetCaptureStatus: 0, captureId: 0, size: 0

ja3:927642:927642 [0] NCCL INFO mscclSetupProxy: no capture

ja3:927642:927642 [0] NCCL INFO MSCCL: Setup Kernel finished, smem 41280 needsFence 1
ja2:1312073:1312073 [0] NCCL INFO mscclGetCaptureStatus: 0, captureId: 0, size: 0

ja2:1312073:1312073 [0] NCCL INFO mscclSetupProxy: no capture

ja2:1312073:1312073 [0] NCCL INFO MSCCL: Setup Kernel finished, smem 41280 needsFence 1
ja2:1312073:1312073 [0] NCCL INFO mscclGetCaptureStatus: 0, captureId: 0, size: 0

ja2:1312073:1312073 [0] NCCL INFO mscclSetupProxy: no capture

ja2:1312073:1312073 [0] NCCL INFO MSCCL: Setup Kernel finished, smem 41280 needsFence 1
ja2:1312073:1312073 [0] NCCL INFO mscclGetCaptureStatus: 0, captureId: 0, size: 0

ja2:1312073:1312073 [0] NCCL INFO mscclSetupProxy: no capture

ja2:1312073:1312073 [0] NCCL INFO MSCCL: Setup Kernel finished, smem 41280 needsFence 1
ja2:1312073:1312073 [0] NCCL INFO mscclGetCaptureStatus: 0, captureId: 0, size: 0

ja2:1312073:1312073 [0] NCCL INFO mscclSetupProxy: no capture

ja2:1312073:1312073 [0] NCCL INFO MSCCL: Setup Kernel finished, smem 41280 needsFence 1
ja2:1312073:1312073 [0] NCCL INFO mscclGetCaptureStatus: 0, captureId: 0, size: 0

ja4:2516794:2516794 [0] NCCL INFO mscclSetupProxy: no capture

ja4:2516794:2516794 [0] NCCL INFO MSCCL: Setup Kernel finished, smem 41280 needsFence 1
ja3:927642:927642 [0] NCCL INFO mscclGetCaptureStatus: 0, captureId: 0, size: 0

ja3:927642:927642 [0] NCCL INFO mscclSetupProxy: no capture

ja3:927642:927642 [0] NCCL INFO MSCCL: Setup Kernel finished, smem 41280 needsFence 1
ja3:927642:927642 [0] NCCL INFO mscclGetCaptureStatus: 0, captureId: 0, size: 0

ja3:927642:927642 [0] NCCL INFO mscclSetupProxy: no capture

ja3:927642:927642 [0] NCCL INFO MSCCL: Setup Kernel finished, smem 41280 needsFence 1
ja3:927642:927642 [0] NCCL INFO mscclGetCaptureStatus: 0, captureId: 0, size: 0

ja3:927642:927642 [0] NCCL INFO mscclSetupProxy: no capture

ja3:927642:927642 [0] NCCL INFO MSCCL: Setup Kernel finished, smem 41280 needsFence 1
ja3:927642:927642 [0] NCCL INFO mscclGetCaptureStatus: 0, captureId: 0, size: 0

ja3:927642:927642 [0] NCCL INFO mscclSetupProxy: no capture

ja3:927642:927642 [0] NCCL INFO MSCCL: Setup Kernel finished, smem 41280 needsFence 1
ja2:1312073:1312073 [0] NCCL INFO mscclSetupProxy: no capture

ja2:1312073:1312073 [0] NCCL INFO MSCCL: Setup Kernel finished, smem 41280 needsFence 1
ja2:1312073:1312073 [0] NCCL INFO mscclGetCaptureStatus: 0, captureId: 0, size: 0

ja2:1312073:1312073 [0] NCCL INFO mscclSetupProxy: no capture

ja2:1312073:1312073 [0] NCCL INFO MSCCL: Setup Kernel finished, smem 41280 needsFence 1
ja4:2516794:2516794 [0] NCCL INFO mscclGetCaptureStatus: 0, captureId: 0, size: 0

ja4:2516794:2516794 [0] NCCL INFO mscclSetupProxy: no capture

ja4:2516794:2516794 [0] NCCL INFO MSCCL: Setup Kernel finished, smem 41280 needsFence 1
ja4:2516794:2516794 [0] NCCL INFO mscclGetCaptureStatus: 0, captureId: 0, size: 0

ja4:2516794:2516794 [0] NCCL INFO mscclSetupProxy: no capture

ja4:2516794:2516794 [0] NCCL INFO MSCCL: Setup Kernel finished, smem 41280 needsFence 1
ja4:2516794:2516794 [0] NCCL INFO mscclGetCaptureStatus: 0, captureId: 0, size: 0

ja4:2516794:2516794 [0] NCCL INFO mscclSetupProxy: no capture

ja4:2516794:2516794 [0] NCCL INFO MSCCL: Setup Kernel finished, smem 41280 needsFence 1
ja4:2516794:2516794 [0] NCCL INFO mscclGetCaptureStatus: 0, captureId: 0, size: 0

ja4:2516794:2516794 [0] NCCL INFO mscclSetupProxy: no capture

ja4:2516794:2516794 [0] NCCL INFO MSCCL: Setup Kernel finished, smem 41280 needsFence 1
ja4:2516794:2516794 [0] NCCL INFO mscclGetCaptureStatus: 0, captureId: 0, size: 0

ja3:927642:927642 [0] NCCL INFO mscclGetCaptureStatus: 0, captureId: 0, size: 0

ja3:927642:927642 [0] NCCL INFO mscclSetupProxy: no capture

ja3:927642:927642 [0] NCCL INFO MSCCL: Setup Kernel finished, smem 41280 needsFence 1
ja3:927642:927642 [0] NCCL INFO mscclGetCaptureStatus: 0, captureId: 0, size: 0

ja3:927642:927642 [0] NCCL INFO mscclSetupProxy: no capture

ja3:927642:927642 [0] NCCL INFO MSCCL: Setup Kernel finished, smem 41280 needsFence 1
ja3:927642:927642 [0] NCCL INFO mscclGetCaptureStatus: 0, captureId: 0, size: 0

ja3:927642:927642 [0] NCCL INFO mscclSetupProxy: no capture

ja3:927642:927642 [0] NCCL INFO MSCCL: Setup Kernel finished, smem 41280 needsFence 1
ja3:927642:927642 [0] NCCL INFO mscclGetCaptureStatus: 0, captureId: 0, size: 0

ja3:927642:927642 [0] NCCL INFO mscclSetupProxy: no capture

ja3:927642:927642 [0] NCCL INFO MSCCL: Setup Kernel finished, smem 41280 needsFence 1
ja3:927642:927642 [0] NCCL INFO mscclGetCaptureStatus: 0, captureId: 0, size: 0

ja2:1312073:1312073 [0] NCCL INFO mscclGetCaptureStatus: 0, captureId: 0, size: 0

ja2:1312073:1312073 [0] NCCL INFO mscclSetupProxy: no capture

ja2:1312073:1312073 [0] NCCL INFO MSCCL: Setup Kernel finished, smem 41280 needsFence 1
ja2:1312073:1312073 [0] NCCL INFO mscclGetCaptureStatus: 0, captureId: 0, size: 0

ja2:1312073:1312073 [0] NCCL INFO mscclSetupProxy: no capture

ja2:1312073:1312073 [0] NCCL INFO MSCCL: Setup Kernel finished, smem 41280 needsFence 1
ja2:1312073:1312073 [0] NCCL INFO mscclGetCaptureStatus: 0, captureId: 0, size: 0

ja2:1312073:1312073 [0] NCCL INFO mscclSetupProxy: no capture

ja2:1312073:1312073 [0] NCCL INFO MSCCL: Setup Kernel finished, smem 41280 needsFence 1
ja2:1312073:1312073 [0] NCCL INFO mscclGetCaptureStatus: 0, captureId: 0, size: 0

ja2:1312073:1312073 [0] NCCL INFO mscclSetupProxy: no capture

ja2:1312073:1312073 [0] NCCL INFO MSCCL: Setup Kernel finished, smem 41280 needsFence 1
ja2:1312073:1312073 [0] NCCL INFO mscclGetCaptureStatus: 0, captureId: 0, size: 0

ja4:2516794:2516794 [0] NCCL INFO mscclSetupProxy: no capture

ja4:2516794:2516794 [0] NCCL INFO MSCCL: Setup Kernel finished, smem 41280 needsFence 1
ja4:2516794:2516794 [0] NCCL INFO mscclGetCaptureStatus: 0, captureId: 0, size: 0

ja4:2516794:2516794 [0] NCCL INFO mscclSetupProxy: no capture

ja4:2516794:2516794 [0] NCCL INFO MSCCL: Setup Kernel finished, smem 41280 needsFence 1
ja4:2516794:2516794 [0] NCCL INFO mscclGetCaptureStatus: 0, captureId: 0, size: 0

ja4:2516794:2516794 [0] NCCL INFO mscclSetupProxy: no capture

ja4:2516794:2516794 [0] NCCL INFO MSCCL: Setup Kernel finished, smem 41280 needsFence 1
ja4:2516794:2516794 [0] NCCL INFO mscclGetCaptureStatus: 0, captureId: 0, size: 0

ja4:2516794:2516794 [0] NCCL INFO mscclSetupProxy: no capture

ja4:2516794:2516794 [0] NCCL INFO MSCCL: Setup Kernel finished, smem 41280 needsFence 1
ja4:2516794:2516794 [0] NCCL INFO mscclGetCaptureStatus: 0, captureId: 0, size: 0

ja4:2516794:2516794 [0] NCCL INFO mscclSetupProxy: no capture

ja3:927642:927642 [0] NCCL INFO mscclSetupProxy: no capture

ja3:927642:927642 [0] NCCL INFO MSCCL: Setup Kernel finished, smem 41280 needsFence 1
ja2:1312073:1312073 [0] NCCL INFO mscclSetupProxy: no capture

ja2:1312073:1312073 [0] NCCL INFO MSCCL: Setup Kernel finished, smem 41280 needsFence 1
ja4:2516794:2516794 [0] NCCL INFO MSCCL: Setup Kernel finished, smem 41280 needsFence 1
ja4:2516794:2516794 [0] NCCL INFO mscclGetCaptureStatus: 0, captureId: 0, size: 0

ja4:2516794:2516794 [0] NCCL INFO mscclSetupProxy: no capture

ja4:2516794:2516794 [0] NCCL INFO MSCCL: Setup Kernel finished, smem 41280 needsFence 1
ja3:927642:927642 [0] NCCL INFO mscclGetCaptureStatus: 0, captureId: 0, size: 0

ja3:927642:927642 [0] NCCL INFO mscclSetupProxy: no capture

ja3:927642:927642 [0] NCCL INFO MSCCL: Setup Kernel finished, smem 41280 needsFence 1
ja3:927642:927642 [0] NCCL INFO mscclGetCaptureStatus: 0, captureId: 0, size: 0

ja3:927642:927642 [0] NCCL INFO mscclSetupProxy: no capture

ja3:927642:927642 [0] NCCL INFO MSCCL: Setup Kernel finished, smem 41280 needsFence 1
ja3:927642:927642 [0] NCCL INFO mscclGetCaptureStatus: 0, captureId: 0, size: 0

ja3:927642:927642 [0] NCCL INFO mscclSetupProxy: no capture

ja3:927642:927642 [0] NCCL INFO MSCCL: Setup Kernel finished, smem 41280 needsFence 1
ja3:927642:927642 [0] NCCL INFO mscclGetCaptureStatus: 0, captureId: 0, size: 0

ja3:927642:927642 [0] NCCL INFO mscclSetupProxy: no capture

ja3:927642:927642 [0] NCCL INFO MSCCL: Setup Kernel finished, smem 41280 needsFence 1
ja3:927642:927642 [0] NCCL INFO mscclGetCaptureStatus: 0, captureId: 0, size: 0

ja2:1312073:1312073 [0] NCCL INFO mscclGetCaptureStatus: 0, captureId: 0, size: 0

ja2:1312073:1312073 [0] NCCL INFO mscclSetupProxy: no capture

ja2:1312073:1312073 [0] NCCL INFO MSCCL: Setup Kernel finished, smem 41280 needsFence 1
ja4:2516794:2516794 [0] NCCL INFO mscclGetCaptureStatus: 0, captureId: 0, size: 0

ja4:2516794:2516794 [0] NCCL INFO mscclSetupProxy: no capture

ja4:2516794:2516794 [0] NCCL INFO MSCCL: Setup Kernel finished, smem 41280 needsFence 1
ja4:2516794:2516794 [0] NCCL INFO mscclGetCaptureStatus: 0, captureId: 0, size: 0

ja4:2516794:2516794 [0] NCCL INFO mscclSetupProxy: no capture

ja4:2516794:2516794 [0] NCCL INFO MSCCL: Setup Kernel finished, smem 41280 needsFence 1
ja4:2516794:2516794 [0] NCCL INFO mscclGetCaptureStatus: 0, captureId: 0, size: 0

ja4:2516794:2516794 [0] NCCL INFO mscclSetupProxy: no capture

ja4:2516794:2516794 [0] NCCL INFO MSCCL: Setup Kernel finished, smem 41280 needsFence 1
ja4:2516794:2516794 [0] NCCL INFO mscclGetCaptureStatus: 0, captureId: 0, size: 0

ja4:2516794:2516794 [0] NCCL INFO mscclSetupProxy: no capture

ja4:2516794:2516794 [0] NCCL INFO MSCCL: Setup Kernel finished, smem 41280 needsFence 1
ja4:2516794:2516794 [0] NCCL INFO mscclGetCaptureStatus: 0, captureId: 0, size: 0

ja3:927642:927642 [0] NCCL INFO mscclSetupProxy: no capture

ja4:2516794:2516794 [0] NCCL INFO mscclSetupProxy: no capture

ja4:2516794:2516794 [0] NCCL INFO MSCCL: Setup Kernel finished, smem 41280 needsFence 1
ja3:927642:927642 [0] NCCL INFO MSCCL: Setup Kernel finished, smem 41280 needsFence 1
ja3:927642:927642 [0] NCCL INFO mscclGetCaptureStatus: 0, captureId: 0, size: 0

ja3:927642:927642 [0] NCCL INFO mscclSetupProxy: no capture

ja3:927642:927642 [0] NCCL INFO MSCCL: Setup Kernel finished, smem 41280 needsFence 1
ja2:1312073:1312073 [0] NCCL INFO mscclGetCaptureStatus: 0, captureId: 0, size: 0

ja2:1312073:1312073 [0] NCCL INFO mscclSetupProxy: no capture

ja2:1312073:1312073 [0] NCCL INFO MSCCL: Setup Kernel finished, smem 41280 needsFence 1
ja3:927642:927642 [0] NCCL INFO mscclGetCaptureStatus: 0, captureId: 0, size: 0

ja3:927642:927642 [0] NCCL INFO mscclSetupProxy: no capture

ja3:927642:927642 [0] NCCL INFO MSCCL: Setup Kernel finished, smem 41280 needsFence 1
ja4:2516794:2516794 [0] NCCL INFO mscclGetCaptureStatus: 0, captureId: 0, size: 0

ja4:2516794:2516794 [0] NCCL INFO mscclSetupProxy: no capture

ja4:2516794:2516794 [0] NCCL INFO MSCCL: Setup Kernel finished, smem 41280 needsFence 1
    750.5    8.38    5.59      0
    12582912       1048576     float    none      -1   1197.6   10.51    7.00      0ja2:1312073:1312073 [0] NCCL INFO mscclGetCaptureStatus: 0, captureId: 0, size: 0

ja2:1312073:1312073 [0] NCCL INFO mscclSetupProxy: no capture

ja2:1312073:1312073 [0] NCCL INFO MSCCL: Setup Kernel finished, smem 41280 needsFence 1
ja3:927642:927642 [0] NCCL INFO mscclGetCaptureStatus: 0, captureId: 0, size: 0

ja3:927642:927642 [0] NCCL INFO mscclSetupProxy: no capture

ja3:927642:927642 [0] NCCL INFO MSCCL: Setup Kernel finished, smem 41280 needsFence 1
ja4:2516794:2516794 [0] NCCL INFO mscclGetCaptureStatus: 0, captureId: 0, size: 0

ja4:2516794:2516794 [0] NCCL INFO mscclSetupProxy: no capture

ja4:2516794:2516794 [0] NCCL INFO MSCCL: Setup Kernel finished, smem 41280 needsFence 1
ja2:1312073:1312073 [0] NCCL INFO mscclGetCaptureStatus: 0, captureId: 0, size: 0

ja2:1312073:1312073 [0] NCCL INFO mscclSetupProxy: no capture

ja2:1312073:1312073 [0] NCCL INFO MSCCL: Setup Kernel finished, smem 41280 needsFence 1
ja2:1312073:1312073 [0] NCCL INFO mscclGetCaptureStatus: 0, captureId: 0, size: 0

ja2:1312073:1312073 [0] NCCL INFO mscclSetupProxy: no capture

ja2:1312073:1312073 [0] NCCL INFO MSCCL: Setup Kernel finished, smem 41280 needsFence 1
ja2:1312073:1312073 [0] NCCL INFO mscclGetCaptureStatus: 0, captureId: 0, size: 0

ja2:1312073:1312073 [0] NCCL INFO mscclSetupProxy: no capture

ja2:1312073:1312073 [0] NCCL INFO MSCCL: Setup Kernel finished, smem 41280 needsFence 1
ja2:1312073:1312073 [0] NCCL INFO mscclGetCaptureStatus: 0, captureId: 0, size: 0

ja2:1312073:1312073 [0] NCCL INFO mscclSetupProxy: no capture

ja2:1312073:1312073 [0] NCCL INFO MSCCL: Setup Kernel finished, smem 41280 needsFence 1
ja2:1312073:1312073 [0] NCCL INFO mscclGetCaptureStatus: 0, captureId: 0, size: 0

ja3:927642:927642 [0] NCCL INFO mscclGetCaptureStatus: 0, captureId: 0, size: 0

ja3:927642:927642 [0] NCCL INFO mscclSetupProxy: no capture

ja3:927642:927642 [0] NCCL INFO MSCCL: Setup Kernel finished, smem 41280 needsFence 1
ja3:927642:927642 [0] NCCL INFO mscclGetCaptureStatus: 0, captureId: 0, size: 0

ja3:927642:927642 [0] NCCL INFO mscclSetupProxy: no capture

ja3:927642:927642 [0] NCCL INFO MSCCL: Setup Kernel finished, smem 41280 needsFence 1
ja3:927642:927642 [0] NCCL INFO mscclGetCaptureStatus: 0, captureId: 0, size: 0

ja3:927642:927642 [0] NCCL INFO mscclSetupProxy: no capture

ja3:927642:927642 [0] NCCL INFO MSCCL: Setup Kernel finished, smem 41280 needsFence 1
ja3:927642:927642 [0] NCCL INFO mscclGetCaptureStatus: 0, captureId: 0, size: 0

ja3:927642:927642 [0] NCCL INFO mscclSetupProxy: no capture

ja3:927642:927642 [0] NCCL INFO MSCCL: Setup Kernel finished, smem 41280 needsFence 1
ja3:927642:927642 [0] NCCL INFO mscclGetCaptureStatus: 0, captureId: 0, size: 0

ja2:1312073:1312073 [0] NCCL INFO mscclSetupProxy: no capture

ja2:1312073:1312073 [0] NCCL INFO MSCCL: Setup Kernel finished, smem 41280 needsFence 1
ja4:2516794:2516794 [0] NCCL INFO mscclGetCaptureStatus: 0, captureId: 0, size: 0

ja4:2516794:2516794 [0] NCCL INFO mscclSetupProxy: no capture

ja4:2516794:2516794 [0] NCCL INFO MSCCL: Setup Kernel finished, smem 41280 needsFence 1
ja4:2516794:2516794 [0] NCCL INFO mscclGetCaptureStatus: 0, captureId: 0, size: 0

ja4:2516794:2516794 [0] NCCL INFO mscclSetupProxy: no capture

ja4:2516794:2516794 [0] NCCL INFO MSCCL: Setup Kernel finished, smem 41280 needsFence 1
ja4:2516794:2516794 [0] NCCL INFO mscclGetCaptureStatus: 0, captureId: 0, size: 0

ja4:2516794:2516794 [0] NCCL INFO mscclSetupProxy: no capture

ja4:2516794:2516794 [0] NCCL INFO MSCCL: Setup Kernel finished, smem 41280 needsFence 1
ja4:2516794:2516794 [0] NCCL INFO mscclGetCaptureStatus: 0, captureId: 0, size: 0

ja4:2516794:2516794 [0] NCCL INFO mscclSetupProxy: no capture

ja4:2516794:2516794 [0] NCCL INFO MSCCL: Setup Kernel finished, smem 41280 needsFence 1
ja4:2516794:2516794 [0] NCCL INFO mscclGetCaptureStatus: 0, captureId: 0, size: 0

ja3:927642:927642 [0] NCCL INFO mscclSetupProxy: no capture

ja3:927642:927642 [0] NCCL INFO MSCCL: Setup Kernel finished, smem 41280 needsFence 1
ja2:1312073:1312073 [0] NCCL INFO mscclGetCaptureStatus: 0, captureId: 0, size: 0

ja2:1312073:1312073 [0] NCCL INFO mscclSetupProxy: no capture

ja2:1312073:1312073 [0] NCCL INFO MSCCL: Setup Kernel finished, smem 41280 needsFence 1
ja2:1312073:1312073 [0] NCCL INFO mscclGetCaptureStatus: 0, captureId: 0, size: 0

ja2:1312073:1312073 [0] NCCL INFO mscclSetupProxy: no capture

ja2:1312073:1312073 [0] NCCL INFO MSCCL: Setup Kernel finished, smem 41280 needsFence 1
ja2:1312073:1312073 [0] NCCL INFO mscclGetCaptureStatus: 0, captureId: 0, size: 0

ja2:1312073:1312073 [0] NCCL INFO mscclSetupProxy: no capture

ja2:1312073:1312073 [0] NCCL INFO MSCCL: Setup Kernel finished, smem 41280 needsFence 1
ja2:1312073:1312073 [0] NCCL INFO mscclGetCaptureStatus: 0, captureId: 0, size: 0

ja2:1312073:1312073 [0] NCCL INFO mscclSetupProxy: no capture

ja2:1312073:1312073 [0] NCCL INFO MSCCL: Setup Kernel finished, smem 41280 needsFence 1
ja4:2516794:2516794 [0] NCCL INFO mscclSetupProxy: no capture

ja4:2516794:2516794 [0] NCCL INFO MSCCL: Setup Kernel finished, smem 41280 needsFence 1
ja3:927642:927642 [0] NCCL INFO mscclGetCaptureStatus: 0, captureId: 0, size: 0

ja3:927642:927642 [0] NCCL INFO mscclSetupProxy: no capture

ja3:927642:927642 [0] NCCL INFO MSCCL: Setup Kernel finished, smem 41280 needsFence 1
ja3:927642:927642 [0] NCCL INFO mscclGetCaptureStatus: 0, captureId: 0, size: 0

ja3:927642:927642 [0] NCCL INFO mscclSetupProxy: no capture

ja3:927642:927642 [0] NCCL INFO MSCCL: Setup Kernel finished, smem 41280 needsFence 1
ja3:927642:927642 [0] NCCL INFO mscclGetCaptureStatus: 0, captureId: 0, size: 0

ja3:927642:927642 [0] NCCL INFO mscclSetupProxy: no capture

ja3:927642:927642 [0] NCCL INFO MSCCL: Setup Kernel finished, smem 41280 needsFence 1
ja3:927642:927642 [0] NCCL INFO mscclGetCaptureStatus: 0, captureId: 0, size: 0

ja3:927642:927642 [0] NCCL INFO mscclSetupProxy: no capture

ja3:927642:927642 [0] NCCL INFO MSCCL: Setup Kernel finished, smem 41280 needsFence 1
ja3:927642:927642 [0] NCCL INFO mscclGetCaptureStatus: 0, captureId: 0, size: 0

ja2:1312073:1312073 [0] NCCL INFO mscclGetCaptureStatus: 0, captureId: 0, size: 0

ja2:1312073:1312073 [0] NCCL INFO mscclSetupProxy: no capture

ja2:1312073:1312073 [0] NCCL INFO MSCCL: Setup Kernel finished, smem 41280 needsFence 1
ja2:1312073:1312073 [0] NCCL INFO mscclGetCaptureStatus: 0, captureId: 0, size: 0

ja2:1312073:1312073 [0] NCCL INFO mscclSetupProxy: no capture

ja2:1312073:1312073 [0] NCCL INFO MSCCL: Setup Kernel finished, smem 41280 needsFence 1
ja2:1312073:1312073 [0] NCCL INFO mscclGetCaptureStatus: 0, captureId: 0, size: 0

ja2:1312073:1312073 [0] NCCL INFO mscclSetupProxy: no capture

ja2:1312073:1312073 [0] NCCL INFO MSCCL: Setup Kernel finished, smem 41280 needsFence 1
ja2:1312073:1312073 [0] NCCL INFO mscclGetCaptureStatus: 0, captureId: 0, size: 0

ja2:1312073:1312073 [0] NCCL INFO mscclSetupProxy: no capture

ja2:1312073:1312073 [0] NCCL INFO MSCCL: Setup Kernel finished, smem 41280 needsFence 1
ja2:1312073:1312073 [0] NCCL INFO mscclGetCaptureStatus: 0, captureId: 0, size: 0

ja4:2516794:2516794 [0] NCCL INFO mscclGetCaptureStatus: 0, captureId: 0, size: 0

ja4:2516794:2516794 [0] NCCL INFO mscclSetupProxy: no capture

ja4:2516794:2516794 [0] NCCL INFO MSCCL: Setup Kernel finished, smem 41280 needsFence 1
ja4:2516794:2516794 [0] NCCL INFO mscclGetCaptureStatus: 0, captureId: 0, size: 0

ja4:2516794:2516794 [0] NCCL INFO mscclSetupProxy: no capture

ja4:2516794:2516794 [0] NCCL INFO MSCCL: Setup Kernel finished, smem 41280 needsFence 1
ja4:2516794:2516794 [0] NCCL INFO mscclGetCaptureStatus: 0, captureId: 0, size: 0

ja4:2516794:2516794 [0] NCCL INFO mscclSetupProxy: no capture

ja4:2516794:2516794 [0] NCCL INFO MSCCL: Setup Kernel finished, smem 41280 needsFence 1
ja4:2516794:2516794 [0] NCCL INFO mscclGetCaptureStatus: 0, captureId: 0, size: 0

ja4:2516794:2516794 [0] NCCL INFO mscclSetupProxy: no capture

ja4:2516794:2516794 [0] NCCL INFO MSCCL: Setup Kernel finished, smem 41280 needsFence 1
ja3:927642:927642 [0] NCCL INFO mscclSetupProxy: no capture

ja3:927642:927642 [0] NCCL INFO MSCCL: Setup Kernel finished, smem 41280 needsFence 1
ja3:927642:927642 [0] NCCL INFO mscclGetCaptureStatus: 0, captureId: 0, size: 0

ja3:927642:927642 [0] NCCL INFO mscclSetupProxy: no capture

ja3:927642:927642 [0] NCCL INFO MSCCL: Setup Kernel finished, smem 41280 needsFence 1
ja3:927642:927642 [0] NCCL INFO mscclGetCaptureStatus: 0, captureId: 0, size: 0

ja3:927642:927642 [0] NCCL INFO mscclSetupProxy: no capture

ja3:927642:927642 [0] NCCL INFO MSCCL: Setup Kernel finished, smem 41280 needsFence 1
ja3:927642:927642 [0] NCCL INFO mscclGetCaptureStatus: 0, captureId: 0, size: 0

ja3:927642:927642 [0] NCCL INFO mscclSetupProxy: no capture

ja3:927642:927642 [0] NCCL INFO MSCCL: Setup Kernel finished, smem 41280 needsFence 1
ja3:927642:927642 [0] NCCL INFO mscclGetCaptureStatus: 0, captureId: 0, size: 0

ja3:927642:927642 [0] NCCL INFO mscclSetupProxy: no capture

ja2:1312073:1312073 [0] NCCL INFO mscclSetupProxy: no capture

ja2:1312073:1312073 [0] NCCL INFO MSCCL: Setup Kernel finished, smem 41280 needsFence 1
ja2:1312073:1312073 [0] NCCL INFO mscclGetCaptureStatus: 0, captureId: 0, size: 0

ja2:1312073:1312073 [0] NCCL INFO mscclSetupProxy: no capture

ja2:1312073:1312073 [0] NCCL INFO MSCCL: Setup Kernel finished, smem 41280 needsFence 1
ja2:1312073:1312073 [0] NCCL INFO mscclGetCaptureStatus: 0, captureId: 0, size: 0

ja2:1312073:1312073 [0] NCCL INFO mscclSetupProxy: no capture

ja4:2516794:2516794 [0] NCCL INFO mscclGetCaptureStatus: 0, captureId: 0, size: 0

ja4:2516794:2516794 [0] NCCL INFO mscclSetupProxy: no capture

ja4:2516794:2516794 [0] NCCL INFO MSCCL: Setup Kernel finished, smem 41280 needsFence 1
ja4:2516794:2516794 [0] NCCL INFO mscclGetCaptureStatus: 0, captureId: 0, size: 0

ja4:2516794:2516794 [0] NCCL INFO mscclSetupProxy: no capture

ja4:2516794:2516794 [0] NCCL INFO MSCCL: Setup Kernel finished, smem 41280 needsFence 1
ja4:2516794:2516794 [0] NCCL INFO mscclGetCaptureStatus: 0, captureId: 0, size: 0

ja4:2516794:2516794 [0] NCCL INFO mscclSetupProxy: no capture

ja4:2516794:2516794 [0] NCCL INFO MSCCL: Setup Kernel finished, smem 41280 needsFence 1
ja4:2516794:2516794 [0] NCCL INFO mscclGetCaptureStatus: 0, captureId: 0, size: 0

ja4:2516794:2516794 [0] NCCL INFO mscclSetupProxy: no capture

ja4:2516794:2516794 [0] NCCL INFO MSCCL: Setup Kernel finished, smem 41280 needsFence 1
ja4:2516794:2516794 [0] NCCL INFO mscclGetCaptureStatus: 0, captureId: 0, size: 0

ja3:927642:927642 [0] NCCL INFO MSCCL: Setup Kernel finished, smem 41280 needsFence 1
ja3:927642:927642 [0] NCCL INFO mscclGetCaptureStatus: 0, captureId: 0, size: 0

ja3:927642:927642 [0] NCCL INFO mscclSetupProxy: no capture

ja2:1312073:1312073 [0] NCCL INFO MSCCL: Setup Kernel finished, smem 41280 needsFence 1
ja2:1312073:1312073 [0] NCCL INFO mscclGetCaptureStatus: 0, captureId: 0, size: 0

ja2:1312073:1312073 [0] NCCL INFO mscclSetupProxy: no capture

ja2:1312073:1312073 [0] NCCL INFO MSCCL: Setup Kernel finished, smem 41280 needsFence 1
ja2:1312073:1312073 [0] NCCL INFO mscclGetCaptureStatus: 0, captureId: 0, size: 0

ja2:1312073:1312073 [0] NCCL INFO mscclSetupProxy: no capture

ja2:1312073:1312073 [0] NCCL INFO MSCCL: Setup Kernel finished, smem 41280 needsFence 1
ja2:1312073:1312073 [0] NCCL INFO mscclGetCaptureStatus: 0, captureId: 0, size: 0

ja2:1312073:1312073 [0] NCCL INFO mscclSetupProxy: no capture

ja2:1312073:1312073 [0] NCCL INFO MSCCL: Setup Kernel finished, smem 41280 needsFence 1
ja2:1312073:1312073 [0] NCCL INFO mscclGetCaptureStatus: 0, captureId: 0, size: 0

ja2:1312073:1312073 [0] NCCL INFO mscclSetupProxy: no capture

ja4:2516794:2516794 [0] NCCL INFO mscclSetupProxy: no capture

ja4:2516794:2516794 [0] NCCL INFO MSCCL: Setup Kernel finished, smem 41280 needsFence 1
ja4:2516794:2516794 [0] NCCL INFO mscclGetCaptureStatus: 0, captureId: 0, size: 0

ja4:2516794:2516794 [0] NCCL INFO mscclSetupProxy: no capture

ja4:2516794:2516794 [0] NCCL INFO MSCCL: Setup Kernel finished, smem 41280 needsFence 1
ja3:927642:927642 [0] NCCL INFO MSCCL: Setup Kernel finished, smem 41280 needsFence 1
ja3:927642:927642 [0] NCCL INFO mscclGetCaptureStatus: 0, captureId: 0, size: 0

ja3:927642:927642 [0] NCCL INFO mscclSetupProxy: no capture

ja3:927642:927642 [0] NCCL INFO MSCCL: Setup Kernel finished, smem 41280 needsFence 1
ja3:927642:927642 [0] NCCL INFO mscclGetCaptureStatus: 0, captureId: 0, size: 0

ja3:927642:927642 [0] NCCL INFO mscclSetupProxy: no capture

ja3:927642:927642 [0] NCCL INFO MSCCL: Setup Kernel finished, smem 41280 needsFence 1
ja3:927642:927642 [0] NCCL INFO mscclGetCaptureStatus: 0, captureId: 0, size: 0

ja3:927642:927642 [0] NCCL INFO mscclSetupProxy: no capture

ja3:927642:927642 [0] NCCL INFO MSCCL: Setup Kernel finished, smem 41280 needsFence 1
ja3:927642:927642 [0] NCCL INFO mscclGetCaptureStatus: 0, captureId: 0, size: 0

ja3:927642:927642 [0] NCCL INFO mscclSetupProxy: no capture

ja3:927642:927642 [0] NCCL INFO MSCCL: Setup Kernel finished, smem 41280 needsFence 1
ja2:1312073:1312073 [0] NCCL INFO MSCCL: Setup Kernel finished, smem 41280 needsFence 1
ja4:2516794:2516794 [0] NCCL INFO mscclGetCaptureStatus: 0, captureId: 0, size: 0

ja4:2516794:2516794 [0] NCCL INFO mscclSetupProxy: no capture

ja4:2516794:2516794 [0] NCCL INFO MSCCL: Setup Kernel finished, smem 41280 needsFence 1
ja4:2516794:2516794 [0] NCCL INFO mscclGetCaptureStatus: 0, captureId: 0, size: 0

ja4:2516794:2516794 [0] NCCL INFO mscclSetupProxy: no capture

ja4:2516794:2516794 [0] NCCL INFO MSCCL: Setup Kernel finished, smem 41280 needsFence 1
ja4:2516794:2516794 [0] NCCL INFO mscclGetCaptureStatus: 0, captureId: 0, size: 0

ja4:2516794:2516794 [0] NCCL INFO mscclSetupProxy: no capture

ja4:2516794:2516794 [0] NCCL INFO MSCCL: Setup Kernel finished, smem 41280 needsFence 1
ja4:2516794:2516794 [0] NCCL INFO mscclGetCaptureStatus: 0, captureId: 0, size: 0

ja4:2516794:2516794 [0] NCCL INFO mscclSetupProxy: no capture

ja4:2516794:2516794 [0] NCCL INFO MSCCL: Setup Kernel finished, smem 41280 needsFence 1
ja4:2516794:2516794 [0] NCCL INFO mscclGetCaptureStatus: 0, captureId: 0, size: 0

ja3:927642:927642 [0] NCCL INFO mscclGetCaptureStatus: 0, captureId: 0, size: 0

ja3:927642:927642 [0] NCCL INFO mscclSetupProxy: no capture

ja3:927642:927642 [0] NCCL INFO MSCCL: Setup Kernel finished, smem 41280 needsFence 1
ja4:2516794:2516794 [0] NCCL INFO mscclSetupProxy: no capture

ja4:2516794:2516794 [0] NCCL INFO MSCCL: Setup Kernel finished, smem 41280 needsFence 1
ja2:1312073:1312073 [0] NCCL INFO mscclGetCaptureStatus: 0, captureId: 0, size: 0

ja2:1312073:1312073 [0] NCCL INFO mscclSetupProxy: no capture

ja2:1312073:1312073 [0] NCCL INFO MSCCL: Setup Kernel finished, smem 41280 needsFence 1
ja3:927642:927642 [0] NCCL INFO mscclGetCaptureStatus: 0, captureId: 0, size: 0

ja3:927642:927642 [0] NCCL INFO mscclSetupProxy: no capture

ja3:927642:927642 [0] NCCL INFO MSCCL: Setup Kernel finished, smem 41280 needsFence 1
ja4:2516794:2516794 [0] NCCL INFO mscclGetCaptureStatus: 0, captureId: 0, size: 0

ja4:2516794:2516794 [0] NCCL INFO mscclSetupProxy: no capture

ja4:2516794:2516794 [0] NCCL INFO MSCCL: Setup Kernel finished, smem 41280 needsFence 1
   1445.5    8.70    5.80      0
    25165824       2097152     float    none      -1   2235.6   11.26    7.50      0ja2:1312073:1312073 [0] NCCL INFO mscclGetCaptureStatus: 0, captureId: 0, size: 0

ja2:1312073:1312073 [0] NCCL INFO mscclSetupProxy: no capture

ja2:1312073:1312073 [0] NCCL INFO MSCCL: Setup Kernel finished, smem 41280 needsFence 1
ja3:927642:927642 [0] NCCL INFO mscclGetCaptureStatus: 0, captureId: 0, size: 0

ja3:927642:927642 [0] NCCL INFO mscclSetupProxy: no capture

ja3:927642:927642 [0] NCCL INFO MSCCL: Setup Kernel finished, smem 41280 needsFence 1
ja4:2516794:2516794 [0] NCCL INFO mscclGetCaptureStatus: 0, captureId: 0, size: 0

ja4:2516794:2516794 [0] NCCL INFO mscclSetupProxy: no capture

ja4:2516794:2516794 [0] NCCL INFO MSCCL: Setup Kernel finished, smem 41280 needsFence 1
ja2:1312073:1312073 [0] NCCL INFO mscclGetCaptureStatus: 0, captureId: 0, size: 0

ja2:1312073:1312073 [0] NCCL INFO mscclSetupProxy: no capture

ja2:1312073:1312073 [0] NCCL INFO MSCCL: Setup Kernel finished, smem 41280 needsFence 1
ja2:1312073:1312073 [0] NCCL INFO mscclGetCaptureStatus: 0, captureId: 0, size: 0

ja2:1312073:1312073 [0] NCCL INFO mscclSetupProxy: no capture

ja2:1312073:1312073 [0] NCCL INFO MSCCL: Setup Kernel finished, smem 41280 needsFence 1
ja2:1312073:1312073 [0] NCCL INFO mscclGetCaptureStatus: 0, captureId: 0, size: 0

ja2:1312073:1312073 [0] NCCL INFO mscclSetupProxy: no capture

ja2:1312073:1312073 [0] NCCL INFO MSCCL: Setup Kernel finished, smem 41280 needsFence 1
ja3:927642:927642 [0] NCCL INFO mscclGetCaptureStatus: 0, captureId: 0, size: 0

ja3:927642:927642 [0] NCCL INFO mscclSetupProxy: no capture

ja3:927642:927642 [0] NCCL INFO MSCCL: Setup Kernel finished, smem 41280 needsFence 1
ja3:927642:927642 [0] NCCL INFO mscclGetCaptureStatus: 0, captureId: 0, size: 0

ja3:927642:927642 [0] NCCL INFO mscclSetupProxy: no capture

ja3:927642:927642 [0] NCCL INFO MSCCL: Setup Kernel finished, smem 41280 needsFence 1
ja3:927642:927642 [0] NCCL INFO mscclGetCaptureStatus: 0, captureId: 0, size: 0

ja3:927642:927642 [0] NCCL INFO mscclSetupProxy: no capture

ja3:927642:927642 [0] NCCL INFO MSCCL: Setup Kernel finished, smem 41280 needsFence 1
ja3:927642:927642 [0] NCCL INFO mscclGetCaptureStatus: 0, captureId: 0, size: 0

ja3:927642:927642 [0] NCCL INFO mscclSetupProxy: no capture

ja3:927642:927642 [0] NCCL INFO MSCCL: Setup Kernel finished, smem 41280 needsFence 1
ja3:927642:927642 [0] NCCL INFO mscclGetCaptureStatus: 0, captureId: 0, size: 0

ja2:1312073:1312073 [0] NCCL INFO mscclGetCaptureStatus: 0, captureId: 0, size: 0

ja2:1312073:1312073 [0] NCCL INFO mscclSetupProxy: no capture

ja2:1312073:1312073 [0] NCCL INFO MSCCL: Setup Kernel finished, smem 41280 needsFence 1
ja2:1312073:1312073 [0] NCCL INFO mscclGetCaptureStatus: 0, captureId: 0, size: 0

ja2:1312073:1312073 [0] NCCL INFO mscclSetupProxy: no capture

ja2:1312073:1312073 [0] NCCL INFO MSCCL: Setup Kernel finished, smem 41280 needsFence 1
ja2:1312073:1312073 [0] NCCL INFO mscclGetCaptureStatus: 0, captureId: 0, size: 0

ja2:1312073:1312073 [0] NCCL INFO mscclSetupProxy: no capture

ja2:1312073:1312073 [0] NCCL INFO MSCCL: Setup Kernel finished, smem 41280 needsFence 1
ja2:1312073:1312073 [0] NCCL INFO mscclGetCaptureStatus: 0, captureId: 0, size: 0

ja4:2516794:2516794 [0] NCCL INFO mscclGetCaptureStatus: 0, captureId: 0, size: 0

ja4:2516794:2516794 [0] NCCL INFO mscclSetupProxy: no capture

ja4:2516794:2516794 [0] NCCL INFO MSCCL: Setup Kernel finished, smem 41280 needsFence 1
ja4:2516794:2516794 [0] NCCL INFO mscclGetCaptureStatus: 0, captureId: 0, size: 0

ja4:2516794:2516794 [0] NCCL INFO mscclSetupProxy: no capture

ja4:2516794:2516794 [0] NCCL INFO MSCCL: Setup Kernel finished, smem 41280 needsFence 1
ja4:2516794:2516794 [0] NCCL INFO mscclGetCaptureStatus: 0, captureId: 0, size: 0

ja4:2516794:2516794 [0] NCCL INFO mscclSetupProxy: no capture

ja4:2516794:2516794 [0] NCCL INFO MSCCL: Setup Kernel finished, smem 41280 needsFence 1
ja4:2516794:2516794 [0] NCCL INFO mscclGetCaptureStatus: 0, captureId: 0, size: 0

ja4:2516794:2516794 [0] NCCL INFO mscclSetupProxy: no capture

ja4:2516794:2516794 [0] NCCL INFO MSCCL: Setup Kernel finished, smem 41280 needsFence 1
ja4:2516794:2516794 [0] NCCL INFO mscclGetCaptureStatus: 0, captureId: 0, size: 0

ja3:927642:927642 [0] NCCL INFO mscclSetupProxy: no capture

ja3:927642:927642 [0] NCCL INFO MSCCL: Setup Kernel finished, smem 41280 needsFence 1
ja2:1312073:1312073 [0] NCCL INFO mscclSetupProxy: no capture

ja2:1312073:1312073 [0] NCCL INFO MSCCL: Setup Kernel finished, smem 41280 needsFence 1
ja2:1312073:1312073 [0] NCCL INFO mscclGetCaptureStatus: 0, captureId: 0, size: 0

ja2:1312073:1312073 [0] NCCL INFO mscclSetupProxy: no capture

ja2:1312073:1312073 [0] NCCL INFO MSCCL: Setup Kernel finished, smem 41280 needsFence 1
ja2:1312073:1312073 [0] NCCL INFO mscclGetCaptureStatus: 0, captureId: 0, size: 0

ja2:1312073:1312073 [0] NCCL INFO mscclSetupProxy: no capture

ja2:1312073:1312073 [0] NCCL INFO MSCCL: Setup Kernel finished, smem 41280 needsFence 1
ja2:1312073:1312073 [0] NCCL INFO mscclGetCaptureStatus: 0, captureId: 0, size: 0

ja2:1312073:1312073 [0] NCCL INFO mscclSetupProxy: no capture

ja2:1312073:1312073 [0] NCCL INFO MSCCL: Setup Kernel finished, smem 41280 needsFence 1
ja2:1312073:1312073 [0] NCCL INFO mscclGetCaptureStatus: 0, captureId: 0, size: 0

ja2:1312073:1312073 [0] NCCL INFO mscclSetupProxy: no capture

ja4:2516794:2516794 [0] NCCL INFO mscclSetupProxy: no capture

ja4:2516794:2516794 [0] NCCL INFO MSCCL: Setup Kernel finished, smem 41280 needsFence 1
ja3:927642:927642 [0] NCCL INFO mscclGetCaptureStatus: 0, captureId: 0, size: 0

ja3:927642:927642 [0] NCCL INFO mscclSetupProxy: no capture

ja3:927642:927642 [0] NCCL INFO MSCCL: Setup Kernel finished, smem 41280 needsFence 1
ja3:927642:927642 [0] NCCL INFO mscclGetCaptureStatus: 0, captureId: 0, size: 0

ja3:927642:927642 [0] NCCL INFO mscclSetupProxy: no capture

ja3:927642:927642 [0] NCCL INFO MSCCL: Setup Kernel finished, smem 41280 needsFence 1
ja3:927642:927642 [0] NCCL INFO mscclGetCaptureStatus: 0, captureId: 0, size: 0

ja3:927642:927642 [0] NCCL INFO mscclSetupProxy: no capture

ja3:927642:927642 [0] NCCL INFO MSCCL: Setup Kernel finished, smem 41280 needsFence 1
ja3:927642:927642 [0] NCCL INFO mscclGetCaptureStatus: 0, captureId: 0, size: 0

ja3:927642:927642 [0] NCCL INFO mscclSetupProxy: no capture

ja3:927642:927642 [0] NCCL INFO MSCCL: Setup Kernel finished, smem 41280 needsFence 1
ja3:927642:927642 [0] NCCL INFO mscclGetCaptureStatus: 0, captureId: 0, size: 0

ja2:1312073:1312073 [0] NCCL INFO MSCCL: Setup Kernel finished, smem 41280 needsFence 1
ja2:1312073:1312073 [0] NCCL INFO mscclGetCaptureStatus: 0, captureId: 0, size: 0

ja2:1312073:1312073 [0] NCCL INFO mscclSetupProxy: no capture

ja2:1312073:1312073 [0] NCCL INFO MSCCL: Setup Kernel finished, smem 41280 needsFence 1
ja2:1312073:1312073 [0] NCCL INFO mscclGetCaptureStatus: 0, captureId: 0, size: 0

ja2:1312073:1312073 [0] NCCL INFO mscclSetupProxy: no capture

ja2:1312073:1312073 [0] NCCL INFO MSCCL: Setup Kernel finished, smem 41280 needsFence 1
ja4:2516794:2516794 [0] NCCL INFO mscclGetCaptureStatus: 0, captureId: 0, size: 0

ja4:2516794:2516794 [0] NCCL INFO mscclSetupProxy: no capture

ja4:2516794:2516794 [0] NCCL INFO MSCCL: Setup Kernel finished, smem 41280 needsFence 1
ja4:2516794:2516794 [0] NCCL INFO mscclGetCaptureStatus: 0, captureId: 0, size: 0

ja4:2516794:2516794 [0] NCCL INFO mscclSetupProxy: no capture

ja4:2516794:2516794 [0] NCCL INFO MSCCL: Setup Kernel finished, smem 41280 needsFence 1
ja4:2516794:2516794 [0] NCCL INFO mscclGetCaptureStatus: 0, captureId: 0, size: 0

ja4:2516794:2516794 [0] NCCL INFO mscclSetupProxy: no capture

ja4:2516794:2516794 [0] NCCL INFO MSCCL: Setup Kernel finished, smem 41280 needsFence 1
ja4:2516794:2516794 [0] NCCL INFO mscclGetCaptureStatus: 0, captureId: 0, size: 0

ja4:2516794:2516794 [0] NCCL INFO mscclSetupProxy: no capture

ja4:2516794:2516794 [0] NCCL INFO MSCCL: Setup Kernel finished, smem 41280 needsFence 1
ja4:2516794:2516794 [0] NCCL INFO mscclGetCaptureStatus: 0, captureId: 0, size: 0

ja3:927642:927642 [0] NCCL INFO mscclSetupProxy: no capture

ja3:927642:927642 [0] NCCL INFO MSCCL: Setup Kernel finished, smem 41280 needsFence 1
ja3:927642:927642 [0] NCCL INFO mscclGetCaptureStatus: 0, captureId: 0, size: 0

ja3:927642:927642 [0] NCCL INFO mscclSetupProxy: no capture

ja3:927642:927642 [0] NCCL INFO MSCCL: Setup Kernel finished, smem 41280 needsFence 1
ja3:927642:927642 [0] NCCL INFO mscclGetCaptureStatus: 0, captureId: 0, size: 0

ja3:927642:927642 [0] NCCL INFO mscclSetupProxy: no capture

ja3:927642:927642 [0] NCCL INFO MSCCL: Setup Kernel finished, smem 41280 needsFence 1
ja3:927642:927642 [0] NCCL INFO mscclGetCaptureStatus: 0, captureId: 0, size: 0

ja3:927642:927642 [0] NCCL INFO mscclSetupProxy: no capture

ja3:927642:927642 [0] NCCL INFO MSCCL: Setup Kernel finished, smem 41280 needsFence 1
ja3:927642:927642 [0] NCCL INFO mscclGetCaptureStatus: 0, captureId: 0, size: 0

ja3:927642:927642 [0] NCCL INFO mscclSetupProxy: no capture

ja2:1312073:1312073 [0] NCCL INFO mscclGetCaptureStatus: 0, captureId: 0, size: 0

ja2:1312073:1312073 [0] NCCL INFO mscclSetupProxy: no capture

ja2:1312073:1312073 [0] NCCL INFO MSCCL: Setup Kernel finished, smem 41280 needsFence 1
ja2:1312073:1312073 [0] NCCL INFO mscclGetCaptureStatus: 0, captureId: 0, size: 0

ja2:1312073:1312073 [0] NCCL INFO mscclSetupProxy: no capture

ja2:1312073:1312073 [0] NCCL INFO MSCCL: Setup Kernel finished, smem 41280 needsFence 1
ja2:1312073:1312073 [0] NCCL INFO mscclGetCaptureStatus: 0, captureId: 0, size: 0

ja2:1312073:1312073 [0] NCCL INFO mscclSetupProxy: no capture

ja2:1312073:1312073 [0] NCCL INFO MSCCL: Setup Kernel finished, smem 41280 needsFence 1
ja2:1312073:1312073 [0] NCCL INFO mscclGetCaptureStatus: 0, captureId: 0, size: 0

ja2:1312073:1312073 [0] NCCL INFO mscclSetupProxy: no capture

ja2:1312073:1312073 [0] NCCL INFO MSCCL: Setup Kernel finished, smem 41280 needsFence 1
ja2:1312073:1312073 [0] NCCL INFO mscclGetCaptureStatus: 0, captureId: 0, size: 0

ja4:2516794:2516794 [0] NCCL INFO mscclSetupProxy: no capture

ja4:2516794:2516794 [0] NCCL INFO MSCCL: Setup Kernel finished, smem 41280 needsFence 1
ja4:2516794:2516794 [0] NCCL INFO mscclGetCaptureStatus: 0, captureId: 0, size: 0

ja4:2516794:2516794 [0] NCCL INFO mscclSetupProxy: no capture

ja4:2516794:2516794 [0] NCCL INFO MSCCL: Setup Kernel finished, smem 41280 needsFence 1
ja4:2516794:2516794 [0] NCCL INFO mscclGetCaptureStatus: 0, captureId: 0, size: 0

ja4:2516794:2516794 [0] NCCL INFO mscclSetupProxy: no capture

ja4:2516794:2516794 [0] NCCL INFO MSCCL: Setup Kernel finished, smem 41280 needsFence 1
ja4:2516794:2516794 [0] NCCL INFO mscclGetCaptureStatus: 0, captureId: 0, size: 0

ja4:2516794:2516794 [0] NCCL INFO mscclSetupProxy: no capture

ja4:2516794:2516794 [0] NCCL INFO MSCCL: Setup Kernel finished, smem 41280 needsFence 1
ja4:2516794:2516794 [0] NCCL INFO mscclGetCaptureStatus: 0, captureId: 0, size: 0

ja4:2516794:2516794 [0] NCCL INFO mscclSetupProxy: no capture

ja3:927642:927642 [0] NCCL INFO MSCCL: Setup Kernel finished, smem 41280 needsFence 1
ja3:927642:927642 [0] NCCL INFO mscclGetCaptureStatus: 0, captureId: 0, size: 0

ja3:927642:927642 [0] NCCL INFO mscclSetupProxy: no capture

ja3:927642:927642 [0] NCCL INFO MSCCL: Setup Kernel finished, smem 41280 needsFence 1
ja2:1312073:1312073 [0] NCCL INFO mscclSetupProxy: no capture

ja2:1312073:1312073 [0] NCCL INFO MSCCL: Setup Kernel finished, smem 41280 needsFence 1
ja4:2516794:2516794 [0] NCCL INFO MSCCL: Setup Kernel finished, smem 41280 needsFence 1
ja4:2516794:2516794 [0] NCCL INFO mscclGetCaptureStatus: 0, captureId: 0, size: 0

ja4:2516794:2516794 [0] NCCL INFO mscclSetupProxy: no capture

ja4:2516794:2516794 [0] NCCL INFO MSCCL: Setup Kernel finished, smem 41280 needsFence 1
ja3:927642:927642 [0] NCCL INFO mscclGetCaptureStatus: 0, captureId: 0, size: 0

ja3:927642:927642 [0] NCCL INFO mscclSetupProxy: no capture

ja3:927642:927642 [0] NCCL INFO MSCCL: Setup Kernel finished, smem 41280 needsFence 1
ja3:927642:927642 [0] NCCL INFO mscclGetCaptureStatus: 0, captureId: 0, size: 0

ja3:927642:927642 [0] NCCL INFO mscclSetupProxy: no capture

ja3:927642:927642 [0] NCCL INFO MSCCL: Setup Kernel finished, smem 41280 needsFence 1
ja3:927642:927642 [0] NCCL INFO mscclGetCaptureStatus: 0, captureId: 0, size: 0

ja3:927642:927642 [0] NCCL INFO mscclSetupProxy: no capture

ja3:927642:927642 [0] NCCL INFO MSCCL: Setup Kernel finished, smem 41280 needsFence 1
ja3:927642:927642 [0] NCCL INFO mscclGetCaptureStatus: 0, captureId: 0, size: 0

ja3:927642:927642 [0] NCCL INFO mscclSetupProxy: no capture

ja3:927642:927642 [0] NCCL INFO MSCCL: Setup Kernel finished, smem 41280 needsFence 1
ja3:927642:927642 [0] NCCL INFO mscclGetCaptureStatus: 0, captureId: 0, size: 0

ja2:1312073:1312073 [0] NCCL INFO mscclGetCaptureStatus: 0, captureId: 0, size: 0

ja2:1312073:1312073 [0] NCCL INFO mscclSetupProxy: no capture

ja2:1312073:1312073 [0] NCCL INFO MSCCL: Setup Kernel finished, smem 41280 needsFence 1
ja2:1312073:1312073 [0] NCCL INFO mscclGetCaptureStatus: 0, captureId: 0, size: 0

ja2:1312073:1312073 [0] NCCL INFO mscclSetupProxy: no capture

ja2:1312073:1312073 [0] NCCL INFO MSCCL: Setup Kernel finished, smem 41280 needsFence 1
ja4:2516794:2516794 [0] NCCL INFO mscclGetCaptureStatus: 0, captureId: 0, size: 0

ja4:2516794:2516794 [0] NCCL INFO mscclSetupProxy: no capture

ja4:2516794:2516794 [0] NCCL INFO MSCCL: Setup Kernel finished, smem 41280 needsFence 1
ja4:2516794:2516794 [0] NCCL INFO mscclGetCaptureStatus: 0, captureId: 0, size: 0

ja4:2516794:2516794 [0] NCCL INFO mscclSetupProxy: no capture

ja4:2516794:2516794 [0] NCCL INFO MSCCL: Setup Kernel finished, smem 41280 needsFence 1
ja4:2516794:2516794 [0] NCCL INFO mscclGetCaptureStatus: 0, captureId: 0, size: 0

ja4:2516794:2516794 [0] NCCL INFO mscclSetupProxy: no capture

ja4:2516794:2516794 [0] NCCL INFO MSCCL: Setup Kernel finished, smem 41280 needsFence 1
ja4:2516794:2516794 [0] NCCL INFO mscclGetCaptureStatus: 0, captureId: 0, size: 0

ja4:2516794:2516794 [0] NCCL INFO mscclSetupProxy: no capture

ja4:2516794:2516794 [0] NCCL INFO MSCCL: Setup Kernel finished, smem 41280 needsFence 1
ja4:2516794:2516794 [0] NCCL INFO mscclGetCaptureStatus: 0, captureId: 0, size: 0

ja3:927642:927642 [0] NCCL INFO mscclSetupProxy: no capture

ja3:927642:927642 [0] NCCL INFO MSCCL: Setup Kernel finished, smem 41280 needsFence 1
ja4:2516794:2516794 [0] NCCL INFO mscclSetupProxy: no capture

ja4:2516794:2516794 [0] NCCL INFO MSCCL: Setup Kernel finished, smem 41280 needsFence 1
ja2:1312073:1312073 [0] NCCL INFO mscclGetCaptureStatus: 0, captureId: 0, size: 0

ja2:1312073:1312073 [0] NCCL INFO mscclSetupProxy: no capture

ja2:1312073:1312073 [0] NCCL INFO MSCCL: Setup Kernel finished, smem 41280 needsFence 1
ja3:927642:927642 [0] NCCL INFO mscclGetCaptureStatus: 0, captureId: 0, size: 0

ja3:927642:927642 [0] NCCL INFO mscclSetupProxy: no capture

ja3:927642:927642 [0] NCCL INFO MSCCL: Setup Kernel finished, smem 41280 needsFence 1
ja4:2516794:2516794 [0] NCCL INFO mscclGetCaptureStatus: 0, captureId: 0, size: 0

ja4:2516794:2516794 [0] NCCL INFO mscclSetupProxy: no capture

ja4:2516794:2516794 [0] NCCL INFO MSCCL: Setup Kernel finished, smem 41280 needsFence 1
   2846.6    8.84    5.89      0
    50331648       4194304     float    none      -1   4364.1   11.53    7.69      0ja2:1312073:1312073 [0] NCCL INFO mscclGetCaptureStatus: 0, captureId: 0, size: 0

ja2:1312073:1312073 [0] NCCL INFO mscclSetupProxy: no capture

ja2:1312073:1312073 [0] NCCL INFO MSCCL: Setup Kernel finished, smem 41280 needsFence 1
ja3:927642:927642 [0] NCCL INFO mscclGetCaptureStatus: 0, captureId: 0, size: 0

ja3:927642:927642 [0] NCCL INFO mscclSetupProxy: no capture

ja3:927642:927642 [0] NCCL INFO MSCCL: Setup Kernel finished, smem 41280 needsFence 1
ja4:2516794:2516794 [0] NCCL INFO mscclGetCaptureStatus: 0, captureId: 0, size: 0

ja4:2516794:2516794 [0] NCCL INFO mscclSetupProxy: no capture

ja4:2516794:2516794 [0] NCCL INFO MSCCL: Setup Kernel finished, smem 41280 needsFence 1
ja2:1312073:1312073 [0] NCCL INFO mscclGetCaptureStatus: 0, captureId: 0, size: 0

ja2:1312073:1312073 [0] NCCL INFO mscclSetupProxy: no capture

ja2:1312073:1312073 [0] NCCL INFO MSCCL: Setup Kernel finished, smem 41280 needsFence 1
ja2:1312073:1312073 [0] NCCL INFO mscclGetCaptureStatus: 0, captureId: 0, size: 0

ja2:1312073:1312073 [0] NCCL INFO mscclSetupProxy: no capture

ja2:1312073:1312073 [0] NCCL INFO MSCCL: Setup Kernel finished, smem 41280 needsFence 1
ja2:1312073:1312073 [0] NCCL INFO mscclGetCaptureStatus: 0, captureId: 0, size: 0

ja2:1312073:1312073 [0] NCCL INFO mscclSetupProxy: no capture

ja2:1312073:1312073 [0] NCCL INFO MSCCL: Setup Kernel finished, smem 41280 needsFence 1
ja2:1312073:1312073 [0] NCCL INFO mscclGetCaptureStatus: 0, captureId: 0, size: 0

ja2:1312073:1312073 [0] NCCL INFO mscclSetupProxy: no capture

ja2:1312073:1312073 [0] NCCL INFO MSCCL: Setup Kernel finished, smem 41280 needsFence 1
ja2:1312073:1312073 [0] NCCL INFO mscclGetCaptureStatus: 0, captureId: 0, size: 0

ja3:927642:927642 [0] NCCL INFO mscclGetCaptureStatus: 0, captureId: 0, size: 0

ja3:927642:927642 [0] NCCL INFO mscclSetupProxy: no capture

ja3:927642:927642 [0] NCCL INFO MSCCL: Setup Kernel finished, smem 41280 needsFence 1
ja3:927642:927642 [0] NCCL INFO mscclGetCaptureStatus: 0, captureId: 0, size: 0

ja3:927642:927642 [0] NCCL INFO mscclSetupProxy: no capture

ja3:927642:927642 [0] NCCL INFO MSCCL: Setup Kernel finished, smem 41280 needsFence 1
ja3:927642:927642 [0] NCCL INFO mscclGetCaptureStatus: 0, captureId: 0, size: 0

ja3:927642:927642 [0] NCCL INFO mscclSetupProxy: no capture

ja3:927642:927642 [0] NCCL INFO MSCCL: Setup Kernel finished, smem 41280 needsFence 1
ja3:927642:927642 [0] NCCL INFO mscclGetCaptureStatus: 0, captureId: 0, size: 0

ja3:927642:927642 [0] NCCL INFO mscclSetupProxy: no capture

ja3:927642:927642 [0] NCCL INFO MSCCL: Setup Kernel finished, smem 41280 needsFence 1
ja3:927642:927642 [0] NCCL INFO mscclGetCaptureStatus: 0, captureId: 0, size: 0

ja2:1312073:1312073 [0] NCCL INFO mscclSetupProxy: no capture

ja4:2516794:2516794 [0] NCCL INFO mscclGetCaptureStatus: 0, captureId: 0, size: 0

ja4:2516794:2516794 [0] NCCL INFO mscclSetupProxy: no capture

ja4:2516794:2516794 [0] NCCL INFO MSCCL: Setup Kernel finished, smem 41280 needsFence 1
ja4:2516794:2516794 [0] NCCL INFO mscclGetCaptureStatus: 0, captureId: 0, size: 0

ja4:2516794:2516794 [0] NCCL INFO mscclSetupProxy: no capture

ja4:2516794:2516794 [0] NCCL INFO MSCCL: Setup Kernel finished, smem 41280 needsFence 1
ja4:2516794:2516794 [0] NCCL INFO mscclGetCaptureStatus: 0, captureId: 0, size: 0

ja4:2516794:2516794 [0] NCCL INFO mscclSetupProxy: no capture

ja4:2516794:2516794 [0] NCCL INFO MSCCL: Setup Kernel finished, smem 41280 needsFence 1
ja4:2516794:2516794 [0] NCCL INFO mscclGetCaptureStatus: 0, captureId: 0, size: 0

ja4:2516794:2516794 [0] NCCL INFO mscclSetupProxy: no capture

ja4:2516794:2516794 [0] NCCL INFO MSCCL: Setup Kernel finished, smem 41280 needsFence 1
ja4:2516794:2516794 [0] NCCL INFO mscclGetCaptureStatus: 0, captureId: 0, size: 0

ja3:927642:927642 [0] NCCL INFO mscclSetupProxy: no capture

ja3:927642:927642 [0] NCCL INFO MSCCL: Setup Kernel finished, smem 41280 needsFence 1
ja2:1312073:1312073 [0] NCCL INFO MSCCL: Setup Kernel finished, smem 41280 needsFence 1
ja2:1312073:1312073 [0] NCCL INFO mscclGetCaptureStatus: 0, captureId: 0, size: 0

ja2:1312073:1312073 [0] NCCL INFO mscclSetupProxy: no capture

ja2:1312073:1312073 [0] NCCL INFO MSCCL: Setup Kernel finished, smem 41280 needsFence 1
ja2:1312073:1312073 [0] NCCL INFO mscclGetCaptureStatus: 0, captureId: 0, size: 0

ja2:1312073:1312073 [0] NCCL INFO mscclSetupProxy: no capture

ja2:1312073:1312073 [0] NCCL INFO MSCCL: Setup Kernel finished, smem 41280 needsFence 1
ja2:1312073:1312073 [0] NCCL INFO mscclGetCaptureStatus: 0, captureId: 0, size: 0

ja2:1312073:1312073 [0] NCCL INFO mscclSetupProxy: no capture

ja2:1312073:1312073 [0] NCCL INFO MSCCL: Setup Kernel finished, smem 41280 needsFence 1
ja2:1312073:1312073 [0] NCCL INFO mscclGetCaptureStatus: 0, captureId: 0, size: 0

ja2:1312073:1312073 [0] NCCL INFO mscclSetupProxy: no capture

ja4:2516794:2516794 [0] NCCL INFO mscclSetupProxy: no capture

ja4:2516794:2516794 [0] NCCL INFO MSCCL: Setup Kernel finished, smem 41280 needsFence 1
ja4:2516794:2516794 [0] NCCL INFO mscclGetCaptureStatus: 0, captureId: 0, size: 0

ja4:2516794:2516794 [0] NCCL INFO mscclSetupProxy: no capture

ja3:927642:927642 [0] NCCL INFO mscclGetCaptureStatus: 0, captureId: 0, size: 0

ja3:927642:927642 [0] NCCL INFO mscclSetupProxy: no capture

ja3:927642:927642 [0] NCCL INFO MSCCL: Setup Kernel finished, smem 41280 needsFence 1
ja3:927642:927642 [0] NCCL INFO mscclGetCaptureStatus: 0, captureId: 0, size: 0

ja3:927642:927642 [0] NCCL INFO mscclSetupProxy: no capture

ja3:927642:927642 [0] NCCL INFO MSCCL: Setup Kernel finished, smem 41280 needsFence 1
ja3:927642:927642 [0] NCCL INFO mscclGetCaptureStatus: 0, captureId: 0, size: 0

ja3:927642:927642 [0] NCCL INFO mscclSetupProxy: no capture

ja3:927642:927642 [0] NCCL INFO MSCCL: Setup Kernel finished, smem 41280 needsFence 1
ja3:927642:927642 [0] NCCL INFO mscclGetCaptureStatus: 0, captureId: 0, size: 0

ja3:927642:927642 [0] NCCL INFO mscclSetupProxy: no capture

ja3:927642:927642 [0] NCCL INFO MSCCL: Setup Kernel finished, smem 41280 needsFence 1
ja3:927642:927642 [0] NCCL INFO mscclGetCaptureStatus: 0, captureId: 0, size: 0

ja2:1312073:1312073 [0] NCCL INFO MSCCL: Setup Kernel finished, smem 41280 needsFence 1
ja4:2516794:2516794 [0] NCCL INFO MSCCL: Setup Kernel finished, smem 41280 needsFence 1
ja4:2516794:2516794 [0] NCCL INFO mscclGetCaptureStatus: 0, captureId: 0, size: 0

ja4:2516794:2516794 [0] NCCL INFO mscclSetupProxy: no capture

ja4:2516794:2516794 [0] NCCL INFO MSCCL: Setup Kernel finished, smem 41280 needsFence 1
ja4:2516794:2516794 [0] NCCL INFO mscclGetCaptureStatus: 0, captureId: 0, size: 0

ja4:2516794:2516794 [0] NCCL INFO mscclSetupProxy: no capture

ja4:2516794:2516794 [0] NCCL INFO MSCCL: Setup Kernel finished, smem 41280 needsFence 1
ja4:2516794:2516794 [0] NCCL INFO mscclGetCaptureStatus: 0, captureId: 0, size: 0

ja4:2516794:2516794 [0] NCCL INFO mscclSetupProxy: no capture

ja4:2516794:2516794 [0] NCCL INFO MSCCL: Setup Kernel finished, smem 41280 needsFence 1
ja4:2516794:2516794 [0] NCCL INFO mscclGetCaptureStatus: 0, captureId: 0, size: 0

ja4:2516794:2516794 [0] NCCL INFO mscclSetupProxy: no capture

ja3:927642:927642 [0] NCCL INFO mscclSetupProxy: no capture

ja3:927642:927642 [0] NCCL INFO MSCCL: Setup Kernel finished, smem 41280 needsFence 1
ja3:927642:927642 [0] NCCL INFO mscclGetCaptureStatus: 0, captureId: 0, size: 0

ja3:927642:927642 [0] NCCL INFO mscclSetupProxy: no capture

ja3:927642:927642 [0] NCCL INFO MSCCL: Setup Kernel finished, smem 41280 needsFence 1
ja3:927642:927642 [0] NCCL INFO mscclGetCaptureStatus: 0, captureId: 0, size: 0

ja3:927642:927642 [0] NCCL INFO mscclSetupProxy: no capture

ja3:927642:927642 [0] NCCL INFO MSCCL: Setup Kernel finished, smem 41280 needsFence 1
ja3:927642:927642 [0] NCCL INFO mscclGetCaptureStatus: 0, captureId: 0, size: 0

ja3:927642:927642 [0] NCCL INFO mscclSetupProxy: no capture

ja3:927642:927642 [0] NCCL INFO MSCCL: Setup Kernel finished, smem 41280 needsFence 1
ja3:927642:927642 [0] NCCL INFO mscclGetCaptureStatus: 0, captureId: 0, size: 0

ja3:927642:927642 [0] NCCL INFO mscclSetupProxy: no capture

ja2:1312073:1312073 [0] NCCL INFO mscclGetCaptureStatus: 0, captureId: 0, size: 0

ja2:1312073:1312073 [0] NCCL INFO mscclSetupProxy: no capture

ja2:1312073:1312073 [0] NCCL INFO MSCCL: Setup Kernel finished, smem 41280 needsFence 1
ja2:1312073:1312073 [0] NCCL INFO mscclGetCaptureStatus: 0, captureId: 0, size: 0

ja2:1312073:1312073 [0] NCCL INFO mscclSetupProxy: no capture

ja2:1312073:1312073 [0] NCCL INFO MSCCL: Setup Kernel finished, smem 41280 needsFence 1
ja2:1312073:1312073 [0] NCCL INFO mscclGetCaptureStatus: 0, captureId: 0, size: 0

ja2:1312073:1312073 [0] NCCL INFO mscclSetupProxy: no capture

ja2:1312073:1312073 [0] NCCL INFO MSCCL: Setup Kernel finished, smem 41280 needsFence 1
ja2:1312073:1312073 [0] NCCL INFO mscclGetCaptureStatus: 0, captureId: 0, size: 0

ja2:1312073:1312073 [0] NCCL INFO mscclSetupProxy: no capture

ja2:1312073:1312073 [0] NCCL INFO MSCCL: Setup Kernel finished, smem 41280 needsFence 1
ja2:1312073:1312073 [0] NCCL INFO mscclGetCaptureStatus: 0, captureId: 0, size: 0

ja4:2516794:2516794 [0] NCCL INFO MSCCL: Setup Kernel finished, smem 41280 needsFence 1
ja3:927642:927642 [0] NCCL INFO MSCCL: Setup Kernel finished, smem 41280 needsFence 1
ja3:927642:927642 [0] NCCL INFO mscclGetCaptureStatus: 0, captureId: 0, size: 0

ja3:927642:927642 [0] NCCL INFO mscclSetupProxy: no capture

ja2:1312073:1312073 [0] NCCL INFO mscclSetupProxy: no capture

ja2:1312073:1312073 [0] NCCL INFO MSCCL: Setup Kernel finished, smem 41280 needsFence 1
ja2:1312073:1312073 [0] NCCL INFO mscclGetCaptureStatus: 0, captureId: 0, size: 0

ja2:1312073:1312073 [0] NCCL INFO mscclSetupProxy: no capture

ja2:1312073:1312073 [0] NCCL INFO MSCCL: Setup Kernel finished, smem 41280 needsFence 1
ja2:1312073:1312073 [0] NCCL INFO mscclGetCaptureStatus: 0, captureId: 0, size: 0

ja2:1312073:1312073 [0] NCCL INFO mscclSetupProxy: no capture

ja2:1312073:1312073 [0] NCCL INFO MSCCL: Setup Kernel finished, smem 41280 needsFence 1
ja2:1312073:1312073 [0] NCCL INFO mscclGetCaptureStatus: 0, captureId: 0, size: 0

ja2:1312073:1312073 [0] NCCL INFO mscclSetupProxy: no capture

ja4:2516794:2516794 [0] NCCL INFO mscclGetCaptureStatus: 0, captureId: 0, size: 0

ja4:2516794:2516794 [0] NCCL INFO mscclSetupProxy: no capture

ja4:2516794:2516794 [0] NCCL INFO MSCCL: Setup Kernel finished, smem 41280 needsFence 1
ja4:2516794:2516794 [0] NCCL INFO mscclGetCaptureStatus: 0, captureId: 0, size: 0

ja4:2516794:2516794 [0] NCCL INFO mscclSetupProxy: no capture

ja4:2516794:2516794 [0] NCCL INFO MSCCL: Setup Kernel finished, smem 41280 needsFence 1
ja4:2516794:2516794 [0] NCCL INFO mscclGetCaptureStatus: 0, captureId: 0, size: 0

ja4:2516794:2516794 [0] NCCL INFO mscclSetupProxy: no capture

ja4:2516794:2516794 [0] NCCL INFO MSCCL: Setup Kernel finished, smem 41280 needsFence 1
ja4:2516794:2516794 [0] NCCL INFO mscclGetCaptureStatus: 0, captureId: 0, size: 0

ja4:2516794:2516794 [0] NCCL INFO mscclSetupProxy: no capture

ja4:2516794:2516794 [0] NCCL INFO MSCCL: Setup Kernel finished, smem 41280 needsFence 1
ja3:927642:927642 [0] NCCL INFO MSCCL: Setup Kernel finished, smem 41280 needsFence 1
ja3:927642:927642 [0] NCCL INFO mscclGetCaptureStatus: 0, captureId: 0, size: 0

ja3:927642:927642 [0] NCCL INFO mscclSetupProxy: no capture

ja3:927642:927642 [0] NCCL INFO MSCCL: Setup Kernel finished, smem 41280 needsFence 1
ja3:927642:927642 [0] NCCL INFO mscclGetCaptureStatus: 0, captureId: 0, size: 0

ja3:927642:927642 [0] NCCL INFO mscclSetupProxy: no capture

ja3:927642:927642 [0] NCCL INFO MSCCL: Setup Kernel finished, smem 41280 needsFence 1
ja3:927642:927642 [0] NCCL INFO mscclGetCaptureStatus: 0, captureId: 0, size: 0

ja3:927642:927642 [0] NCCL INFO mscclSetupProxy: no capture

ja3:927642:927642 [0] NCCL INFO MSCCL: Setup Kernel finished, smem 41280 needsFence 1
ja3:927642:927642 [0] NCCL INFO mscclGetCaptureStatus: 0, captureId: 0, size: 0

ja3:927642:927642 [0] NCCL INFO mscclSetupProxy: no capture

ja3:927642:927642 [0] NCCL INFO MSCCL: Setup Kernel finished, smem 41280 needsFence 1
ja2:1312073:1312073 [0] NCCL INFO MSCCL: Setup Kernel finished, smem 41280 needsFence 1
ja2:1312073:1312073 [0] NCCL INFO mscclGetCaptureStatus: 0, captureId: 0, size: 0

ja2:1312073:1312073 [0] NCCL INFO mscclSetupProxy: no capture

ja2:1312073:1312073 [0] NCCL INFO MSCCL: Setup Kernel finished, smem 41280 needsFence 1
ja2:1312073:1312073 [0] NCCL INFO mscclGetCaptureStatus: 0, captureId: 0, size: 0

ja2:1312073:1312073 [0] NCCL INFO mscclSetupProxy: no capture

ja2:1312073:1312073 [0] NCCL INFO MSCCL: Setup Kernel finished, smem 41280 needsFence 1
ja2:1312073:1312073 [0] NCCL INFO mscclGetCaptureStatus: 0, captureId: 0, size: 0

ja2:1312073:1312073 [0] NCCL INFO mscclSetupProxy: no capture

ja2:1312073:1312073 [0] NCCL INFO MSCCL: Setup Kernel finished, smem 41280 needsFence 1
ja4:2516794:2516794 [0] NCCL INFO mscclGetCaptureStatus: 0, captureId: 0, size: 0

ja4:2516794:2516794 [0] NCCL INFO mscclSetupProxy: no capture

ja4:2516794:2516794 [0] NCCL INFO MSCCL: Setup Kernel finished, smem 41280 needsFence 1
ja4:2516794:2516794 [0] NCCL INFO mscclGetCaptureStatus: 0, captureId: 0, size: 0

ja4:2516794:2516794 [0] NCCL INFO mscclSetupProxy: no capture

ja4:2516794:2516794 [0] NCCL INFO MSCCL: Setup Kernel finished, smem 41280 needsFence 1
ja4:2516794:2516794 [0] NCCL INFO mscclGetCaptureStatus: 0, captureId: 0, size: 0

ja3:927642:927642 [0] NCCL INFO mscclGetCaptureStatus: 0, captureId: 0, size: 0

ja3:927642:927642 [0] NCCL INFO mscclSetupProxy: no capture

ja3:927642:927642 [0] NCCL INFO MSCCL: Setup Kernel finished, smem 41280 needsFence 1
ja4:2516794:2516794 [0] NCCL INFO mscclSetupProxy: no capture

ja4:2516794:2516794 [0] NCCL INFO MSCCL: Setup Kernel finished, smem 41280 needsFence 1
ja4:2516794:2516794 [0] NCCL INFO mscclGetCaptureStatus: 0, captureId: 0, size: 0

ja4:2516794:2516794 [0] NCCL INFO mscclSetupProxy: no capture

ja4:2516794:2516794 [0] NCCL INFO MSCCL: Setup Kernel finished, smem 41280 needsFence 1
ja4:2516794:2516794 [0] NCCL INFO mscclGetCaptureStatus: 0, captureId: 0, size: 0

ja4:2516794:2516794 [0] NCCL INFO mscclSetupProxy: no capture

ja4:2516794:2516794 [0] NCCL INFO MSCCL: Setup Kernel finished, smem 41280 needsFence 1
ja4:2516794:2516794 [0] NCCL INFO mscclGetCaptureStatus: 0, captureId: 0, size: 0

ja4:2516794:2516794 [0] NCCL INFO mscclSetupProxy: no capture

ja4:2516794:2516794 [0] NCCL INFO MSCCL: Setup Kernel finished, smem 41280 needsFence 1
ja2:1312073:1312073 [0] NCCL INFO mscclGetCaptureStatus: 0, captureId: 0, size: 0

ja2:1312073:1312073 [0] NCCL INFO mscclSetupProxy: no capture

ja2:1312073:1312073 [0] NCCL INFO MSCCL: Setup Kernel finished, smem 41280 needsFence 1
ja3:927642:927642 [0] NCCL INFO mscclGetCaptureStatus: 0, captureId: 0, size: 0

ja3:927642:927642 [0] NCCL INFO mscclSetupProxy: no capture

ja3:927642:927642 [0] NCCL INFO MSCCL: Setup Kernel finished, smem 41280 needsFence 1
ja4:2516794:2516794 [0] NCCL INFO mscclGetCaptureStatus: 0, captureId: 0, size: 0

ja4:2516794:2516794 [0] NCCL INFO mscclSetupProxy: no capture

ja4:2516794:2516794 [0] NCCL INFO MSCCL: Setup Kernel finished, smem 41280 needsFence 1
   5609.3    8.97    5.98      0
   100663296       8388608     float    none      -1   8593.6   11.71    7.81      0ja2:1312073:1312073 [0] NCCL INFO mscclGetCaptureStatus: 0, captureId: 0, size: 0

ja2:1312073:1312073 [0] NCCL INFO mscclSetupProxy: no capture

ja2:1312073:1312073 [0] NCCL INFO MSCCL: Setup Kernel finished, smem 41280 needsFence 1
ja3:927642:927642 [0] NCCL INFO mscclGetCaptureStatus: 0, captureId: 0, size: 0

ja3:927642:927642 [0] NCCL INFO mscclSetupProxy: no capture

ja3:927642:927642 [0] NCCL INFO MSCCL: Setup Kernel finished, smem 41280 needsFence 1
ja4:2516794:2516794 [0] NCCL INFO mscclGetCaptureStatus: 0, captureId: 0, size: 0

ja4:2516794:2516794 [0] NCCL INFO mscclSetupProxy: no capture

ja4:2516794:2516794 [0] NCCL INFO MSCCL: Setup Kernel finished, smem 41280 needsFence 1
ja2:1312073:1312073 [0] NCCL INFO mscclGetCaptureStatus: 0, captureId: 0, size: 0

ja2:1312073:1312073 [0] NCCL INFO mscclSetupProxy: no capture

ja2:1312073:1312073 [0] NCCL INFO MSCCL: Setup Kernel finished, smem 41280 needsFence 1
ja2:1312073:1312073 [0] NCCL INFO mscclGetCaptureStatus: 0, captureId: 0, size: 0

ja2:1312073:1312073 [0] NCCL INFO mscclSetupProxy: no capture

ja2:1312073:1312073 [0] NCCL INFO MSCCL: Setup Kernel finished, smem 41280 needsFence 1
ja2:1312073:1312073 [0] NCCL INFO mscclGetCaptureStatus: 0, captureId: 0, size: 0

ja2:1312073:1312073 [0] NCCL INFO mscclSetupProxy: no capture

ja2:1312073:1312073 [0] NCCL INFO MSCCL: Setup Kernel finished, smem 41280 needsFence 1
ja2:1312073:1312073 [0] NCCL INFO mscclGetCaptureStatus: 0, captureId: 0, size: 0

ja2:1312073:1312073 [0] NCCL INFO mscclSetupProxy: no capture

ja2:1312073:1312073 [0] NCCL INFO MSCCL: Setup Kernel finished, smem 41280 needsFence 1
ja2:1312073:1312073 [0] NCCL INFO mscclGetCaptureStatus: 0, captureId: 0, size: 0

ja3:927642:927642 [0] NCCL INFO mscclGetCaptureStatus: 0, captureId: 0, size: 0

ja3:927642:927642 [0] NCCL INFO mscclSetupProxy: no capture

ja3:927642:927642 [0] NCCL INFO MSCCL: Setup Kernel finished, smem 41280 needsFence 1
ja3:927642:927642 [0] NCCL INFO mscclGetCaptureStatus: 0, captureId: 0, size: 0

ja3:927642:927642 [0] NCCL INFO mscclSetupProxy: no capture

ja3:927642:927642 [0] NCCL INFO MSCCL: Setup Kernel finished, smem 41280 needsFence 1
ja3:927642:927642 [0] NCCL INFO mscclGetCaptureStatus: 0, captureId: 0, size: 0

ja3:927642:927642 [0] NCCL INFO mscclSetupProxy: no capture

ja3:927642:927642 [0] NCCL INFO MSCCL: Setup Kernel finished, smem 41280 needsFence 1
ja3:927642:927642 [0] NCCL INFO mscclGetCaptureStatus: 0, captureId: 0, size: 0

ja3:927642:927642 [0] NCCL INFO mscclSetupProxy: no capture

ja3:927642:927642 [0] NCCL INFO MSCCL: Setup Kernel finished, smem 41280 needsFence 1
ja3:927642:927642 [0] NCCL INFO mscclGetCaptureStatus: 0, captureId: 0, size: 0

ja2:1312073:1312073 [0] NCCL INFO mscclSetupProxy: no capture

ja2:1312073:1312073 [0] NCCL INFO MSCCL: Setup Kernel finished, smem 41280 needsFence 1
ja4:2516794:2516794 [0] NCCL INFO mscclGetCaptureStatus: 0, captureId: 0, size: 0

ja4:2516794:2516794 [0] NCCL INFO mscclSetupProxy: no capture

ja4:2516794:2516794 [0] NCCL INFO MSCCL: Setup Kernel finished, smem 41280 needsFence 1
ja4:2516794:2516794 [0] NCCL INFO mscclGetCaptureStatus: 0, captureId: 0, size: 0

ja4:2516794:2516794 [0] NCCL INFO mscclSetupProxy: no capture

ja4:2516794:2516794 [0] NCCL INFO MSCCL: Setup Kernel finished, smem 41280 needsFence 1
ja4:2516794:2516794 [0] NCCL INFO mscclGetCaptureStatus: 0, captureId: 0, size: 0

ja4:2516794:2516794 [0] NCCL INFO mscclSetupProxy: no capture

ja4:2516794:2516794 [0] NCCL INFO MSCCL: Setup Kernel finished, smem 41280 needsFence 1
ja4:2516794:2516794 [0] NCCL INFO mscclGetCaptureStatus: 0, captureId: 0, size: 0

ja4:2516794:2516794 [0] NCCL INFO mscclSetupProxy: no capture

ja4:2516794:2516794 [0] NCCL INFO MSCCL: Setup Kernel finished, smem 41280 needsFence 1
ja4:2516794:2516794 [0] NCCL INFO mscclGetCaptureStatus: 0, captureId: 0, size: 0

ja3:927642:927642 [0] NCCL INFO mscclSetupProxy: no capture

ja3:927642:927642 [0] NCCL INFO MSCCL: Setup Kernel finished, smem 41280 needsFence 1
ja2:1312073:1312073 [0] NCCL INFO mscclGetCaptureStatus: 0, captureId: 0, size: 0

ja2:1312073:1312073 [0] NCCL INFO mscclSetupProxy: no capture

ja2:1312073:1312073 [0] NCCL INFO MSCCL: Setup Kernel finished, smem 41280 needsFence 1
ja2:1312073:1312073 [0] NCCL INFO mscclGetCaptureStatus: 0, captureId: 0, size: 0

ja2:1312073:1312073 [0] NCCL INFO mscclSetupProxy: no capture

ja2:1312073:1312073 [0] NCCL INFO MSCCL: Setup Kernel finished, smem 41280 needsFence 1
ja2:1312073:1312073 [0] NCCL INFO mscclGetCaptureStatus: 0, captureId: 0, size: 0

ja2:1312073:1312073 [0] NCCL INFO mscclSetupProxy: no capture

ja2:1312073:1312073 [0] NCCL INFO MSCCL: Setup Kernel finished, smem 41280 needsFence 1
ja2:1312073:1312073 [0] NCCL INFO mscclGetCaptureStatus: 0, captureId: 0, size: 0

ja2:1312073:1312073 [0] NCCL INFO mscclSetupProxy: no capture

ja2:1312073:1312073 [0] NCCL INFO MSCCL: Setup Kernel finished, smem 41280 needsFence 1
ja2:1312073:1312073 [0] NCCL INFO mscclGetCaptureStatus: 0, captureId: 0, size: 0

ja4:2516794:2516794 [0] NCCL INFO mscclSetupProxy: no capture

ja4:2516794:2516794 [0] NCCL INFO MSCCL: Setup Kernel finished, smem 41280 needsFence 1
ja3:927642:927642 [0] NCCL INFO mscclGetCaptureStatus: 0, captureId: 0, size: 0

ja3:927642:927642 [0] NCCL INFO mscclSetupProxy: no capture

ja3:927642:927642 [0] NCCL INFO MSCCL: Setup Kernel finished, smem 41280 needsFence 1
ja3:927642:927642 [0] NCCL INFO mscclGetCaptureStatus: 0, captureId: 0, size: 0

ja3:927642:927642 [0] NCCL INFO mscclSetupProxy: no capture

ja3:927642:927642 [0] NCCL INFO MSCCL: Setup Kernel finished, smem 41280 needsFence 1
ja3:927642:927642 [0] NCCL INFO mscclGetCaptureStatus: 0, captureId: 0, size: 0

ja3:927642:927642 [0] NCCL INFO mscclSetupProxy: no capture

ja3:927642:927642 [0] NCCL INFO MSCCL: Setup Kernel finished, smem 41280 needsFence 1
ja3:927642:927642 [0] NCCL INFO mscclGetCaptureStatus: 0, captureId: 0, size: 0

ja3:927642:927642 [0] NCCL INFO mscclSetupProxy: no capture

ja3:927642:927642 [0] NCCL INFO MSCCL: Setup Kernel finished, smem 41280 needsFence 1
ja3:927642:927642 [0] NCCL INFO mscclGetCaptureStatus: 0, captureId: 0, size: 0

ja2:1312073:1312073 [0] NCCL INFO mscclSetupProxy: no capture

ja2:1312073:1312073 [0] NCCL INFO MSCCL: Setup Kernel finished, smem 41280 needsFence 1
ja2:1312073:1312073 [0] NCCL INFO mscclGetCaptureStatus: 0, captureId: 0, size: 0

ja2:1312073:1312073 [0] NCCL INFO mscclSetupProxy: no capture

ja2:1312073:1312073 [0] NCCL INFO MSCCL: Setup Kernel finished, smem 41280 needsFence 1
ja2:1312073:1312073 [0] NCCL INFO mscclGetCaptureStatus: 0, captureId: 0, size: 0

ja2:1312073:1312073 [0] NCCL INFO mscclSetupProxy: no capture

ja2:1312073:1312073 [0] NCCL INFO MSCCL: Setup Kernel finished, smem 41280 needsFence 1
ja2:1312073:1312073 [0] NCCL INFO mscclGetCaptureStatus: 0, captureId: 0, size: 0

ja2:1312073:1312073 [0] NCCL INFO mscclSetupProxy: no capture

ja2:1312073:1312073 [0] NCCL INFO MSCCL: Setup Kernel finished, smem 41280 needsFence 1
ja2:1312073:1312073 [0] NCCL INFO mscclGetCaptureStatus: 0, captureId: 0, size: 0

ja2:1312073:1312073 [0] NCCL INFO mscclSetupProxy: no capture

ja4:2516794:2516794 [0] NCCL INFO mscclGetCaptureStatus: 0, captureId: 0, size: 0

ja4:2516794:2516794 [0] NCCL INFO mscclSetupProxy: no capture

ja4:2516794:2516794 [0] NCCL INFO MSCCL: Setup Kernel finished, smem 41280 needsFence 1
ja4:2516794:2516794 [0] NCCL INFO mscclGetCaptureStatus: 0, captureId: 0, size: 0

ja4:2516794:2516794 [0] NCCL INFO mscclSetupProxy: no capture

ja4:2516794:2516794 [0] NCCL INFO MSCCL: Setup Kernel finished, smem 41280 needsFence 1
ja4:2516794:2516794 [0] NCCL INFO mscclGetCaptureStatus: 0, captureId: 0, size: 0

ja4:2516794:2516794 [0] NCCL INFO mscclSetupProxy: no capture

ja4:2516794:2516794 [0] NCCL INFO MSCCL: Setup Kernel finished, smem 41280 needsFence 1
ja4:2516794:2516794 [0] NCCL INFO mscclGetCaptureStatus: 0, captureId: 0, size: 0

ja4:2516794:2516794 [0] NCCL INFO mscclSetupProxy: no capture

ja4:2516794:2516794 [0] NCCL INFO MSCCL: Setup Kernel finished, smem 41280 needsFence 1
ja4:2516794:2516794 [0] NCCL INFO mscclGetCaptureStatus: 0, captureId: 0, size: 0

ja3:927642:927642 [0] NCCL INFO mscclSetupProxy: no capture

ja3:927642:927642 [0] NCCL INFO MSCCL: Setup Kernel finished, smem 41280 needsFence 1
ja3:927642:927642 [0] NCCL INFO mscclGetCaptureStatus: 0, captureId: 0, size: 0

ja3:927642:927642 [0] NCCL INFO mscclSetupProxy: no capture

ja3:927642:927642 [0] NCCL INFO MSCCL: Setup Kernel finished, smem 41280 needsFence 1
ja3:927642:927642 [0] NCCL INFO mscclGetCaptureStatus: 0, captureId: 0, size: 0

ja3:927642:927642 [0] NCCL INFO mscclSetupProxy: no capture

ja3:927642:927642 [0] NCCL INFO MSCCL: Setup Kernel finished, smem 41280 needsFence 1
ja3:927642:927642 [0] NCCL INFO mscclGetCaptureStatus: 0, captureId: 0, size: 0

ja3:927642:927642 [0] NCCL INFO mscclSetupProxy: no capture

ja3:927642:927642 [0] NCCL INFO MSCCL: Setup Kernel finished, smem 41280 needsFence 1
ja3:927642:927642 [0] NCCL INFO mscclGetCaptureStatus: 0, captureId: 0, size: 0

ja3:927642:927642 [0] NCCL INFO mscclSetupProxy: no capture

ja2:1312073:1312073 [0] NCCL INFO MSCCL: Setup Kernel finished, smem 41280 needsFence 1
ja2:1312073:1312073 [0] NCCL INFO mscclGetCaptureStatus: 0, captureId: 0, size: 0

ja2:1312073:1312073 [0] NCCL INFO mscclSetupProxy: no capture

ja2:1312073:1312073 [0] NCCL INFO MSCCL: Setup Kernel finished, smem 41280 needsFence 1
ja2:1312073:1312073 [0] NCCL INFO mscclGetCaptureStatus: 0, captureId: 0, size: 0

ja2:1312073:1312073 [0] NCCL INFO mscclSetupProxy: no capture

ja2:1312073:1312073 [0] NCCL INFO MSCCL: Setup Kernel finished, smem 41280 needsFence 1
ja2:1312073:1312073 [0] NCCL INFO mscclGetCaptureStatus: 0, captureId: 0, size: 0

ja2:1312073:1312073 [0] NCCL INFO mscclSetupProxy: no capture

ja2:1312073:1312073 [0] NCCL INFO MSCCL: Setup Kernel finished, smem 41280 needsFence 1
ja4:2516794:2516794 [0] NCCL INFO mscclSetupProxy: no capture

ja4:2516794:2516794 [0] NCCL INFO MSCCL: Setup Kernel finished, smem 41280 needsFence 1
ja4:2516794:2516794 [0] NCCL INFO mscclGetCaptureStatus: 0, captureId: 0, size: 0

ja4:2516794:2516794 [0] NCCL INFO mscclSetupProxy: no capture

ja4:2516794:2516794 [0] NCCL INFO MSCCL: Setup Kernel finished, smem 41280 needsFence 1
ja4:2516794:2516794 [0] NCCL INFO mscclGetCaptureStatus: 0, captureId: 0, size: 0

ja4:2516794:2516794 [0] NCCL INFO mscclSetupProxy: no capture

ja4:2516794:2516794 [0] NCCL INFO MSCCL: Setup Kernel finished, smem 41280 needsFence 1
ja4:2516794:2516794 [0] NCCL INFO mscclGetCaptureStatus: 0, captureId: 0, size: 0

ja4:2516794:2516794 [0] NCCL INFO mscclSetupProxy: no capture

ja4:2516794:2516794 [0] NCCL INFO MSCCL: Setup Kernel finished, smem 41280 needsFence 1
ja4:2516794:2516794 [0] NCCL INFO mscclGetCaptureStatus: 0, captureId: 0, size: 0

ja4:2516794:2516794 [0] NCCL INFO mscclSetupProxy: no capture

ja3:927642:927642 [0] NCCL INFO MSCCL: Setup Kernel finished, smem 41280 needsFence 1
ja2:1312073:1312073 [0] NCCL INFO mscclGetCaptureStatus: 0, captureId: 0, size: 0

ja2:1312073:1312073 [0] NCCL INFO mscclSetupProxy: no capture

ja2:1312073:1312073 [0] NCCL INFO MSCCL: Setup Kernel finished, smem 41280 needsFence 1
ja2:1312073:1312073 [0] NCCL INFO mscclGetCaptureStatus: 0, captureId: 0, size: 0

ja2:1312073:1312073 [0] NCCL INFO mscclSetupProxy: no capture

ja2:1312073:1312073 [0] NCCL INFO MSCCL: Setup Kernel finished, smem 41280 needsFence 1
ja2:1312073:1312073 [0] NCCL INFO mscclGetCaptureStatus: 0, captureId: 0, size: 0

ja2:1312073:1312073 [0] NCCL INFO mscclSetupProxy: no capture

ja2:1312073:1312073 [0] NCCL INFO MSCCL: Setup Kernel finished, smem 41280 needsFence 1
ja4:2516794:2516794 [0] NCCL INFO MSCCL: Setup Kernel finished, smem 41280 needsFence 1
ja4:2516794:2516794 [0] NCCL INFO mscclGetCaptureStatus: 0, captureId: 0, size: 0

ja4:2516794:2516794 [0] NCCL INFO mscclSetupProxy: no capture

ja4:2516794:2516794 [0] NCCL INFO MSCCL: Setup Kernel finished, smem 41280 needsFence 1
ja3:927642:927642 [0] NCCL INFO mscclGetCaptureStatus: 0, captureId: 0, size: 0

ja3:927642:927642 [0] NCCL INFO mscclSetupProxy: no capture

ja3:927642:927642 [0] NCCL INFO MSCCL: Setup Kernel finished, smem 41280 needsFence 1
ja3:927642:927642 [0] NCCL INFO mscclGetCaptureStatus: 0, captureId: 0, size: 0

ja3:927642:927642 [0] NCCL INFO mscclSetupProxy: no capture

ja3:927642:927642 [0] NCCL INFO MSCCL: Setup Kernel finished, smem 41280 needsFence 1
ja3:927642:927642 [0] NCCL INFO mscclGetCaptureStatus: 0, captureId: 0, size: 0

ja3:927642:927642 [0] NCCL INFO mscclSetupProxy: no capture

ja3:927642:927642 [0] NCCL INFO MSCCL: Setup Kernel finished, smem 41280 needsFence 1
ja3:927642:927642 [0] NCCL INFO mscclGetCaptureStatus: 0, captureId: 0, size: 0

ja3:927642:927642 [0] NCCL INFO mscclSetupProxy: no capture

ja3:927642:927642 [0] NCCL INFO MSCCL: Setup Kernel finished, smem 41280 needsFence 1
ja3:927642:927642 [0] NCCL INFO mscclGetCaptureStatus: 0, captureId: 0, size: 0

ja4:2516794:2516794 [0] NCCL INFO mscclGetCaptureStatus: 0, captureId: 0, size: 0

ja4:2516794:2516794 [0] NCCL INFO mscclSetupProxy: no capture

ja4:2516794:2516794 [0] NCCL INFO MSCCL: Setup Kernel finished, smem 41280 needsFence 1
ja4:2516794:2516794 [0] NCCL INFO mscclGetCaptureStatus: 0, captureId: 0, size: 0

ja4:2516794:2516794 [0] NCCL INFO mscclSetupProxy: no capture

ja4:2516794:2516794 [0] NCCL INFO MSCCL: Setup Kernel finished, smem 41280 needsFence 1
ja4:2516794:2516794 [0] NCCL INFO mscclGetCaptureStatus: 0, captureId: 0, size: 0

ja4:2516794:2516794 [0] NCCL INFO mscclSetupProxy: no capture

ja4:2516794:2516794 [0] NCCL INFO MSCCL: Setup Kernel finished, smem 41280 needsFence 1
ja4:2516794:2516794 [0] NCCL INFO mscclGetCaptureStatus: 0, captureId: 0, size: 0

ja4:2516794:2516794 [0] NCCL INFO mscclSetupProxy: no capture

ja4:2516794:2516794 [0] NCCL INFO MSCCL: Setup Kernel finished, smem 41280 needsFence 1
ja4:2516794:2516794 [0] NCCL INFO mscclGetCaptureStatus: 0, captureId: 0, size: 0

ja3:927642:927642 [0] NCCL INFO mscclSetupProxy: no capture

ja4:2516794:2516794 [0] NCCL INFO mscclSetupProxy: no capture

ja4:2516794:2516794 [0] NCCL INFO MSCCL: Setup Kernel finished, smem 41280 needsFence 1
ja3:927642:927642 [0] NCCL INFO MSCCL: Setup Kernel finished, smem 41280 needsFence 1
ja3:927642:927642 [0] NCCL INFO mscclGetCaptureStatus: 0, captureId: 0, size: 0

ja3:927642:927642 [0] NCCL INFO mscclSetupProxy: no capture

ja3:927642:927642 [0] NCCL INFO MSCCL: Setup Kernel finished, smem 41280 needsFence 1
ja2:1312073:1312073 [0] NCCL INFO mscclGetCaptureStatus: 0, captureId: 0, size: 0

ja2:1312073:1312073 [0] NCCL INFO mscclSetupProxy: no capture

ja2:1312073:1312073 [0] NCCL INFO MSCCL: Setup Kernel finished, smem 41280 needsFence 1
ja3:927642:927642 [0] NCCL INFO mscclGetCaptureStatus: 0, captureId: 0, size: 0

ja3:927642:927642 [0] NCCL INFO mscclSetupProxy: no capture

ja3:927642:927642 [0] NCCL INFO MSCCL: Setup Kernel finished, smem 41280 needsFence 1
ja4:2516794:2516794 [0] NCCL INFO mscclGetCaptureStatus: 0, captureId: 0, size: 0

ja4:2516794:2516794 [0] NCCL INFO mscclSetupProxy: no capture

ja4:2516794:2516794 [0] NCCL INFO MSCCL: Setup Kernel finished, smem 41280 needsFence 1
    11052    9.11    6.07      0
ja3:927642:927642 [0] NCCL INFO comm 0x3e2b2850 rank 1 nranks 3 cudaDev 0 busId 1000 - Destroy COMPLETE
ja3:927642:927642 [0] NCCL INFO MSCCL: Teardown finished
ja2:1312073:1312073 [0] NCCL INFO comm 0x4710ac50 rank 0 nranks 3 cudaDev 0 busId 1000 - Destroy COMPLETE
ja2:1312073:1312073 [0] NCCL INFO MSCCL: Teardown finished
ja4:2516794:2516794 [0] NCCL INFO comm 0x39ef1f20 rank 2 nranks 3 cudaDev 0 busId 1000 - Destroy COMPLETE
ja4:2516794:2516794 [0] NCCL INFO MSCCL: Teardown finished
# Out of bounds values : 0 OK
# Avg bus bandwidth    : 3.22151 
#

--- checks for CASE A_baseline ---
  ALGODIR: ja3:927642:927653 [0] NCCL INFO MSCCL: Internal Scheduler will use /home/wangyj05/msccl_azure/executor/msccl-executor-nccl/build/lib/msccl-algorithms as algorithm directory and /home/wangyj05/msccl_azure/executor/msccl-executor-nccl/build/lib/../share/nccl/msccl-algorithms as share algorithm directory and /usr/share/nccl/msccl-algorithms as package installed share algorithm directory 
  !!! WARN: no MSCCL algorithm load line found - may have fallen back to RING/TREE.
      Check that an algorithm exists for nRanks=3 and this collective.
  ACTIVE: fragmentation NOT active (expected for case A)
  RESULT: # Out of bounds values : 0 OK

========================================================
  CASE B_frag_k2
  NCCL_IB_FRAG_SIZE=-1  NCCL_IB_FRAG_BATCH=2
  Wed Aug 12 17:13:32 CST 2026
========================================================
# nThread 1 nGpus 1 minBytes 3072 maxBytes 134217728 step: 2(factor) warmup iters: 5 iters: 20 agg iters: 1 validation: 1 graph: 0
#
# Using devices
#  Rank  0 Group  0 Pid 1312139 on        ja2 device  0 [0000:01:00] Tesla V100-PCIE-16GB
#  Rank  1 Group  0 Pid 927685 on        ja3 device  0 [0000:01:00] Tesla V100-PCIE-16GB
#  Rank  2 Group  0 Pid 2516836 on        ja4 device  0 [0000:01:00] Tesla V100-PCIE-16GB
ja2:1312139:1312139 [0] NCCL INFO cudaDriverVersion 12000
ja2:1312139:1312139 [0] NCCL INFO NCCL version 2.23.4+cuda12.2
ja2:1312139:1312155 [0] NCCL INFO NET/Plugin: Could not find: libnccl-net.so. Using internal network plugin.
ja2:1312139:1312155 [0] NCCL INFO NCCL_IB_HCA set to mlx5_0
ja2:1312139:1312155 [0] NCCL INFO NET/IB : Using [0]mlx5_0:1/IB [RO]; OOB enp68s0f0:172.23.15.12<0>
ja2:1312139:1312155 [0] NCCL INFO PROFILER/Plugin: Could not find: libnccl-profiler.so.
ja2:1312139:1312155 [0] NCCL INFO Using network IB
ja3:927685:927685 [0] NCCL INFO cudaDriverVersion 12000
ja3:927685:927685 [0] NCCL INFO NCCL version 2.23.4+cuda12.2
ja2:1312139:1312155 [0] NCCL INFO ncclCommInitRank comm 0xe646310 rank 0 nranks 3 cudaDev 0 nvmlDev 0 busId 1000 commId 0xa78e9b90231eb6cb - Init START
ja3:927685:927695 [0] NCCL INFO NET/Plugin: Could not find: libnccl-net.so. Using internal network plugin.
ja3:927685:927695 [0] NCCL INFO NCCL_IB_HCA set to mlx5_0
ja3:927685:927695 [0] NCCL INFO NET/IB : Using [0]mlx5_0:1/IB [RO]; OOB enp68s0f0:172.23.15.13<0>
ja3:927685:927695 [0] NCCL INFO PROFILER/Plugin: Could not find: libnccl-profiler.so.
ja3:927685:927695 [0] NCCL INFO Using network IB
ja3:927685:927695 [0] NCCL INFO ncclCommInitRank comm 0x39513a50 rank 1 nranks 3 cudaDev 0 nvmlDev 0 busId 1000 commId 0xa78e9b90231eb6cb - Init START
ja4:2516836:2516836 [0] NCCL INFO cudaDriverVersion 12000
ja4:2516836:2516836 [0] NCCL INFO NCCL version 2.23.4+cuda12.2
ja4:2516836:2516846 [0] NCCL INFO NET/Plugin: Could not find: libnccl-net.so. Using internal network plugin.
ja4:2516836:2516846 [0] NCCL INFO NCCL_IB_HCA set to mlx5_0
ja4:2516836:2516846 [0] NCCL INFO NET/IB : Using [0]mlx5_0:1/IB [RO]; OOB enp68s0f0:172.23.15.14<0>
ja4:2516836:2516846 [0] NCCL INFO PROFILER/Plugin: Could not find: libnccl-profiler.so.
ja4:2516836:2516846 [0] NCCL INFO Using network IB
ja4:2516836:2516846 [0] NCCL INFO ncclCommInitRank comm 0x1af50360 rank 2 nranks 3 cudaDev 0 nvmlDev 0 busId 1000 commId 0xa78e9b90231eb6cb - Init START
ja4:2516836:2516846 [0] NCCL INFO NET/IB : GPU Direct RDMA Disabled for HCA 0 'mlx5_0'
ja3:927685:927695 [0] NCCL INFO NET/IB : GPU Direct RDMA Disabled for HCA 0 'mlx5_0'
ja2:1312139:1312155 [0] NCCL INFO NET/IB : GPU Direct RDMA Disabled for HCA 0 'mlx5_0'
ja2:1312139:1312155 [0] NCCL INFO comm 0xe646310 rank 0 nRanks 3 nNodes 3 localRanks 1 localRank 0 MNNVL 0
ja3:927685:927695 [0] NCCL INFO comm 0x39513a50 rank 1 nRanks 3 nNodes 3 localRanks 1 localRank 0 MNNVL 0
ja4:2516836:2516846 [0] NCCL INFO comm 0x1af50360 rank 2 nRanks 3 nNodes 3 localRanks 1 localRank 0 MNNVL 0
ja3:927685:927695 [0] NCCL INFO MSCCL: No external scheduler found, using internal implementation
ja3:927685:927695 [0] NCCL INFO MSCCL: Internal Scheduler will use /home/wangyj05/msccl_azure/executor/msccl-executor-nccl/build/lib/msccl-algorithms as algorithm directory and /home/wangyj05/msccl_azure/executor/msccl-executor-nccl/build/lib/../share/nccl/msccl-algorithms as share algorithm directory and /usr/share/nccl/msccl-algorithms as package installed share algorithm directory 
ja2:1312139:1312155 [0] NCCL INFO MSCCL: No external scheduler found, using internal implementation
ja2:1312139:1312155 [0] NCCL INFO MSCCL: Internal Scheduler will use /home/wangyj05/msccl_azure/executor/msccl-executor-nccl/build/lib/msccl-algorithms as algorithm directory and /home/wangyj05/msccl_azure/executor/msccl-executor-nccl/build/lib/../share/nccl/msccl-algorithms as share algorithm directory and /usr/share/nccl/msccl-algorithms as package installed share algorithm directory 
ja4:2516836:2516846 [0] NCCL INFO MSCCL: No external scheduler found, using internal implementation
ja4:2516836:2516846 [0] NCCL INFO MSCCL: Internal Scheduler will use /home/wangyj05/msccl_azure/executor/msccl-executor-nccl/build/lib/msccl-algorithms as algorithm directory and /home/wangyj05/msccl_azure/executor/msccl-executor-nccl/build/lib/../share/nccl/msccl-algorithms as share algorithm directory and /usr/share/nccl/msccl-algorithms as package installed share algorithm directory 
ja3:927685:927695 [0] NCCL INFO Using MSCCL Algo files from /home/wangyj05/msccl_azure/executor/msccl-executor-nccl/build/lib/msccl-algorithms
ja4:2516836:2516846 [0] NCCL INFO Using MSCCL Algo files from /home/wangyj05/msccl_azure/executor/msccl-executor-nccl/build/lib/msccl-algorithms
ja4:2516836:2516846 [0] NCCL INFO Trees [0] 1/-1/-1->2->0 [1] -1/-1/-1->2->0
ja4:2516836:2516846 [0] NCCL INFO P2P Chunksize set to 131072
ja3:927685:927695 [0] NCCL INFO Trees [0] -1/-1/-1->1->2 [1] 0/-1/-1->1->-1
ja3:927685:927695 [0] NCCL INFO P2P Chunksize set to 131072
ja4:2516836:2516848 [0] NCCL INFO [Proxy Service] Device 0 CPU core 64
ja3:927685:927697 [0] NCCL INFO [Proxy Service] Device 0 CPU core 64
ja2:1312139:1312155 [0] NCCL INFO Using MSCCL Algo files from /home/wangyj05/msccl_azure/executor/msccl-executor-nccl/build/lib/msccl-algorithms
ja4:2516836:2516849 [0] NCCL INFO [Proxy Service UDS] Device 0 CPU core 64
ja3:927685:927698 [0] NCCL INFO [Proxy Service UDS] Device 0 CPU core 64
ja2:1312139:1312155 [0] NCCL INFO Channel 00/02 : 0 1 2
ja2:1312139:1312155 [0] NCCL INFO Channel 01/02 : 0 1 2
ja2:1312139:1312155 [0] NCCL INFO Trees [0] 2/-1/-1->0->-1 [1] 2/-1/-1->0->1
ja2:1312139:1312155 [0] NCCL INFO P2P Chunksize set to 131072
ja2:1312139:1312157 [0] NCCL INFO [Proxy Service] Device 0 CPU core 64
ja2:1312139:1312158 [0] NCCL INFO [Proxy Service UDS] Device 0 CPU core 64
ja4:2516836:2516846 [0] NCCL INFO NCCL_ALGO set by environment to MSCCL,RING,TREE
ja4:2516836:2516846 [0] NCCL INFO threadThresholds 8/8/64 | 24/8/64 | 512 | 512
ja4:2516836:2516846 [0] NCCL INFO 2 coll channels, 2 collnet channels, 0 nvls channels, 2 p2p channels, 2 p2p channels per peer
ja3:927685:927695 [0] NCCL INFO NCCL_ALGO set by environment to MSCCL,RING,TREE
ja3:927685:927695 [0] NCCL INFO threadThresholds 8/8/64 | 24/8/64 | 512 | 512
ja3:927685:927695 [0] NCCL INFO 2 coll channels, 2 collnet channels, 0 nvls channels, 2 p2p channels, 2 p2p channels per peer
ja2:1312139:1312155 [0] NCCL INFO NCCL_ALGO set by environment to MSCCL,RING,TREE
ja2:1312139:1312155 [0] NCCL INFO threadThresholds 8/8/64 | 24/8/64 | 512 | 512
ja2:1312139:1312155 [0] NCCL INFO 2 coll channels, 2 collnet channels, 0 nvls channels, 2 p2p channels, 2 p2p channels per peer
ja2:1312139:1312155 [0] NCCL INFO CC Off, Multi-GPU CC Off, workFifoBytes 1048576
ja3:927685:927697 [0] NCCL INFO New proxy recv connection 0 from local rank 0, transport 2
ja3:927685:927695 [0] NCCL INFO Connected to proxy localRank 0 -> connection 0x14b728000d10
ja3:927685:927699 [0] NCCL INFO [Proxy Progress] Device 0 CPU core 64
ja3:927685:927695 [0] NCCL INFO Channel 00/0 : 0[0] -> 1[0] [receive] via NET/IB/0
ja3:927685:927697 [0] NCCL INFO New proxy send connection 1 from local rank 0, transport 2
ja4:2516836:2516848 [0] NCCL INFO New proxy recv connection 0 from local rank 0, transport 2
ja4:2516836:2516846 [0] NCCL INFO Connected to proxy localRank 0 -> connection 0x14e714000d10
ja3:927685:927695 [0] NCCL INFO Connected to proxy localRank 0 -> connection 0x14b728000d88
ja3:927685:927695 [0] NCCL INFO Channel 00/0 : 1[0] -> 2[0] [send] via NET/IB/0
ja4:2516836:2516850 [0] NCCL INFO [Proxy Progress] Device 0 CPU core 64
ja4:2516836:2516846 [0] NCCL INFO Channel 00/0 : 1[0] -> 2[0] [receive] via NET/IB/0
ja4:2516836:2516848 [0] NCCL INFO New proxy send connection 1 from local rank 0, transport 2
ja4:2516836:2516846 [0] NCCL INFO Connected to proxy localRank 0 -> connection 0x14e714000d88
ja4:2516836:2516846 [0] NCCL INFO Channel 00/0 : 2[0] -> 0[0] [send] via NET/IB/0
ja2:1312139:1312157 [0] NCCL INFO New proxy recv connection 0 from local rank 0, transport 2
ja2:1312139:1312159 [0] NCCL INFO [Proxy Progress] Device 0 CPU core 64
ja2:1312139:1312155 [0] NCCL INFO Connected to proxy localRank 0 -> connection 0x150b28000d10
ja2:1312139:1312155 [0] NCCL INFO Channel 00/0 : 2[0] -> 0[0] [receive] via NET/IB/0
ja2:1312139:1312157 [0] NCCL INFO New proxy send connection 1 from local rank 0, transport 2
ja2:1312139:1312155 [0] NCCL INFO Connected to proxy localRank 0 -> connection 0x150b28000d88
ja2:1312139:1312155 [0] NCCL INFO Channel 00/0 : 0[0] -> 1[0] [send] via NET/IB/0
ja4:2516836:2516848 [0] NCCL INFO New proxy recv connection 2 from local rank 0, transport 2
ja4:2516836:2516846 [0] NCCL INFO Connected to proxy localRank 0 -> connection 0x14e714000e00
ja4:2516836:2516846 [0] NCCL INFO Channel 00/0 : 0[0] -> 2[0] [receive] via NET/IB/0
ja2:1312139:1312157 [0] NCCL INFO New proxy recv connection 2 from local rank 0, transport 2
ja2:1312139:1312155 [0] NCCL INFO Connected to proxy localRank 0 -> connection 0x150b28000e00
ja3:927685:927697 [0] NCCL INFO New proxy recv connection 2 from local rank 0, transport 2
ja3:927685:927695 [0] NCCL INFO Connected to proxy localRank 0 -> connection 0x14b728000e00
ja2:1312139:1312155 [0] NCCL INFO Channel 00/0 : 1[0] -> 0[0] [receive] via NET/IB/0
ja2:1312139:1312157 [0] NCCL INFO New proxy send connection 3 from local rank 0, transport 2
ja4:2516836:2516848 [0] NCCL INFO New proxy send connection 3 from local rank 0, transport 2
ja4:2516836:2516846 [0] NCCL INFO Connected to proxy localRank 0 -> connection 0x14e714000e78
ja2:1312139:1312155 [0] NCCL INFO Connected to proxy localRank 0 -> connection 0x150b28000e78
ja4:2516836:2516846 [0] NCCL INFO Channel 00/0 : 2[0] -> 1[0] [send] via NET/IB/0
ja3:927685:927695 [0] NCCL INFO Channel 00/0 : 2[0] -> 1[0] [receive] via NET/IB/0
ja3:927685:927697 [0] NCCL INFO New proxy send connection 3 from local rank 0, transport 2
ja3:927685:927695 [0] NCCL INFO Connected to proxy localRank 0 -> connection 0x14b728000e78
ja2:1312139:1312155 [0] NCCL INFO Channel 00/0 : 0[0] -> 2[0] [send] via NET/IB/0
ja3:927685:927695 [0] NCCL INFO Channel 00/0 : 1[0] -> 0[0] [send] via NET/IB/0
ja3:927685:927697 [0] NCCL INFO NCCL_IB_QPS_PER_CONNECTION set by environment to 1.
ja2:1312139:1312157 [0] NCCL INFO NCCL_IB_QPS_PER_CONNECTION set by environment to 1.
ja4:2516836:2516848 [0] NCCL INFO NCCL_IB_QPS_PER_CONNECTION set by environment to 1.
ja3:927685:927697 [0] NCCL INFO NCCL_IB_FRAG_SIZE set by environment to -1.
ja4:2516836:2516848 [0] NCCL INFO NCCL_IB_FRAG_SIZE set by environment to -1.
ja2:1312139:1312157 [0] NCCL INFO NCCL_IB_FRAG_SIZE set by environment to -1.
ja3:927685:927697 [0] NCCL INFO NET/IB: NCCL Dev 0 IbDev 0 Port 1 qpn 3665 mtu 5 LID 23 subnet-prefix 33022  FLID 0 fifoRkey=0x1827e6 fifoLkey=0x1827e6
ja4:2516836:2516848 [0] NCCL INFO NET/IB: NCCL Dev 0 IbDev 0 Port 1 qpn 1054 mtu 5 LID 28 subnet-prefix 33022  FLID 0 fifoRkey=0x17da99 fifoLkey=0x17da99
ja2:1312139:1312157 [0] NCCL INFO NET/IB: NCCL Dev 0 IbDev 0 Port 1 qpn 3746 mtu 5 LID 22 subnet-prefix 33022  FLID 0 fifoRkey=0x17fcbb fifoLkey=0x17fcbb
ja3:927685:927697 [0] NCCL INFO NET/IB: NCCL Dev 0 IbDev 0 Port 1 qpn 3666 mtu 5 LID 23 subnet-prefix 33022  FLID 0 fifoRkey=0x1806c5 fifoLkey=0x1806c5
ja3:927685:927697 [0] NCCL INFO NCCL_IB_FRAG_BATCH set by environment to 2.
ja4:2516836:2516848 [0] NCCL INFO NET/IB: NCCL Dev 0 IbDev 0 Port 1 qpn 1057 mtu 5 LID 28 subnet-prefix 33022  FLID 0 fifoRkey=0x17ffbe fifoLkey=0x17ffbe
ja3:927685:927697 [0] NCCL INFO NET/IB: MTU fragmentation on: fragSize=4096 batch=2 sqDepth=2048 nqps=1
ja4:2516836:2516848 [0] NCCL INFO NCCL_IB_FRAG_BATCH set by environment to 2.
ja2:1312139:1312157 [0] NCCL INFO NET/IB: NCCL Dev 0 IbDev 0 Port 1 qpn 3749 mtu 5 LID 22 subnet-prefix 33022  FLID 0 fifoRkey=0x1832f1 fifoLkey=0x1832f1
ja4:2516836:2516848 [0] NCCL INFO NET/IB: MTU fragmentation on: fragSize=4096 batch=2 sqDepth=2048 nqps=1
ja2:1312139:1312157 [0] NCCL INFO NCCL_IB_FRAG_BATCH set by environment to 2.
ja2:1312139:1312157 [0] NCCL INFO NET/IB: MTU fragmentation on: fragSize=4096 batch=2 sqDepth=2048 nqps=1
ja3:927685:927697 [0] NCCL INFO NET/IB: MTU fragmentation on: fragSize=4096 batch=2 sqDepth=2048 nqps=1
ja4:2516836:2516848 [0] NCCL INFO NET/IB: MTU fragmentation on: fragSize=4096 batch=2 sqDepth=2048 nqps=1
ja2:1312139:1312157 [0] NCCL INFO NET/IB: MTU fragmentation on: fragSize=4096 batch=2 sqDepth=2048 nqps=1
ja3:927685:927695 [0] NCCL INFO MSCCL: Initialization finished
ja2:1312139:1312155 [0] NCCL INFO MSCCL: Initialization finished
ja4:2516836:2516846 [0] NCCL INFO MSCCL: Initialization finished
ja3:927685:927695 [0] NCCL INFO TUNER/Plugin: Could not find: libnccl-tuner.so libnccl-net.so. Using internal tuner plugin.
ja3:927685:927695 [0] NCCL INFO ncclCommInitRank comm 0x39513a50 rank 1 nranks 3 cudaDev 0 nvmlDev 0 busId 1000 commId 0xa78e9b90231eb6cb - Init COMPLETE
ja3:927685:927695 [0] NCCL INFO Init timings - ncclCommInitRank: rank 1 nranks 3 total 0.21 (kernels 0.00, alloc 0.02, bootstrap 0.10, allgathers 0.00, topo 0.00, graphs 0.00, connections 0.00, rest 0.08)
ja4:2516836:2516846 [0] NCCL INFO TUNER/Plugin: Could not find: libnccl-tuner.so libnccl-net.so. Using internal tuner plugin.
ja4:2516836:2516846 [0] NCCL INFO ncclCommInitRank comm 0x1af50360 rank 2 nranks 3 cudaDev 0 nvmlDev 0 busId 1000 commId 0xa78e9b90231eb6cb - Init COMPLETE
ja4:2516836:2516846 [0] NCCL INFO Init timings - ncclCommInitRank: rank 2 nranks 3 total 0.11 (kernels 0.00, alloc 0.02, bootstrap 0.00, allgathers 0.00, topo 0.00, graphs 0.00, connections 0.00, rest 0.08)
ja2:1312139:1312155 [0] NCCL INFO TUNER/Plugin: Could not find: libnccl-tuner.so libnccl-net.so. Using internal tuner plugin.
ja2:1312139:1312155 [0] NCCL INFO ncclCommInitRank comm 0xe646310 rank 0 nranks 3 cudaDev 0 nvmlDev 0 busId 1000 commId 0xa78e9b90231eb6cb - Init COMPLETE
ja2:1312139:1312155 [0] NCCL INFO Init timings - ncclCommInitRank: rank 0 nranks 3 total 0.23 (kernels 0.00, alloc 0.02, bootstrap 0.12, allgathers 0.00, topo 0.00, graphs 0.00, connections 0.00, rest 0.08)
#
#                                                              out-of-place                       in-place          
#       size         count      type   redop    root     time   algbw   busbw #wrong     time   algbw   busbw #wrong
#        (B)    (elements)                               (us)  (GB/s)  (GB/s)            (us)  (GB/s)  (GB/s)       
ja2:1312139:1312157 [0] NCCL INFO New proxy recv connection 4 from local rank 0, transport 2
ja2:1312139:1312160 [0] NCCL INFO Connected to proxy localRank 0 -> connection 0x150b28000ef0
ja4:2516836:2516848 [0] NCCL INFO New proxy recv connection 4 from local rank 0, transport 2
ja4:2516836:2516851 [0] NCCL INFO Connected to proxy localRank 0 -> connection 0x14e714000ef0
ja3:927685:927697 [0] NCCL INFO New proxy recv connection 4 from local rank 0, transport 2
ja3:927685:927700 [0] NCCL INFO Connected to proxy localRank 0 -> connection 0x14b728000ef0
ja4:2516836:2516851 [0] NCCL INFO Channel 01/0 : 1[0] -> 2[0] [receive] via NET/IB/0
ja3:927685:927700 [0] NCCL INFO Channel 01/0 : 0[0] -> 1[0] [receive] via NET/IB/0
ja4:2516836:2516848 [0] NCCL INFO New proxy send connection 5 from local rank 0, transport 2
ja3:927685:927697 [0] NCCL INFO New proxy send connection 5 from local rank 0, transport 2
ja4:2516836:2516851 [0] NCCL INFO Connected to proxy localRank 0 -> connection 0x14e714000f68
ja3:927685:927700 [0] NCCL INFO Connected to proxy localRank 0 -> connection 0x14b728000f68
ja3:927685:927700 [0] NCCL INFO Channel 01/0 : 1[0] -> 2[0] [send] via NET/IB/0
ja2:1312139:1312160 [0] NCCL INFO Channel 01/0 : 2[0] -> 0[0] [receive] via NET/IB/0
ja4:2516836:2516851 [0] NCCL INFO Channel 01/0 : 2[0] -> 0[0] [send] via NET/IB/0
ja2:1312139:1312157 [0] NCCL INFO New proxy send connection 5 from local rank 0, transport 2
ja2:1312139:1312160 [0] NCCL INFO Connected to proxy localRank 0 -> connection 0x150b28000f68
ja2:1312139:1312160 [0] NCCL INFO Channel 01/0 : 0[0] -> 1[0] [send] via NET/IB/0
ja2:1312139:1312157 [0] NCCL INFO NET/IB: NCCL Dev 0 IbDev 0 Port 1 qpn 3752 mtu 5 LID 22 subnet-prefix 33022  FLID 0 fifoRkey=0x183af9 fifoLkey=0x183af9
ja4:2516836:2516848 [0] NCCL INFO NET/IB: NCCL Dev 0 IbDev 0 Port 1 qpn 1060 mtu 5 LID 28 subnet-prefix 33022  FLID 0 fifoRkey=0x17e6a5 fifoLkey=0x17e6a5
ja3:927685:927697 [0] NCCL INFO NET/IB: NCCL Dev 0 IbDev 0 Port 1 qpn 3671 mtu 5 LID 23 subnet-prefix 33022  FLID 0 fifoRkey=0x1800c0 fifoLkey=0x1800c0
ja4:2516836:2516848 [0] NCCL INFO NET/IB: MTU fragmentation on: fragSize=4096 batch=2 sqDepth=2048 nqps=1
ja3:927685:927697 [0] NCCL INFO NET/IB: MTU fragmentation on: fragSize=4096 batch=2 sqDepth=2048 nqps=1
ja2:1312139:1312157 [0] NCCL INFO NET/IB: MTU fragmentation on: fragSize=4096 batch=2 sqDepth=2048 nqps=1
ja4:2516836:2516851 [0] NCCL INFO Connected all rings
ja3:927685:927700 [0] NCCL INFO Connected all rings
ja2:1312139:1312160 [0] NCCL INFO Connected all rings
ja2:1312139:1312159 [0] NCCL INFO NCCL_IB_SPLIT_DATA_ON_QPS set by environment to 0.
ja4:2516836:2516850 [0] NCCL INFO NCCL_IB_SPLIT_DATA_ON_QPS set by environment to 0.
ja3:927685:927699 [0] NCCL INFO NCCL_IB_SPLIT_DATA_ON_QPS set by environment to 0.
        3072           256     float    none      -1    19.27    0.16    0.11      0ja2:1312139:1312139 [0] NCCL INFO mscclGetCaptureStatus: 0, captureId: 0, size: 0

ja2:1312139:1312139 [0] NCCL INFO mscclSetupProxy: no capture

ja2:1312139:1312139 [0] NCCL INFO MSCCL: Setup Kernel finished, smem 41280 needsFence 1
ja4:2516836:2516836 [0] NCCL INFO mscclGetCaptureStatus: 0, captureId: 0, size: 0

ja4:2516836:2516836 [0] NCCL INFO mscclSetupProxy: no capture

ja4:2516836:2516836 [0] NCCL INFO MSCCL: Setup Kernel finished, smem 41280 needsFence 1
ja2:1312139:1312139 [0] NCCL INFO mscclGetCaptureStatus: 0, captureId: 0, size: 0

ja2:1312139:1312139 [0] NCCL INFO mscclSetupProxy: no capture

ja2:1312139:1312139 [0] NCCL INFO MSCCL: Setup Kernel finished, smem 41280 needsFence 1
ja2:1312139:1312139 [0] NCCL INFO mscclGetCaptureStatus: 0, captureId: 0, size: 0

ja2:1312139:1312139 [0] NCCL INFO mscclSetupProxy: no capture

ja2:1312139:1312139 [0] NCCL INFO MSCCL: Setup Kernel finished, smem 41280 needsFence 1
ja4:2516836:2516836 [0] NCCL INFO mscclGetCaptureStatus: 0, captureId: 0, size: 0

ja4:2516836:2516836 [0] NCCL INFO mscclSetupProxy: no capture

ja4:2516836:2516836 [0] NCCL INFO MSCCL: Setup Kernel finished, smem 41280 needsFence 1
ja4:2516836:2516836 [0] NCCL INFO mscclGetCaptureStatus: 0, captureId: 0, size: 0

ja3:927685:927685 [0] NCCL INFO mscclGetCaptureStatus: 0, captureId: 0, size: 0

ja3:927685:927685 [0] NCCL INFO mscclSetupProxy: no capture

ja3:927685:927685 [0] NCCL INFO MSCCL: Setup Kernel finished, smem 41280 needsFence 1
ja2:1312139:1312139 [0] NCCL INFO mscclGetCaptureStatus: 0, captureId: 0, size: 0

ja2:1312139:1312139 [0] NCCL INFO mscclSetupProxy: no capture

ja2:1312139:1312139 [0] NCCL INFO MSCCL: Setup Kernel finished, smem 41280 needsFence 1
ja2:1312139:1312139 [0] NCCL INFO mscclGetCaptureStatus: 0, captureId: 0, size: 0

ja2:1312139:1312139 [0] NCCL INFO mscclSetupProxy: no capture

ja4:2516836:2516836 [0] NCCL INFO mscclSetupProxy: no capture

ja4:2516836:2516836 [0] NCCL INFO MSCCL: Setup Kernel finished, smem 41280 needsFence 1
ja4:2516836:2516836 [0] NCCL INFO mscclGetCaptureStatus: 0, captureId: 0, size: 0

ja4:2516836:2516836 [0] NCCL INFO mscclSetupProxy: no capture

ja3:927685:927685 [0] NCCL INFO mscclGetCaptureStatus: 0, captureId: 0, size: 0

ja3:927685:927685 [0] NCCL INFO mscclSetupProxy: no capture

ja3:927685:927685 [0] NCCL INFO MSCCL: Setup Kernel finished, smem 41280 needsFence 1
ja2:1312139:1312139 [0] NCCL INFO MSCCL: Setup Kernel finished, smem 41280 needsFence 1
ja2:1312139:1312139 [0] NCCL INFO mscclGetCaptureStatus: 0, captureId: 0, size: 0

ja2:1312139:1312139 [0] NCCL INFO mscclSetupProxy: no capture

ja2:1312139:1312139 [0] NCCL INFO MSCCL: Setup Kernel finished, smem 41280 needsFence 1
ja2:1312139:1312139 [0] NCCL INFO mscclGetCaptureStatus: 0, captureId: 0, size: 0

ja2:1312139:1312139 [0] NCCL INFO mscclSetupProxy: no capture

ja2:1312139:1312139 [0] NCCL INFO MSCCL: Setup Kernel finished, smem 41280 needsFence 1
ja2:1312139:1312139 [0] NCCL INFO mscclGetCaptureStatus: 0, captureId: 0, size: 0

ja2:1312139:1312139 [0] NCCL INFO mscclSetupProxy: no capture

ja2:1312139:1312139 [0] NCCL INFO MSCCL: Setup Kernel finished, smem 41280 needsFence 1
ja4:2516836:2516836 [0] NCCL INFO MSCCL: Setup Kernel finished, smem 41280 needsFence 1
ja4:2516836:2516836 [0] NCCL INFO mscclGetCaptureStatus: 0, captureId: 0, size: 0

ja4:2516836:2516836 [0] NCCL INFO mscclSetupProxy: no capture

ja4:2516836:2516836 [0] NCCL INFO MSCCL: Setup Kernel finished, smem 41280 needsFence 1
ja4:2516836:2516836 [0] NCCL INFO mscclGetCaptureStatus: 0, captureId: 0, size: 0

ja4:2516836:2516836 [0] NCCL INFO mscclSetupProxy: no capture

ja4:2516836:2516836 [0] NCCL INFO MSCCL: Setup Kernel finished, smem 41280 needsFence 1
ja4:2516836:2516836 [0] NCCL INFO mscclGetCaptureStatus: 0, captureId: 0, size: 0

ja4:2516836:2516836 [0] NCCL INFO mscclSetupProxy: no capture

ja3:927685:927685 [0] NCCL INFO mscclGetCaptureStatus: 0, captureId: 0, size: 0

ja3:927685:927685 [0] NCCL INFO mscclSetupProxy: no capture

ja3:927685:927685 [0] NCCL INFO MSCCL: Setup Kernel finished, smem 41280 needsFence 1
ja2:1312139:1312139 [0] NCCL INFO mscclGetCaptureStatus: 0, captureId: 0, size: 0

ja2:1312139:1312139 [0] NCCL INFO mscclSetupProxy: no capture

ja2:1312139:1312139 [0] NCCL INFO MSCCL: Setup Kernel finished, smem 41280 needsFence 1
ja2:1312139:1312139 [0] NCCL INFO mscclGetCaptureStatus: 0, captureId: 0, size: 0

ja2:1312139:1312139 [0] NCCL INFO mscclSetupProxy: no capture

ja2:1312139:1312139 [0] NCCL INFO MSCCL: Setup Kernel finished, smem 41280 needsFence 1
ja2:1312139:1312139 [0] NCCL INFO mscclGetCaptureStatus: 0, captureId: 0, size: 0

ja2:1312139:1312139 [0] NCCL INFO mscclSetupProxy: no capture

ja2:1312139:1312139 [0] NCCL INFO MSCCL: Setup Kernel finished, smem 41280 needsFence 1
ja2:1312139:1312139 [0] NCCL INFO mscclGetCaptureStatus: 0, captureId: 0, size: 0

ja3:927685:927685 [0] NCCL INFO mscclGetCaptureStatus: 0, captureId: 0, size: 0

ja3:927685:927685 [0] NCCL INFO mscclSetupProxy: no capture

ja3:927685:927685 [0] NCCL INFO MSCCL: Setup Kernel finished, smem 41280 needsFence 1
ja3:927685:927685 [0] NCCL INFO mscclGetCaptureStatus: 0, captureId: 0, size: 0

ja3:927685:927685 [0] NCCL INFO mscclSetupProxy: no capture

ja3:927685:927685 [0] NCCL INFO MSCCL: Setup Kernel finished, smem 41280 needsFence 1
ja2:1312139:1312139 [0] NCCL INFO mscclSetupProxy: no capture

ja2:1312139:1312139 [0] NCCL INFO MSCCL: Setup Kernel finished, smem 41280 needsFence 1
ja2:1312139:1312139 [0] NCCL INFO mscclGetCaptureStatus: 0, captureId: 0, size: 0

ja2:1312139:1312139 [0] NCCL INFO mscclSetupProxy: no capture

ja2:1312139:1312139 [0] NCCL INFO MSCCL: Setup Kernel finished, smem 41280 needsFence 1
ja2:1312139:1312139 [0] NCCL INFO mscclGetCaptureStatus: 0, captureId: 0, size: 0

ja2:1312139:1312139 [0] NCCL INFO mscclSetupProxy: no capture

ja2:1312139:1312139 [0] NCCL INFO MSCCL: Setup Kernel finished, smem 41280 needsFence 1
ja2:1312139:1312139 [0] NCCL INFO mscclGetCaptureStatus: 0, captureId: 0, size: 0

ja2:1312139:1312139 [0] NCCL INFO mscclSetupProxy: no capture

ja2:1312139:1312139 [0] NCCL INFO MSCCL: Setup Kernel finished, smem 41280 needsFence 1
ja2:1312139:1312139 [0] NCCL INFO mscclGetCaptureStatus: 0, captureId: 0, size: 0

ja3:927685:927685 [0] NCCL INFO mscclGetCaptureStatus: 0, captureId: 0, size: 0

ja3:927685:927685 [0] NCCL INFO mscclSetupProxy: no capture

ja3:927685:927685 [0] NCCL INFO MSCCL: Setup Kernel finished, smem 41280 needsFence 1
ja3:927685:927685 [0] NCCL INFO mscclGetCaptureStatus: 0, captureId: 0, size: 0

ja3:927685:927685 [0] NCCL INFO mscclSetupProxy: no capture

ja3:927685:927685 [0] NCCL INFO MSCCL: Setup Kernel finished, smem 41280 needsFence 1
ja3:927685:927685 [0] NCCL INFO mscclGetCaptureStatus: 0, captureId: 0, size: 0

ja2:1312139:1312139 [0] NCCL INFO mscclSetupProxy: no capture

ja2:1312139:1312139 [0] NCCL INFO MSCCL: Setup Kernel finished, smem 41280 needsFence 1
ja2:1312139:1312139 [0] NCCL INFO mscclGetCaptureStatus: 0, captureId: 0, size: 0

ja2:1312139:1312139 [0] NCCL INFO mscclSetupProxy: no capture

ja2:1312139:1312139 [0] NCCL INFO MSCCL: Setup Kernel finished, smem 41280 needsFence 1
ja2:1312139:1312139 [0] NCCL INFO mscclGetCaptureStatus: 0, captureId: 0, size: 0

ja2:1312139:1312139 [0] NCCL INFO mscclSetupProxy: no capture

ja2:1312139:1312139 [0] NCCL INFO MSCCL: Setup Kernel finished, smem 41280 needsFence 1
ja2:1312139:1312139 [0] NCCL INFO mscclGetCaptureStatus: 0, captureId: 0, size: 0

ja2:1312139:1312139 [0] NCCL INFO mscclSetupProxy: no capture

ja2:1312139:1312139 [0] NCCL INFO MSCCL: Setup Kernel finished, smem 41280 needsFence 1
ja2:1312139:1312139 [0] NCCL INFO mscclGetCaptureStatus: 0, captureId: 0, size: 0

ja2:1312139:1312139 [0] NCCL INFO mscclSetupProxy: no capture

ja2:1312139:1312139 [0] NCCL INFO MSCCL: Setup Kernel finished, smem 41280 needsFence 1
ja2:1312139:1312139 [0] NCCL INFO mscclGetCaptureStatus: 0, captureId: 0, size: 0

ja2:1312139:1312139 [0] NCCL INFO mscclSetupProxy: no capture

ja2:1312139:1312139 [0] NCCL INFO MSCCL: Setup Kernel finished, smem 41280 needsFence 1
ja3:927685:927685 [0] NCCL INFO mscclSetupProxy: no capture

ja3:927685:927685 [0] NCCL INFO MSCCL: Setup Kernel finished, smem 41280 needsFence 1
ja3:927685:927685 [0] NCCL INFO mscclGetCaptureStatus: 0, captureId: 0, size: 0

ja3:927685:927685 [0] NCCL INFO mscclSetupProxy: no capture

ja3:927685:927685 [0] NCCL INFO MSCCL: Setup Kernel finished, smem 41280 needsFence 1
ja3:927685:927685 [0] NCCL INFO mscclGetCaptureStatus: 0, captureId: 0, size: 0

ja3:927685:927685 [0] NCCL INFO mscclSetupProxy: no capture

ja3:927685:927685 [0] NCCL INFO MSCCL: Setup Kernel finished, smem 41280 needsFence 1
ja3:927685:927685 [0] NCCL INFO mscclGetCaptureStatus: 0, captureId: 0, size: 0

ja3:927685:927685 [0] NCCL INFO mscclSetupProxy: no capture

ja3:927685:927685 [0] NCCL INFO MSCCL: Setup Kernel finished, smem 41280 needsFence 1
ja3:927685:927685 [0] NCCL INFO mscclGetCaptureStatus: 0, captureId: 0, size: 0

ja3:927685:927685 [0] NCCL INFO mscclSetupProxy: no capture

ja3:927685:927685 [0] NCCL INFO MSCCL: Setup Kernel finished, smem 41280 needsFence 1
ja3:927685:927685 [0] NCCL INFO mscclGetCaptureStatus: 0, captureId: 0, size: 0

ja3:927685:927685 [0] NCCL INFO mscclSetupProxy: no capture

ja3:927685:927685 [0] NCCL INFO MSCCL: Setup Kernel finished, smem 41280 needsFence 1
ja4:2516836:2516836 [0] NCCL INFO MSCCL: Setup Kernel finished, smem 41280 needsFence 1
ja4:2516836:2516836 [0] NCCL INFO mscclGetCaptureStatus: 0, captureId: 0, size: 0

ja4:2516836:2516836 [0] NCCL INFO mscclSetupProxy: no capture

ja4:2516836:2516836 [0] NCCL INFO MSCCL: Setup Kernel finished, smem 41280 needsFence 1
ja4:2516836:2516836 [0] NCCL INFO mscclGetCaptureStatus: 0, captureId: 0, size: 0

ja4:2516836:2516836 [0] NCCL INFO mscclSetupProxy: no capture

ja4:2516836:2516836 [0] NCCL INFO MSCCL: Setup Kernel finished, smem 41280 needsFence 1
ja4:2516836:2516836 [0] NCCL INFO mscclGetCaptureStatus: 0, captureId: 0, size: 0

ja4:2516836:2516836 [0] NCCL INFO mscclSetupProxy: no capture

ja4:2516836:2516836 [0] NCCL INFO MSCCL: Setup Kernel finished, smem 41280 needsFence 1
ja4:2516836:2516836 [0] NCCL INFO mscclGetCaptureStatus: 0, captureId: 0, size: 0

ja4:2516836:2516836 [0] NCCL INFO mscclSetupProxy: no capture

ja4:2516836:2516836 [0] NCCL INFO MSCCL: Setup Kernel finished, smem 41280 needsFence 1
ja4:2516836:2516836 [0] NCCL INFO mscclGetCaptureStatus: 0, captureId: 0, size: 0

ja4:2516836:2516836 [0] NCCL INFO mscclSetupProxy: no capture

ja4:2516836:2516836 [0] NCCL INFO MSCCL: Setup Kernel finished, smem 41280 needsFence 1
ja4:2516836:2516836 [0] NCCL INFO mscclGetCaptureStatus: 0, captureId: 0, size: 0

ja4:2516836:2516836 [0] NCCL INFO mscclSetupProxy: no capture

ja4:2516836:2516836 [0] NCCL INFO MSCCL: Setup Kernel finished, smem 41280 needsFence 1
ja4:2516836:2516836 [0] NCCL INFO mscclGetCaptureStatus: 0, captureId: 0, size: 0

ja4:2516836:2516836 [0] NCCL INFO mscclSetupProxy: no capture

ja4:2516836:2516836 [0] NCCL INFO MSCCL: Setup Kernel finished, smem 41280 needsFence 1
ja4:2516836:2516836 [0] NCCL INFO mscclGetCaptureStatus: 0, captureId: 0, size: 0

ja4:2516836:2516836 [0] NCCL INFO mscclSetupProxy: no capture

ja4:2516836:2516836 [0] NCCL INFO MSCCL: Setup Kernel finished, smem 41280 needsFence 1
ja4:2516836:2516836 [0] NCCL INFO mscclGetCaptureStatus: 0, captureId: 0, size: 0

ja4:2516836:2516836 [0] NCCL INFO mscclSetupProxy: no capture

ja4:2516836:2516836 [0] NCCL INFO MSCCL: Setup Kernel finished, smem 41280 needsFence 1
ja4:2516836:2516836 [0] NCCL INFO mscclGetCaptureStatus: 0, captureId: 0, size: 0

ja4:2516836:2516836 [0] NCCL INFO mscclSetupProxy: no capture

ja4:2516836:2516836 [0] NCCL INFO MSCCL: Setup Kernel finished, smem 41280 needsFence 1
ja4:2516836:2516836 [0] NCCL INFO mscclGetCaptureStatus: 0, captureId: 0, size: 0

ja4:2516836:2516836 [0] NCCL INFO mscclSetupProxy: no capture

ja4:2516836:2516836 [0] NCCL INFO MSCCL: Setup Kernel finished, smem 41280 needsFence 1
ja4:2516836:2516836 [0] NCCL INFO mscclGetCaptureStatus: 0, captureId: 0, size: 0

ja4:2516836:2516836 [0] NCCL INFO mscclSetupProxy: no capture

ja4:2516836:2516836 [0] NCCL INFO MSCCL: Setup Kernel finished, smem 41280 needsFence 1
ja4:2516836:2516836 [0] NCCL INFO mscclGetCaptureStatus: 0, captureId: 0, size: 0

ja4:2516836:2516836 [0] NCCL INFO mscclSetupProxy: no capture

ja4:2516836:2516836 [0] NCCL INFO MSCCL: Setup Kernel finished, smem 41280 needsFence 1
ja4:2516836:2516836 [0] NCCL INFO mscclGetCaptureStatus: 0, captureId: 0, size: 0

ja4:2516836:2516836 [0] NCCL INFO mscclSetupProxy: no capture

ja4:2516836:2516836 [0] NCCL INFO MSCCL: Setup Kernel finished, smem 41280 needsFence 1
ja3:927685:927685 [0] NCCL INFO mscclGetCaptureStatus: 0, captureId: 0, size: 0

ja3:927685:927685 [0] NCCL INFO mscclSetupProxy: no capture

ja3:927685:927685 [0] NCCL INFO MSCCL: Setup Kernel finished, smem 41280 needsFence 1
ja3:927685:927685 [0] NCCL INFO mscclGetCaptureStatus: 0, captureId: 0, size: 0

ja3:927685:927685 [0] NCCL INFO mscclSetupProxy: no capture

ja3:927685:927685 [0] NCCL INFO MSCCL: Setup Kernel finished, smem 41280 needsFence 1
ja3:927685:927685 [0] NCCL INFO mscclGetCaptureStatus: 0, captureId: 0, size: 0

ja3:927685:927685 [0] NCCL INFO mscclSetupProxy: no capture

ja3:927685:927685 [0] NCCL INFO MSCCL: Setup Kernel finished, smem 41280 needsFence 1
ja3:927685:927685 [0] NCCL INFO mscclGetCaptureStatus: 0, captureId: 0, size: 0

ja3:927685:927685 [0] NCCL INFO mscclSetupProxy: no capture

ja3:927685:927685 [0] NCCL INFO MSCCL: Setup Kernel finished, smem 41280 needsFence 1
ja3:927685:927685 [0] NCCL INFO mscclGetCaptureStatus: 0, captureId: 0, size: 0

ja3:927685:927685 [0] NCCL INFO mscclSetupProxy: no capture

ja3:927685:927685 [0] NCCL INFO MSCCL: Setup Kernel finished, smem 41280 needsFence 1
ja3:927685:927685 [0] NCCL INFO mscclGetCaptureStatus: 0, captureId: 0, size: 0

ja3:927685:927685 [0] NCCL INFO mscclSetupProxy: no capture

ja3:927685:927685 [0] NCCL INFO MSCCL: Setup Kernel finished, smem 41280 needsFence 1
ja3:927685:927685 [0] NCCL INFO mscclGetCaptureStatus: 0, captureId: 0, size: 0

ja3:927685:927685 [0] NCCL INFO mscclSetupProxy: no capture

ja3:927685:927685 [0] NCCL INFO MSCCL: Setup Kernel finished, smem 41280 needsFence 1
ja3:927685:927685 [0] NCCL INFO mscclGetCaptureStatus: 0, captureId: 0, size: 0

ja3:927685:927685 [0] NCCL INFO mscclSetupProxy: no capture

ja3:927685:927685 [0] NCCL INFO MSCCL: Setup Kernel finished, smem 41280 needsFence 1
ja2:1312139:1312139 [0] NCCL INFO mscclGetCaptureStatus: 0, captureId: 0, size: 0

ja2:1312139:1312139 [0] NCCL INFO mscclSetupProxy: no capture

ja2:1312139:1312139 [0] NCCL INFO MSCCL: Setup Kernel finished, smem 41280 needsFence 1
ja4:2516836:2516836 [0] NCCL INFO mscclGetCaptureStatus: 0, captureId: 0, size: 0

ja4:2516836:2516836 [0] NCCL INFO mscclSetupProxy: no capture

ja4:2516836:2516836 [0] NCCL INFO MSCCL: Setup Kernel finished, smem 41280 needsFence 1
ja3:927685:927685 [0] NCCL INFO mscclGetCaptureStatus: 0, captureId: 0, size: 0

ja3:927685:927685 [0] NCCL INFO mscclSetupProxy: no capture

ja3:927685:927685 [0] NCCL INFO MSCCL: Setup Kernel finished, smem 41280 needsFence 1
    82.87    0.04    0.02      0
        6144           512     float    none      -1    25.03    0.25    0.16      0ja2:1312139:1312139 [0] NCCL INFO mscclGetCaptureStatus: 0, captureId: 0, size: 0

ja2:1312139:1312139 [0] NCCL INFO mscclSetupProxy: no capture

ja2:1312139:1312139 [0] NCCL INFO MSCCL: Setup Kernel finished, smem 41280 needsFence 1
ja4:2516836:2516836 [0] NCCL INFO mscclGetCaptureStatus: 0, captureId: 0, size: 0

ja4:2516836:2516836 [0] NCCL INFO mscclSetupProxy: no capture

ja4:2516836:2516836 [0] NCCL INFO MSCCL: Setup Kernel finished, smem 41280 needsFence 1
ja3:927685:927685 [0] NCCL INFO mscclGetCaptureStatus: 0, captureId: 0, size: 0

ja3:927685:927685 [0] NCCL INFO mscclSetupProxy: no capture

ja3:927685:927685 [0] NCCL INFO MSCCL: Setup Kernel finished, smem 41280 needsFence 1
ja2:1312139:1312139 [0] NCCL INFO mscclGetCaptureStatus: 0, captureId: 0, size: 0

ja2:1312139:1312139 [0] NCCL INFO mscclSetupProxy: no capture

ja2:1312139:1312139 [0] NCCL INFO MSCCL: Setup Kernel finished, smem 41280 needsFence 1
ja2:1312139:1312139 [0] NCCL INFO mscclGetCaptureStatus: 0, captureId: 0, size: 0

ja2:1312139:1312139 [0] NCCL INFO mscclSetupProxy: no capture

ja2:1312139:1312139 [0] NCCL INFO MSCCL: Setup Kernel finished, smem 41280 needsFence 1
ja2:1312139:1312139 [0] NCCL INFO mscclGetCaptureStatus: 0, captureId: 0, size: 0

ja2:1312139:1312139 [0] NCCL INFO mscclSetupProxy: no capture

ja2:1312139:1312139 [0] NCCL INFO MSCCL: Setup Kernel finished, smem 41280 needsFence 1
ja2:1312139:1312139 [0] NCCL INFO mscclGetCaptureStatus: 0, captureId: 0, size: 0

ja2:1312139:1312139 [0] NCCL INFO mscclSetupProxy: no capture

ja2:1312139:1312139 [0] NCCL INFO MSCCL: Setup Kernel finished, smem 41280 needsFence 1
ja2:1312139:1312139 [0] NCCL INFO mscclGetCaptureStatus: 0, captureId: 0, size: 0

ja2:1312139:1312139 [0] NCCL INFO mscclSetupProxy: no capture

ja2:1312139:1312139 [0] NCCL INFO MSCCL: Setup Kernel finished, smem 41280 needsFence 1
ja2:1312139:1312139 [0] NCCL INFO mscclGetCaptureStatus: 0, captureId: 0, size: 0

ja2:1312139:1312139 [0] NCCL INFO mscclSetupProxy: no capture

ja2:1312139:1312139 [0] NCCL INFO MSCCL: Setup Kernel finished, smem 41280 needsFence 1
ja2:1312139:1312139 [0] NCCL INFO mscclGetCaptureStatus: 0, captureId: 0, size: 0

ja2:1312139:1312139 [0] NCCL INFO mscclSetupProxy: no capture

ja2:1312139:1312139 [0] NCCL INFO MSCCL: Setup Kernel finished, smem 41280 needsFence 1
ja2:1312139:1312139 [0] NCCL INFO mscclGetCaptureStatus: 0, captureId: 0, size: 0

ja2:1312139:1312139 [0] NCCL INFO mscclSetupProxy: no capture

ja2:1312139:1312139 [0] NCCL INFO MSCCL: Setup Kernel finished, smem 41280 needsFence 1
ja2:1312139:1312139 [0] NCCL INFO mscclGetCaptureStatus: 0, captureId: 0, size: 0

ja2:1312139:1312139 [0] NCCL INFO mscclSetupProxy: no capture

ja2:1312139:1312139 [0] NCCL INFO MSCCL: Setup Kernel finished, smem 41280 needsFence 1
ja2:1312139:1312139 [0] NCCL INFO mscclGetCaptureStatus: 0, captureId: 0, size: 0

ja2:1312139:1312139 [0] NCCL INFO mscclSetupProxy: no capture

ja2:1312139:1312139 [0] NCCL INFO MSCCL: Setup Kernel finished, smem 41280 needsFence 1
ja4:2516836:2516836 [0] NCCL INFO mscclGetCaptureStatus: 0, captureId: 0, size: 0

ja4:2516836:2516836 [0] NCCL INFO mscclSetupProxy: no capture

ja4:2516836:2516836 [0] NCCL INFO MSCCL: Setup Kernel finished, smem 41280 needsFence 1
ja4:2516836:2516836 [0] NCCL INFO mscclGetCaptureStatus: 0, captureId: 0, size: 0

ja4:2516836:2516836 [0] NCCL INFO mscclSetupProxy: no capture

ja4:2516836:2516836 [0] NCCL INFO MSCCL: Setup Kernel finished, smem 41280 needsFence 1
ja3:927685:927685 [0] NCCL INFO mscclGetCaptureStatus: 0, captureId: 0, size: 0

ja3:927685:927685 [0] NCCL INFO mscclSetupProxy: no capture

ja3:927685:927685 [0] NCCL INFO MSCCL: Setup Kernel finished, smem 41280 needsFence 1
ja3:927685:927685 [0] NCCL INFO mscclGetCaptureStatus: 0, captureId: 0, size: 0

ja3:927685:927685 [0] NCCL INFO mscclSetupProxy: no capture

ja4:2516836:2516836 [0] NCCL INFO mscclGetCaptureStatus: 0, captureId: 0, size: 0

ja4:2516836:2516836 [0] NCCL INFO mscclSetupProxy: no capture

ja4:2516836:2516836 [0] NCCL INFO MSCCL: Setup Kernel finished, smem 41280 needsFence 1
ja4:2516836:2516836 [0] NCCL INFO mscclGetCaptureStatus: 0, captureId: 0, size: 0

ja4:2516836:2516836 [0] NCCL INFO mscclSetupProxy: no capture

ja3:927685:927685 [0] NCCL INFO MSCCL: Setup Kernel finished, smem 41280 needsFence 1
ja3:927685:927685 [0] NCCL INFO mscclGetCaptureStatus: 0, captureId: 0, size: 0

ja3:927685:927685 [0] NCCL INFO mscclSetupProxy: no capture

ja3:927685:927685 [0] NCCL INFO MSCCL: Setup Kernel finished, smem 41280 needsFence 1
ja2:1312139:1312139 [0] NCCL INFO mscclGetCaptureStatus: 0, captureId: 0, size: 0

ja2:1312139:1312139 [0] NCCL INFO mscclSetupProxy: no capture

ja2:1312139:1312139 [0] NCCL INFO MSCCL: Setup Kernel finished, smem 41280 needsFence 1
ja2:1312139:1312139 [0] NCCL INFO mscclGetCaptureStatus: 0, captureId: 0, size: 0

ja2:1312139:1312139 [0] NCCL INFO mscclSetupProxy: no capture

ja2:1312139:1312139 [0] NCCL INFO MSCCL: Setup Kernel finished, smem 41280 needsFence 1
ja2:1312139:1312139 [0] NCCL INFO mscclGetCaptureStatus: 0, captureId: 0, size: 0

ja2:1312139:1312139 [0] NCCL INFO mscclSetupProxy: no capture

ja2:1312139:1312139 [0] NCCL INFO MSCCL: Setup Kernel finished, smem 41280 needsFence 1
ja2:1312139:1312139 [0] NCCL INFO mscclGetCaptureStatus: 0, captureId: 0, size: 0

ja4:2516836:2516836 [0] NCCL INFO MSCCL: Setup Kernel finished, smem 41280 needsFence 1
ja4:2516836:2516836 [0] NCCL INFO mscclGetCaptureStatus: 0, captureId: 0, size: 0

ja4:2516836:2516836 [0] NCCL INFO mscclSetupProxy: no capture

ja4:2516836:2516836 [0] NCCL INFO MSCCL: Setup Kernel finished, smem 41280 needsFence 1
ja4:2516836:2516836 [0] NCCL INFO mscclGetCaptureStatus: 0, captureId: 0, size: 0

ja4:2516836:2516836 [0] NCCL INFO mscclSetupProxy: no capture

ja4:2516836:2516836 [0] NCCL INFO MSCCL: Setup Kernel finished, smem 41280 needsFence 1
ja4:2516836:2516836 [0] NCCL INFO mscclGetCaptureStatus: 0, captureId: 0, size: 0

ja4:2516836:2516836 [0] NCCL INFO mscclSetupProxy: no capture

ja4:2516836:2516836 [0] NCCL INFO MSCCL: Setup Kernel finished, smem 41280 needsFence 1
ja3:927685:927685 [0] NCCL INFO mscclGetCaptureStatus: 0, captureId: 0, size: 0

ja3:927685:927685 [0] NCCL INFO mscclSetupProxy: no capture

ja3:927685:927685 [0] NCCL INFO MSCCL: Setup Kernel finished, smem 41280 needsFence 1
ja3:927685:927685 [0] NCCL INFO mscclGetCaptureStatus: 0, captureId: 0, size: 0

ja3:927685:927685 [0] NCCL INFO mscclSetupProxy: no capture

ja3:927685:927685 [0] NCCL INFO MSCCL: Setup Kernel finished, smem 41280 needsFence 1
ja3:927685:927685 [0] NCCL INFO mscclGetCaptureStatus: 0, captureId: 0, size: 0

ja3:927685:927685 [0] NCCL INFO mscclSetupProxy: no capture

ja2:1312139:1312139 [0] NCCL INFO mscclSetupProxy: no capture

ja2:1312139:1312139 [0] NCCL INFO MSCCL: Setup Kernel finished, smem 41280 needsFence 1
ja2:1312139:1312139 [0] NCCL INFO mscclGetCaptureStatus: 0, captureId: 0, size: 0

ja2:1312139:1312139 [0] NCCL INFO mscclSetupProxy: no capture

ja2:1312139:1312139 [0] NCCL INFO MSCCL: Setup Kernel finished, smem 41280 needsFence 1
ja2:1312139:1312139 [0] NCCL INFO mscclGetCaptureStatus: 0, captureId: 0, size: 0

ja2:1312139:1312139 [0] NCCL INFO mscclSetupProxy: no capture

ja2:1312139:1312139 [0] NCCL INFO MSCCL: Setup Kernel finished, smem 41280 needsFence 1
ja2:1312139:1312139 [0] NCCL INFO mscclGetCaptureStatus: 0, captureId: 0, size: 0

ja2:1312139:1312139 [0] NCCL INFO mscclSetupProxy: no capture

ja2:1312139:1312139 [0] NCCL INFO MSCCL: Setup Kernel finished, smem 41280 needsFence 1
ja2:1312139:1312139 [0] NCCL INFO mscclGetCaptureStatus: 0, captureId: 0, size: 0

ja2:1312139:1312139 [0] NCCL INFO mscclSetupProxy: no capture

ja2:1312139:1312139 [0] NCCL INFO MSCCL: Setup Kernel finished, smem 41280 needsFence 1
ja2:1312139:1312139 [0] NCCL INFO mscclGetCaptureStatus: 0, captureId: 0, size: 0

ja2:1312139:1312139 [0] NCCL INFO mscclSetupProxy: no capture

ja2:1312139:1312139 [0] NCCL INFO MSCCL: Setup Kernel finished, smem 41280 needsFence 1
ja2:1312139:1312139 [0] NCCL INFO mscclGetCaptureStatus: 0, captureId: 0, size: 0

ja2:1312139:1312139 [0] NCCL INFO mscclSetupProxy: no capture

ja2:1312139:1312139 [0] NCCL INFO MSCCL: Setup Kernel finished, smem 41280 needsFence 1
ja3:927685:927685 [0] NCCL INFO MSCCL: Setup Kernel finished, smem 41280 needsFence 1
ja3:927685:927685 [0] NCCL INFO mscclGetCaptureStatus: 0, captureId: 0, size: 0

ja3:927685:927685 [0] NCCL INFO mscclSetupProxy: no capture

ja3:927685:927685 [0] NCCL INFO MSCCL: Setup Kernel finished, smem 41280 needsFence 1
ja3:927685:927685 [0] NCCL INFO mscclGetCaptureStatus: 0, captureId: 0, size: 0

ja3:927685:927685 [0] NCCL INFO mscclSetupProxy: no capture

ja3:927685:927685 [0] NCCL INFO MSCCL: Setup Kernel finished, smem 41280 needsFence 1
ja3:927685:927685 [0] NCCL INFO mscclGetCaptureStatus: 0, captureId: 0, size: 0

ja3:927685:927685 [0] NCCL INFO mscclSetupProxy: no capture

ja4:2516836:2516836 [0] NCCL INFO mscclGetCaptureStatus: 0, captureId: 0, size: 0

ja4:2516836:2516836 [0] NCCL INFO mscclSetupProxy: no capture

ja4:2516836:2516836 [0] NCCL INFO MSCCL: Setup Kernel finished, smem 41280 needsFence 1
ja4:2516836:2516836 [0] NCCL INFO mscclGetCaptureStatus: 0, captureId: 0, size: 0

ja4:2516836:2516836 [0] NCCL INFO mscclSetupProxy: no capture

ja4:2516836:2516836 [0] NCCL INFO MSCCL: Setup Kernel finished, smem 41280 needsFence 1
ja4:2516836:2516836 [0] NCCL INFO mscclGetCaptureStatus: 0, captureId: 0, size: 0

ja4:2516836:2516836 [0] NCCL INFO mscclSetupProxy: no capture

ja4:2516836:2516836 [0] NCCL INFO MSCCL: Setup Kernel finished, smem 41280 needsFence 1
ja3:927685:927685 [0] NCCL INFO MSCCL: Setup Kernel finished, smem 41280 needsFence 1
ja3:927685:927685 [0] NCCL INFO mscclGetCaptureStatus: 0, captureId: 0, size: 0

ja3:927685:927685 [0] NCCL INFO mscclSetupProxy: no capture

ja3:927685:927685 [0] NCCL INFO MSCCL: Setup Kernel finished, smem 41280 needsFence 1
ja3:927685:927685 [0] NCCL INFO mscclGetCaptureStatus: 0, captureId: 0, size: 0

ja3:927685:927685 [0] NCCL INFO mscclSetupProxy: no capture

ja3:927685:927685 [0] NCCL INFO MSCCL: Setup Kernel finished, smem 41280 needsFence 1
ja3:927685:927685 [0] NCCL INFO mscclGetCaptureStatus: 0, captureId: 0, size: 0

ja4:2516836:2516836 [0] NCCL INFO mscclGetCaptureStatus: 0, captureId: 0, size: 0

ja4:2516836:2516836 [0] NCCL INFO mscclSetupProxy: no capture

ja4:2516836:2516836 [0] NCCL INFO MSCCL: Setup Kernel finished, smem 41280 needsFence 1
ja4:2516836:2516836 [0] NCCL INFO mscclGetCaptureStatus: 0, captureId: 0, size: 0

ja4:2516836:2516836 [0] NCCL INFO mscclSetupProxy: no capture

ja4:2516836:2516836 [0] NCCL INFO MSCCL: Setup Kernel finished, smem 41280 needsFence 1
ja4:2516836:2516836 [0] NCCL INFO mscclGetCaptureStatus: 0, captureId: 0, size: 0

ja4:2516836:2516836 [0] NCCL INFO mscclSetupProxy: no capture

ja4:2516836:2516836 [0] NCCL INFO MSCCL: Setup Kernel finished, smem 41280 needsFence 1
ja3:927685:927685 [0] NCCL INFO mscclSetupProxy: no capture

ja3:927685:927685 [0] NCCL INFO MSCCL: Setup Kernel finished, smem 41280 needsFence 1
ja3:927685:927685 [0] NCCL INFO mscclGetCaptureStatus: 0, captureId: 0, size: 0

ja3:927685:927685 [0] NCCL INFO mscclSetupProxy: no capture

ja3:927685:927685 [0] NCCL INFO MSCCL: Setup Kernel finished, smem 41280 needsFence 1
ja3:927685:927685 [0] NCCL INFO mscclGetCaptureStatus: 0, captureId: 0, size: 0

ja4:2516836:2516836 [0] NCCL INFO mscclGetCaptureStatus: 0, captureId: 0, size: 0

ja4:2516836:2516836 [0] NCCL INFO mscclSetupProxy: no capture

ja4:2516836:2516836 [0] NCCL INFO MSCCL: Setup Kernel finished, smem 41280 needsFence 1
ja4:2516836:2516836 [0] NCCL INFO mscclGetCaptureStatus: 0, captureId: 0, size: 0

ja4:2516836:2516836 [0] NCCL INFO mscclSetupProxy: no capture

ja4:2516836:2516836 [0] NCCL INFO MSCCL: Setup Kernel finished, smem 41280 needsFence 1
ja3:927685:927685 [0] NCCL INFO mscclSetupProxy: no capture

ja3:927685:927685 [0] NCCL INFO MSCCL: Setup Kernel finished, smem 41280 needsFence 1
ja3:927685:927685 [0] NCCL INFO mscclGetCaptureStatus: 0, captureId: 0, size: 0

ja3:927685:927685 [0] NCCL INFO mscclSetupProxy: no capture

ja3:927685:927685 [0] NCCL INFO MSCCL: Setup Kernel finished, smem 41280 needsFence 1
ja4:2516836:2516836 [0] NCCL INFO mscclGetCaptureStatus: 0, captureId: 0, size: 0

ja4:2516836:2516836 [0] NCCL INFO mscclSetupProxy: no capture

ja4:2516836:2516836 [0] NCCL INFO MSCCL: Setup Kernel finished, smem 41280 needsFence 1
ja4:2516836:2516836 [0] NCCL INFO mscclGetCaptureStatus: 0, captureId: 0, size: 0

ja4:2516836:2516836 [0] NCCL INFO mscclSetupProxy: no capture

ja4:2516836:2516836 [0] NCCL INFO MSCCL: Setup Kernel finished, smem 41280 needsFence 1
ja3:927685:927685 [0] NCCL INFO mscclGetCaptureStatus: 0, captureId: 0, size: 0

ja3:927685:927685 [0] NCCL INFO mscclSetupProxy: no capture

ja3:927685:927685 [0] NCCL INFO MSCCL: Setup Kernel finished, smem 41280 needsFence 1
ja3:927685:927685 [0] NCCL INFO mscclGetCaptureStatus: 0, captureId: 0, size: 0

ja3:927685:927685 [0] NCCL INFO mscclSetupProxy: no capture

ja3:927685:927685 [0] NCCL INFO MSCCL: Setup Kernel finished, smem 41280 needsFence 1
ja4:2516836:2516836 [0] NCCL INFO mscclGetCaptureStatus: 0, captureId: 0, size: 0

ja4:2516836:2516836 [0] NCCL INFO mscclSetupProxy: no capture

ja4:2516836:2516836 [0] NCCL INFO MSCCL: Setup Kernel finished, smem 41280 needsFence 1
ja4:2516836:2516836 [0] NCCL INFO mscclGetCaptureStatus: 0, captureId: 0, size: 0

ja4:2516836:2516836 [0] NCCL INFO mscclSetupProxy: no capture

ja4:2516836:2516836 [0] NCCL INFO MSCCL: Setup Kernel finished, smem 41280 needsFence 1
ja4:2516836:2516836 [0] NCCL INFO mscclGetCaptureStatus: 0, captureId: 0, size: 0

ja4:2516836:2516836 [0] NCCL INFO mscclSetupProxy: no capture

ja4:2516836:2516836 [0] NCCL INFO MSCCL: Setup Kernel finished, smem 41280 needsFence 1
ja3:927685:927685 [0] NCCL INFO mscclGetCaptureStatus: 0, captureId: 0, size: 0

ja3:927685:927685 [0] NCCL INFO mscclSetupProxy: no capture

ja3:927685:927685 [0] NCCL INFO MSCCL: Setup Kernel finished, smem 41280 needsFence 1
ja3:927685:927685 [0] NCCL INFO mscclGetCaptureStatus: 0, captureId: 0, size: 0

ja3:927685:927685 [0] NCCL INFO mscclSetupProxy: no capture

ja3:927685:927685 [0] NCCL INFO MSCCL: Setup Kernel finished, smem 41280 needsFence 1
ja3:927685:927685 [0] NCCL INFO mscclGetCaptureStatus: 0, captureId: 0, size: 0

ja3:927685:927685 [0] NCCL INFO mscclSetupProxy: no capture

ja3:927685:927685 [0] NCCL INFO MSCCL: Setup Kernel finished, smem 41280 needsFence 1
ja2:1312139:1312139 [0] NCCL INFO mscclGetCaptureStatus: 0, captureId: 0, size: 0

ja2:1312139:1312139 [0] NCCL INFO mscclSetupProxy: no capture

ja2:1312139:1312139 [0] NCCL INFO MSCCL: Setup Kernel finished, smem 41280 needsFence 1
ja4:2516836:2516836 [0] NCCL INFO mscclGetCaptureStatus: 0, captureId: 0, size: 0

ja4:2516836:2516836 [0] NCCL INFO mscclSetupProxy: no capture

ja4:2516836:2516836 [0] NCCL INFO MSCCL: Setup Kernel finished, smem 41280 needsFence 1
ja3:927685:927685 [0] NCCL INFO mscclGetCaptureStatus: 0, captureId: 0, size: 0

ja3:927685:927685 [0] NCCL INFO mscclSetupProxy: no capture

ja3:927685:927685 [0] NCCL INFO MSCCL: Setup Kernel finished, smem 41280 needsFence 1
    82.06    0.07    0.05      0
       12288          1024     float    none      -1    24.43    0.50    0.34      0ja2:1312139:1312139 [0] NCCL INFO mscclGetCaptureStatus: 0, captureId: 0, size: 0

ja2:1312139:1312139 [0] NCCL INFO mscclSetupProxy: no capture

ja2:1312139:1312139 [0] NCCL INFO MSCCL: Setup Kernel finished, smem 41280 needsFence 1
ja4:2516836:2516836 [0] NCCL INFO mscclGetCaptureStatus: 0, captureId: 0, size: 0

ja4:2516836:2516836 [0] NCCL INFO mscclSetupProxy: no capture

ja4:2516836:2516836 [0] NCCL INFO MSCCL: Setup Kernel finished, smem 41280 needsFence 1
ja3:927685:927685 [0] NCCL INFO mscclGetCaptureStatus: 0, captureId: 0, size: 0

ja3:927685:927685 [0] NCCL INFO mscclSetupProxy: no capture

ja3:927685:927685 [0] NCCL INFO MSCCL: Setup Kernel finished, smem 41280 needsFence 1
ja2:1312139:1312139 [0] NCCL INFO mscclGetCaptureStatus: 0, captureId: 0, size: 0

ja2:1312139:1312139 [0] NCCL INFO mscclSetupProxy: no capture

ja2:1312139:1312139 [0] NCCL INFO MSCCL: Setup Kernel finished, smem 41280 needsFence 1
ja2:1312139:1312139 [0] NCCL INFO mscclGetCaptureStatus: 0, captureId: 0, size: 0

ja2:1312139:1312139 [0] NCCL INFO mscclSetupProxy: no capture

ja4:2516836:2516836 [0] NCCL INFO mscclGetCaptureStatus: 0, captureId: 0, size: 0

ja4:2516836:2516836 [0] NCCL INFO mscclSetupProxy: no capture

ja4:2516836:2516836 [0] NCCL INFO MSCCL: Setup Kernel finished, smem 41280 needsFence 1
ja4:2516836:2516836 [0] NCCL INFO mscclGetCaptureStatus: 0, captureId: 0, size: 0

ja4:2516836:2516836 [0] NCCL INFO mscclSetupProxy: no capture

ja4:2516836:2516836 [0] NCCL INFO MSCCL: Setup Kernel finished, smem 41280 needsFence 1
ja4:2516836:2516836 [0] NCCL INFO mscclGetCaptureStatus: 0, captureId: 0, size: 0

ja4:2516836:2516836 [0] NCCL INFO mscclSetupProxy: no capture

ja4:2516836:2516836 [0] NCCL INFO MSCCL: Setup Kernel finished, smem 41280 needsFence 1
ja4:2516836:2516836 [0] NCCL INFO mscclGetCaptureStatus: 0, captureId: 0, size: 0

ja3:927685:927685 [0] NCCL INFO mscclGetCaptureStatus: 0, captureId: 0, size: 0

ja3:927685:927685 [0] NCCL INFO mscclSetupProxy: no capture

ja3:927685:927685 [0] NCCL INFO MSCCL: Setup Kernel finished, smem 41280 needsFence 1
ja3:927685:927685 [0] NCCL INFO mscclGetCaptureStatus: 0, captureId: 0, size: 0

ja2:1312139:1312139 [0] NCCL INFO MSCCL: Setup Kernel finished, smem 41280 needsFence 1
ja2:1312139:1312139 [0] NCCL INFO mscclGetCaptureStatus: 0, captureId: 0, size: 0

ja2:1312139:1312139 [0] NCCL INFO mscclSetupProxy: no capture

ja2:1312139:1312139 [0] NCCL INFO MSCCL: Setup Kernel finished, smem 41280 needsFence 1
ja2:1312139:1312139 [0] NCCL INFO mscclGetCaptureStatus: 0, captureId: 0, size: 0

ja2:1312139:1312139 [0] NCCL INFO mscclSetupProxy: no capture

ja2:1312139:1312139 [0] NCCL INFO MSCCL: Setup Kernel finished, smem 41280 needsFence 1
ja4:2516836:2516836 [0] NCCL INFO mscclSetupProxy: no capture

ja4:2516836:2516836 [0] NCCL INFO MSCCL: Setup Kernel finished, smem 41280 needsFence 1
ja4:2516836:2516836 [0] NCCL INFO mscclGetCaptureStatus: 0, captureId: 0, size: 0

ja4:2516836:2516836 [0] NCCL INFO mscclSetupProxy: no capture

ja4:2516836:2516836 [0] NCCL INFO MSCCL: Setup Kernel finished, smem 41280 needsFence 1
ja3:927685:927685 [0] NCCL INFO mscclSetupProxy: no capture

ja3:927685:927685 [0] NCCL INFO MSCCL: Setup Kernel finished, smem 41280 needsFence 1
ja3:927685:927685 [0] NCCL INFO mscclGetCaptureStatus: 0, captureId: 0, size: 0

ja3:927685:927685 [0] NCCL INFO mscclSetupProxy: no capture

ja2:1312139:1312139 [0] NCCL INFO mscclGetCaptureStatus: 0, captureId: 0, size: 0

ja2:1312139:1312139 [0] NCCL INFO mscclSetupProxy: no capture

ja2:1312139:1312139 [0] NCCL INFO MSCCL: Setup Kernel finished, smem 41280 needsFence 1
ja2:1312139:1312139 [0] NCCL INFO mscclGetCaptureStatus: 0, captureId: 0, size: 0

ja2:1312139:1312139 [0] NCCL INFO mscclSetupProxy: no capture

ja2:1312139:1312139 [0] NCCL INFO MSCCL: Setup Kernel finished, smem 41280 needsFence 1
ja2:1312139:1312139 [0] NCCL INFO mscclGetCaptureStatus: 0, captureId: 0, size: 0

ja2:1312139:1312139 [0] NCCL INFO mscclSetupProxy: no capture

ja2:1312139:1312139 [0] NCCL INFO MSCCL: Setup Kernel finished, smem 41280 needsFence 1
ja2:1312139:1312139 [0] NCCL INFO mscclGetCaptureStatus: 0, captureId: 0, size: 0

ja4:2516836:2516836 [0] NCCL INFO mscclGetCaptureStatus: 0, captureId: 0, size: 0

ja4:2516836:2516836 [0] NCCL INFO mscclSetupProxy: no capture

ja4:2516836:2516836 [0] NCCL INFO MSCCL: Setup Kernel finished, smem 41280 needsFence 1
ja4:2516836:2516836 [0] NCCL INFO mscclGetCaptureStatus: 0, captureId: 0, size: 0

ja4:2516836:2516836 [0] NCCL INFO mscclSetupProxy: no capture

ja4:2516836:2516836 [0] NCCL INFO MSCCL: Setup Kernel finished, smem 41280 needsFence 1
ja4:2516836:2516836 [0] NCCL INFO mscclGetCaptureStatus: 0, captureId: 0, size: 0

ja4:2516836:2516836 [0] NCCL INFO mscclSetupProxy: no capture

ja4:2516836:2516836 [0] NCCL INFO MSCCL: Setup Kernel finished, smem 41280 needsFence 1
ja3:927685:927685 [0] NCCL INFO MSCCL: Setup Kernel finished, smem 41280 needsFence 1
ja3:927685:927685 [0] NCCL INFO mscclGetCaptureStatus: 0, captureId: 0, size: 0

ja3:927685:927685 [0] NCCL INFO mscclSetupProxy: no capture

ja3:927685:927685 [0] NCCL INFO MSCCL: Setup Kernel finished, smem 41280 needsFence 1
ja3:927685:927685 [0] NCCL INFO mscclGetCaptureStatus: 0, captureId: 0, size: 0

ja3:927685:927685 [0] NCCL INFO mscclSetupProxy: no capture

ja3:927685:927685 [0] NCCL INFO MSCCL: Setup Kernel finished, smem 41280 needsFence 1
ja3:927685:927685 [0] NCCL INFO mscclGetCaptureStatus: 0, captureId: 0, size: 0

ja3:927685:927685 [0] NCCL INFO mscclSetupProxy: no capture

ja3:927685:927685 [0] NCCL INFO MSCCL: Setup Kernel finished, smem 41280 needsFence 1
ja3:927685:927685 [0] NCCL INFO mscclGetCaptureStatus: 0, captureId: 0, size: 0

ja2:1312139:1312139 [0] NCCL INFO mscclSetupProxy: no capture

ja2:1312139:1312139 [0] NCCL INFO MSCCL: Setup Kernel finished, smem 41280 needsFence 1
ja2:1312139:1312139 [0] NCCL INFO mscclGetCaptureStatus: 0, captureId: 0, size: 0

ja2:1312139:1312139 [0] NCCL INFO mscclSetupProxy: no capture

ja2:1312139:1312139 [0] NCCL INFO MSCCL: Setup Kernel finished, smem 41280 needsFence 1
ja2:1312139:1312139 [0] NCCL INFO mscclGetCaptureStatus: 0, captureId: 0, size: 0

ja2:1312139:1312139 [0] NCCL INFO mscclSetupProxy: no capture

ja2:1312139:1312139 [0] NCCL INFO MSCCL: Setup Kernel finished, smem 41280 needsFence 1
ja4:2516836:2516836 [0] NCCL INFO mscclGetCaptureStatus: 0, captureId: 0, size: 0

ja4:2516836:2516836 [0] NCCL INFO mscclSetupProxy: no capture

ja4:2516836:2516836 [0] NCCL INFO MSCCL: Setup Kernel finished, smem 41280 needsFence 1
ja4:2516836:2516836 [0] NCCL INFO mscclGetCaptureStatus: 0, captureId: 0, size: 0

ja4:2516836:2516836 [0] NCCL INFO mscclSetupProxy: no capture

ja4:2516836:2516836 [0] NCCL INFO MSCCL: Setup Kernel finished, smem 41280 needsFence 1
ja3:927685:927685 [0] NCCL INFO mscclSetupProxy: no capture

ja3:927685:927685 [0] NCCL INFO MSCCL: Setup Kernel finished, smem 41280 needsFence 1
ja3:927685:927685 [0] NCCL INFO mscclGetCaptureStatus: 0, captureId: 0, size: 0

ja3:927685:927685 [0] NCCL INFO mscclSetupProxy: no capture

ja3:927685:927685 [0] NCCL INFO MSCCL: Setup Kernel finished, smem 41280 needsFence 1
ja3:927685:927685 [0] NCCL INFO mscclGetCaptureStatus: 0, captureId: 0, size: 0

ja3:927685:927685 [0] NCCL INFO mscclSetupProxy: no capture

ja2:1312139:1312139 [0] NCCL INFO mscclGetCaptureStatus: 0, captureId: 0, size: 0

ja2:1312139:1312139 [0] NCCL INFO mscclSetupProxy: no capture

ja2:1312139:1312139 [0] NCCL INFO MSCCL: Setup Kernel finished, smem 41280 needsFence 1
ja2:1312139:1312139 [0] NCCL INFO mscclGetCaptureStatus: 0, captureId: 0, size: 0

ja2:1312139:1312139 [0] NCCL INFO mscclSetupProxy: no capture

ja2:1312139:1312139 [0] NCCL INFO MSCCL: Setup Kernel finished, smem 41280 needsFence 1
ja2:1312139:1312139 [0] NCCL INFO mscclGetCaptureStatus: 0, captureId: 0, size: 0

ja2:1312139:1312139 [0] NCCL INFO mscclSetupProxy: no capture

ja2:1312139:1312139 [0] NCCL INFO MSCCL: Setup Kernel finished, smem 41280 needsFence 1
ja4:2516836:2516836 [0] NCCL INFO mscclGetCaptureStatus: 0, captureId: 0, size: 0

ja4:2516836:2516836 [0] NCCL INFO mscclSetupProxy: no capture

ja4:2516836:2516836 [0] NCCL INFO MSCCL: Setup Kernel finished, smem 41280 needsFence 1
ja4:2516836:2516836 [0] NCCL INFO mscclGetCaptureStatus: 0, captureId: 0, size: 0

ja4:2516836:2516836 [0] NCCL INFO mscclSetupProxy: no capture

ja4:2516836:2516836 [0] NCCL INFO MSCCL: Setup Kernel finished, smem 41280 needsFence 1
ja4:2516836:2516836 [0] NCCL INFO mscclGetCaptureStatus: 0, captureId: 0, size: 0

ja4:2516836:2516836 [0] NCCL INFO mscclSetupProxy: no capture

ja4:2516836:2516836 [0] NCCL INFO MSCCL: Setup Kernel finished, smem 41280 needsFence 1
ja4:2516836:2516836 [0] NCCL INFO mscclGetCaptureStatus: 0, captureId: 0, size: 0

ja4:2516836:2516836 [0] NCCL INFO mscclSetupProxy: no capture

ja3:927685:927685 [0] NCCL INFO MSCCL: Setup Kernel finished, smem 41280 needsFence 1
ja3:927685:927685 [0] NCCL INFO mscclGetCaptureStatus: 0, captureId: 0, size: 0

ja3:927685:927685 [0] NCCL INFO mscclSetupProxy: no capture

ja3:927685:927685 [0] NCCL INFO MSCCL: Setup Kernel finished, smem 41280 needsFence 1
ja3:927685:927685 [0] NCCL INFO mscclGetCaptureStatus: 0, captureId: 0, size: 0

ja3:927685:927685 [0] NCCL INFO mscclSetupProxy: no capture

ja3:927685:927685 [0] NCCL INFO MSCCL: Setup Kernel finished, smem 41280 needsFence 1
ja2:1312139:1312139 [0] NCCL INFO mscclGetCaptureStatus: 0, captureId: 0, size: 0

ja2:1312139:1312139 [0] NCCL INFO mscclSetupProxy: no capture

ja2:1312139:1312139 [0] NCCL INFO MSCCL: Setup Kernel finished, smem 41280 needsFence 1
ja2:1312139:1312139 [0] NCCL INFO mscclGetCaptureStatus: 0, captureId: 0, size: 0

ja2:1312139:1312139 [0] NCCL INFO mscclSetupProxy: no capture

ja2:1312139:1312139 [0] NCCL INFO MSCCL: Setup Kernel finished, smem 41280 needsFence 1
ja2:1312139:1312139 [0] NCCL INFO mscclGetCaptureStatus: 0, captureId: 0, size: 0

ja2:1312139:1312139 [0] NCCL INFO mscclSetupProxy: no capture

ja2:1312139:1312139 [0] NCCL INFO MSCCL: Setup Kernel finished, smem 41280 needsFence 1
ja2:1312139:1312139 [0] NCCL INFO mscclGetCaptureStatus: 0, captureId: 0, size: 0

ja2:1312139:1312139 [0] NCCL INFO mscclSetupProxy: no capture

ja2:1312139:1312139 [0] NCCL INFO MSCCL: Setup Kernel finished, smem 41280 needsFence 1
ja4:2516836:2516836 [0] NCCL INFO MSCCL: Setup Kernel finished, smem 41280 needsFence 1
ja4:2516836:2516836 [0] NCCL INFO mscclGetCaptureStatus: 0, captureId: 0, size: 0

ja4:2516836:2516836 [0] NCCL INFO mscclSetupProxy: no capture

ja4:2516836:2516836 [0] NCCL INFO MSCCL: Setup Kernel finished, smem 41280 needsFence 1
ja4:2516836:2516836 [0] NCCL INFO mscclGetCaptureStatus: 0, captureId: 0, size: 0

ja4:2516836:2516836 [0] NCCL INFO mscclSetupProxy: no capture

ja4:2516836:2516836 [0] NCCL INFO MSCCL: Setup Kernel finished, smem 41280 needsFence 1
ja3:927685:927685 [0] NCCL INFO mscclGetCaptureStatus: 0, captureId: 0, size: 0

ja3:927685:927685 [0] NCCL INFO mscclSetupProxy: no capture

ja3:927685:927685 [0] NCCL INFO MSCCL: Setup Kernel finished, smem 41280 needsFence 1
ja3:927685:927685 [0] NCCL INFO mscclGetCaptureStatus: 0, captureId: 0, size: 0

ja3:927685:927685 [0] NCCL INFO mscclSetupProxy: no capture

ja3:927685:927685 [0] NCCL INFO MSCCL: Setup Kernel finished, smem 41280 needsFence 1
ja2:1312139:1312139 [0] NCCL INFO mscclGetCaptureStatus: 0, captureId: 0, size: 0

ja2:1312139:1312139 [0] NCCL INFO mscclSetupProxy: no capture

ja2:1312139:1312139 [0] NCCL INFO MSCCL: Setup Kernel finished, smem 41280 needsFence 1
ja2:1312139:1312139 [0] NCCL INFO mscclGetCaptureStatus: 0, captureId: 0, size: 0

ja2:1312139:1312139 [0] NCCL INFO mscclSetupProxy: no capture

ja2:1312139:1312139 [0] NCCL INFO MSCCL: Setup Kernel finished, smem 41280 needsFence 1
ja2:1312139:1312139 [0] NCCL INFO mscclGetCaptureStatus: 0, captureId: 0, size: 0

ja2:1312139:1312139 [0] NCCL INFO mscclSetupProxy: no capture

ja2:1312139:1312139 [0] NCCL INFO MSCCL: Setup Kernel finished, smem 41280 needsFence 1
ja4:2516836:2516836 [0] NCCL INFO mscclGetCaptureStatus: 0, captureId: 0, size: 0

ja4:2516836:2516836 [0] NCCL INFO mscclSetupProxy: no capture

ja4:2516836:2516836 [0] NCCL INFO MSCCL: Setup Kernel finished, smem 41280 needsFence 1
ja4:2516836:2516836 [0] NCCL INFO mscclGetCaptureStatus: 0, captureId: 0, size: 0

ja4:2516836:2516836 [0] NCCL INFO mscclSetupProxy: no capture

ja3:927685:927685 [0] NCCL INFO mscclGetCaptureStatus: 0, captureId: 0, size: 0

ja3:927685:927685 [0] NCCL INFO mscclSetupProxy: no capture

ja3:927685:927685 [0] NCCL INFO MSCCL: Setup Kernel finished, smem 41280 needsFence 1
ja3:927685:927685 [0] NCCL INFO mscclGetCaptureStatus: 0, captureId: 0, size: 0

ja3:927685:927685 [0] NCCL INFO mscclSetupProxy: no capture

ja3:927685:927685 [0] NCCL INFO MSCCL: Setup Kernel finished, smem 41280 needsFence 1
ja4:2516836:2516836 [0] NCCL INFO MSCCL: Setup Kernel finished, smem 41280 needsFence 1
ja4:2516836:2516836 [0] NCCL INFO mscclGetCaptureStatus: 0, captureId: 0, size: 0

ja4:2516836:2516836 [0] NCCL INFO mscclSetupProxy: no capture

ja4:2516836:2516836 [0] NCCL INFO MSCCL: Setup Kernel finished, smem 41280 needsFence 1
ja3:927685:927685 [0] NCCL INFO mscclGetCaptureStatus: 0, captureId: 0, size: 0

ja3:927685:927685 [0] NCCL INFO mscclSetupProxy: no capture

ja3:927685:927685 [0] NCCL INFO MSCCL: Setup Kernel finished, smem 41280 needsFence 1
ja3:927685:927685 [0] NCCL INFO mscclGetCaptureStatus: 0, captureId: 0, size: 0

ja3:927685:927685 [0] NCCL INFO mscclSetupProxy: no capture

ja3:927685:927685 [0] NCCL INFO MSCCL: Setup Kernel finished, smem 41280 needsFence 1
ja4:2516836:2516836 [0] NCCL INFO mscclGetCaptureStatus: 0, captureId: 0, size: 0

ja4:2516836:2516836 [0] NCCL INFO mscclSetupProxy: no capture

ja4:2516836:2516836 [0] NCCL INFO MSCCL: Setup Kernel finished, smem 41280 needsFence 1
ja3:927685:927685 [0] NCCL INFO mscclGetCaptureStatus: 0, captureId: 0, size: 0

ja3:927685:927685 [0] NCCL INFO mscclSetupProxy: no capture

ja3:927685:927685 [0] NCCL INFO MSCCL: Setup Kernel finished, smem 41280 needsFence 1
ja3:927685:927685 [0] NCCL INFO mscclGetCaptureStatus: 0, captureId: 0, size: 0

ja3:927685:927685 [0] NCCL INFO mscclSetupProxy: no capture

ja3:927685:927685 [0] NCCL INFO MSCCL: Setup Kernel finished, smem 41280 needsFence 1
ja3:927685:927685 [0] NCCL INFO mscclGetCaptureStatus: 0, captureId: 0, size: 0

ja3:927685:927685 [0] NCCL INFO mscclSetupProxy: no capture

ja3:927685:927685 [0] NCCL INFO MSCCL: Setup Kernel finished, smem 41280 needsFence 1
ja2:1312139:1312139 [0] NCCL INFO mscclGetCaptureStatus: 0, captureId: 0, size: 0

ja2:1312139:1312139 [0] NCCL INFO mscclSetupProxy: no capture

ja2:1312139:1312139 [0] NCCL INFO MSCCL: Setup Kernel finished, smem 41280 needsFence 1
ja4:2516836:2516836 [0] NCCL INFO mscclGetCaptureStatus: 0, captureId: 0, size: 0

ja4:2516836:2516836 [0] NCCL INFO mscclSetupProxy: no capture

ja4:2516836:2516836 [0] NCCL INFO MSCCL: Setup Kernel finished, smem 41280 needsFence 1
ja3:927685:927685 [0] NCCL INFO mscclGetCaptureStatus: 0, captureId: 0, size: 0

ja3:927685:927685 [0] NCCL INFO mscclSetupProxy: no capture

ja3:927685:927685 [0] NCCL INFO MSCCL: Setup Kernel finished, smem 41280 needsFence 1
    175.7    0.07    0.05      0
       24576          2048     float    none      -1    30.24    0.81    0.54      0ja2:1312139:1312139 [0] NCCL INFO mscclGetCaptureStatus: 0, captureId: 0, size: 0

ja2:1312139:1312139 [0] NCCL INFO mscclSetupProxy: no capture

ja2:1312139:1312139 [0] NCCL INFO MSCCL: Setup Kernel finished, smem 41280 needsFence 1
ja3:927685:927685 [0] NCCL INFO mscclGetCaptureStatus: 0, captureId: 0, size: 0

ja3:927685:927685 [0] NCCL INFO mscclSetupProxy: no capture

ja3:927685:927685 [0] NCCL INFO MSCCL: Setup Kernel finished, smem 41280 needsFence 1
ja2:1312139:1312139 [0] NCCL INFO mscclGetCaptureStatus: 0, captureId: 0, size: 0

ja2:1312139:1312139 [0] NCCL INFO mscclSetupProxy: no capture

ja2:1312139:1312139 [0] NCCL INFO MSCCL: Setup Kernel finished, smem 41280 needsFence 1
ja4:2516836:2516836 [0] NCCL INFO mscclGetCaptureStatus: 0, captureId: 0, size: 0

ja4:2516836:2516836 [0] NCCL INFO mscclSetupProxy: no capture

ja4:2516836:2516836 [0] NCCL INFO MSCCL: Setup Kernel finished, smem 41280 needsFence 1
ja2:1312139:1312139 [0] NCCL INFO mscclGetCaptureStatus: 0, captureId: 0, size: 0

ja2:1312139:1312139 [0] NCCL INFO mscclSetupProxy: no capture

ja2:1312139:1312139 [0] NCCL INFO MSCCL: Setup Kernel finished, smem 41280 needsFence 1
ja2:1312139:1312139 [0] NCCL INFO mscclGetCaptureStatus: 0, captureId: 0, size: 0

ja4:2516836:2516836 [0] NCCL INFO mscclGetCaptureStatus: 0, captureId: 0, size: 0

ja4:2516836:2516836 [0] NCCL INFO mscclSetupProxy: no capture

ja4:2516836:2516836 [0] NCCL INFO MSCCL: Setup Kernel finished, smem 41280 needsFence 1
ja4:2516836:2516836 [0] NCCL INFO mscclGetCaptureStatus: 0, captureId: 0, size: 0

ja4:2516836:2516836 [0] NCCL INFO mscclSetupProxy: no capture

ja4:2516836:2516836 [0] NCCL INFO MSCCL: Setup Kernel finished, smem 41280 needsFence 1
ja4:2516836:2516836 [0] NCCL INFO mscclGetCaptureStatus: 0, captureId: 0, size: 0

ja3:927685:927685 [0] NCCL INFO mscclGetCaptureStatus: 0, captureId: 0, size: 0

ja3:927685:927685 [0] NCCL INFO mscclSetupProxy: no capture

ja3:927685:927685 [0] NCCL INFO MSCCL: Setup Kernel finished, smem 41280 needsFence 1
ja2:1312139:1312139 [0] NCCL INFO mscclSetupProxy: no capture

ja2:1312139:1312139 [0] NCCL INFO MSCCL: Setup Kernel finished, smem 41280 needsFence 1
ja2:1312139:1312139 [0] NCCL INFO mscclGetCaptureStatus: 0, captureId: 0, size: 0

ja2:1312139:1312139 [0] NCCL INFO mscclSetupProxy: no capture

ja2:1312139:1312139 [0] NCCL INFO MSCCL: Setup Kernel finished, smem 41280 needsFence 1
ja2:1312139:1312139 [0] NCCL INFO mscclGetCaptureStatus: 0, captureId: 0, size: 0

ja2:1312139:1312139 [0] NCCL INFO mscclSetupProxy: no capture

ja2:1312139:1312139 [0] NCCL INFO MSCCL: Setup Kernel finished, smem 41280 needsFence 1
ja2:1312139:1312139 [0] NCCL INFO mscclGetCaptureStatus: 0, captureId: 0, size: 0

ja2:1312139:1312139 [0] NCCL INFO mscclSetupProxy: no capture

ja2:1312139:1312139 [0] NCCL INFO MSCCL: Setup Kernel finished, smem 41280 needsFence 1
ja2:1312139:1312139 [0] NCCL INFO mscclGetCaptureStatus: 0, captureId: 0, size: 0

ja4:2516836:2516836 [0] NCCL INFO mscclSetupProxy: no capture

ja4:2516836:2516836 [0] NCCL INFO MSCCL: Setup Kernel finished, smem 41280 needsFence 1
ja4:2516836:2516836 [0] NCCL INFO mscclGetCaptureStatus: 0, captureId: 0, size: 0

ja4:2516836:2516836 [0] NCCL INFO mscclSetupProxy: no capture

ja4:2516836:2516836 [0] NCCL INFO MSCCL: Setup Kernel finished, smem 41280 needsFence 1
ja3:927685:927685 [0] NCCL INFO mscclGetCaptureStatus: 0, captureId: 0, size: 0

ja3:927685:927685 [0] NCCL INFO mscclSetupProxy: no capture

ja3:927685:927685 [0] NCCL INFO MSCCL: Setup Kernel finished, smem 41280 needsFence 1
ja3:927685:927685 [0] NCCL INFO mscclGetCaptureStatus: 0, captureId: 0, size: 0

ja3:927685:927685 [0] NCCL INFO mscclSetupProxy: no capture

ja3:927685:927685 [0] NCCL INFO MSCCL: Setup Kernel finished, smem 41280 needsFence 1
ja2:1312139:1312139 [0] NCCL INFO mscclSetupProxy: no capture

ja2:1312139:1312139 [0] NCCL INFO MSCCL: Setup Kernel finished, smem 41280 needsFence 1
ja2:1312139:1312139 [0] NCCL INFO mscclGetCaptureStatus: 0, captureId: 0, size: 0

ja2:1312139:1312139 [0] NCCL INFO mscclSetupProxy: no capture

ja2:1312139:1312139 [0] NCCL INFO MSCCL: Setup Kernel finished, smem 41280 needsFence 1
ja2:1312139:1312139 [0] NCCL INFO mscclGetCaptureStatus: 0, captureId: 0, size: 0

ja2:1312139:1312139 [0] NCCL INFO mscclSetupProxy: no capture

ja2:1312139:1312139 [0] NCCL INFO MSCCL: Setup Kernel finished, smem 41280 needsFence 1
ja2:1312139:1312139 [0] NCCL INFO mscclGetCaptureStatus: 0, captureId: 0, size: 0

ja2:1312139:1312139 [0] NCCL INFO mscclSetupProxy: no capture

ja4:2516836:2516836 [0] NCCL INFO mscclGetCaptureStatus: 0, captureId: 0, size: 0

ja4:2516836:2516836 [0] NCCL INFO mscclSetupProxy: no capture

ja4:2516836:2516836 [0] NCCL INFO MSCCL: Setup Kernel finished, smem 41280 needsFence 1
ja4:2516836:2516836 [0] NCCL INFO mscclGetCaptureStatus: 0, captureId: 0, size: 0

ja4:2516836:2516836 [0] NCCL INFO mscclSetupProxy: no capture

ja4:2516836:2516836 [0] NCCL INFO MSCCL: Setup Kernel finished, smem 41280 needsFence 1
ja4:2516836:2516836 [0] NCCL INFO mscclGetCaptureStatus: 0, captureId: 0, size: 0

ja4:2516836:2516836 [0] NCCL INFO mscclSetupProxy: no capture

ja3:927685:927685 [0] NCCL INFO mscclGetCaptureStatus: 0, captureId: 0, size: 0

ja3:927685:927685 [0] NCCL INFO mscclSetupProxy: no capture

ja3:927685:927685 [0] NCCL INFO MSCCL: Setup Kernel finished, smem 41280 needsFence 1
ja3:927685:927685 [0] NCCL INFO mscclGetCaptureStatus: 0, captureId: 0, size: 0

ja3:927685:927685 [0] NCCL INFO mscclSetupProxy: no capture

ja3:927685:927685 [0] NCCL INFO MSCCL: Setup Kernel finished, smem 41280 needsFence 1
ja3:927685:927685 [0] NCCL INFO mscclGetCaptureStatus: 0, captureId: 0, size: 0

ja3:927685:927685 [0] NCCL INFO mscclSetupProxy: no capture

ja2:1312139:1312139 [0] NCCL INFO MSCCL: Setup Kernel finished, smem 41280 needsFence 1
ja2:1312139:1312139 [0] NCCL INFO mscclGetCaptureStatus: 0, captureId: 0, size: 0

ja2:1312139:1312139 [0] NCCL INFO mscclSetupProxy: no capture

ja2:1312139:1312139 [0] NCCL INFO MSCCL: Setup Kernel finished, smem 41280 needsFence 1
ja2:1312139:1312139 [0] NCCL INFO mscclGetCaptureStatus: 0, captureId: 0, size: 0

ja2:1312139:1312139 [0] NCCL INFO mscclSetupProxy: no capture

ja2:1312139:1312139 [0] NCCL INFO MSCCL: Setup Kernel finished, smem 41280 needsFence 1
ja2:1312139:1312139 [0] NCCL INFO mscclGetCaptureStatus: 0, captureId: 0, size: 0

ja2:1312139:1312139 [0] NCCL INFO mscclSetupProxy: no capture

ja4:2516836:2516836 [0] NCCL INFO MSCCL: Setup Kernel finished, smem 41280 needsFence 1
ja4:2516836:2516836 [0] NCCL INFO mscclGetCaptureStatus: 0, captureId: 0, size: 0

ja4:2516836:2516836 [0] NCCL INFO mscclSetupProxy: no capture

ja4:2516836:2516836 [0] NCCL INFO MSCCL: Setup Kernel finished, smem 41280 needsFence 1
ja4:2516836:2516836 [0] NCCL INFO mscclGetCaptureStatus: 0, captureId: 0, size: 0

ja4:2516836:2516836 [0] NCCL INFO mscclSetupProxy: no capture

ja3:927685:927685 [0] NCCL INFO MSCCL: Setup Kernel finished, smem 41280 needsFence 1
ja3:927685:927685 [0] NCCL INFO mscclGetCaptureStatus: 0, captureId: 0, size: 0

ja3:927685:927685 [0] NCCL INFO mscclSetupProxy: no capture

ja3:927685:927685 [0] NCCL INFO MSCCL: Setup Kernel finished, smem 41280 needsFence 1
ja3:927685:927685 [0] NCCL INFO mscclGetCaptureStatus: 0, captureId: 0, size: 0

ja3:927685:927685 [0] NCCL INFO mscclSetupProxy: no capture

ja3:927685:927685 [0] NCCL INFO MSCCL: Setup Kernel finished, smem 41280 needsFence 1
ja3:927685:927685 [0] NCCL INFO mscclGetCaptureStatus: 0, captureId: 0, size: 0

ja3:927685:927685 [0] NCCL INFO mscclSetupProxy: no capture

ja2:1312139:1312139 [0] NCCL INFO MSCCL: Setup Kernel finished, smem 41280 needsFence 1
ja2:1312139:1312139 [0] NCCL INFO mscclGetCaptureStatus: 0, captureId: 0, size: 0

ja2:1312139:1312139 [0] NCCL INFO mscclSetupProxy: no capture

ja2:1312139:1312139 [0] NCCL INFO MSCCL: Setup Kernel finished, smem 41280 needsFence 1
ja2:1312139:1312139 [0] NCCL INFO mscclGetCaptureStatus: 0, captureId: 0, size: 0

ja2:1312139:1312139 [0] NCCL INFO mscclSetupProxy: no capture

ja2:1312139:1312139 [0] NCCL INFO MSCCL: Setup Kernel finished, smem 41280 needsFence 1
ja2:1312139:1312139 [0] NCCL INFO mscclGetCaptureStatus: 0, captureId: 0, size: 0

ja4:2516836:2516836 [0] NCCL INFO MSCCL: Setup Kernel finished, smem 41280 needsFence 1
ja4:2516836:2516836 [0] NCCL INFO mscclGetCaptureStatus: 0, captureId: 0, size: 0

ja4:2516836:2516836 [0] NCCL INFO mscclSetupProxy: no capture

ja4:2516836:2516836 [0] NCCL INFO MSCCL: Setup Kernel finished, smem 41280 needsFence 1
ja4:2516836:2516836 [0] NCCL INFO mscclGetCaptureStatus: 0, captureId: 0, size: 0

ja4:2516836:2516836 [0] NCCL INFO mscclSetupProxy: no capture

ja4:2516836:2516836 [0] NCCL INFO MSCCL: Setup Kernel finished, smem 41280 needsFence 1
ja4:2516836:2516836 [0] NCCL INFO mscclGetCaptureStatus: 0, captureId: 0, size: 0

ja4:2516836:2516836 [0] NCCL INFO mscclSetupProxy: no capture

ja4:2516836:2516836 [0] NCCL INFO MSCCL: Setup Kernel finished, smem 41280 needsFence 1
ja3:927685:927685 [0] NCCL INFO MSCCL: Setup Kernel finished, smem 41280 needsFence 1
ja3:927685:927685 [0] NCCL INFO mscclGetCaptureStatus: 0, captureId: 0, size: 0

ja3:927685:927685 [0] NCCL INFO mscclSetupProxy: no capture

ja3:927685:927685 [0] NCCL INFO MSCCL: Setup Kernel finished, smem 41280 needsFence 1
ja3:927685:927685 [0] NCCL INFO mscclGetCaptureStatus: 0, captureId: 0, size: 0

ja3:927685:927685 [0] NCCL INFO mscclSetupProxy: no capture

ja2:1312139:1312139 [0] NCCL INFO mscclSetupProxy: no capture

ja2:1312139:1312139 [0] NCCL INFO MSCCL: Setup Kernel finished, smem 41280 needsFence 1
ja2:1312139:1312139 [0] NCCL INFO mscclGetCaptureStatus: 0, captureId: 0, size: 0

ja2:1312139:1312139 [0] NCCL INFO mscclSetupProxy: no capture

ja2:1312139:1312139 [0] NCCL INFO MSCCL: Setup Kernel finished, smem 41280 needsFence 1
ja2:1312139:1312139 [0] NCCL INFO mscclGetCaptureStatus: 0, captureId: 0, size: 0

ja2:1312139:1312139 [0] NCCL INFO mscclSetupProxy: no capture

ja2:1312139:1312139 [0] NCCL INFO MSCCL: Setup Kernel finished, smem 41280 needsFence 1
ja2:1312139:1312139 [0] NCCL INFO mscclGetCaptureStatus: 0, captureId: 0, size: 0

ja2:1312139:1312139 [0] NCCL INFO mscclSetupProxy: no capture

ja2:1312139:1312139 [0] NCCL INFO MSCCL: Setup Kernel finished, smem 41280 needsFence 1
ja2:1312139:1312139 [0] NCCL INFO mscclGetCaptureStatus: 0, captureId: 0, size: 0

ja2:1312139:1312139 [0] NCCL INFO mscclSetupProxy: no capture

ja4:2516836:2516836 [0] NCCL INFO mscclGetCaptureStatus: 0, captureId: 0, size: 0

ja4:2516836:2516836 [0] NCCL INFO mscclSetupProxy: no capture

ja4:2516836:2516836 [0] NCCL INFO MSCCL: Setup Kernel finished, smem 41280 needsFence 1
ja4:2516836:2516836 [0] NCCL INFO mscclGetCaptureStatus: 0, captureId: 0, size: 0

ja4:2516836:2516836 [0] NCCL INFO mscclSetupProxy: no capture

ja4:2516836:2516836 [0] NCCL INFO MSCCL: Setup Kernel finished, smem 41280 needsFence 1
ja3:927685:927685 [0] NCCL INFO MSCCL: Setup Kernel finished, smem 41280 needsFence 1
ja3:927685:927685 [0] NCCL INFO mscclGetCaptureStatus: 0, captureId: 0, size: 0

ja3:927685:927685 [0] NCCL INFO mscclSetupProxy: no capture

ja3:927685:927685 [0] NCCL INFO MSCCL: Setup Kernel finished, smem 41280 needsFence 1
ja3:927685:927685 [0] NCCL INFO mscclGetCaptureStatus: 0, captureId: 0, size: 0

ja3:927685:927685 [0] NCCL INFO mscclSetupProxy: no capture

ja3:927685:927685 [0] NCCL INFO MSCCL: Setup Kernel finished, smem 41280 needsFence 1
ja2:1312139:1312139 [0] NCCL INFO MSCCL: Setup Kernel finished, smem 41280 needsFence 1
ja4:2516836:2516836 [0] NCCL INFO mscclGetCaptureStatus: 0, captureId: 0, size: 0

ja4:2516836:2516836 [0] NCCL INFO mscclSetupProxy: no capture

ja4:2516836:2516836 [0] NCCL INFO MSCCL: Setup Kernel finished, smem 41280 needsFence 1
ja4:2516836:2516836 [0] NCCL INFO mscclGetCaptureStatus: 0, captureId: 0, size: 0

ja4:2516836:2516836 [0] NCCL INFO mscclSetupProxy: no capture

ja4:2516836:2516836 [0] NCCL INFO MSCCL: Setup Kernel finished, smem 41280 needsFence 1
ja3:927685:927685 [0] NCCL INFO mscclGetCaptureStatus: 0, captureId: 0, size: 0

ja3:927685:927685 [0] NCCL INFO mscclSetupProxy: no capture

ja3:927685:927685 [0] NCCL INFO MSCCL: Setup Kernel finished, smem 41280 needsFence 1
ja3:927685:927685 [0] NCCL INFO mscclGetCaptureStatus: 0, captureId: 0, size: 0

ja4:2516836:2516836 [0] NCCL INFO mscclGetCaptureStatus: 0, captureId: 0, size: 0

ja4:2516836:2516836 [0] NCCL INFO mscclSetupProxy: no capture

ja4:2516836:2516836 [0] NCCL INFO MSCCL: Setup Kernel finished, smem 41280 needsFence 1
ja4:2516836:2516836 [0] NCCL INFO mscclGetCaptureStatus: 0, captureId: 0, size: 0

ja4:2516836:2516836 [0] NCCL INFO mscclSetupProxy: no capture

ja3:927685:927685 [0] NCCL INFO mscclSetupProxy: no capture

ja3:927685:927685 [0] NCCL INFO MSCCL: Setup Kernel finished, smem 41280 needsFence 1
ja3:927685:927685 [0] NCCL INFO mscclGetCaptureStatus: 0, captureId: 0, size: 0

ja3:927685:927685 [0] NCCL INFO mscclSetupProxy: no capture

ja3:927685:927685 [0] NCCL INFO MSCCL: Setup Kernel finished, smem 41280 needsFence 1
ja3:927685:927685 [0] NCCL INFO mscclGetCaptureStatus: 0, captureId: 0, size: 0

ja3:927685:927685 [0] NCCL INFO mscclSetupProxy: no capture

ja3:927685:927685 [0] NCCL INFO MSCCL: Setup Kernel finished, smem 41280 needsFence 1
ja4:2516836:2516836 [0] NCCL INFO MSCCL: Setup Kernel finished, smem 41280 needsFence 1
ja4:2516836:2516836 [0] NCCL INFO mscclGetCaptureStatus: 0, captureId: 0, size: 0

ja4:2516836:2516836 [0] NCCL INFO mscclSetupProxy: no capture

ja4:2516836:2516836 [0] NCCL INFO MSCCL: Setup Kernel finished, smem 41280 needsFence 1
ja4:2516836:2516836 [0] NCCL INFO mscclGetCaptureStatus: 0, captureId: 0, size: 0

ja4:2516836:2516836 [0] NCCL INFO mscclSetupProxy: no capture

ja3:927685:927685 [0] NCCL INFO mscclGetCaptureStatus: 0, captureId: 0, size: 0

ja3:927685:927685 [0] NCCL INFO mscclSetupProxy: no capture

ja3:927685:927685 [0] NCCL INFO MSCCL: Setup Kernel finished, smem 41280 needsFence 1
ja3:927685:927685 [0] NCCL INFO mscclGetCaptureStatus: 0, captureId: 0, size: 0

ja3:927685:927685 [0] NCCL INFO mscclSetupProxy: no capture

ja3:927685:927685 [0] NCCL INFO MSCCL: Setup Kernel finished, smem 41280 needsFence 1
ja3:927685:927685 [0] NCCL INFO mscclGetCaptureStatus: 0, captureId: 0, size: 0

ja3:927685:927685 [0] NCCL INFO mscclSetupProxy: no capture

ja3:927685:927685 [0] NCCL INFO MSCCL: Setup Kernel finished, smem 41280 needsFence 1
ja4:2516836:2516836 [0] NCCL INFO MSCCL: Setup Kernel finished, smem 41280 needsFence 1
ja2:1312139:1312139 [0] NCCL INFO mscclGetCaptureStatus: 0, captureId: 0, size: 0

ja2:1312139:1312139 [0] NCCL INFO mscclSetupProxy: no capture

ja2:1312139:1312139 [0] NCCL INFO MSCCL: Setup Kernel finished, smem 41280 needsFence 1
ja3:927685:927685 [0] NCCL INFO mscclGetCaptureStatus: 0, captureId: 0, size: 0

ja3:927685:927685 [0] NCCL INFO mscclSetupProxy: no capture

ja3:927685:927685 [0] NCCL INFO MSCCL: Setup Kernel finished, smem 41280 needsFence 1
ja4:2516836:2516836 [0] NCCL INFO mscclGetCaptureStatus: 0, captureId: 0, size: 0

ja4:2516836:2516836 [0] NCCL INFO mscclSetupProxy: no capture

ja4:2516836:2516836 [0] NCCL INFO MSCCL: Setup Kernel finished, smem 41280 needsFence 1
    124.7    0.20    0.13      0
       49152          4096     float    none      -1    38.74    1.27    0.85      0ja2:1312139:1312139 [0] NCCL INFO mscclGetCaptureStatus: 0, captureId: 0, size: 0

ja2:1312139:1312139 [0] NCCL INFO mscclSetupProxy: no capture

ja2:1312139:1312139 [0] NCCL INFO MSCCL: Setup Kernel finished, smem 41280 needsFence 1
ja3:927685:927685 [0] NCCL INFO mscclGetCaptureStatus: 0, captureId: 0, size: 0

ja3:927685:927685 [0] NCCL INFO mscclSetupProxy: no capture

ja3:927685:927685 [0] NCCL INFO MSCCL: Setup Kernel finished, smem 41280 needsFence 1
ja2:1312139:1312139 [0] NCCL INFO mscclGetCaptureStatus: 0, captureId: 0, size: 0

ja2:1312139:1312139 [0] NCCL INFO mscclSetupProxy: no capture

ja4:2516836:2516836 [0] NCCL INFO mscclGetCaptureStatus: 0, captureId: 0, size: 0

ja4:2516836:2516836 [0] NCCL INFO mscclSetupProxy: no capture

ja4:2516836:2516836 [0] NCCL INFO MSCCL: Setup Kernel finished, smem 41280 needsFence 1
ja3:927685:927685 [0] NCCL INFO mscclGetCaptureStatus: 0, captureId: 0, size: 0

ja3:927685:927685 [0] NCCL INFO mscclSetupProxy: no capture

ja2:1312139:1312139 [0] NCCL INFO MSCCL: Setup Kernel finished, smem 41280 needsFence 1
ja2:1312139:1312139 [0] NCCL INFO mscclGetCaptureStatus: 0, captureId: 0, size: 0

ja2:1312139:1312139 [0] NCCL INFO mscclSetupProxy: no capture

ja4:2516836:2516836 [0] NCCL INFO mscclGetCaptureStatus: 0, captureId: 0, size: 0

ja4:2516836:2516836 [0] NCCL INFO mscclSetupProxy: no capture

ja4:2516836:2516836 [0] NCCL INFO MSCCL: Setup Kernel finished, smem 41280 needsFence 1
ja3:927685:927685 [0] NCCL INFO MSCCL: Setup Kernel finished, smem 41280 needsFence 1
ja3:927685:927685 [0] NCCL INFO mscclGetCaptureStatus: 0, captureId: 0, size: 0

ja3:927685:927685 [0] NCCL INFO mscclSetupProxy: no capture

ja3:927685:927685 [0] NCCL INFO MSCCL: Setup Kernel finished, smem 41280 needsFence 1
ja3:927685:927685 [0] NCCL INFO mscclGetCaptureStatus: 0, captureId: 0, size: 0

ja2:1312139:1312139 [0] NCCL INFO MSCCL: Setup Kernel finished, smem 41280 needsFence 1
ja2:1312139:1312139 [0] NCCL INFO mscclGetCaptureStatus: 0, captureId: 0, size: 0

ja2:1312139:1312139 [0] NCCL INFO mscclSetupProxy: no capture

ja2:1312139:1312139 [0] NCCL INFO MSCCL: Setup Kernel finished, smem 41280 needsFence 1
ja2:1312139:1312139 [0] NCCL INFO mscclGetCaptureStatus: 0, captureId: 0, size: 0

ja2:1312139:1312139 [0] NCCL INFO mscclSetupProxy: no capture

ja2:1312139:1312139 [0] NCCL INFO MSCCL: Setup Kernel finished, smem 41280 needsFence 1
ja2:1312139:1312139 [0] NCCL INFO mscclGetCaptureStatus: 0, captureId: 0, size: 0

ja2:1312139:1312139 [0] NCCL INFO mscclSetupProxy: no capture

ja2:1312139:1312139 [0] NCCL INFO MSCCL: Setup Kernel finished, smem 41280 needsFence 1
ja2:1312139:1312139 [0] NCCL INFO mscclGetCaptureStatus: 0, captureId: 0, size: 0

ja4:2516836:2516836 [0] NCCL INFO mscclGetCaptureStatus: 0, captureId: 0, size: 0

ja4:2516836:2516836 [0] NCCL INFO mscclSetupProxy: no capture

ja4:2516836:2516836 [0] NCCL INFO MSCCL: Setup Kernel finished, smem 41280 needsFence 1
ja3:927685:927685 [0] NCCL INFO mscclSetupProxy: no capture

ja3:927685:927685 [0] NCCL INFO MSCCL: Setup Kernel finished, smem 41280 needsFence 1
ja3:927685:927685 [0] NCCL INFO mscclGetCaptureStatus: 0, captureId: 0, size: 0

ja3:927685:927685 [0] NCCL INFO mscclSetupProxy: no capture

ja3:927685:927685 [0] NCCL INFO MSCCL: Setup Kernel finished, smem 41280 needsFence 1
ja3:927685:927685 [0] NCCL INFO mscclGetCaptureStatus: 0, captureId: 0, size: 0

ja3:927685:927685 [0] NCCL INFO mscclSetupProxy: no capture

ja3:927685:927685 [0] NCCL INFO MSCCL: Setup Kernel finished, smem 41280 needsFence 1
ja2:1312139:1312139 [0] NCCL INFO mscclSetupProxy: no capture

ja2:1312139:1312139 [0] NCCL INFO MSCCL: Setup Kernel finished, smem 41280 needsFence 1
ja2:1312139:1312139 [0] NCCL INFO mscclGetCaptureStatus: 0, captureId: 0, size: 0

ja2:1312139:1312139 [0] NCCL INFO mscclSetupProxy: no capture

ja2:1312139:1312139 [0] NCCL INFO MSCCL: Setup Kernel finished, smem 41280 needsFence 1
ja2:1312139:1312139 [0] NCCL INFO mscclGetCaptureStatus: 0, captureId: 0, size: 0

ja2:1312139:1312139 [0] NCCL INFO mscclSetupProxy: no capture

ja2:1312139:1312139 [0] NCCL INFO MSCCL: Setup Kernel finished, smem 41280 needsFence 1
ja2:1312139:1312139 [0] NCCL INFO mscclGetCaptureStatus: 0, captureId: 0, size: 0

ja4:2516836:2516836 [0] NCCL INFO mscclGetCaptureStatus: 0, captureId: 0, size: 0

ja4:2516836:2516836 [0] NCCL INFO mscclSetupProxy: no capture

ja4:2516836:2516836 [0] NCCL INFO MSCCL: Setup Kernel finished, smem 41280 needsFence 1
ja4:2516836:2516836 [0] NCCL INFO mscclGetCaptureStatus: 0, captureId: 0, size: 0

ja4:2516836:2516836 [0] NCCL INFO mscclSetupProxy: no capture

ja3:927685:927685 [0] NCCL INFO mscclGetCaptureStatus: 0, captureId: 0, size: 0

ja3:927685:927685 [0] NCCL INFO mscclSetupProxy: no capture

ja3:927685:927685 [0] NCCL INFO MSCCL: Setup Kernel finished, smem 41280 needsFence 1
ja3:927685:927685 [0] NCCL INFO mscclGetCaptureStatus: 0, captureId: 0, size: 0

ja3:927685:927685 [0] NCCL INFO mscclSetupProxy: no capture

ja3:927685:927685 [0] NCCL INFO MSCCL: Setup Kernel finished, smem 41280 needsFence 1
ja3:927685:927685 [0] NCCL INFO mscclGetCaptureStatus: 0, captureId: 0, size: 0

ja3:927685:927685 [0] NCCL INFO mscclSetupProxy: no capture

ja3:927685:927685 [0] NCCL INFO MSCCL: Setup Kernel finished, smem 41280 needsFence 1
ja2:1312139:1312139 [0] NCCL INFO mscclSetupProxy: no capture

ja2:1312139:1312139 [0] NCCL INFO MSCCL: Setup Kernel finished, smem 41280 needsFence 1
ja2:1312139:1312139 [0] NCCL INFO mscclGetCaptureStatus: 0, captureId: 0, size: 0

ja2:1312139:1312139 [0] NCCL INFO mscclSetupProxy: no capture

ja2:1312139:1312139 [0] NCCL INFO MSCCL: Setup Kernel finished, smem 41280 needsFence 1
ja2:1312139:1312139 [0] NCCL INFO mscclGetCaptureStatus: 0, captureId: 0, size: 0

ja2:1312139:1312139 [0] NCCL INFO mscclSetupProxy: no capture

ja2:1312139:1312139 [0] NCCL INFO MSCCL: Setup Kernel finished, smem 41280 needsFence 1
ja2:1312139:1312139 [0] NCCL INFO mscclGetCaptureStatus: 0, captureId: 0, size: 0

ja4:2516836:2516836 [0] NCCL INFO MSCCL: Setup Kernel finished, smem 41280 needsFence 1
ja4:2516836:2516836 [0] NCCL INFO mscclGetCaptureStatus: 0, captureId: 0, size: 0

ja4:2516836:2516836 [0] NCCL INFO mscclSetupProxy: no capture

ja4:2516836:2516836 [0] NCCL INFO MSCCL: Setup Kernel finished, smem 41280 needsFence 1
ja4:2516836:2516836 [0] NCCL INFO mscclGetCaptureStatus: 0, captureId: 0, size: 0

ja4:2516836:2516836 [0] NCCL INFO mscclSetupProxy: no capture

ja4:2516836:2516836 [0] NCCL INFO MSCCL: Setup Kernel finished, smem 41280 needsFence 1
ja4:2516836:2516836 [0] NCCL INFO mscclGetCaptureStatus: 0, captureId: 0, size: 0

ja4:2516836:2516836 [0] NCCL INFO mscclSetupProxy: no capture

ja4:2516836:2516836 [0] NCCL INFO MSCCL: Setup Kernel finished, smem 41280 needsFence 1
ja4:2516836:2516836 [0] NCCL INFO mscclGetCaptureStatus: 0, captureId: 0, size: 0

ja4:2516836:2516836 [0] NCCL INFO mscclSetupProxy: no capture

ja3:927685:927685 [0] NCCL INFO mscclGetCaptureStatus: 0, captureId: 0, size: 0

ja3:927685:927685 [0] NCCL INFO mscclSetupProxy: no capture

ja3:927685:927685 [0] NCCL INFO MSCCL: Setup Kernel finished, smem 41280 needsFence 1
ja3:927685:927685 [0] NCCL INFO mscclGetCaptureStatus: 0, captureId: 0, size: 0

ja3:927685:927685 [0] NCCL INFO mscclSetupProxy: no capture

ja3:927685:927685 [0] NCCL INFO MSCCL: Setup Kernel finished, smem 41280 needsFence 1
ja2:1312139:1312139 [0] NCCL INFO mscclSetupProxy: no capture

ja2:1312139:1312139 [0] NCCL INFO MSCCL: Setup Kernel finished, smem 41280 needsFence 1
ja2:1312139:1312139 [0] NCCL INFO mscclGetCaptureStatus: 0, captureId: 0, size: 0

ja2:1312139:1312139 [0] NCCL INFO mscclSetupProxy: no capture

ja2:1312139:1312139 [0] NCCL INFO MSCCL: Setup Kernel finished, smem 41280 needsFence 1
ja2:1312139:1312139 [0] NCCL INFO mscclGetCaptureStatus: 0, captureId: 0, size: 0

ja2:1312139:1312139 [0] NCCL INFO mscclSetupProxy: no capture

ja2:1312139:1312139 [0] NCCL INFO MSCCL: Setup Kernel finished, smem 41280 needsFence 1
ja4:2516836:2516836 [0] NCCL INFO MSCCL: Setup Kernel finished, smem 41280 needsFence 1
ja4:2516836:2516836 [0] NCCL INFO mscclGetCaptureStatus: 0, captureId: 0, size: 0

ja4:2516836:2516836 [0] NCCL INFO mscclSetupProxy: no capture

ja4:2516836:2516836 [0] NCCL INFO MSCCL: Setup Kernel finished, smem 41280 needsFence 1
ja4:2516836:2516836 [0] NCCL INFO mscclGetCaptureStatus: 0, captureId: 0, size: 0

ja4:2516836:2516836 [0] NCCL INFO mscclSetupProxy: no capture

ja4:2516836:2516836 [0] NCCL INFO MSCCL: Setup Kernel finished, smem 41280 needsFence 1
ja4:2516836:2516836 [0] NCCL INFO mscclGetCaptureStatus: 0, captureId: 0, size: 0

ja4:2516836:2516836 [0] NCCL INFO mscclSetupProxy: no capture

ja4:2516836:2516836 [0] NCCL INFO MSCCL: Setup Kernel finished, smem 41280 needsFence 1
ja4:2516836:2516836 [0] NCCL INFO mscclGetCaptureStatus: 0, captureId: 0, size: 0

ja4:2516836:2516836 [0] NCCL INFO mscclSetupProxy: no capture

ja3:927685:927685 [0] NCCL INFO mscclGetCaptureStatus: 0, captureId: 0, size: 0

ja3:927685:927685 [0] NCCL INFO mscclSetupProxy: no capture

ja3:927685:927685 [0] NCCL INFO MSCCL: Setup Kernel finished, smem 41280 needsFence 1
ja3:927685:927685 [0] NCCL INFO mscclGetCaptureStatus: 0, captureId: 0, size: 0

ja3:927685:927685 [0] NCCL INFO mscclSetupProxy: no capture

ja3:927685:927685 [0] NCCL INFO MSCCL: Setup Kernel finished, smem 41280 needsFence 1
ja2:1312139:1312139 [0] NCCL INFO mscclGetCaptureStatus: 0, captureId: 0, size: 0

ja2:1312139:1312139 [0] NCCL INFO mscclSetupProxy: no capture

ja2:1312139:1312139 [0] NCCL INFO MSCCL: Setup Kernel finished, smem 41280 needsFence 1
ja2:1312139:1312139 [0] NCCL INFO mscclGetCaptureStatus: 0, captureId: 0, size: 0

ja2:1312139:1312139 [0] NCCL INFO mscclSetupProxy: no capture

ja2:1312139:1312139 [0] NCCL INFO MSCCL: Setup Kernel finished, smem 41280 needsFence 1
ja2:1312139:1312139 [0] NCCL INFO mscclGetCaptureStatus: 0, captureId: 0, size: 0

ja2:1312139:1312139 [0] NCCL INFO mscclSetupProxy: no capture

ja2:1312139:1312139 [0] NCCL INFO MSCCL: Setup Kernel finished, smem 41280 needsFence 1
ja2:1312139:1312139 [0] NCCL INFO mscclGetCaptureStatus: 0, captureId: 0, size: 0

ja2:1312139:1312139 [0] NCCL INFO mscclSetupProxy: no capture

ja2:1312139:1312139 [0] NCCL INFO MSCCL: Setup Kernel finished, smem 41280 needsFence 1
ja4:2516836:2516836 [0] NCCL INFO MSCCL: Setup Kernel finished, smem 41280 needsFence 1
ja4:2516836:2516836 [0] NCCL INFO mscclGetCaptureStatus: 0, captureId: 0, size: 0

ja4:2516836:2516836 [0] NCCL INFO mscclSetupProxy: no capture

ja3:927685:927685 [0] NCCL INFO mscclGetCaptureStatus: 0, captureId: 0, size: 0

ja3:927685:927685 [0] NCCL INFO mscclSetupProxy: no capture

ja3:927685:927685 [0] NCCL INFO MSCCL: Setup Kernel finished, smem 41280 needsFence 1
ja3:927685:927685 [0] NCCL INFO mscclGetCaptureStatus: 0, captureId: 0, size: 0

ja3:927685:927685 [0] NCCL INFO mscclSetupProxy: no capture

ja3:927685:927685 [0] NCCL INFO MSCCL: Setup Kernel finished, smem 41280 needsFence 1
ja2:1312139:1312139 [0] NCCL INFO mscclGetCaptureStatus: 0, captureId: 0, size: 0

ja2:1312139:1312139 [0] NCCL INFO mscclSetupProxy: no capture

ja2:1312139:1312139 [0] NCCL INFO MSCCL: Setup Kernel finished, smem 41280 needsFence 1
ja2:1312139:1312139 [0] NCCL INFO mscclGetCaptureStatus: 0, captureId: 0, size: 0

ja2:1312139:1312139 [0] NCCL INFO mscclSetupProxy: no capture

ja2:1312139:1312139 [0] NCCL INFO MSCCL: Setup Kernel finished, smem 41280 needsFence 1
ja4:2516836:2516836 [0] NCCL INFO MSCCL: Setup Kernel finished, smem 41280 needsFence 1
ja4:2516836:2516836 [0] NCCL INFO mscclGetCaptureStatus: 0, captureId: 0, size: 0

ja4:2516836:2516836 [0] NCCL INFO mscclSetupProxy: no capture

ja4:2516836:2516836 [0] NCCL INFO MSCCL: Setup Kernel finished, smem 41280 needsFence 1
ja4:2516836:2516836 [0] NCCL INFO mscclGetCaptureStatus: 0, captureId: 0, size: 0

ja4:2516836:2516836 [0] NCCL INFO mscclSetupProxy: no capture

ja4:2516836:2516836 [0] NCCL INFO MSCCL: Setup Kernel finished, smem 41280 needsFence 1
ja4:2516836:2516836 [0] NCCL INFO mscclGetCaptureStatus: 0, captureId: 0, size: 0

ja4:2516836:2516836 [0] NCCL INFO mscclSetupProxy: no capture

ja4:2516836:2516836 [0] NCCL INFO MSCCL: Setup Kernel finished, smem 41280 needsFence 1
ja4:2516836:2516836 [0] NCCL INFO mscclGetCaptureStatus: 0, captureId: 0, size: 0

ja4:2516836:2516836 [0] NCCL INFO mscclSetupProxy: no capture

ja3:927685:927685 [0] NCCL INFO mscclGetCaptureStatus: 0, captureId: 0, size: 0

ja3:927685:927685 [0] NCCL INFO mscclSetupProxy: no capture

ja3:927685:927685 [0] NCCL INFO MSCCL: Setup Kernel finished, smem 41280 needsFence 1
ja3:927685:927685 [0] NCCL INFO mscclGetCaptureStatus: 0, captureId: 0, size: 0

ja3:927685:927685 [0] NCCL INFO mscclSetupProxy: no capture

ja3:927685:927685 [0] NCCL INFO MSCCL: Setup Kernel finished, smem 41280 needsFence 1
ja3:927685:927685 [0] NCCL INFO mscclGetCaptureStatus: 0, captureId: 0, size: 0

ja4:2516836:2516836 [0] NCCL INFO MSCCL: Setup Kernel finished, smem 41280 needsFence 1
ja4:2516836:2516836 [0] NCCL INFO mscclGetCaptureStatus: 0, captureId: 0, size: 0

ja4:2516836:2516836 [0] NCCL INFO mscclSetupProxy: no capture

ja4:2516836:2516836 [0] NCCL INFO MSCCL: Setup Kernel finished, smem 41280 needsFence 1
ja3:927685:927685 [0] NCCL INFO mscclSetupProxy: no capture

ja3:927685:927685 [0] NCCL INFO MSCCL: Setup Kernel finished, smem 41280 needsFence 1
ja3:927685:927685 [0] NCCL INFO mscclGetCaptureStatus: 0, captureId: 0, size: 0

ja3:927685:927685 [0] NCCL INFO mscclSetupProxy: no capture

ja3:927685:927685 [0] NCCL INFO MSCCL: Setup Kernel finished, smem 41280 needsFence 1
ja3:927685:927685 [0] NCCL INFO mscclGetCaptureStatus: 0, captureId: 0, size: 0

ja3:927685:927685 [0] NCCL INFO mscclSetupProxy: no capture

ja3:927685:927685 [0] NCCL INFO MSCCL: Setup Kernel finished, smem 41280 needsFence 1
ja3:927685:927685 [0] NCCL INFO mscclGetCaptureStatus: 0, captureId: 0, size: 0

ja3:927685:927685 [0] NCCL INFO mscclSetupProxy: no capture

ja3:927685:927685 [0] NCCL INFO MSCCL: Setup Kernel finished, smem 41280 needsFence 1
ja4:2516836:2516836 [0] NCCL INFO mscclGetCaptureStatus: 0, captureId: 0, size: 0

ja4:2516836:2516836 [0] NCCL INFO mscclSetupProxy: no capture

ja4:2516836:2516836 [0] NCCL INFO MSCCL: Setup Kernel finished, smem 41280 needsFence 1
ja4:2516836:2516836 [0] NCCL INFO mscclGetCaptureStatus: 0, captureId: 0, size: 0

ja4:2516836:2516836 [0] NCCL INFO mscclSetupProxy: no capture

ja4:2516836:2516836 [0] NCCL INFO MSCCL: Setup Kernel finished, smem 41280 needsFence 1
ja2:1312139:1312139 [0] NCCL INFO mscclGetCaptureStatus: 0, captureId: 0, size: 0

ja2:1312139:1312139 [0] NCCL INFO mscclSetupProxy: no capture

ja2:1312139:1312139 [0] NCCL INFO MSCCL: Setup Kernel finished, smem 41280 needsFence 1
ja3:927685:927685 [0] NCCL INFO mscclGetCaptureStatus: 0, captureId: 0, size: 0

ja3:927685:927685 [0] NCCL INFO mscclSetupProxy: no capture

ja3:927685:927685 [0] NCCL INFO MSCCL: Setup Kernel finished, smem 41280 needsFence 1
ja4:2516836:2516836 [0] NCCL INFO mscclGetCaptureStatus: 0, captureId: 0, size: 0

ja4:2516836:2516836 [0] NCCL INFO mscclSetupProxy: no capture

ja4:2516836:2516836 [0] NCCL INFO MSCCL: Setup Kernel finished, smem 41280 needsFence 1
    150.5    0.33    0.22      0
       98304          8192     float    none      -1    52.41    1.88    1.25      0ja2:1312139:1312139 [0] NCCL INFO mscclGetCaptureStatus: 0, captureId: 0, size: 0

ja2:1312139:1312139 [0] NCCL INFO mscclSetupProxy: no capture

ja2:1312139:1312139 [0] NCCL INFO MSCCL: Setup Kernel finished, smem 41280 needsFence 1
ja4:2516836:2516836 [0] NCCL INFO mscclGetCaptureStatus: 0, captureId: 0, size: 0

ja4:2516836:2516836 [0] NCCL INFO mscclSetupProxy: no capture

ja4:2516836:2516836 [0] NCCL INFO MSCCL: Setup Kernel finished, smem 41280 needsFence 1
ja3:927685:927685 [0] NCCL INFO mscclGetCaptureStatus: 0, captureId: 0, size: 0

ja3:927685:927685 [0] NCCL INFO mscclSetupProxy: no capture

ja3:927685:927685 [0] NCCL INFO MSCCL: Setup Kernel finished, smem 41280 needsFence 1
ja2:1312139:1312139 [0] NCCL INFO mscclGetCaptureStatus: 0, captureId: 0, size: 0

ja2:1312139:1312139 [0] NCCL INFO mscclSetupProxy: no capture

ja4:2516836:2516836 [0] NCCL INFO mscclGetCaptureStatus: 0, captureId: 0, size: 0

ja4:2516836:2516836 [0] NCCL INFO mscclSetupProxy: no capture

ja4:2516836:2516836 [0] NCCL INFO MSCCL: Setup Kernel finished, smem 41280 needsFence 1
ja4:2516836:2516836 [0] NCCL INFO mscclGetCaptureStatus: 0, captureId: 0, size: 0

ja4:2516836:2516836 [0] NCCL INFO mscclSetupProxy: no capture

ja3:927685:927685 [0] NCCL INFO mscclGetCaptureStatus: 0, captureId: 0, size: 0

ja3:927685:927685 [0] NCCL INFO mscclSetupProxy: no capture

ja3:927685:927685 [0] NCCL INFO MSCCL: Setup Kernel finished, smem 41280 needsFence 1
ja2:1312139:1312139 [0] NCCL INFO MSCCL: Setup Kernel finished, smem 41280 needsFence 1
ja2:1312139:1312139 [0] NCCL INFO mscclGetCaptureStatus: 0, captureId: 0, size: 0

ja4:2516836:2516836 [0] NCCL INFO MSCCL: Setup Kernel finished, smem 41280 needsFence 1
ja4:2516836:2516836 [0] NCCL INFO mscclGetCaptureStatus: 0, captureId: 0, size: 0

ja4:2516836:2516836 [0] NCCL INFO mscclSetupProxy: no capture

ja4:2516836:2516836 [0] NCCL INFO MSCCL: Setup Kernel finished, smem 41280 needsFence 1
ja3:927685:927685 [0] NCCL INFO mscclGetCaptureStatus: 0, captureId: 0, size: 0

ja3:927685:927685 [0] NCCL INFO mscclSetupProxy: no capture

ja3:927685:927685 [0] NCCL INFO MSCCL: Setup Kernel finished, smem 41280 needsFence 1
ja3:927685:927685 [0] NCCL INFO mscclGetCaptureStatus: 0, captureId: 0, size: 0

ja3:927685:927685 [0] NCCL INFO mscclSetupProxy: no capture

ja3:927685:927685 [0] NCCL INFO MSCCL: Setup Kernel finished, smem 41280 needsFence 1
ja2:1312139:1312139 [0] NCCL INFO mscclSetupProxy: no capture

ja2:1312139:1312139 [0] NCCL INFO MSCCL: Setup Kernel finished, smem 41280 needsFence 1
ja2:1312139:1312139 [0] NCCL INFO mscclGetCaptureStatus: 0, captureId: 0, size: 0

ja2:1312139:1312139 [0] NCCL INFO mscclSetupProxy: no capture

ja2:1312139:1312139 [0] NCCL INFO MSCCL: Setup Kernel finished, smem 41280 needsFence 1
ja2:1312139:1312139 [0] NCCL INFO mscclGetCaptureStatus: 0, captureId: 0, size: 0

ja2:1312139:1312139 [0] NCCL INFO mscclSetupProxy: no capture

ja2:1312139:1312139 [0] NCCL INFO MSCCL: Setup Kernel finished, smem 41280 needsFence 1
ja2:1312139:1312139 [0] NCCL INFO mscclGetCaptureStatus: 0, captureId: 0, size: 0

ja2:1312139:1312139 [0] NCCL INFO mscclSetupProxy: no capture

ja2:1312139:1312139 [0] NCCL INFO MSCCL: Setup Kernel finished, smem 41280 needsFence 1
ja4:2516836:2516836 [0] NCCL INFO mscclGetCaptureStatus: 0, captureId: 0, size: 0

ja4:2516836:2516836 [0] NCCL INFO mscclSetupProxy: no capture

ja4:2516836:2516836 [0] NCCL INFO MSCCL: Setup Kernel finished, smem 41280 needsFence 1
ja4:2516836:2516836 [0] NCCL INFO mscclGetCaptureStatus: 0, captureId: 0, size: 0

ja4:2516836:2516836 [0] NCCL INFO mscclSetupProxy: no capture

ja4:2516836:2516836 [0] NCCL INFO MSCCL: Setup Kernel finished, smem 41280 needsFence 1
ja4:2516836:2516836 [0] NCCL INFO mscclGetCaptureStatus: 0, captureId: 0, size: 0

ja4:2516836:2516836 [0] NCCL INFO mscclSetupProxy: no capture

ja4:2516836:2516836 [0] NCCL INFO MSCCL: Setup Kernel finished, smem 41280 needsFence 1
ja3:927685:927685 [0] NCCL INFO mscclGetCaptureStatus: 0, captureId: 0, size: 0

ja3:927685:927685 [0] NCCL INFO mscclSetupProxy: no capture

ja3:927685:927685 [0] NCCL INFO MSCCL: Setup Kernel finished, smem 41280 needsFence 1
ja3:927685:927685 [0] NCCL INFO mscclGetCaptureStatus: 0, captureId: 0, size: 0

ja3:927685:927685 [0] NCCL INFO mscclSetupProxy: no capture

ja3:927685:927685 [0] NCCL INFO MSCCL: Setup Kernel finished, smem 41280 needsFence 1
ja3:927685:927685 [0] NCCL INFO mscclGetCaptureStatus: 0, captureId: 0, size: 0

ja3:927685:927685 [0] NCCL INFO mscclSetupProxy: no capture

ja3:927685:927685 [0] NCCL INFO MSCCL: Setup Kernel finished, smem 41280 needsFence 1
ja2:1312139:1312139 [0] NCCL INFO mscclGetCaptureStatus: 0, captureId: 0, size: 0

ja2:1312139:1312139 [0] NCCL INFO mscclSetupProxy: no capture

ja2:1312139:1312139 [0] NCCL INFO MSCCL: Setup Kernel finished, smem 41280 needsFence 1
ja2:1312139:1312139 [0] NCCL INFO mscclGetCaptureStatus: 0, captureId: 0, size: 0

ja2:1312139:1312139 [0] NCCL INFO mscclSetupProxy: no capture

ja2:1312139:1312139 [0] NCCL INFO MSCCL: Setup Kernel finished, smem 41280 needsFence 1
ja4:2516836:2516836 [0] NCCL INFO mscclGetCaptureStatus: 0, captureId: 0, size: 0

ja4:2516836:2516836 [0] NCCL INFO mscclSetupProxy: no capture

ja4:2516836:2516836 [0] NCCL INFO MSCCL: Setup Kernel finished, smem 41280 needsFence 1
ja4:2516836:2516836 [0] NCCL INFO mscclGetCaptureStatus: 0, captureId: 0, size: 0

ja4:2516836:2516836 [0] NCCL INFO mscclSetupProxy: no capture

ja4:2516836:2516836 [0] NCCL INFO MSCCL: Setup Kernel finished, smem 41280 needsFence 1
ja3:927685:927685 [0] NCCL INFO mscclGetCaptureStatus: 0, captureId: 0, size: 0

ja3:927685:927685 [0] NCCL INFO mscclSetupProxy: no capture

ja3:927685:927685 [0] NCCL INFO MSCCL: Setup Kernel finished, smem 41280 needsFence 1
ja3:927685:927685 [0] NCCL INFO mscclGetCaptureStatus: 0, captureId: 0, size: 0

ja3:927685:927685 [0] NCCL INFO mscclSetupProxy: no capture

ja3:927685:927685 [0] NCCL INFO MSCCL: Setup Kernel finished, smem 41280 needsFence 1
ja2:1312139:1312139 [0] NCCL INFO mscclGetCaptureStatus: 0, captureId: 0, size: 0

ja2:1312139:1312139 [0] NCCL INFO mscclSetupProxy: no capture

ja2:1312139:1312139 [0] NCCL INFO MSCCL: Setup Kernel finished, smem 41280 needsFence 1
ja2:1312139:1312139 [0] NCCL INFO mscclGetCaptureStatus: 0, captureId: 0, size: 0

ja2:1312139:1312139 [0] NCCL INFO mscclSetupProxy: no capture

ja2:1312139:1312139 [0] NCCL INFO MSCCL: Setup Kernel finished, smem 41280 needsFence 1
ja2:1312139:1312139 [0] NCCL INFO mscclGetCaptureStatus: 0, captureId: 0, size: 0

ja2:1312139:1312139 [0] NCCL INFO mscclSetupProxy: no capture

ja2:1312139:1312139 [0] NCCL INFO MSCCL: Setup Kernel finished, smem 41280 needsFence 1
ja4:2516836:2516836 [0] NCCL INFO mscclGetCaptureStatus: 0, captureId: 0, size: 0

ja4:2516836:2516836 [0] NCCL INFO mscclSetupProxy: no capture

ja4:2516836:2516836 [0] NCCL INFO MSCCL: Setup Kernel finished, smem 41280 needsFence 1
ja4:2516836:2516836 [0] NCCL INFO mscclGetCaptureStatus: 0, captureId: 0, size: 0

ja4:2516836:2516836 [0] NCCL INFO mscclSetupProxy: no capture

ja4:2516836:2516836 [0] NCCL INFO MSCCL: Setup Kernel finished, smem 41280 needsFence 1
ja4:2516836:2516836 [0] NCCL INFO mscclGetCaptureStatus: 0, captureId: 0, size: 0

ja4:2516836:2516836 [0] NCCL INFO mscclSetupProxy: no capture

ja4:2516836:2516836 [0] NCCL INFO MSCCL: Setup Kernel finished, smem 41280 needsFence 1
ja3:927685:927685 [0] NCCL INFO mscclGetCaptureStatus: 0, captureId: 0, size: 0

ja3:927685:927685 [0] NCCL INFO mscclSetupProxy: no capture

ja3:927685:927685 [0] NCCL INFO MSCCL: Setup Kernel finished, smem 41280 needsFence 1
ja3:927685:927685 [0] NCCL INFO mscclGetCaptureStatus: 0, captureId: 0, size: 0

ja3:927685:927685 [0] NCCL INFO mscclSetupProxy: no capture

ja3:927685:927685 [0] NCCL INFO MSCCL: Setup Kernel finished, smem 41280 needsFence 1
ja2:1312139:1312139 [0] NCCL INFO mscclGetCaptureStatus: 0, captureId: 0, size: 0

ja2:1312139:1312139 [0] NCCL INFO mscclSetupProxy: no capture

ja2:1312139:1312139 [0] NCCL INFO MSCCL: Setup Kernel finished, smem 41280 needsFence 1
ja2:1312139:1312139 [0] NCCL INFO mscclGetCaptureStatus: 0, captureId: 0, size: 0

ja2:1312139:1312139 [0] NCCL INFO mscclSetupProxy: no capture

ja2:1312139:1312139 [0] NCCL INFO MSCCL: Setup Kernel finished, smem 41280 needsFence 1
ja2:1312139:1312139 [0] NCCL INFO mscclGetCaptureStatus: 0, captureId: 0, size: 0

ja2:1312139:1312139 [0] NCCL INFO mscclSetupProxy: no capture

ja2:1312139:1312139 [0] NCCL INFO MSCCL: Setup Kernel finished, smem 41280 needsFence 1
ja2:1312139:1312139 [0] NCCL INFO mscclGetCaptureStatus: 0, captureId: 0, size: 0

ja4:2516836:2516836 [0] NCCL INFO mscclGetCaptureStatus: 0, captureId: 0, size: 0

ja4:2516836:2516836 [0] NCCL INFO mscclSetupProxy: no capture

ja4:2516836:2516836 [0] NCCL INFO MSCCL: Setup Kernel finished, smem 41280 needsFence 1
ja4:2516836:2516836 [0] NCCL INFO mscclGetCaptureStatus: 0, captureId: 0, size: 0

ja4:2516836:2516836 [0] NCCL INFO mscclSetupProxy: no capture

ja4:2516836:2516836 [0] NCCL INFO MSCCL: Setup Kernel finished, smem 41280 needsFence 1
ja3:927685:927685 [0] NCCL INFO mscclGetCaptureStatus: 0, captureId: 0, size: 0

ja3:927685:927685 [0] NCCL INFO mscclSetupProxy: no capture

ja3:927685:927685 [0] NCCL INFO MSCCL: Setup Kernel finished, smem 41280 needsFence 1
ja3:927685:927685 [0] NCCL INFO mscclGetCaptureStatus: 0, captureId: 0, size: 0

ja3:927685:927685 [0] NCCL INFO mscclSetupProxy: no capture

ja3:927685:927685 [0] NCCL INFO MSCCL: Setup Kernel finished, smem 41280 needsFence 1
ja3:927685:927685 [0] NCCL INFO mscclGetCaptureStatus: 0, captureId: 0, size: 0

ja3:927685:927685 [0] NCCL INFO mscclSetupProxy: no capture

ja3:927685:927685 [0] NCCL INFO MSCCL: Setup Kernel finished, smem 41280 needsFence 1
ja2:1312139:1312139 [0] NCCL INFO mscclSetupProxy: no capture

ja2:1312139:1312139 [0] NCCL INFO MSCCL: Setup Kernel finished, smem 41280 needsFence 1
ja2:1312139:1312139 [0] NCCL INFO mscclGetCaptureStatus: 0, captureId: 0, size: 0

ja2:1312139:1312139 [0] NCCL INFO mscclSetupProxy: no capture

ja2:1312139:1312139 [0] NCCL INFO MSCCL: Setup Kernel finished, smem 41280 needsFence 1
ja2:1312139:1312139 [0] NCCL INFO mscclGetCaptureStatus: 0, captureId: 0, size: 0

ja2:1312139:1312139 [0] NCCL INFO mscclSetupProxy: no capture

ja2:1312139:1312139 [0] NCCL INFO MSCCL: Setup Kernel finished, smem 41280 needsFence 1
ja2:1312139:1312139 [0] NCCL INFO mscclGetCaptureStatus: 0, captureId: 0, size: 0

ja2:1312139:1312139 [0] NCCL INFO mscclSetupProxy: no capture

ja2:1312139:1312139 [0] NCCL INFO MSCCL: Setup Kernel finished, smem 41280 needsFence 1
ja4:2516836:2516836 [0] NCCL INFO mscclGetCaptureStatus: 0, captureId: 0, size: 0

ja4:2516836:2516836 [0] NCCL INFO mscclSetupProxy: no capture

ja4:2516836:2516836 [0] NCCL INFO MSCCL: Setup Kernel finished, smem 41280 needsFence 1
ja4:2516836:2516836 [0] NCCL INFO mscclGetCaptureStatus: 0, captureId: 0, size: 0

ja3:927685:927685 [0] NCCL INFO mscclGetCaptureStatus: 0, captureId: 0, size: 0

ja3:927685:927685 [0] NCCL INFO mscclSetupProxy: no capture

ja3:927685:927685 [0] NCCL INFO MSCCL: Setup Kernel finished, smem 41280 needsFence 1
ja3:927685:927685 [0] NCCL INFO mscclGetCaptureStatus: 0, captureId: 0, size: 0

ja3:927685:927685 [0] NCCL INFO mscclSetupProxy: no capture

ja3:927685:927685 [0] NCCL INFO MSCCL: Setup Kernel finished, smem 41280 needsFence 1
ja3:927685:927685 [0] NCCL INFO mscclGetCaptureStatus: 0, captureId: 0, size: 0

ja3:927685:927685 [0] NCCL INFO mscclSetupProxy: no capture

ja3:927685:927685 [0] NCCL INFO MSCCL: Setup Kernel finished, smem 41280 needsFence 1
ja2:1312139:1312139 [0] NCCL INFO mscclGetCaptureStatus: 0, captureId: 0, size: 0

ja2:1312139:1312139 [0] NCCL INFO mscclSetupProxy: no capture

ja2:1312139:1312139 [0] NCCL INFO MSCCL: Setup Kernel finished, smem 41280 needsFence 1
ja2:1312139:1312139 [0] NCCL INFO mscclGetCaptureStatus: 0, captureId: 0, size: 0

ja2:1312139:1312139 [0] NCCL INFO mscclSetupProxy: no capture

ja2:1312139:1312139 [0] NCCL INFO MSCCL: Setup Kernel finished, smem 41280 needsFence 1
ja2:1312139:1312139 [0] NCCL INFO mscclGetCaptureStatus: 0, captureId: 0, size: 0

ja2:1312139:1312139 [0] NCCL INFO mscclSetupProxy: no capture

ja2:1312139:1312139 [0] NCCL INFO MSCCL: Setup Kernel finished, smem 41280 needsFence 1
ja4:2516836:2516836 [0] NCCL INFO mscclSetupProxy: no capture

ja4:2516836:2516836 [0] NCCL INFO MSCCL: Setup Kernel finished, smem 41280 needsFence 1
ja4:2516836:2516836 [0] NCCL INFO mscclGetCaptureStatus: 0, captureId: 0, size: 0

ja4:2516836:2516836 [0] NCCL INFO mscclSetupProxy: no capture

ja4:2516836:2516836 [0] NCCL INFO MSCCL: Setup Kernel finished, smem 41280 needsFence 1
ja4:2516836:2516836 [0] NCCL INFO mscclGetCaptureStatus: 0, captureId: 0, size: 0

ja4:2516836:2516836 [0] NCCL INFO mscclSetupProxy: no capture

ja4:2516836:2516836 [0] NCCL INFO MSCCL: Setup Kernel finished, smem 41280 needsFence 1
ja4:2516836:2516836 [0] NCCL INFO mscclGetCaptureStatus: 0, captureId: 0, size: 0

ja4:2516836:2516836 [0] NCCL INFO mscclSetupProxy: no capture

ja4:2516836:2516836 [0] NCCL INFO MSCCL: Setup Kernel finished, smem 41280 needsFence 1
ja4:2516836:2516836 [0] NCCL INFO mscclGetCaptureStatus: 0, captureId: 0, size: 0

ja4:2516836:2516836 [0] NCCL INFO mscclSetupProxy: no capture

ja3:927685:927685 [0] NCCL INFO mscclGetCaptureStatus: 0, captureId: 0, size: 0

ja3:927685:927685 [0] NCCL INFO mscclSetupProxy: no capture

ja3:927685:927685 [0] NCCL INFO MSCCL: Setup Kernel finished, smem 41280 needsFence 1
ja3:927685:927685 [0] NCCL INFO mscclGetCaptureStatus: 0, captureId: 0, size: 0

ja3:927685:927685 [0] NCCL INFO mscclSetupProxy: no capture

ja3:927685:927685 [0] NCCL INFO MSCCL: Setup Kernel finished, smem 41280 needsFence 1
ja4:2516836:2516836 [0] NCCL INFO MSCCL: Setup Kernel finished, smem 41280 needsFence 1
ja4:2516836:2516836 [0] NCCL INFO mscclGetCaptureStatus: 0, captureId: 0, size: 0

ja4:2516836:2516836 [0] NCCL INFO mscclSetupProxy: no capture

ja4:2516836:2516836 [0] NCCL INFO MSCCL: Setup Kernel finished, smem 41280 needsFence 1
ja3:927685:927685 [0] NCCL INFO mscclGetCaptureStatus: 0, captureId: 0, size: 0

ja3:927685:927685 [0] NCCL INFO mscclSetupProxy: no capture

ja3:927685:927685 [0] NCCL INFO MSCCL: Setup Kernel finished, smem 41280 needsFence 1
ja3:927685:927685 [0] NCCL INFO mscclGetCaptureStatus: 0, captureId: 0, size: 0

ja3:927685:927685 [0] NCCL INFO mscclSetupProxy: no capture

ja3:927685:927685 [0] NCCL INFO MSCCL: Setup Kernel finished, smem 41280 needsFence 1
ja2:1312139:1312139 [0] NCCL INFO mscclGetCaptureStatus: 0, captureId: 0, size: 0

ja2:1312139:1312139 [0] NCCL INFO mscclSetupProxy: no capture

ja2:1312139:1312139 [0] NCCL INFO MSCCL: Setup Kernel finished, smem 41280 needsFence 1
ja4:2516836:2516836 [0] NCCL INFO mscclGetCaptureStatus: 0, captureId: 0, size: 0

ja4:2516836:2516836 [0] NCCL INFO mscclSetupProxy: no capture

ja4:2516836:2516836 [0] NCCL INFO MSCCL: Setup Kernel finished, smem 41280 needsFence 1
ja3:927685:927685 [0] NCCL INFO mscclGetCaptureStatus: 0, captureId: 0, size: 0

ja3:927685:927685 [0] NCCL INFO mscclSetupProxy: no capture

ja3:927685:927685 [0] NCCL INFO MSCCL: Setup Kernel finished, smem 41280 needsFence 1
    153.4    0.64    0.43      0
      196608         16384     float    none      -1    93.81    2.10    1.40      0ja2:1312139:1312139 [0] NCCL INFO mscclGetCaptureStatus: 0, captureId: 0, size: 0

ja2:1312139:1312139 [0] NCCL INFO mscclSetupProxy: no capture

ja2:1312139:1312139 [0] NCCL INFO MSCCL: Setup Kernel finished, smem 41280 needsFence 1
ja4:2516836:2516836 [0] NCCL INFO mscclGetCaptureStatus: 0, captureId: 0, size: 0

ja4:2516836:2516836 [0] NCCL INFO mscclSetupProxy: no capture

ja4:2516836:2516836 [0] NCCL INFO MSCCL: Setup Kernel finished, smem 41280 needsFence 1
ja3:927685:927685 [0] NCCL INFO mscclGetCaptureStatus: 0, captureId: 0, size: 0

ja3:927685:927685 [0] NCCL INFO mscclSetupProxy: no capture

ja3:927685:927685 [0] NCCL INFO MSCCL: Setup Kernel finished, smem 41280 needsFence 1
ja2:1312139:1312139 [0] NCCL INFO mscclGetCaptureStatus: 0, captureId: 0, size: 0

ja2:1312139:1312139 [0] NCCL INFO mscclSetupProxy: no capture

ja2:1312139:1312139 [0] NCCL INFO MSCCL: Setup Kernel finished, smem 41280 needsFence 1
ja2:1312139:1312139 [0] NCCL INFO mscclGetCaptureStatus: 0, captureId: 0, size: 0

ja2:1312139:1312139 [0] NCCL INFO mscclSetupProxy: no capture

ja2:1312139:1312139 [0] NCCL INFO MSCCL: Setup Kernel finished, smem 41280 needsFence 1
ja2:1312139:1312139 [0] NCCL INFO mscclGetCaptureStatus: 0, captureId: 0, size: 0

ja2:1312139:1312139 [0] NCCL INFO mscclSetupProxy: no capture

ja2:1312139:1312139 [0] NCCL INFO MSCCL: Setup Kernel finished, smem 41280 needsFence 1
ja2:1312139:1312139 [0] NCCL INFO mscclGetCaptureStatus: 0, captureId: 0, size: 0

ja2:1312139:1312139 [0] NCCL INFO mscclSetupProxy: no capture

ja4:2516836:2516836 [0] NCCL INFO mscclGetCaptureStatus: 0, captureId: 0, size: 0

ja4:2516836:2516836 [0] NCCL INFO mscclSetupProxy: no capture

ja4:2516836:2516836 [0] NCCL INFO MSCCL: Setup Kernel finished, smem 41280 needsFence 1
ja4:2516836:2516836 [0] NCCL INFO mscclGetCaptureStatus: 0, captureId: 0, size: 0

ja4:2516836:2516836 [0] NCCL INFO mscclSetupProxy: no capture

ja4:2516836:2516836 [0] NCCL INFO MSCCL: Setup Kernel finished, smem 41280 needsFence 1
ja4:2516836:2516836 [0] NCCL INFO mscclGetCaptureStatus: 0, captureId: 0, size: 0

ja4:2516836:2516836 [0] NCCL INFO mscclSetupProxy: no capture

ja4:2516836:2516836 [0] NCCL INFO MSCCL: Setup Kernel finished, smem 41280 needsFence 1
ja4:2516836:2516836 [0] NCCL INFO mscclGetCaptureStatus: 0, captureId: 0, size: 0

ja4:2516836:2516836 [0] NCCL INFO mscclSetupProxy: no capture

ja4:2516836:2516836 [0] NCCL INFO MSCCL: Setup Kernel finished, smem 41280 needsFence 1
ja4:2516836:2516836 [0] NCCL INFO mscclGetCaptureStatus: 0, captureId: 0, size: 0

ja3:927685:927685 [0] NCCL INFO mscclGetCaptureStatus: 0, captureId: 0, size: 0

ja3:927685:927685 [0] NCCL INFO mscclSetupProxy: no capture

ja3:927685:927685 [0] NCCL INFO MSCCL: Setup Kernel finished, smem 41280 needsFence 1
ja3:927685:927685 [0] NCCL INFO mscclGetCaptureStatus: 0, captureId: 0, size: 0

ja3:927685:927685 [0] NCCL INFO mscclSetupProxy: no capture

ja3:927685:927685 [0] NCCL INFO MSCCL: Setup Kernel finished, smem 41280 needsFence 1
ja3:927685:927685 [0] NCCL INFO mscclGetCaptureStatus: 0, captureId: 0, size: 0

ja3:927685:927685 [0] NCCL INFO mscclSetupProxy: no capture

ja3:927685:927685 [0] NCCL INFO MSCCL: Setup Kernel finished, smem 41280 needsFence 1
ja3:927685:927685 [0] NCCL INFO mscclGetCaptureStatus: 0, captureId: 0, size: 0

ja3:927685:927685 [0] NCCL INFO mscclSetupProxy: no capture

ja3:927685:927685 [0] NCCL INFO MSCCL: Setup Kernel finished, smem 41280 needsFence 1
ja3:927685:927685 [0] NCCL INFO mscclGetCaptureStatus: 0, captureId: 0, size: 0

ja2:1312139:1312139 [0] NCCL INFO MSCCL: Setup Kernel finished, smem 41280 needsFence 1
ja2:1312139:1312139 [0] NCCL INFO mscclGetCaptureStatus: 0, captureId: 0, size: 0

ja2:1312139:1312139 [0] NCCL INFO mscclSetupProxy: no capture

ja2:1312139:1312139 [0] NCCL INFO MSCCL: Setup Kernel finished, smem 41280 needsFence 1
ja2:1312139:1312139 [0] NCCL INFO mscclGetCaptureStatus: 0, captureId: 0, size: 0

ja2:1312139:1312139 [0] NCCL INFO mscclSetupProxy: no capture

ja2:1312139:1312139 [0] NCCL INFO MSCCL: Setup Kernel finished, smem 41280 needsFence 1
ja4:2516836:2516836 [0] NCCL INFO mscclSetupProxy: no capture

ja4:2516836:2516836 [0] NCCL INFO MSCCL: Setup Kernel finished, smem 41280 needsFence 1
ja3:927685:927685 [0] NCCL INFO mscclSetupProxy: no capture

ja2:1312139:1312139 [0] NCCL INFO mscclGetCaptureStatus: 0, captureId: 0, size: 0

ja2:1312139:1312139 [0] NCCL INFO mscclSetupProxy: no capture

ja2:1312139:1312139 [0] NCCL INFO MSCCL: Setup Kernel finished, smem 41280 needsFence 1
ja2:1312139:1312139 [0] NCCL INFO mscclGetCaptureStatus: 0, captureId: 0, size: 0

ja2:1312139:1312139 [0] NCCL INFO mscclSetupProxy: no capture

ja2:1312139:1312139 [0] NCCL INFO MSCCL: Setup Kernel finished, smem 41280 needsFence 1
ja2:1312139:1312139 [0] NCCL INFO mscclGetCaptureStatus: 0, captureId: 0, size: 0

ja2:1312139:1312139 [0] NCCL INFO mscclSetupProxy: no capture

ja2:1312139:1312139 [0] NCCL INFO MSCCL: Setup Kernel finished, smem 41280 needsFence 1
ja2:1312139:1312139 [0] NCCL INFO mscclGetCaptureStatus: 0, captureId: 0, size: 0

ja2:1312139:1312139 [0] NCCL INFO mscclSetupProxy: no capture

ja2:1312139:1312139 [0] NCCL INFO MSCCL: Setup Kernel finished, smem 41280 needsFence 1
ja2:1312139:1312139 [0] NCCL INFO mscclGetCaptureStatus: 0, captureId: 0, size: 0

ja4:2516836:2516836 [0] NCCL INFO mscclGetCaptureStatus: 0, captureId: 0, size: 0

ja4:2516836:2516836 [0] NCCL INFO mscclSetupProxy: no capture

ja4:2516836:2516836 [0] NCCL INFO MSCCL: Setup Kernel finished, smem 41280 needsFence 1
ja4:2516836:2516836 [0] NCCL INFO mscclGetCaptureStatus: 0, captureId: 0, size: 0

ja4:2516836:2516836 [0] NCCL INFO mscclSetupProxy: no capture

ja4:2516836:2516836 [0] NCCL INFO MSCCL: Setup Kernel finished, smem 41280 needsFence 1
ja4:2516836:2516836 [0] NCCL INFO mscclGetCaptureStatus: 0, captureId: 0, size: 0

ja4:2516836:2516836 [0] NCCL INFO mscclSetupProxy: no capture

ja4:2516836:2516836 [0] NCCL INFO MSCCL: Setup Kernel finished, smem 41280 needsFence 1
ja3:927685:927685 [0] NCCL INFO MSCCL: Setup Kernel finished, smem 41280 needsFence 1
ja3:927685:927685 [0] NCCL INFO mscclGetCaptureStatus: 0, captureId: 0, size: 0

ja3:927685:927685 [0] NCCL INFO mscclSetupProxy: no capture

ja3:927685:927685 [0] NCCL INFO MSCCL: Setup Kernel finished, smem 41280 needsFence 1
ja3:927685:927685 [0] NCCL INFO mscclGetCaptureStatus: 0, captureId: 0, size: 0

ja3:927685:927685 [0] NCCL INFO mscclSetupProxy: no capture

ja3:927685:927685 [0] NCCL INFO MSCCL: Setup Kernel finished, smem 41280 needsFence 1
ja3:927685:927685 [0] NCCL INFO mscclGetCaptureStatus: 0, captureId: 0, size: 0

ja3:927685:927685 [0] NCCL INFO mscclSetupProxy: no capture

ja3:927685:927685 [0] NCCL INFO MSCCL: Setup Kernel finished, smem 41280 needsFence 1
ja3:927685:927685 [0] NCCL INFO mscclGetCaptureStatus: 0, captureId: 0, size: 0

ja3:927685:927685 [0] NCCL INFO mscclSetupProxy: no capture

ja3:927685:927685 [0] NCCL INFO MSCCL: Setup Kernel finished, smem 41280 needsFence 1
ja2:1312139:1312139 [0] NCCL INFO mscclSetupProxy: no capture

ja2:1312139:1312139 [0] NCCL INFO MSCCL: Setup Kernel finished, smem 41280 needsFence 1
ja2:1312139:1312139 [0] NCCL INFO mscclGetCaptureStatus: 0, captureId: 0, size: 0

ja2:1312139:1312139 [0] NCCL INFO mscclSetupProxy: no capture

ja2:1312139:1312139 [0] NCCL INFO MSCCL: Setup Kernel finished, smem 41280 needsFence 1
ja2:1312139:1312139 [0] NCCL INFO mscclGetCaptureStatus: 0, captureId: 0, size: 0

ja2:1312139:1312139 [0] NCCL INFO mscclSetupProxy: no capture

ja2:1312139:1312139 [0] NCCL INFO MSCCL: Setup Kernel finished, smem 41280 needsFence 1
ja2:1312139:1312139 [0] NCCL INFO mscclGetCaptureStatus: 0, captureId: 0, size: 0

ja2:1312139:1312139 [0] NCCL INFO mscclSetupProxy: no capture

ja2:1312139:1312139 [0] NCCL INFO MSCCL: Setup Kernel finished, smem 41280 needsFence 1
ja2:1312139:1312139 [0] NCCL INFO mscclGetCaptureStatus: 0, captureId: 0, size: 0

ja2:1312139:1312139 [0] NCCL INFO mscclSetupProxy: no capture

ja4:2516836:2516836 [0] NCCL INFO mscclGetCaptureStatus: 0, captureId: 0, size: 0

ja4:2516836:2516836 [0] NCCL INFO mscclSetupProxy: no capture

ja4:2516836:2516836 [0] NCCL INFO MSCCL: Setup Kernel finished, smem 41280 needsFence 1
ja4:2516836:2516836 [0] NCCL INFO mscclGetCaptureStatus: 0, captureId: 0, size: 0

ja4:2516836:2516836 [0] NCCL INFO mscclSetupProxy: no capture

ja4:2516836:2516836 [0] NCCL INFO MSCCL: Setup Kernel finished, smem 41280 needsFence 1
ja4:2516836:2516836 [0] NCCL INFO mscclGetCaptureStatus: 0, captureId: 0, size: 0

ja4:2516836:2516836 [0] NCCL INFO mscclSetupProxy: no capture

ja4:2516836:2516836 [0] NCCL INFO MSCCL: Setup Kernel finished, smem 41280 needsFence 1
ja4:2516836:2516836 [0] NCCL INFO mscclGetCaptureStatus: 0, captureId: 0, size: 0

ja4:2516836:2516836 [0] NCCL INFO mscclSetupProxy: no capture

ja4:2516836:2516836 [0] NCCL INFO MSCCL: Setup Kernel finished, smem 41280 needsFence 1
ja4:2516836:2516836 [0] NCCL INFO mscclGetCaptureStatus: 0, captureId: 0, size: 0

ja3:927685:927685 [0] NCCL INFO mscclGetCaptureStatus: 0, captureId: 0, size: 0

ja3:927685:927685 [0] NCCL INFO mscclSetupProxy: no capture

ja3:927685:927685 [0] NCCL INFO MSCCL: Setup Kernel finished, smem 41280 needsFence 1
ja3:927685:927685 [0] NCCL INFO mscclGetCaptureStatus: 0, captureId: 0, size: 0

ja3:927685:927685 [0] NCCL INFO mscclSetupProxy: no capture

ja3:927685:927685 [0] NCCL INFO MSCCL: Setup Kernel finished, smem 41280 needsFence 1
ja3:927685:927685 [0] NCCL INFO mscclGetCaptureStatus: 0, captureId: 0, size: 0

ja3:927685:927685 [0] NCCL INFO mscclSetupProxy: no capture

ja2:1312139:1312139 [0] NCCL INFO MSCCL: Setup Kernel finished, smem 41280 needsFence 1
ja2:1312139:1312139 [0] NCCL INFO mscclGetCaptureStatus: 0, captureId: 0, size: 0

ja2:1312139:1312139 [0] NCCL INFO mscclSetupProxy: no capture

ja2:1312139:1312139 [0] NCCL INFO MSCCL: Setup Kernel finished, smem 41280 needsFence 1
ja4:2516836:2516836 [0] NCCL INFO mscclSetupProxy: no capture

ja4:2516836:2516836 [0] NCCL INFO MSCCL: Setup Kernel finished, smem 41280 needsFence 1
ja4:2516836:2516836 [0] NCCL INFO mscclGetCaptureStatus: 0, captureId: 0, size: 0

ja4:2516836:2516836 [0] NCCL INFO mscclSetupProxy: no capture

ja4:2516836:2516836 [0] NCCL INFO MSCCL: Setup Kernel finished, smem 41280 needsFence 1
ja4:2516836:2516836 [0] NCCL INFO mscclGetCaptureStatus: 0, captureId: 0, size: 0

ja4:2516836:2516836 [0] NCCL INFO mscclSetupProxy: no capture

ja4:2516836:2516836 [0] NCCL INFO MSCCL: Setup Kernel finished, smem 41280 needsFence 1
ja4:2516836:2516836 [0] NCCL INFO mscclGetCaptureStatus: 0, captureId: 0, size: 0

ja3:927685:927685 [0] NCCL INFO MSCCL: Setup Kernel finished, smem 41280 needsFence 1
ja3:927685:927685 [0] NCCL INFO mscclGetCaptureStatus: 0, captureId: 0, size: 0

ja3:927685:927685 [0] NCCL INFO mscclSetupProxy: no capture

ja3:927685:927685 [0] NCCL INFO MSCCL: Setup Kernel finished, smem 41280 needsFence 1
ja3:927685:927685 [0] NCCL INFO mscclGetCaptureStatus: 0, captureId: 0, size: 0

ja3:927685:927685 [0] NCCL INFO mscclSetupProxy: no capture

ja3:927685:927685 [0] NCCL INFO MSCCL: Setup Kernel finished, smem 41280 needsFence 1
ja3:927685:927685 [0] NCCL INFO mscclGetCaptureStatus: 0, captureId: 0, size: 0

ja3:927685:927685 [0] NCCL INFO mscclSetupProxy: no capture

ja3:927685:927685 [0] NCCL INFO MSCCL: Setup Kernel finished, smem 41280 needsFence 1
ja3:927685:927685 [0] NCCL INFO mscclGetCaptureStatus: 0, captureId: 0, size: 0

ja3:927685:927685 [0] NCCL INFO mscclSetupProxy: no capture

ja3:927685:927685 [0] NCCL INFO MSCCL: Setup Kernel finished, smem 41280 needsFence 1
ja2:1312139:1312139 [0] NCCL INFO mscclGetCaptureStatus: 0, captureId: 0, size: 0

ja2:1312139:1312139 [0] NCCL INFO mscclSetupProxy: no capture

ja2:1312139:1312139 [0] NCCL INFO MSCCL: Setup Kernel finished, smem 41280 needsFence 1
ja2:1312139:1312139 [0] NCCL INFO mscclGetCaptureStatus: 0, captureId: 0, size: 0

ja2:1312139:1312139 [0] NCCL INFO mscclSetupProxy: no capture

ja2:1312139:1312139 [0] NCCL INFO MSCCL: Setup Kernel finished, smem 41280 needsFence 1
ja2:1312139:1312139 [0] NCCL INFO mscclGetCaptureStatus: 0, captureId: 0, size: 0

ja2:1312139:1312139 [0] NCCL INFO mscclSetupProxy: no capture

ja2:1312139:1312139 [0] NCCL INFO MSCCL: Setup Kernel finished, smem 41280 needsFence 1
ja2:1312139:1312139 [0] NCCL INFO mscclGetCaptureStatus: 0, captureId: 0, size: 0

ja2:1312139:1312139 [0] NCCL INFO mscclSetupProxy: no capture

ja2:1312139:1312139 [0] NCCL INFO MSCCL: Setup Kernel finished, smem 41280 needsFence 1
ja4:2516836:2516836 [0] NCCL INFO mscclSetupProxy: no capture

ja4:2516836:2516836 [0] NCCL INFO MSCCL: Setup Kernel finished, smem 41280 needsFence 1
ja4:2516836:2516836 [0] NCCL INFO mscclGetCaptureStatus: 0, captureId: 0, size: 0

ja4:2516836:2516836 [0] NCCL INFO mscclSetupProxy: no capture

ja4:2516836:2516836 [0] NCCL INFO MSCCL: Setup Kernel finished, smem 41280 needsFence 1
ja4:2516836:2516836 [0] NCCL INFO mscclGetCaptureStatus: 0, captureId: 0, size: 0

ja4:2516836:2516836 [0] NCCL INFO mscclSetupProxy: no capture

ja4:2516836:2516836 [0] NCCL INFO MSCCL: Setup Kernel finished, smem 41280 needsFence 1
ja4:2516836:2516836 [0] NCCL INFO mscclGetCaptureStatus: 0, captureId: 0, size: 0

ja4:2516836:2516836 [0] NCCL INFO mscclSetupProxy: no capture

ja4:2516836:2516836 [0] NCCL INFO MSCCL: Setup Kernel finished, smem 41280 needsFence 1
ja4:2516836:2516836 [0] NCCL INFO mscclGetCaptureStatus: 0, captureId: 0, size: 0

ja4:2516836:2516836 [0] NCCL INFO mscclSetupProxy: no capture

ja3:927685:927685 [0] NCCL INFO mscclGetCaptureStatus: 0, captureId: 0, size: 0

ja3:927685:927685 [0] NCCL INFO mscclSetupProxy: no capture

ja3:927685:927685 [0] NCCL INFO MSCCL: Setup Kernel finished, smem 41280 needsFence 1
ja4:2516836:2516836 [0] NCCL INFO MSCCL: Setup Kernel finished, smem 41280 needsFence 1
ja3:927685:927685 [0] NCCL INFO mscclGetCaptureStatus: 0, captureId: 0, size: 0

ja3:927685:927685 [0] NCCL INFO mscclSetupProxy: no capture

ja3:927685:927685 [0] NCCL INFO MSCCL: Setup Kernel finished, smem 41280 needsFence 1
ja3:927685:927685 [0] NCCL INFO mscclGetCaptureStatus: 0, captureId: 0, size: 0

ja3:927685:927685 [0] NCCL INFO mscclSetupProxy: no capture

ja3:927685:927685 [0] NCCL INFO MSCCL: Setup Kernel finished, smem 41280 needsFence 1
ja3:927685:927685 [0] NCCL INFO mscclGetCaptureStatus: 0, captureId: 0, size: 0

ja3:927685:927685 [0] NCCL INFO mscclSetupProxy: no capture

ja3:927685:927685 [0] NCCL INFO MSCCL: Setup Kernel finished, smem 41280 needsFence 1
ja2:1312139:1312139 [0] NCCL INFO mscclGetCaptureStatus: 0, captureId: 0, size: 0

ja2:1312139:1312139 [0] NCCL INFO mscclSetupProxy: no capture

ja2:1312139:1312139 [0] NCCL INFO MSCCL: Setup Kernel finished, smem 41280 needsFence 1
ja3:927685:927685 [0] NCCL INFO mscclGetCaptureStatus: 0, captureId: 0, size: 0

ja3:927685:927685 [0] NCCL INFO mscclSetupProxy: no capture

ja3:927685:927685 [0] NCCL INFO MSCCL: Setup Kernel finished, smem 41280 needsFence 1
ja4:2516836:2516836 [0] NCCL INFO mscclGetCaptureStatus: 0, captureId: 0, size: 0

ja4:2516836:2516836 [0] NCCL INFO mscclSetupProxy: no capture

ja4:2516836:2516836 [0] NCCL INFO MSCCL: Setup Kernel finished, smem 41280 needsFence 1
    145.2    1.35    0.90      0
      393216         32768     float    none      -1    93.81    4.19    2.79      0ja2:1312139:1312139 [0] NCCL INFO mscclGetCaptureStatus: 0, captureId: 0, size: 0

ja2:1312139:1312139 [0] NCCL INFO mscclSetupProxy: no capture

ja2:1312139:1312139 [0] NCCL INFO MSCCL: Setup Kernel finished, smem 41280 needsFence 1
ja3:927685:927685 [0] NCCL INFO mscclGetCaptureStatus: 0, captureId: 0, size: 0

ja3:927685:927685 [0] NCCL INFO mscclSetupProxy: no capture

ja3:927685:927685 [0] NCCL INFO MSCCL: Setup Kernel finished, smem 41280 needsFence 1
ja4:2516836:2516836 [0] NCCL INFO mscclGetCaptureStatus: 0, captureId: 0, size: 0

ja4:2516836:2516836 [0] NCCL INFO mscclSetupProxy: no capture

ja4:2516836:2516836 [0] NCCL INFO MSCCL: Setup Kernel finished, smem 41280 needsFence 1
ja2:1312139:1312139 [0] NCCL INFO mscclGetCaptureStatus: 0, captureId: 0, size: 0

ja2:1312139:1312139 [0] NCCL INFO mscclSetupProxy: no capture

ja2:1312139:1312139 [0] NCCL INFO MSCCL: Setup Kernel finished, smem 41280 needsFence 1
ja2:1312139:1312139 [0] NCCL INFO mscclGetCaptureStatus: 0, captureId: 0, size: 0

ja2:1312139:1312139 [0] NCCL INFO mscclSetupProxy: no capture

ja2:1312139:1312139 [0] NCCL INFO MSCCL: Setup Kernel finished, smem 41280 needsFence 1
ja2:1312139:1312139 [0] NCCL INFO mscclGetCaptureStatus: 0, captureId: 0, size: 0

ja2:1312139:1312139 [0] NCCL INFO mscclSetupProxy: no capture

ja2:1312139:1312139 [0] NCCL INFO MSCCL: Setup Kernel finished, smem 41280 needsFence 1
ja2:1312139:1312139 [0] NCCL INFO mscclGetCaptureStatus: 0, captureId: 0, size: 0

ja2:1312139:1312139 [0] NCCL INFO mscclSetupProxy: no capture

ja2:1312139:1312139 [0] NCCL INFO MSCCL: Setup Kernel finished, smem 41280 needsFence 1
ja4:2516836:2516836 [0] NCCL INFO mscclGetCaptureStatus: 0, captureId: 0, size: 0

ja4:2516836:2516836 [0] NCCL INFO mscclSetupProxy: no capture

ja4:2516836:2516836 [0] NCCL INFO MSCCL: Setup Kernel finished, smem 41280 needsFence 1
ja4:2516836:2516836 [0] NCCL INFO mscclGetCaptureStatus: 0, captureId: 0, size: 0

ja4:2516836:2516836 [0] NCCL INFO mscclSetupProxy: no capture

ja4:2516836:2516836 [0] NCCL INFO MSCCL: Setup Kernel finished, smem 41280 needsFence 1
ja4:2516836:2516836 [0] NCCL INFO mscclGetCaptureStatus: 0, captureId: 0, size: 0

ja4:2516836:2516836 [0] NCCL INFO mscclSetupProxy: no capture

ja4:2516836:2516836 [0] NCCL INFO MSCCL: Setup Kernel finished, smem 41280 needsFence 1
ja4:2516836:2516836 [0] NCCL INFO mscclGetCaptureStatus: 0, captureId: 0, size: 0

ja4:2516836:2516836 [0] NCCL INFO mscclSetupProxy: no capture

ja4:2516836:2516836 [0] NCCL INFO MSCCL: Setup Kernel finished, smem 41280 needsFence 1
ja4:2516836:2516836 [0] NCCL INFO mscclGetCaptureStatus: 0, captureId: 0, size: 0

ja3:927685:927685 [0] NCCL INFO mscclGetCaptureStatus: 0, captureId: 0, size: 0

ja3:927685:927685 [0] NCCL INFO mscclSetupProxy: no capture

ja3:927685:927685 [0] NCCL INFO MSCCL: Setup Kernel finished, smem 41280 needsFence 1
ja3:927685:927685 [0] NCCL INFO mscclGetCaptureStatus: 0, captureId: 0, size: 0

ja3:927685:927685 [0] NCCL INFO mscclSetupProxy: no capture

ja3:927685:927685 [0] NCCL INFO MSCCL: Setup Kernel finished, smem 41280 needsFence 1
ja3:927685:927685 [0] NCCL INFO mscclGetCaptureStatus: 0, captureId: 0, size: 0

ja3:927685:927685 [0] NCCL INFO mscclSetupProxy: no capture

ja3:927685:927685 [0] NCCL INFO MSCCL: Setup Kernel finished, smem 41280 needsFence 1
ja3:927685:927685 [0] NCCL INFO mscclGetCaptureStatus: 0, captureId: 0, size: 0

ja3:927685:927685 [0] NCCL INFO mscclSetupProxy: no capture

ja3:927685:927685 [0] NCCL INFO MSCCL: Setup Kernel finished, smem 41280 needsFence 1
ja3:927685:927685 [0] NCCL INFO mscclGetCaptureStatus: 0, captureId: 0, size: 0

ja2:1312139:1312139 [0] NCCL INFO mscclGetCaptureStatus: 0, captureId: 0, size: 0

ja2:1312139:1312139 [0] NCCL INFO mscclSetupProxy: no capture

ja2:1312139:1312139 [0] NCCL INFO MSCCL: Setup Kernel finished, smem 41280 needsFence 1
ja2:1312139:1312139 [0] NCCL INFO mscclGetCaptureStatus: 0, captureId: 0, size: 0

ja2:1312139:1312139 [0] NCCL INFO mscclSetupProxy: no capture

ja2:1312139:1312139 [0] NCCL INFO MSCCL: Setup Kernel finished, smem 41280 needsFence 1
ja2:1312139:1312139 [0] NCCL INFO mscclGetCaptureStatus: 0, captureId: 0, size: 0

ja2:1312139:1312139 [0] NCCL INFO mscclSetupProxy: no capture

ja2:1312139:1312139 [0] NCCL INFO MSCCL: Setup Kernel finished, smem 41280 needsFence 1
ja4:2516836:2516836 [0] NCCL INFO mscclSetupProxy: no capture

ja4:2516836:2516836 [0] NCCL INFO MSCCL: Setup Kernel finished, smem 41280 needsFence 1
ja4:2516836:2516836 [0] NCCL INFO mscclGetCaptureStatus: 0, captureId: 0, size: 0

ja4:2516836:2516836 [0] NCCL INFO mscclSetupProxy: no capture

ja4:2516836:2516836 [0] NCCL INFO MSCCL: Setup Kernel finished, smem 41280 needsFence 1
ja4:2516836:2516836 [0] NCCL INFO mscclGetCaptureStatus: 0, captureId: 0, size: 0

ja4:2516836:2516836 [0] NCCL INFO mscclSetupProxy: no capture

ja4:2516836:2516836 [0] NCCL INFO MSCCL: Setup Kernel finished, smem 41280 needsFence 1
ja4:2516836:2516836 [0] NCCL INFO mscclGetCaptureStatus: 0, captureId: 0, size: 0

ja4:2516836:2516836 [0] NCCL INFO mscclSetupProxy: no capture

ja4:2516836:2516836 [0] NCCL INFO MSCCL: Setup Kernel finished, smem 41280 needsFence 1
ja4:2516836:2516836 [0] NCCL INFO mscclGetCaptureStatus: 0, captureId: 0, size: 0

ja4:2516836:2516836 [0] NCCL INFO mscclSetupProxy: no capture

ja3:927685:927685 [0] NCCL INFO mscclSetupProxy: no capture

ja3:927685:927685 [0] NCCL INFO MSCCL: Setup Kernel finished, smem 41280 needsFence 1
ja2:1312139:1312139 [0] NCCL INFO mscclGetCaptureStatus: 0, captureId: 0, size: 0

ja2:1312139:1312139 [0] NCCL INFO mscclSetupProxy: no capture

ja2:1312139:1312139 [0] NCCL INFO MSCCL: Setup Kernel finished, smem 41280 needsFence 1
ja2:1312139:1312139 [0] NCCL INFO mscclGetCaptureStatus: 0, captureId: 0, size: 0

ja2:1312139:1312139 [0] NCCL INFO mscclSetupProxy: no capture

ja2:1312139:1312139 [0] NCCL INFO MSCCL: Setup Kernel finished, smem 41280 needsFence 1
ja2:1312139:1312139 [0] NCCL INFO mscclGetCaptureStatus: 0, captureId: 0, size: 0

ja2:1312139:1312139 [0] NCCL INFO mscclSetupProxy: no capture

ja2:1312139:1312139 [0] NCCL INFO MSCCL: Setup Kernel finished, smem 41280 needsFence 1
ja2:1312139:1312139 [0] NCCL INFO mscclGetCaptureStatus: 0, captureId: 0, size: 0

ja2:1312139:1312139 [0] NCCL INFO mscclSetupProxy: no capture

ja2:1312139:1312139 [0] NCCL INFO MSCCL: Setup Kernel finished, smem 41280 needsFence 1
ja2:1312139:1312139 [0] NCCL INFO mscclGetCaptureStatus: 0, captureId: 0, size: 0

ja4:2516836:2516836 [0] NCCL INFO MSCCL: Setup Kernel finished, smem 41280 needsFence 1
ja4:2516836:2516836 [0] NCCL INFO mscclGetCaptureStatus: 0, captureId: 0, size: 0

ja3:927685:927685 [0] NCCL INFO mscclGetCaptureStatus: 0, captureId: 0, size: 0

ja3:927685:927685 [0] NCCL INFO mscclSetupProxy: no capture

ja3:927685:927685 [0] NCCL INFO MSCCL: Setup Kernel finished, smem 41280 needsFence 1
ja3:927685:927685 [0] NCCL INFO mscclGetCaptureStatus: 0, captureId: 0, size: 0

ja3:927685:927685 [0] NCCL INFO mscclSetupProxy: no capture

ja3:927685:927685 [0] NCCL INFO MSCCL: Setup Kernel finished, smem 41280 needsFence 1
ja3:927685:927685 [0] NCCL INFO mscclGetCaptureStatus: 0, captureId: 0, size: 0

ja3:927685:927685 [0] NCCL INFO mscclSetupProxy: no capture

ja3:927685:927685 [0] NCCL INFO MSCCL: Setup Kernel finished, smem 41280 needsFence 1
ja2:1312139:1312139 [0] NCCL INFO mscclSetupProxy: no capture

ja2:1312139:1312139 [0] NCCL INFO MSCCL: Setup Kernel finished, smem 41280 needsFence 1
ja2:1312139:1312139 [0] NCCL INFO mscclGetCaptureStatus: 0, captureId: 0, size: 0

ja2:1312139:1312139 [0] NCCL INFO mscclSetupProxy: no capture

ja2:1312139:1312139 [0] NCCL INFO MSCCL: Setup Kernel finished, smem 41280 needsFence 1
ja4:2516836:2516836 [0] NCCL INFO mscclSetupProxy: no capture

ja4:2516836:2516836 [0] NCCL INFO MSCCL: Setup Kernel finished, smem 41280 needsFence 1
ja4:2516836:2516836 [0] NCCL INFO mscclGetCaptureStatus: 0, captureId: 0, size: 0

ja4:2516836:2516836 [0] NCCL INFO mscclSetupProxy: no capture

ja4:2516836:2516836 [0] NCCL INFO MSCCL: Setup Kernel finished, smem 41280 needsFence 1
ja4:2516836:2516836 [0] NCCL INFO mscclGetCaptureStatus: 0, captureId: 0, size: 0

ja4:2516836:2516836 [0] NCCL INFO mscclSetupProxy: no capture

ja4:2516836:2516836 [0] NCCL INFO MSCCL: Setup Kernel finished, smem 41280 needsFence 1
ja4:2516836:2516836 [0] NCCL INFO mscclGetCaptureStatus: 0, captureId: 0, size: 0

ja4:2516836:2516836 [0] NCCL INFO mscclSetupProxy: no capture

ja4:2516836:2516836 [0] NCCL INFO MSCCL: Setup Kernel finished, smem 41280 needsFence 1
ja4:2516836:2516836 [0] NCCL INFO mscclGetCaptureStatus: 0, captureId: 0, size: 0

ja4:2516836:2516836 [0] NCCL INFO mscclSetupProxy: no capture

ja3:927685:927685 [0] NCCL INFO mscclGetCaptureStatus: 0, captureId: 0, size: 0

ja3:927685:927685 [0] NCCL INFO mscclSetupProxy: no capture

ja3:927685:927685 [0] NCCL INFO MSCCL: Setup Kernel finished, smem 41280 needsFence 1
ja3:927685:927685 [0] NCCL INFO mscclGetCaptureStatus: 0, captureId: 0, size: 0

ja3:927685:927685 [0] NCCL INFO mscclSetupProxy: no capture

ja3:927685:927685 [0] NCCL INFO MSCCL: Setup Kernel finished, smem 41280 needsFence 1
ja3:927685:927685 [0] NCCL INFO mscclGetCaptureStatus: 0, captureId: 0, size: 0

ja3:927685:927685 [0] NCCL INFO mscclSetupProxy: no capture

ja3:927685:927685 [0] NCCL INFO MSCCL: Setup Kernel finished, smem 41280 needsFence 1
ja3:927685:927685 [0] NCCL INFO mscclGetCaptureStatus: 0, captureId: 0, size: 0

ja3:927685:927685 [0] NCCL INFO mscclSetupProxy: no capture

ja3:927685:927685 [0] NCCL INFO MSCCL: Setup Kernel finished, smem 41280 needsFence 1
ja3:927685:927685 [0] NCCL INFO mscclGetCaptureStatus: 0, captureId: 0, size: 0

ja2:1312139:1312139 [0] NCCL INFO mscclGetCaptureStatus: 0, captureId: 0, size: 0

ja2:1312139:1312139 [0] NCCL INFO mscclSetupProxy: no capture

ja2:1312139:1312139 [0] NCCL INFO MSCCL: Setup Kernel finished, smem 41280 needsFence 1
ja2:1312139:1312139 [0] NCCL INFO mscclGetCaptureStatus: 0, captureId: 0, size: 0

ja2:1312139:1312139 [0] NCCL INFO mscclSetupProxy: no capture

ja2:1312139:1312139 [0] NCCL INFO MSCCL: Setup Kernel finished, smem 41280 needsFence 1
ja2:1312139:1312139 [0] NCCL INFO mscclGetCaptureStatus: 0, captureId: 0, size: 0

ja2:1312139:1312139 [0] NCCL INFO mscclSetupProxy: no capture

ja2:1312139:1312139 [0] NCCL INFO MSCCL: Setup Kernel finished, smem 41280 needsFence 1
ja2:1312139:1312139 [0] NCCL INFO mscclGetCaptureStatus: 0, captureId: 0, size: 0

ja2:1312139:1312139 [0] NCCL INFO mscclSetupProxy: no capture

ja2:1312139:1312139 [0] NCCL INFO MSCCL: Setup Kernel finished, smem 41280 needsFence 1
ja2:1312139:1312139 [0] NCCL INFO mscclGetCaptureStatus: 0, captureId: 0, size: 0

ja4:2516836:2516836 [0] NCCL INFO MSCCL: Setup Kernel finished, smem 41280 needsFence 1
ja4:2516836:2516836 [0] NCCL INFO mscclGetCaptureStatus: 0, captureId: 0, size: 0

ja4:2516836:2516836 [0] NCCL INFO mscclSetupProxy: no capture

ja4:2516836:2516836 [0] NCCL INFO MSCCL: Setup Kernel finished, smem 41280 needsFence 1
ja3:927685:927685 [0] NCCL INFO mscclSetupProxy: no capture

ja3:927685:927685 [0] NCCL INFO MSCCL: Setup Kernel finished, smem 41280 needsFence 1
ja3:927685:927685 [0] NCCL INFO mscclGetCaptureStatus: 0, captureId: 0, size: 0

ja3:927685:927685 [0] NCCL INFO mscclSetupProxy: no capture

ja3:927685:927685 [0] NCCL INFO MSCCL: Setup Kernel finished, smem 41280 needsFence 1
ja3:927685:927685 [0] NCCL INFO mscclGetCaptureStatus: 0, captureId: 0, size: 0

ja3:927685:927685 [0] NCCL INFO mscclSetupProxy: no capture

ja2:1312139:1312139 [0] NCCL INFO mscclSetupProxy: no capture

ja2:1312139:1312139 [0] NCCL INFO MSCCL: Setup Kernel finished, smem 41280 needsFence 1
ja2:1312139:1312139 [0] NCCL INFO mscclGetCaptureStatus: 0, captureId: 0, size: 0

ja2:1312139:1312139 [0] NCCL INFO mscclSetupProxy: no capture

ja2:1312139:1312139 [0] NCCL INFO MSCCL: Setup Kernel finished, smem 41280 needsFence 1
ja4:2516836:2516836 [0] NCCL INFO mscclGetCaptureStatus: 0, captureId: 0, size: 0

ja4:2516836:2516836 [0] NCCL INFO mscclSetupProxy: no capture

ja4:2516836:2516836 [0] NCCL INFO MSCCL: Setup Kernel finished, smem 41280 needsFence 1
ja4:2516836:2516836 [0] NCCL INFO mscclGetCaptureStatus: 0, captureId: 0, size: 0

ja4:2516836:2516836 [0] NCCL INFO mscclSetupProxy: no capture

ja4:2516836:2516836 [0] NCCL INFO MSCCL: Setup Kernel finished, smem 41280 needsFence 1
ja4:2516836:2516836 [0] NCCL INFO mscclGetCaptureStatus: 0, captureId: 0, size: 0

ja4:2516836:2516836 [0] NCCL INFO mscclSetupProxy: no capture

ja4:2516836:2516836 [0] NCCL INFO MSCCL: Setup Kernel finished, smem 41280 needsFence 1
ja4:2516836:2516836 [0] NCCL INFO mscclGetCaptureStatus: 0, captureId: 0, size: 0

ja4:2516836:2516836 [0] NCCL INFO mscclSetupProxy: no capture

ja4:2516836:2516836 [0] NCCL INFO MSCCL: Setup Kernel finished, smem 41280 needsFence 1
ja4:2516836:2516836 [0] NCCL INFO mscclGetCaptureStatus: 0, captureId: 0, size: 0

ja3:927685:927685 [0] NCCL INFO MSCCL: Setup Kernel finished, smem 41280 needsFence 1
ja3:927685:927685 [0] NCCL INFO mscclGetCaptureStatus: 0, captureId: 0, size: 0

ja3:927685:927685 [0] NCCL INFO mscclSetupProxy: no capture

ja3:927685:927685 [0] NCCL INFO MSCCL: Setup Kernel finished, smem 41280 needsFence 1
ja3:927685:927685 [0] NCCL INFO mscclGetCaptureStatus: 0, captureId: 0, size: 0

ja3:927685:927685 [0] NCCL INFO mscclSetupProxy: no capture

ja3:927685:927685 [0] NCCL INFO MSCCL: Setup Kernel finished, smem 41280 needsFence 1
ja3:927685:927685 [0] NCCL INFO mscclGetCaptureStatus: 0, captureId: 0, size: 0

ja3:927685:927685 [0] NCCL INFO mscclSetupProxy: no capture

ja3:927685:927685 [0] NCCL INFO MSCCL: Setup Kernel finished, smem 41280 needsFence 1
ja3:927685:927685 [0] NCCL INFO mscclGetCaptureStatus: 0, captureId: 0, size: 0

ja3:927685:927685 [0] NCCL INFO mscclSetupProxy: no capture

ja3:927685:927685 [0] NCCL INFO MSCCL: Setup Kernel finished, smem 41280 needsFence 1
ja2:1312139:1312139 [0] NCCL INFO mscclGetCaptureStatus: 0, captureId: 0, size: 0

ja2:1312139:1312139 [0] NCCL INFO mscclSetupProxy: no capture

ja2:1312139:1312139 [0] NCCL INFO MSCCL: Setup Kernel finished, smem 41280 needsFence 1
ja4:2516836:2516836 [0] NCCL INFO mscclSetupProxy: no capture

ja4:2516836:2516836 [0] NCCL INFO MSCCL: Setup Kernel finished, smem 41280 needsFence 1
ja3:927685:927685 [0] NCCL INFO mscclGetCaptureStatus: 0, captureId: 0, size: 0

ja3:927685:927685 [0] NCCL INFO mscclSetupProxy: no capture

ja3:927685:927685 [0] NCCL INFO MSCCL: Setup Kernel finished, smem 41280 needsFence 1
ja2:1312139:1312139 [0] NCCL INFO mscclGetCaptureStatus: 0, captureId: 0, size: 0

ja2:1312139:1312139 [0] NCCL INFO mscclSetupProxy: no capture

ja2:1312139:1312139 [0] NCCL INFO MSCCL: Setup Kernel finished, smem 41280 needsFence 1
ja3:927685:927685 [0] NCCL INFO mscclGetCaptureStatus: 0, captureId: 0, size: 0

ja3:927685:927685 [0] NCCL INFO mscclSetupProxy: no capture

ja3:927685:927685 [0] NCCL INFO MSCCL: Setup Kernel finished, smem 41280 needsFence 1
ja4:2516836:2516836 [0] NCCL INFO mscclGetCaptureStatus: 0, captureId: 0, size: 0

ja4:2516836:2516836 [0] NCCL INFO mscclSetupProxy: no capture

ja4:2516836:2516836 [0] NCCL INFO MSCCL: Setup Kernel finished, smem 41280 needsFence 1
    179.4    2.19    1.46      0
      786432         65536     float    none      -1    126.2    6.23    4.15      0ja2:1312139:1312139 [0] NCCL INFO mscclGetCaptureStatus: 0, captureId: 0, size: 0

ja2:1312139:1312139 [0] NCCL INFO mscclSetupProxy: no capture

ja2:1312139:1312139 [0] NCCL INFO MSCCL: Setup Kernel finished, smem 41280 needsFence 1
ja3:927685:927685 [0] NCCL INFO mscclGetCaptureStatus: 0, captureId: 0, size: 0

ja3:927685:927685 [0] NCCL INFO mscclSetupProxy: no capture

ja3:927685:927685 [0] NCCL INFO MSCCL: Setup Kernel finished, smem 41280 needsFence 1
ja4:2516836:2516836 [0] NCCL INFO mscclGetCaptureStatus: 0, captureId: 0, size: 0

ja4:2516836:2516836 [0] NCCL INFO mscclSetupProxy: no capture

ja4:2516836:2516836 [0] NCCL INFO MSCCL: Setup Kernel finished, smem 41280 needsFence 1
ja2:1312139:1312139 [0] NCCL INFO mscclGetCaptureStatus: 0, captureId: 0, size: 0

ja2:1312139:1312139 [0] NCCL INFO mscclSetupProxy: no capture

ja2:1312139:1312139 [0] NCCL INFO MSCCL: Setup Kernel finished, smem 41280 needsFence 1
ja2:1312139:1312139 [0] NCCL INFO mscclGetCaptureStatus: 0, captureId: 0, size: 0

ja2:1312139:1312139 [0] NCCL INFO mscclSetupProxy: no capture

ja2:1312139:1312139 [0] NCCL INFO MSCCL: Setup Kernel finished, smem 41280 needsFence 1
ja2:1312139:1312139 [0] NCCL INFO mscclGetCaptureStatus: 0, captureId: 0, size: 0

ja2:1312139:1312139 [0] NCCL INFO mscclSetupProxy: no capture

ja2:1312139:1312139 [0] NCCL INFO MSCCL: Setup Kernel finished, smem 41280 needsFence 1
ja2:1312139:1312139 [0] NCCL INFO mscclGetCaptureStatus: 0, captureId: 0, size: 0

ja2:1312139:1312139 [0] NCCL INFO mscclSetupProxy: no capture

ja2:1312139:1312139 [0] NCCL INFO MSCCL: Setup Kernel finished, smem 41280 needsFence 1
ja2:1312139:1312139 [0] NCCL INFO mscclGetCaptureStatus: 0, captureId: 0, size: 0

ja3:927685:927685 [0] NCCL INFO mscclGetCaptureStatus: 0, captureId: 0, size: 0

ja3:927685:927685 [0] NCCL INFO mscclSetupProxy: no capture

ja3:927685:927685 [0] NCCL INFO MSCCL: Setup Kernel finished, smem 41280 needsFence 1
ja3:927685:927685 [0] NCCL INFO mscclGetCaptureStatus: 0, captureId: 0, size: 0

ja3:927685:927685 [0] NCCL INFO mscclSetupProxy: no capture

ja3:927685:927685 [0] NCCL INFO MSCCL: Setup Kernel finished, smem 41280 needsFence 1
ja3:927685:927685 [0] NCCL INFO mscclGetCaptureStatus: 0, captureId: 0, size: 0

ja3:927685:927685 [0] NCCL INFO mscclSetupProxy: no capture

ja3:927685:927685 [0] NCCL INFO MSCCL: Setup Kernel finished, smem 41280 needsFence 1
ja3:927685:927685 [0] NCCL INFO mscclGetCaptureStatus: 0, captureId: 0, size: 0

ja3:927685:927685 [0] NCCL INFO mscclSetupProxy: no capture

ja3:927685:927685 [0] NCCL INFO MSCCL: Setup Kernel finished, smem 41280 needsFence 1
ja3:927685:927685 [0] NCCL INFO mscclGetCaptureStatus: 0, captureId: 0, size: 0

ja4:2516836:2516836 [0] NCCL INFO mscclGetCaptureStatus: 0, captureId: 0, size: 0

ja4:2516836:2516836 [0] NCCL INFO mscclSetupProxy: no capture

ja4:2516836:2516836 [0] NCCL INFO MSCCL: Setup Kernel finished, smem 41280 needsFence 1
ja4:2516836:2516836 [0] NCCL INFO mscclGetCaptureStatus: 0, captureId: 0, size: 0

ja4:2516836:2516836 [0] NCCL INFO mscclSetupProxy: no capture

ja4:2516836:2516836 [0] NCCL INFO MSCCL: Setup Kernel finished, smem 41280 needsFence 1
ja4:2516836:2516836 [0] NCCL INFO mscclGetCaptureStatus: 0, captureId: 0, size: 0

ja4:2516836:2516836 [0] NCCL INFO mscclSetupProxy: no capture

ja4:2516836:2516836 [0] NCCL INFO MSCCL: Setup Kernel finished, smem 41280 needsFence 1
ja4:2516836:2516836 [0] NCCL INFO mscclGetCaptureStatus: 0, captureId: 0, size: 0

ja4:2516836:2516836 [0] NCCL INFO mscclSetupProxy: no capture

ja4:2516836:2516836 [0] NCCL INFO MSCCL: Setup Kernel finished, smem 41280 needsFence 1
ja4:2516836:2516836 [0] NCCL INFO mscclGetCaptureStatus: 0, captureId: 0, size: 0

ja3:927685:927685 [0] NCCL INFO mscclSetupProxy: no capture

ja2:1312139:1312139 [0] NCCL INFO mscclSetupProxy: no capture

ja4:2516836:2516836 [0] NCCL INFO mscclSetupProxy: no capture

ja4:2516836:2516836 [0] NCCL INFO MSCCL: Setup Kernel finished, smem 41280 needsFence 1
ja4:2516836:2516836 [0] NCCL INFO mscclGetCaptureStatus: 0, captureId: 0, size: 0

ja4:2516836:2516836 [0] NCCL INFO mscclSetupProxy: no capture

ja4:2516836:2516836 [0] NCCL INFO MSCCL: Setup Kernel finished, smem 41280 needsFence 1
ja4:2516836:2516836 [0] NCCL INFO mscclGetCaptureStatus: 0, captureId: 0, size: 0

ja4:2516836:2516836 [0] NCCL INFO mscclSetupProxy: no capture

ja4:2516836:2516836 [0] NCCL INFO MSCCL: Setup Kernel finished, smem 41280 needsFence 1
ja4:2516836:2516836 [0] NCCL INFO mscclGetCaptureStatus: 0, captureId: 0, size: 0

ja4:2516836:2516836 [0] NCCL INFO mscclSetupProxy: no capture

ja4:2516836:2516836 [0] NCCL INFO MSCCL: Setup Kernel finished, smem 41280 needsFence 1
ja3:927685:927685 [0] NCCL INFO MSCCL: Setup Kernel finished, smem 41280 needsFence 1
ja3:927685:927685 [0] NCCL INFO mscclGetCaptureStatus: 0, captureId: 0, size: 0

ja3:927685:927685 [0] NCCL INFO mscclSetupProxy: no capture

ja3:927685:927685 [0] NCCL INFO MSCCL: Setup Kernel finished, smem 41280 needsFence 1
ja3:927685:927685 [0] NCCL INFO mscclGetCaptureStatus: 0, captureId: 0, size: 0

ja3:927685:927685 [0] NCCL INFO mscclSetupProxy: no capture

ja3:927685:927685 [0] NCCL INFO MSCCL: Setup Kernel finished, smem 41280 needsFence 1
ja3:927685:927685 [0] NCCL INFO mscclGetCaptureStatus: 0, captureId: 0, size: 0

ja3:927685:927685 [0] NCCL INFO mscclSetupProxy: no capture

ja3:927685:927685 [0] NCCL INFO MSCCL: Setup Kernel finished, smem 41280 needsFence 1
ja3:927685:927685 [0] NCCL INFO mscclGetCaptureStatus: 0, captureId: 0, size: 0

ja3:927685:927685 [0] NCCL INFO mscclSetupProxy: no capture

ja3:927685:927685 [0] NCCL INFO MSCCL: Setup Kernel finished, smem 41280 needsFence 1
ja2:1312139:1312139 [0] NCCL INFO MSCCL: Setup Kernel finished, smem 41280 needsFence 1
ja2:1312139:1312139 [0] NCCL INFO mscclGetCaptureStatus: 0, captureId: 0, size: 0

ja2:1312139:1312139 [0] NCCL INFO mscclSetupProxy: no capture

ja2:1312139:1312139 [0] NCCL INFO MSCCL: Setup Kernel finished, smem 41280 needsFence 1
ja2:1312139:1312139 [0] NCCL INFO mscclGetCaptureStatus: 0, captureId: 0, size: 0

ja2:1312139:1312139 [0] NCCL INFO mscclSetupProxy: no capture

ja2:1312139:1312139 [0] NCCL INFO MSCCL: Setup Kernel finished, smem 41280 needsFence 1
ja2:1312139:1312139 [0] NCCL INFO mscclGetCaptureStatus: 0, captureId: 0, size: 0

ja2:1312139:1312139 [0] NCCL INFO mscclSetupProxy: no capture

ja2:1312139:1312139 [0] NCCL INFO MSCCL: Setup Kernel finished, smem 41280 needsFence 1
ja2:1312139:1312139 [0] NCCL INFO mscclGetCaptureStatus: 0, captureId: 0, size: 0

ja2:1312139:1312139 [0] NCCL INFO mscclSetupProxy: no capture

ja4:2516836:2516836 [0] NCCL INFO mscclGetCaptureStatus: 0, captureId: 0, size: 0

ja4:2516836:2516836 [0] NCCL INFO mscclSetupProxy: no capture

ja4:2516836:2516836 [0] NCCL INFO MSCCL: Setup Kernel finished, smem 41280 needsFence 1
ja4:2516836:2516836 [0] NCCL INFO mscclGetCaptureStatus: 0, captureId: 0, size: 0

ja4:2516836:2516836 [0] NCCL INFO mscclSetupProxy: no capture

ja4:2516836:2516836 [0] NCCL INFO MSCCL: Setup Kernel finished, smem 41280 needsFence 1
ja4:2516836:2516836 [0] NCCL INFO mscclGetCaptureStatus: 0, captureId: 0, size: 0

ja4:2516836:2516836 [0] NCCL INFO mscclSetupProxy: no capture

ja4:2516836:2516836 [0] NCCL INFO MSCCL: Setup Kernel finished, smem 41280 needsFence 1
ja4:2516836:2516836 [0] NCCL INFO mscclGetCaptureStatus: 0, captureId: 0, size: 0

ja4:2516836:2516836 [0] NCCL INFO mscclSetupProxy: no capture

ja4:2516836:2516836 [0] NCCL INFO MSCCL: Setup Kernel finished, smem 41280 needsFence 1
ja4:2516836:2516836 [0] NCCL INFO mscclGetCaptureStatus: 0, captureId: 0, size: 0

ja3:927685:927685 [0] NCCL INFO mscclGetCaptureStatus: 0, captureId: 0, size: 0

ja3:927685:927685 [0] NCCL INFO mscclSetupProxy: no capture

ja3:927685:927685 [0] NCCL INFO MSCCL: Setup Kernel finished, smem 41280 needsFence 1
ja3:927685:927685 [0] NCCL INFO mscclGetCaptureStatus: 0, captureId: 0, size: 0

ja3:927685:927685 [0] NCCL INFO mscclSetupProxy: no capture

ja3:927685:927685 [0] NCCL INFO MSCCL: Setup Kernel finished, smem 41280 needsFence 1
ja3:927685:927685 [0] NCCL INFO mscclGetCaptureStatus: 0, captureId: 0, size: 0

ja3:927685:927685 [0] NCCL INFO mscclSetupProxy: no capture

ja3:927685:927685 [0] NCCL INFO MSCCL: Setup Kernel finished, smem 41280 needsFence 1
ja3:927685:927685 [0] NCCL INFO mscclGetCaptureStatus: 0, captureId: 0, size: 0

ja3:927685:927685 [0] NCCL INFO mscclSetupProxy: no capture

ja3:927685:927685 [0] NCCL INFO MSCCL: Setup Kernel finished, smem 41280 needsFence 1
ja3:927685:927685 [0] NCCL INFO mscclGetCaptureStatus: 0, captureId: 0, size: 0

ja2:1312139:1312139 [0] NCCL INFO MSCCL: Setup Kernel finished, smem 41280 needsFence 1
ja4:2516836:2516836 [0] NCCL INFO mscclSetupProxy: no capture

ja4:2516836:2516836 [0] NCCL INFO MSCCL: Setup Kernel finished, smem 41280 needsFence 1
ja3:927685:927685 [0] NCCL INFO mscclSetupProxy: no capture

ja2:1312139:1312139 [0] NCCL INFO mscclGetCaptureStatus: 0, captureId: 0, size: 0

ja2:1312139:1312139 [0] NCCL INFO mscclSetupProxy: no capture

ja2:1312139:1312139 [0] NCCL INFO MSCCL: Setup Kernel finished, smem 41280 needsFence 1
ja2:1312139:1312139 [0] NCCL INFO mscclGetCaptureStatus: 0, captureId: 0, size: 0

ja2:1312139:1312139 [0] NCCL INFO mscclSetupProxy: no capture

ja2:1312139:1312139 [0] NCCL INFO MSCCL: Setup Kernel finished, smem 41280 needsFence 1
ja2:1312139:1312139 [0] NCCL INFO mscclGetCaptureStatus: 0, captureId: 0, size: 0

ja2:1312139:1312139 [0] NCCL INFO mscclSetupProxy: no capture

ja2:1312139:1312139 [0] NCCL INFO MSCCL: Setup Kernel finished, smem 41280 needsFence 1
ja2:1312139:1312139 [0] NCCL INFO mscclGetCaptureStatus: 0, captureId: 0, size: 0

ja2:1312139:1312139 [0] NCCL INFO mscclSetupProxy: no capture

ja2:1312139:1312139 [0] NCCL INFO MSCCL: Setup Kernel finished, smem 41280 needsFence 1
ja2:1312139:1312139 [0] NCCL INFO mscclGetCaptureStatus: 0, captureId: 0, size: 0

ja4:2516836:2516836 [0] NCCL INFO mscclGetCaptureStatus: 0, captureId: 0, size: 0

ja4:2516836:2516836 [0] NCCL INFO mscclSetupProxy: no capture

ja4:2516836:2516836 [0] NCCL INFO MSCCL: Setup Kernel finished, smem 41280 needsFence 1
ja4:2516836:2516836 [0] NCCL INFO mscclGetCaptureStatus: 0, captureId: 0, size: 0

ja4:2516836:2516836 [0] NCCL INFO mscclSetupProxy: no capture

ja4:2516836:2516836 [0] NCCL INFO MSCCL: Setup Kernel finished, smem 41280 needsFence 1
ja4:2516836:2516836 [0] NCCL INFO mscclGetCaptureStatus: 0, captureId: 0, size: 0

ja4:2516836:2516836 [0] NCCL INFO mscclSetupProxy: no capture

ja4:2516836:2516836 [0] NCCL INFO MSCCL: Setup Kernel finished, smem 41280 needsFence 1
ja4:2516836:2516836 [0] NCCL INFO mscclGetCaptureStatus: 0, captureId: 0, size: 0

ja4:2516836:2516836 [0] NCCL INFO mscclSetupProxy: no capture

ja4:2516836:2516836 [0] NCCL INFO MSCCL: Setup Kernel finished, smem 41280 needsFence 1
ja4:2516836:2516836 [0] NCCL INFO mscclGetCaptureStatus: 0, captureId: 0, size: 0

ja3:927685:927685 [0] NCCL INFO MSCCL: Setup Kernel finished, smem 41280 needsFence 1
ja3:927685:927685 [0] NCCL INFO mscclGetCaptureStatus: 0, captureId: 0, size: 0

ja3:927685:927685 [0] NCCL INFO mscclSetupProxy: no capture

ja3:927685:927685 [0] NCCL INFO MSCCL: Setup Kernel finished, smem 41280 needsFence 1
ja3:927685:927685 [0] NCCL INFO mscclGetCaptureStatus: 0, captureId: 0, size: 0

ja3:927685:927685 [0] NCCL INFO mscclSetupProxy: no capture

ja3:927685:927685 [0] NCCL INFO MSCCL: Setup Kernel finished, smem 41280 needsFence 1
ja3:927685:927685 [0] NCCL INFO mscclGetCaptureStatus: 0, captureId: 0, size: 0

ja3:927685:927685 [0] NCCL INFO mscclSetupProxy: no capture

ja3:927685:927685 [0] NCCL INFO MSCCL: Setup Kernel finished, smem 41280 needsFence 1
ja3:927685:927685 [0] NCCL INFO mscclGetCaptureStatus: 0, captureId: 0, size: 0

ja3:927685:927685 [0] NCCL INFO mscclSetupProxy: no capture

ja3:927685:927685 [0] NCCL INFO MSCCL: Setup Kernel finished, smem 41280 needsFence 1
ja2:1312139:1312139 [0] NCCL INFO mscclSetupProxy: no capture

ja2:1312139:1312139 [0] NCCL INFO MSCCL: Setup Kernel finished, smem 41280 needsFence 1
ja2:1312139:1312139 [0] NCCL INFO mscclGetCaptureStatus: 0, captureId: 0, size: 0

ja2:1312139:1312139 [0] NCCL INFO mscclSetupProxy: no capture

ja2:1312139:1312139 [0] NCCL INFO MSCCL: Setup Kernel finished, smem 41280 needsFence 1
ja2:1312139:1312139 [0] NCCL INFO mscclGetCaptureStatus: 0, captureId: 0, size: 0

ja2:1312139:1312139 [0] NCCL INFO mscclSetupProxy: no capture

ja4:2516836:2516836 [0] NCCL INFO mscclSetupProxy: no capture

ja4:2516836:2516836 [0] NCCL INFO MSCCL: Setup Kernel finished, smem 41280 needsFence 1
ja3:927685:927685 [0] NCCL INFO mscclGetCaptureStatus: 0, captureId: 0, size: 0

ja3:927685:927685 [0] NCCL INFO mscclSetupProxy: no capture

ja3:927685:927685 [0] NCCL INFO MSCCL: Setup Kernel finished, smem 41280 needsFence 1
ja3:927685:927685 [0] NCCL INFO mscclGetCaptureStatus: 0, captureId: 0, size: 0

ja3:927685:927685 [0] NCCL INFO mscclSetupProxy: no capture

ja3:927685:927685 [0] NCCL INFO MSCCL: Setup Kernel finished, smem 41280 needsFence 1
ja2:1312139:1312139 [0] NCCL INFO MSCCL: Setup Kernel finished, smem 41280 needsFence 1
ja2:1312139:1312139 [0] NCCL INFO mscclGetCaptureStatus: 0, captureId: 0, size: 0

ja2:1312139:1312139 [0] NCCL INFO mscclSetupProxy: no capture

ja2:1312139:1312139 [0] NCCL INFO MSCCL: Setup Kernel finished, smem 41280 needsFence 1
ja2:1312139:1312139 [0] NCCL INFO mscclGetCaptureStatus: 0, captureId: 0, size: 0

ja2:1312139:1312139 [0] NCCL INFO mscclSetupProxy: no capture

ja2:1312139:1312139 [0] NCCL INFO MSCCL: Setup Kernel finished, smem 41280 needsFence 1
ja2:1312139:1312139 [0] NCCL INFO mscclGetCaptureStatus: 0, captureId: 0, size: 0

ja2:1312139:1312139 [0] NCCL INFO mscclSetupProxy: no capture

ja2:1312139:1312139 [0] NCCL INFO MSCCL: Setup Kernel finished, smem 41280 needsFence 1
ja2:1312139:1312139 [0] NCCL INFO mscclGetCaptureStatus: 0, captureId: 0, size: 0

ja2:1312139:1312139 [0] NCCL INFO mscclSetupProxy: no capture

ja4:2516836:2516836 [0] NCCL INFO mscclGetCaptureStatus: 0, captureId: 0, size: 0

ja4:2516836:2516836 [0] NCCL INFO mscclSetupProxy: no capture

ja4:2516836:2516836 [0] NCCL INFO MSCCL: Setup Kernel finished, smem 41280 needsFence 1
ja4:2516836:2516836 [0] NCCL INFO mscclGetCaptureStatus: 0, captureId: 0, size: 0

ja4:2516836:2516836 [0] NCCL INFO mscclSetupProxy: no capture

ja4:2516836:2516836 [0] NCCL INFO MSCCL: Setup Kernel finished, smem 41280 needsFence 1
ja2:1312139:1312139 [0] NCCL INFO MSCCL: Setup Kernel finished, smem 41280 needsFence 1
ja2:1312139:1312139 [0] NCCL INFO mscclGetCaptureStatus: 0, captureId: 0, size: 0

ja2:1312139:1312139 [0] NCCL INFO mscclSetupProxy: no capture

ja2:1312139:1312139 [0] NCCL INFO MSCCL: Setup Kernel finished, smem 41280 needsFence 1
ja3:927685:927685 [0] NCCL INFO mscclGetCaptureStatus: 0, captureId: 0, size: 0

ja3:927685:927685 [0] NCCL INFO mscclSetupProxy: no capture

ja3:927685:927685 [0] NCCL INFO MSCCL: Setup Kernel finished, smem 41280 needsFence 1
ja4:2516836:2516836 [0] NCCL INFO mscclGetCaptureStatus: 0, captureId: 0, size: 0

ja4:2516836:2516836 [0] NCCL INFO mscclSetupProxy: no capture

ja4:2516836:2516836 [0] NCCL INFO MSCCL: Setup Kernel finished, smem 41280 needsFence 1
    215.2    3.65    2.44      0
     1572864        131072     float    none      -1    204.4    7.69    5.13      0ja2:1312139:1312139 [0] NCCL INFO mscclGetCaptureStatus: 0, captureId: 0, size: 0

ja2:1312139:1312139 [0] NCCL INFO mscclSetupProxy: no capture

ja2:1312139:1312139 [0] NCCL INFO MSCCL: Setup Kernel finished, smem 41280 needsFence 1
ja4:2516836:2516836 [0] NCCL INFO mscclGetCaptureStatus: 0, captureId: 0, size: 0

ja4:2516836:2516836 [0] NCCL INFO mscclSetupProxy: no capture

ja4:2516836:2516836 [0] NCCL INFO MSCCL: Setup Kernel finished, smem 41280 needsFence 1
ja3:927685:927685 [0] NCCL INFO mscclGetCaptureStatus: 0, captureId: 0, size: 0

ja3:927685:927685 [0] NCCL INFO mscclSetupProxy: no capture

ja3:927685:927685 [0] NCCL INFO MSCCL: Setup Kernel finished, smem 41280 needsFence 1
ja2:1312139:1312139 [0] NCCL INFO mscclGetCaptureStatus: 0, captureId: 0, size: 0

ja2:1312139:1312139 [0] NCCL INFO mscclSetupProxy: no capture

ja2:1312139:1312139 [0] NCCL INFO MSCCL: Setup Kernel finished, smem 41280 needsFence 1
ja2:1312139:1312139 [0] NCCL INFO mscclGetCaptureStatus: 0, captureId: 0, size: 0

ja2:1312139:1312139 [0] NCCL INFO mscclSetupProxy: no capture

ja2:1312139:1312139 [0] NCCL INFO MSCCL: Setup Kernel finished, smem 41280 needsFence 1
ja2:1312139:1312139 [0] NCCL INFO mscclGetCaptureStatus: 0, captureId: 0, size: 0

ja2:1312139:1312139 [0] NCCL INFO mscclSetupProxy: no capture

ja2:1312139:1312139 [0] NCCL INFO MSCCL: Setup Kernel finished, smem 41280 needsFence 1
ja2:1312139:1312139 [0] NCCL INFO mscclGetCaptureStatus: 0, captureId: 0, size: 0

ja2:1312139:1312139 [0] NCCL INFO mscclSetupProxy: no capture

ja2:1312139:1312139 [0] NCCL INFO MSCCL: Setup Kernel finished, smem 41280 needsFence 1
ja2:1312139:1312139 [0] NCCL INFO mscclGetCaptureStatus: 0, captureId: 0, size: 0

ja3:927685:927685 [0] NCCL INFO mscclGetCaptureStatus: 0, captureId: 0, size: 0

ja3:927685:927685 [0] NCCL INFO mscclSetupProxy: no capture

ja3:927685:927685 [0] NCCL INFO MSCCL: Setup Kernel finished, smem 41280 needsFence 1
ja3:927685:927685 [0] NCCL INFO mscclGetCaptureStatus: 0, captureId: 0, size: 0

ja3:927685:927685 [0] NCCL INFO mscclSetupProxy: no capture

ja3:927685:927685 [0] NCCL INFO MSCCL: Setup Kernel finished, smem 41280 needsFence 1
ja3:927685:927685 [0] NCCL INFO mscclGetCaptureStatus: 0, captureId: 0, size: 0

ja3:927685:927685 [0] NCCL INFO mscclSetupProxy: no capture

ja3:927685:927685 [0] NCCL INFO MSCCL: Setup Kernel finished, smem 41280 needsFence 1
ja3:927685:927685 [0] NCCL INFO mscclGetCaptureStatus: 0, captureId: 0, size: 0

ja3:927685:927685 [0] NCCL INFO mscclSetupProxy: no capture

ja3:927685:927685 [0] NCCL INFO MSCCL: Setup Kernel finished, smem 41280 needsFence 1
ja3:927685:927685 [0] NCCL INFO mscclGetCaptureStatus: 0, captureId: 0, size: 0

ja4:2516836:2516836 [0] NCCL INFO mscclGetCaptureStatus: 0, captureId: 0, size: 0

ja4:2516836:2516836 [0] NCCL INFO mscclSetupProxy: no capture

ja4:2516836:2516836 [0] NCCL INFO MSCCL: Setup Kernel finished, smem 41280 needsFence 1
ja4:2516836:2516836 [0] NCCL INFO mscclGetCaptureStatus: 0, captureId: 0, size: 0

ja4:2516836:2516836 [0] NCCL INFO mscclSetupProxy: no capture

ja4:2516836:2516836 [0] NCCL INFO MSCCL: Setup Kernel finished, smem 41280 needsFence 1
ja4:2516836:2516836 [0] NCCL INFO mscclGetCaptureStatus: 0, captureId: 0, size: 0

ja4:2516836:2516836 [0] NCCL INFO mscclSetupProxy: no capture

ja4:2516836:2516836 [0] NCCL INFO MSCCL: Setup Kernel finished, smem 41280 needsFence 1
ja4:2516836:2516836 [0] NCCL INFO mscclGetCaptureStatus: 0, captureId: 0, size: 0

ja4:2516836:2516836 [0] NCCL INFO mscclSetupProxy: no capture

ja4:2516836:2516836 [0] NCCL INFO MSCCL: Setup Kernel finished, smem 41280 needsFence 1
ja4:2516836:2516836 [0] NCCL INFO mscclGetCaptureStatus: 0, captureId: 0, size: 0

ja3:927685:927685 [0] NCCL INFO mscclSetupProxy: no capture

ja3:927685:927685 [0] NCCL INFO MSCCL: Setup Kernel finished, smem 41280 needsFence 1
ja3:927685:927685 [0] NCCL INFO mscclGetCaptureStatus: 0, captureId: 0, size: 0

ja3:927685:927685 [0] NCCL INFO mscclSetupProxy: no capture

ja3:927685:927685 [0] NCCL INFO MSCCL: Setup Kernel finished, smem 41280 needsFence 1
ja3:927685:927685 [0] NCCL INFO mscclGetCaptureStatus: 0, captureId: 0, size: 0

ja3:927685:927685 [0] NCCL INFO mscclSetupProxy: no capture

ja3:927685:927685 [0] NCCL INFO MSCCL: Setup Kernel finished, smem 41280 needsFence 1
ja3:927685:927685 [0] NCCL INFO mscclGetCaptureStatus: 0, captureId: 0, size: 0

ja3:927685:927685 [0] NCCL INFO mscclSetupProxy: no capture

ja3:927685:927685 [0] NCCL INFO MSCCL: Setup Kernel finished, smem 41280 needsFence 1
ja2:1312139:1312139 [0] NCCL INFO mscclSetupProxy: no capture

ja2:1312139:1312139 [0] NCCL INFO MSCCL: Setup Kernel finished, smem 41280 needsFence 1
ja2:1312139:1312139 [0] NCCL INFO mscclGetCaptureStatus: 0, captureId: 0, size: 0

ja2:1312139:1312139 [0] NCCL INFO mscclSetupProxy: no capture

ja2:1312139:1312139 [0] NCCL INFO MSCCL: Setup Kernel finished, smem 41280 needsFence 1
ja2:1312139:1312139 [0] NCCL INFO mscclGetCaptureStatus: 0, captureId: 0, size: 0

ja2:1312139:1312139 [0] NCCL INFO mscclSetupProxy: no capture

ja2:1312139:1312139 [0] NCCL INFO MSCCL: Setup Kernel finished, smem 41280 needsFence 1
ja2:1312139:1312139 [0] NCCL INFO mscclGetCaptureStatus: 0, captureId: 0, size: 0

ja2:1312139:1312139 [0] NCCL INFO mscclSetupProxy: no capture

ja2:1312139:1312139 [0] NCCL INFO MSCCL: Setup Kernel finished, smem 41280 needsFence 1
ja4:2516836:2516836 [0] NCCL INFO mscclSetupProxy: no capture

ja4:2516836:2516836 [0] NCCL INFO MSCCL: Setup Kernel finished, smem 41280 needsFence 1
ja4:2516836:2516836 [0] NCCL INFO mscclGetCaptureStatus: 0, captureId: 0, size: 0

ja4:2516836:2516836 [0] NCCL INFO mscclSetupProxy: no capture

ja4:2516836:2516836 [0] NCCL INFO MSCCL: Setup Kernel finished, smem 41280 needsFence 1
ja4:2516836:2516836 [0] NCCL INFO mscclGetCaptureStatus: 0, captureId: 0, size: 0

ja4:2516836:2516836 [0] NCCL INFO mscclSetupProxy: no capture

ja4:2516836:2516836 [0] NCCL INFO MSCCL: Setup Kernel finished, smem 41280 needsFence 1
ja4:2516836:2516836 [0] NCCL INFO mscclGetCaptureStatus: 0, captureId: 0, size: 0

ja4:2516836:2516836 [0] NCCL INFO mscclSetupProxy: no capture

ja4:2516836:2516836 [0] NCCL INFO MSCCL: Setup Kernel finished, smem 41280 needsFence 1
ja3:927685:927685 [0] NCCL INFO mscclGetCaptureStatus: 0, captureId: 0, size: 0

ja3:927685:927685 [0] NCCL INFO mscclSetupProxy: no capture

ja3:927685:927685 [0] NCCL INFO MSCCL: Setup Kernel finished, smem 41280 needsFence 1
ja3:927685:927685 [0] NCCL INFO mscclGetCaptureStatus: 0, captureId: 0, size: 0

ja3:927685:927685 [0] NCCL INFO mscclSetupProxy: no capture

ja3:927685:927685 [0] NCCL INFO MSCCL: Setup Kernel finished, smem 41280 needsFence 1
ja3:927685:927685 [0] NCCL INFO mscclGetCaptureStatus: 0, captureId: 0, size: 0

ja3:927685:927685 [0] NCCL INFO mscclSetupProxy: no capture

ja3:927685:927685 [0] NCCL INFO MSCCL: Setup Kernel finished, smem 41280 needsFence 1
ja3:927685:927685 [0] NCCL INFO mscclGetCaptureStatus: 0, captureId: 0, size: 0

ja3:927685:927685 [0] NCCL INFO mscclSetupProxy: no capture

ja3:927685:927685 [0] NCCL INFO MSCCL: Setup Kernel finished, smem 41280 needsFence 1
ja3:927685:927685 [0] NCCL INFO mscclGetCaptureStatus: 0, captureId: 0, size: 0

ja2:1312139:1312139 [0] NCCL INFO mscclGetCaptureStatus: 0, captureId: 0, size: 0

ja2:1312139:1312139 [0] NCCL INFO mscclSetupProxy: no capture

ja2:1312139:1312139 [0] NCCL INFO MSCCL: Setup Kernel finished, smem 41280 needsFence 1
ja2:1312139:1312139 [0] NCCL INFO mscclGetCaptureStatus: 0, captureId: 0, size: 0

ja2:1312139:1312139 [0] NCCL INFO mscclSetupProxy: no capture

ja2:1312139:1312139 [0] NCCL INFO MSCCL: Setup Kernel finished, smem 41280 needsFence 1
ja2:1312139:1312139 [0] NCCL INFO mscclGetCaptureStatus: 0, captureId: 0, size: 0

ja2:1312139:1312139 [0] NCCL INFO mscclSetupProxy: no capture

ja2:1312139:1312139 [0] NCCL INFO MSCCL: Setup Kernel finished, smem 41280 needsFence 1
ja2:1312139:1312139 [0] NCCL INFO mscclGetCaptureStatus: 0, captureId: 0, size: 0

ja2:1312139:1312139 [0] NCCL INFO mscclSetupProxy: no capture

ja2:1312139:1312139 [0] NCCL INFO MSCCL: Setup Kernel finished, smem 41280 needsFence 1
ja2:1312139:1312139 [0] NCCL INFO mscclGetCaptureStatus: 0, captureId: 0, size: 0

ja4:2516836:2516836 [0] NCCL INFO mscclGetCaptureStatus: 0, captureId: 0, size: 0

ja4:2516836:2516836 [0] NCCL INFO mscclSetupProxy: no capture

ja4:2516836:2516836 [0] NCCL INFO MSCCL: Setup Kernel finished, smem 41280 needsFence 1
ja4:2516836:2516836 [0] NCCL INFO mscclGetCaptureStatus: 0, captureId: 0, size: 0

ja4:2516836:2516836 [0] NCCL INFO mscclSetupProxy: no capture

ja4:2516836:2516836 [0] NCCL INFO MSCCL: Setup Kernel finished, smem 41280 needsFence 1
ja4:2516836:2516836 [0] NCCL INFO mscclGetCaptureStatus: 0, captureId: 0, size: 0

ja4:2516836:2516836 [0] NCCL INFO mscclSetupProxy: no capture

ja4:2516836:2516836 [0] NCCL INFO MSCCL: Setup Kernel finished, smem 41280 needsFence 1
ja4:2516836:2516836 [0] NCCL INFO mscclGetCaptureStatus: 0, captureId: 0, size: 0

ja4:2516836:2516836 [0] NCCL INFO mscclSetupProxy: no capture

ja4:2516836:2516836 [0] NCCL INFO MSCCL: Setup Kernel finished, smem 41280 needsFence 1
ja4:2516836:2516836 [0] NCCL INFO mscclGetCaptureStatus: 0, captureId: 0, size: 0

ja3:927685:927685 [0] NCCL INFO mscclSetupProxy: no capture

ja3:927685:927685 [0] NCCL INFO MSCCL: Setup Kernel finished, smem 41280 needsFence 1
ja2:1312139:1312139 [0] NCCL INFO mscclSetupProxy: no capture

ja2:1312139:1312139 [0] NCCL INFO MSCCL: Setup Kernel finished, smem 41280 needsFence 1
ja2:1312139:1312139 [0] NCCL INFO mscclGetCaptureStatus: 0, captureId: 0, size: 0

ja2:1312139:1312139 [0] NCCL INFO mscclSetupProxy: no capture

ja2:1312139:1312139 [0] NCCL INFO MSCCL: Setup Kernel finished, smem 41280 needsFence 1
ja2:1312139:1312139 [0] NCCL INFO mscclGetCaptureStatus: 0, captureId: 0, size: 0

ja2:1312139:1312139 [0] NCCL INFO mscclSetupProxy: no capture

ja2:1312139:1312139 [0] NCCL INFO MSCCL: Setup Kernel finished, smem 41280 needsFence 1
ja4:2516836:2516836 [0] NCCL INFO mscclSetupProxy: no capture

ja4:2516836:2516836 [0] NCCL INFO MSCCL: Setup Kernel finished, smem 41280 needsFence 1
ja4:2516836:2516836 [0] NCCL INFO mscclGetCaptureStatus: 0, captureId: 0, size: 0

ja4:2516836:2516836 [0] NCCL INFO mscclSetupProxy: no capture

ja3:927685:927685 [0] NCCL INFO mscclGetCaptureStatus: 0, captureId: 0, size: 0

ja3:927685:927685 [0] NCCL INFO mscclSetupProxy: no capture

ja3:927685:927685 [0] NCCL INFO MSCCL: Setup Kernel finished, smem 41280 needsFence 1
ja3:927685:927685 [0] NCCL INFO mscclGetCaptureStatus: 0, captureId: 0, size: 0

ja3:927685:927685 [0] NCCL INFO mscclSetupProxy: no capture

ja3:927685:927685 [0] NCCL INFO MSCCL: Setup Kernel finished, smem 41280 needsFence 1
ja3:927685:927685 [0] NCCL INFO mscclGetCaptureStatus: 0, captureId: 0, size: 0

ja3:927685:927685 [0] NCCL INFO mscclSetupProxy: no capture

ja3:927685:927685 [0] NCCL INFO MSCCL: Setup Kernel finished, smem 41280 needsFence 1
ja3:927685:927685 [0] NCCL INFO mscclGetCaptureStatus: 0, captureId: 0, size: 0

ja3:927685:927685 [0] NCCL INFO mscclSetupProxy: no capture

ja3:927685:927685 [0] NCCL INFO MSCCL: Setup Kernel finished, smem 41280 needsFence 1
ja3:927685:927685 [0] NCCL INFO mscclGetCaptureStatus: 0, captureId: 0, size: 0

ja2:1312139:1312139 [0] NCCL INFO mscclGetCaptureStatus: 0, captureId: 0, size: 0

ja2:1312139:1312139 [0] NCCL INFO mscclSetupProxy: no capture

ja2:1312139:1312139 [0] NCCL INFO MSCCL: Setup Kernel finished, smem 41280 needsFence 1
ja2:1312139:1312139 [0] NCCL INFO mscclGetCaptureStatus: 0, captureId: 0, size: 0

ja2:1312139:1312139 [0] NCCL INFO mscclSetupProxy: no capture

ja2:1312139:1312139 [0] NCCL INFO MSCCL: Setup Kernel finished, smem 41280 needsFence 1
ja2:1312139:1312139 [0] NCCL INFO mscclGetCaptureStatus: 0, captureId: 0, size: 0

ja2:1312139:1312139 [0] NCCL INFO mscclSetupProxy: no capture

ja2:1312139:1312139 [0] NCCL INFO MSCCL: Setup Kernel finished, smem 41280 needsFence 1
ja2:1312139:1312139 [0] NCCL INFO mscclGetCaptureStatus: 0, captureId: 0, size: 0

ja2:1312139:1312139 [0] NCCL INFO mscclSetupProxy: no capture

ja2:1312139:1312139 [0] NCCL INFO MSCCL: Setup Kernel finished, smem 41280 needsFence 1
ja2:1312139:1312139 [0] NCCL INFO mscclGetCaptureStatus: 0, captureId: 0, size: 0

ja4:2516836:2516836 [0] NCCL INFO MSCCL: Setup Kernel finished, smem 41280 needsFence 1
ja4:2516836:2516836 [0] NCCL INFO mscclGetCaptureStatus: 0, captureId: 0, size: 0

ja4:2516836:2516836 [0] NCCL INFO mscclSetupProxy: no capture

ja4:2516836:2516836 [0] NCCL INFO MSCCL: Setup Kernel finished, smem 41280 needsFence 1
ja4:2516836:2516836 [0] NCCL INFO mscclGetCaptureStatus: 0, captureId: 0, size: 0

ja4:2516836:2516836 [0] NCCL INFO mscclSetupProxy: no capture

ja4:2516836:2516836 [0] NCCL INFO MSCCL: Setup Kernel finished, smem 41280 needsFence 1
ja4:2516836:2516836 [0] NCCL INFO mscclGetCaptureStatus: 0, captureId: 0, size: 0

ja4:2516836:2516836 [0] NCCL INFO mscclSetupProxy: no capture

ja4:2516836:2516836 [0] NCCL INFO MSCCL: Setup Kernel finished, smem 41280 needsFence 1
ja4:2516836:2516836 [0] NCCL INFO mscclGetCaptureStatus: 0, captureId: 0, size: 0

ja4:2516836:2516836 [0] NCCL INFO mscclSetupProxy: no capture

ja3:927685:927685 [0] NCCL INFO mscclSetupProxy: no capture

ja2:1312139:1312139 [0] NCCL INFO mscclSetupProxy: no capture

ja2:1312139:1312139 [0] NCCL INFO MSCCL: Setup Kernel finished, smem 41280 needsFence 1
ja4:2516836:2516836 [0] NCCL INFO MSCCL: Setup Kernel finished, smem 41280 needsFence 1
ja4:2516836:2516836 [0] NCCL INFO mscclGetCaptureStatus: 0, captureId: 0, size: 0

ja4:2516836:2516836 [0] NCCL INFO mscclSetupProxy: no capture

ja3:927685:927685 [0] NCCL INFO MSCCL: Setup Kernel finished, smem 41280 needsFence 1
ja3:927685:927685 [0] NCCL INFO mscclGetCaptureStatus: 0, captureId: 0, size: 0

ja3:927685:927685 [0] NCCL INFO mscclSetupProxy: no capture

ja3:927685:927685 [0] NCCL INFO MSCCL: Setup Kernel finished, smem 41280 needsFence 1
ja3:927685:927685 [0] NCCL INFO mscclGetCaptureStatus: 0, captureId: 0, size: 0

ja3:927685:927685 [0] NCCL INFO mscclSetupProxy: no capture

ja3:927685:927685 [0] NCCL INFO MSCCL: Setup Kernel finished, smem 41280 needsFence 1
ja4:2516836:2516836 [0] NCCL INFO MSCCL: Setup Kernel finished, smem 41280 needsFence 1
ja4:2516836:2516836 [0] NCCL INFO mscclGetCaptureStatus: 0, captureId: 0, size: 0

ja4:2516836:2516836 [0] NCCL INFO mscclSetupProxy: no capture

ja4:2516836:2516836 [0] NCCL INFO MSCCL: Setup Kernel finished, smem 41280 needsFence 1
ja3:927685:927685 [0] NCCL INFO mscclGetCaptureStatus: 0, captureId: 0, size: 0

ja3:927685:927685 [0] NCCL INFO mscclSetupProxy: no capture

ja3:927685:927685 [0] NCCL INFO MSCCL: Setup Kernel finished, smem 41280 needsFence 1
ja4:2516836:2516836 [0] NCCL INFO mscclGetCaptureStatus: 0, captureId: 0, size: 0

ja4:2516836:2516836 [0] NCCL INFO mscclSetupProxy: no capture

ja4:2516836:2516836 [0] NCCL INFO MSCCL: Setup Kernel finished, smem 41280 needsFence 1
ja2:1312139:1312139 [0] NCCL INFO mscclGetCaptureStatus: 0, captureId: 0, size: 0

ja2:1312139:1312139 [0] NCCL INFO mscclSetupProxy: no capture

ja2:1312139:1312139 [0] NCCL INFO MSCCL: Setup Kernel finished, smem 41280 needsFence 1
    367.0    4.29    2.86      0
     3145728        262144     float    none      -1    374.0    8.41    5.61      0ja2:1312139:1312139 [0] NCCL INFO mscclGetCaptureStatus: 0, captureId: 0, size: 0

ja2:1312139:1312139 [0] NCCL INFO mscclSetupProxy: no capture

ja2:1312139:1312139 [0] NCCL INFO MSCCL: Setup Kernel finished, smem 41280 needsFence 1
ja4:2516836:2516836 [0] NCCL INFO mscclGetCaptureStatus: 0, captureId: 0, size: 0

ja4:2516836:2516836 [0] NCCL INFO mscclSetupProxy: no capture

ja4:2516836:2516836 [0] NCCL INFO MSCCL: Setup Kernel finished, smem 41280 needsFence 1
ja3:927685:927685 [0] NCCL INFO mscclGetCaptureStatus: 0, captureId: 0, size: 0

ja3:927685:927685 [0] NCCL INFO mscclSetupProxy: no capture

ja3:927685:927685 [0] NCCL INFO MSCCL: Setup Kernel finished, smem 41280 needsFence 1
ja2:1312139:1312139 [0] NCCL INFO mscclGetCaptureStatus: 0, captureId: 0, size: 0

ja2:1312139:1312139 [0] NCCL INFO mscclSetupProxy: no capture

ja2:1312139:1312139 [0] NCCL INFO MSCCL: Setup Kernel finished, smem 41280 needsFence 1
ja2:1312139:1312139 [0] NCCL INFO mscclGetCaptureStatus: 0, captureId: 0, size: 0

ja2:1312139:1312139 [0] NCCL INFO mscclSetupProxy: no capture

ja2:1312139:1312139 [0] NCCL INFO MSCCL: Setup Kernel finished, smem 41280 needsFence 1
ja2:1312139:1312139 [0] NCCL INFO mscclGetCaptureStatus: 0, captureId: 0, size: 0

ja2:1312139:1312139 [0] NCCL INFO mscclSetupProxy: no capture

ja2:1312139:1312139 [0] NCCL INFO MSCCL: Setup Kernel finished, smem 41280 needsFence 1
ja2:1312139:1312139 [0] NCCL INFO mscclGetCaptureStatus: 0, captureId: 0, size: 0

ja2:1312139:1312139 [0] NCCL INFO mscclSetupProxy: no capture

ja2:1312139:1312139 [0] NCCL INFO MSCCL: Setup Kernel finished, smem 41280 needsFence 1
ja2:1312139:1312139 [0] NCCL INFO mscclGetCaptureStatus: 0, captureId: 0, size: 0

ja4:2516836:2516836 [0] NCCL INFO mscclGetCaptureStatus: 0, captureId: 0, size: 0

ja4:2516836:2516836 [0] NCCL INFO mscclSetupProxy: no capture

ja4:2516836:2516836 [0] NCCL INFO MSCCL: Setup Kernel finished, smem 41280 needsFence 1
ja4:2516836:2516836 [0] NCCL INFO mscclGetCaptureStatus: 0, captureId: 0, size: 0

ja4:2516836:2516836 [0] NCCL INFO mscclSetupProxy: no capture

ja4:2516836:2516836 [0] NCCL INFO MSCCL: Setup Kernel finished, smem 41280 needsFence 1
ja4:2516836:2516836 [0] NCCL INFO mscclGetCaptureStatus: 0, captureId: 0, size: 0

ja4:2516836:2516836 [0] NCCL INFO mscclSetupProxy: no capture

ja4:2516836:2516836 [0] NCCL INFO MSCCL: Setup Kernel finished, smem 41280 needsFence 1
ja4:2516836:2516836 [0] NCCL INFO mscclGetCaptureStatus: 0, captureId: 0, size: 0

ja4:2516836:2516836 [0] NCCL INFO mscclSetupProxy: no capture

ja4:2516836:2516836 [0] NCCL INFO MSCCL: Setup Kernel finished, smem 41280 needsFence 1
ja4:2516836:2516836 [0] NCCL INFO mscclGetCaptureStatus: 0, captureId: 0, size: 0

ja3:927685:927685 [0] NCCL INFO mscclGetCaptureStatus: 0, captureId: 0, size: 0

ja3:927685:927685 [0] NCCL INFO mscclSetupProxy: no capture

ja3:927685:927685 [0] NCCL INFO MSCCL: Setup Kernel finished, smem 41280 needsFence 1
ja3:927685:927685 [0] NCCL INFO mscclGetCaptureStatus: 0, captureId: 0, size: 0

ja3:927685:927685 [0] NCCL INFO mscclSetupProxy: no capture

ja3:927685:927685 [0] NCCL INFO MSCCL: Setup Kernel finished, smem 41280 needsFence 1
ja3:927685:927685 [0] NCCL INFO mscclGetCaptureStatus: 0, captureId: 0, size: 0

ja3:927685:927685 [0] NCCL INFO mscclSetupProxy: no capture

ja3:927685:927685 [0] NCCL INFO MSCCL: Setup Kernel finished, smem 41280 needsFence 1
ja3:927685:927685 [0] NCCL INFO mscclGetCaptureStatus: 0, captureId: 0, size: 0

ja3:927685:927685 [0] NCCL INFO mscclSetupProxy: no capture

ja3:927685:927685 [0] NCCL INFO MSCCL: Setup Kernel finished, smem 41280 needsFence 1
ja3:927685:927685 [0] NCCL INFO mscclGetCaptureStatus: 0, captureId: 0, size: 0

ja2:1312139:1312139 [0] NCCL INFO mscclSetupProxy: no capture

ja4:2516836:2516836 [0] NCCL INFO mscclSetupProxy: no capture

ja4:2516836:2516836 [0] NCCL INFO MSCCL: Setup Kernel finished, smem 41280 needsFence 1
ja3:927685:927685 [0] NCCL INFO mscclSetupProxy: no capture

ja2:1312139:1312139 [0] NCCL INFO MSCCL: Setup Kernel finished, smem 41280 needsFence 1
ja2:1312139:1312139 [0] NCCL INFO mscclGetCaptureStatus: 0, captureId: 0, size: 0

ja2:1312139:1312139 [0] NCCL INFO mscclSetupProxy: no capture

ja2:1312139:1312139 [0] NCCL INFO MSCCL: Setup Kernel finished, smem 41280 needsFence 1
ja2:1312139:1312139 [0] NCCL INFO mscclGetCaptureStatus: 0, captureId: 0, size: 0

ja2:1312139:1312139 [0] NCCL INFO mscclSetupProxy: no capture

ja2:1312139:1312139 [0] NCCL INFO MSCCL: Setup Kernel finished, smem 41280 needsFence 1
ja2:1312139:1312139 [0] NCCL INFO mscclGetCaptureStatus: 0, captureId: 0, size: 0

ja2:1312139:1312139 [0] NCCL INFO mscclSetupProxy: no capture

ja2:1312139:1312139 [0] NCCL INFO MSCCL: Setup Kernel finished, smem 41280 needsFence 1
ja2:1312139:1312139 [0] NCCL INFO mscclGetCaptureStatus: 0, captureId: 0, size: 0

ja2:1312139:1312139 [0] NCCL INFO mscclSetupProxy: no capture

ja4:2516836:2516836 [0] NCCL INFO mscclGetCaptureStatus: 0, captureId: 0, size: 0

ja4:2516836:2516836 [0] NCCL INFO mscclSetupProxy: no capture

ja4:2516836:2516836 [0] NCCL INFO MSCCL: Setup Kernel finished, smem 41280 needsFence 1
ja4:2516836:2516836 [0] NCCL INFO mscclGetCaptureStatus: 0, captureId: 0, size: 0

ja4:2516836:2516836 [0] NCCL INFO mscclSetupProxy: no capture

ja4:2516836:2516836 [0] NCCL INFO MSCCL: Setup Kernel finished, smem 41280 needsFence 1
ja4:2516836:2516836 [0] NCCL INFO mscclGetCaptureStatus: 0, captureId: 0, size: 0

ja4:2516836:2516836 [0] NCCL INFO mscclSetupProxy: no capture

ja4:2516836:2516836 [0] NCCL INFO MSCCL: Setup Kernel finished, smem 41280 needsFence 1
ja4:2516836:2516836 [0] NCCL INFO mscclGetCaptureStatus: 0, captureId: 0, size: 0

ja4:2516836:2516836 [0] NCCL INFO mscclSetupProxy: no capture

ja3:927685:927685 [0] NCCL INFO MSCCL: Setup Kernel finished, smem 41280 needsFence 1
ja3:927685:927685 [0] NCCL INFO mscclGetCaptureStatus: 0, captureId: 0, size: 0

ja3:927685:927685 [0] NCCL INFO mscclSetupProxy: no capture

ja3:927685:927685 [0] NCCL INFO MSCCL: Setup Kernel finished, smem 41280 needsFence 1
ja3:927685:927685 [0] NCCL INFO mscclGetCaptureStatus: 0, captureId: 0, size: 0

ja3:927685:927685 [0] NCCL INFO mscclSetupProxy: no capture

ja3:927685:927685 [0] NCCL INFO MSCCL: Setup Kernel finished, smem 41280 needsFence 1
ja3:927685:927685 [0] NCCL INFO mscclGetCaptureStatus: 0, captureId: 0, size: 0

ja3:927685:927685 [0] NCCL INFO mscclSetupProxy: no capture

ja3:927685:927685 [0] NCCL INFO MSCCL: Setup Kernel finished, smem 41280 needsFence 1
ja3:927685:927685 [0] NCCL INFO mscclGetCaptureStatus: 0, captureId: 0, size: 0

ja3:927685:927685 [0] NCCL INFO mscclSetupProxy: no capture

ja3:927685:927685 [0] NCCL INFO MSCCL: Setup Kernel finished, smem 41280 needsFence 1
ja2:1312139:1312139 [0] NCCL INFO MSCCL: Setup Kernel finished, smem 41280 needsFence 1
ja4:2516836:2516836 [0] NCCL INFO MSCCL: Setup Kernel finished, smem 41280 needsFence 1
ja4:2516836:2516836 [0] NCCL INFO mscclGetCaptureStatus: 0, captureId: 0, size: 0

ja4:2516836:2516836 [0] NCCL INFO mscclSetupProxy: no capture

ja4:2516836:2516836 [0] NCCL INFO MSCCL: Setup Kernel finished, smem 41280 needsFence 1
ja4:2516836:2516836 [0] NCCL INFO mscclGetCaptureStatus: 0, captureId: 0, size: 0

ja4:2516836:2516836 [0] NCCL INFO mscclSetupProxy: no capture

ja4:2516836:2516836 [0] NCCL INFO MSCCL: Setup Kernel finished, smem 41280 needsFence 1
ja4:2516836:2516836 [0] NCCL INFO mscclGetCaptureStatus: 0, captureId: 0, size: 0

ja4:2516836:2516836 [0] NCCL INFO mscclSetupProxy: no capture

ja4:2516836:2516836 [0] NCCL INFO MSCCL: Setup Kernel finished, smem 41280 needsFence 1
ja4:2516836:2516836 [0] NCCL INFO mscclGetCaptureStatus: 0, captureId: 0, size: 0

ja4:2516836:2516836 [0] NCCL INFO mscclSetupProxy: no capture

ja3:927685:927685 [0] NCCL INFO mscclGetCaptureStatus: 0, captureId: 0, size: 0

ja3:927685:927685 [0] NCCL INFO mscclSetupProxy: no capture

ja3:927685:927685 [0] NCCL INFO MSCCL: Setup Kernel finished, smem 41280 needsFence 1
ja3:927685:927685 [0] NCCL INFO mscclGetCaptureStatus: 0, captureId: 0, size: 0

ja3:927685:927685 [0] NCCL INFO mscclSetupProxy: no capture

ja3:927685:927685 [0] NCCL INFO MSCCL: Setup Kernel finished, smem 41280 needsFence 1
ja3:927685:927685 [0] NCCL INFO mscclGetCaptureStatus: 0, captureId: 0, size: 0

ja3:927685:927685 [0] NCCL INFO mscclSetupProxy: no capture

ja3:927685:927685 [0] NCCL INFO MSCCL: Setup Kernel finished, smem 41280 needsFence 1
ja3:927685:927685 [0] NCCL INFO mscclGetCaptureStatus: 0, captureId: 0, size: 0

ja3:927685:927685 [0] NCCL INFO mscclSetupProxy: no capture

ja3:927685:927685 [0] NCCL INFO MSCCL: Setup Kernel finished, smem 41280 needsFence 1
ja3:927685:927685 [0] NCCL INFO mscclGetCaptureStatus: 0, captureId: 0, size: 0

ja2:1312139:1312139 [0] NCCL INFO mscclGetCaptureStatus: 0, captureId: 0, size: 0

ja2:1312139:1312139 [0] NCCL INFO mscclSetupProxy: no capture

ja2:1312139:1312139 [0] NCCL INFO MSCCL: Setup Kernel finished, smem 41280 needsFence 1
ja2:1312139:1312139 [0] NCCL INFO mscclGetCaptureStatus: 0, captureId: 0, size: 0

ja2:1312139:1312139 [0] NCCL INFO mscclSetupProxy: no capture

ja2:1312139:1312139 [0] NCCL INFO MSCCL: Setup Kernel finished, smem 41280 needsFence 1
ja2:1312139:1312139 [0] NCCL INFO mscclGetCaptureStatus: 0, captureId: 0, size: 0

ja2:1312139:1312139 [0] NCCL INFO mscclSetupProxy: no capture

ja2:1312139:1312139 [0] NCCL INFO MSCCL: Setup Kernel finished, smem 41280 needsFence 1
ja2:1312139:1312139 [0] NCCL INFO mscclGetCaptureStatus: 0, captureId: 0, size: 0

ja2:1312139:1312139 [0] NCCL INFO mscclSetupProxy: no capture

ja2:1312139:1312139 [0] NCCL INFO MSCCL: Setup Kernel finished, smem 41280 needsFence 1
ja2:1312139:1312139 [0] NCCL INFO mscclGetCaptureStatus: 0, captureId: 0, size: 0

ja4:2516836:2516836 [0] NCCL INFO MSCCL: Setup Kernel finished, smem 41280 needsFence 1
ja4:2516836:2516836 [0] NCCL INFO mscclGetCaptureStatus: 0, captureId: 0, size: 0

ja4:2516836:2516836 [0] NCCL INFO mscclSetupProxy: no capture

ja4:2516836:2516836 [0] NCCL INFO MSCCL: Setup Kernel finished, smem 41280 needsFence 1
ja3:927685:927685 [0] NCCL INFO mscclSetupProxy: no capture

ja3:927685:927685 [0] NCCL INFO MSCCL: Setup Kernel finished, smem 41280 needsFence 1
ja3:927685:927685 [0] NCCL INFO mscclGetCaptureStatus: 0, captureId: 0, size: 0

ja2:1312139:1312139 [0] NCCL INFO mscclSetupProxy: no capture

ja2:1312139:1312139 [0] NCCL INFO MSCCL: Setup Kernel finished, smem 41280 needsFence 1
ja2:1312139:1312139 [0] NCCL INFO mscclGetCaptureStatus: 0, captureId: 0, size: 0

ja2:1312139:1312139 [0] NCCL INFO mscclSetupProxy: no capture

ja2:1312139:1312139 [0] NCCL INFO MSCCL: Setup Kernel finished, smem 41280 needsFence 1
ja2:1312139:1312139 [0] NCCL INFO mscclGetCaptureStatus: 0, captureId: 0, size: 0

ja2:1312139:1312139 [0] NCCL INFO mscclSetupProxy: no capture

ja2:1312139:1312139 [0] NCCL INFO MSCCL: Setup Kernel finished, smem 41280 needsFence 1
ja4:2516836:2516836 [0] NCCL INFO mscclGetCaptureStatus: 0, captureId: 0, size: 0

ja4:2516836:2516836 [0] NCCL INFO mscclSetupProxy: no capture

ja4:2516836:2516836 [0] NCCL INFO MSCCL: Setup Kernel finished, smem 41280 needsFence 1
ja4:2516836:2516836 [0] NCCL INFO mscclGetCaptureStatus: 0, captureId: 0, size: 0

ja4:2516836:2516836 [0] NCCL INFO mscclSetupProxy: no capture

ja4:2516836:2516836 [0] NCCL INFO MSCCL: Setup Kernel finished, smem 41280 needsFence 1
ja4:2516836:2516836 [0] NCCL INFO mscclGetCaptureStatus: 0, captureId: 0, size: 0

ja4:2516836:2516836 [0] NCCL INFO mscclSetupProxy: no capture

ja4:2516836:2516836 [0] NCCL INFO MSCCL: Setup Kernel finished, smem 41280 needsFence 1
ja4:2516836:2516836 [0] NCCL INFO mscclGetCaptureStatus: 0, captureId: 0, size: 0

ja4:2516836:2516836 [0] NCCL INFO mscclSetupProxy: no capture

ja4:2516836:2516836 [0] NCCL INFO MSCCL: Setup Kernel finished, smem 41280 needsFence 1
ja4:2516836:2516836 [0] NCCL INFO mscclGetCaptureStatus: 0, captureId: 0, size: 0

ja3:927685:927685 [0] NCCL INFO mscclSetupProxy: no capture

ja3:927685:927685 [0] NCCL INFO MSCCL: Setup Kernel finished, smem 41280 needsFence 1
ja3:927685:927685 [0] NCCL INFO mscclGetCaptureStatus: 0, captureId: 0, size: 0

ja3:927685:927685 [0] NCCL INFO mscclSetupProxy: no capture

ja3:927685:927685 [0] NCCL INFO MSCCL: Setup Kernel finished, smem 41280 needsFence 1
ja3:927685:927685 [0] NCCL INFO mscclGetCaptureStatus: 0, captureId: 0, size: 0

ja3:927685:927685 [0] NCCL INFO mscclSetupProxy: no capture

ja3:927685:927685 [0] NCCL INFO MSCCL: Setup Kernel finished, smem 41280 needsFence 1
ja3:927685:927685 [0] NCCL INFO mscclGetCaptureStatus: 0, captureId: 0, size: 0

ja3:927685:927685 [0] NCCL INFO mscclSetupProxy: no capture

ja3:927685:927685 [0] NCCL INFO MSCCL: Setup Kernel finished, smem 41280 needsFence 1
ja3:927685:927685 [0] NCCL INFO mscclGetCaptureStatus: 0, captureId: 0, size: 0

ja3:927685:927685 [0] NCCL INFO mscclSetupProxy: no capture

ja2:1312139:1312139 [0] NCCL INFO mscclGetCaptureStatus: 0, captureId: 0, size: 0

ja2:1312139:1312139 [0] NCCL INFO mscclSetupProxy: no capture

ja2:1312139:1312139 [0] NCCL INFO MSCCL: Setup Kernel finished, smem 41280 needsFence 1
ja2:1312139:1312139 [0] NCCL INFO mscclGetCaptureStatus: 0, captureId: 0, size: 0

ja2:1312139:1312139 [0] NCCL INFO mscclSetupProxy: no capture

ja2:1312139:1312139 [0] NCCL INFO MSCCL: Setup Kernel finished, smem 41280 needsFence 1
ja2:1312139:1312139 [0] NCCL INFO mscclGetCaptureStatus: 0, captureId: 0, size: 0

ja2:1312139:1312139 [0] NCCL INFO mscclSetupProxy: no capture

ja2:1312139:1312139 [0] NCCL INFO MSCCL: Setup Kernel finished, smem 41280 needsFence 1
ja2:1312139:1312139 [0] NCCL INFO mscclGetCaptureStatus: 0, captureId: 0, size: 0

ja2:1312139:1312139 [0] NCCL INFO mscclSetupProxy: no capture

ja2:1312139:1312139 [0] NCCL INFO MSCCL: Setup Kernel finished, smem 41280 needsFence 1
ja4:2516836:2516836 [0] NCCL INFO mscclSetupProxy: no capture

ja4:2516836:2516836 [0] NCCL INFO MSCCL: Setup Kernel finished, smem 41280 needsFence 1
ja4:2516836:2516836 [0] NCCL INFO mscclGetCaptureStatus: 0, captureId: 0, size: 0

ja3:927685:927685 [0] NCCL INFO MSCCL: Setup Kernel finished, smem 41280 needsFence 1
ja4:2516836:2516836 [0] NCCL INFO mscclSetupProxy: no capture

ja4:2516836:2516836 [0] NCCL INFO MSCCL: Setup Kernel finished, smem 41280 needsFence 1
ja3:927685:927685 [0] NCCL INFO mscclGetCaptureStatus: 0, captureId: 0, size: 0

ja3:927685:927685 [0] NCCL INFO mscclSetupProxy: no capture

ja3:927685:927685 [0] NCCL INFO MSCCL: Setup Kernel finished, smem 41280 needsFence 1
ja2:1312139:1312139 [0] NCCL INFO mscclGetCaptureStatus: 0, captureId: 0, size: 0

ja2:1312139:1312139 [0] NCCL INFO mscclSetupProxy: no capture

ja2:1312139:1312139 [0] NCCL INFO MSCCL: Setup Kernel finished, smem 41280 needsFence 1
ja4:2516836:2516836 [0] NCCL INFO mscclGetCaptureStatus: 0, captureId: 0, size: 0

ja4:2516836:2516836 [0] NCCL INFO mscclSetupProxy: no capture

ja4:2516836:2516836 [0] NCCL INFO MSCCL: Setup Kernel finished, smem 41280 needsFence 1
ja3:927685:927685 [0] NCCL INFO mscclGetCaptureStatus: 0, captureId: 0, size: 0

ja3:927685:927685 [0] NCCL INFO mscclSetupProxy: no capture

ja3:927685:927685 [0] NCCL INFO MSCCL: Setup Kernel finished, smem 41280 needsFence 1
    460.2    6.84    4.56      0
     6291456        524288     float    none      -1    575.1   10.94    7.29      0ja2:1312139:1312139 [0] NCCL INFO mscclGetCaptureStatus: 0, captureId: 0, size: 0

ja2:1312139:1312139 [0] NCCL INFO mscclSetupProxy: no capture

ja2:1312139:1312139 [0] NCCL INFO MSCCL: Setup Kernel finished, smem 41280 needsFence 1
ja4:2516836:2516836 [0] NCCL INFO mscclGetCaptureStatus: 0, captureId: 0, size: 0

ja4:2516836:2516836 [0] NCCL INFO mscclSetupProxy: no capture

ja4:2516836:2516836 [0] NCCL INFO MSCCL: Setup Kernel finished, smem 41280 needsFence 1
ja3:927685:927685 [0] NCCL INFO mscclGetCaptureStatus: 0, captureId: 0, size: 0

ja3:927685:927685 [0] NCCL INFO mscclSetupProxy: no capture

ja3:927685:927685 [0] NCCL INFO MSCCL: Setup Kernel finished, smem 41280 needsFence 1
ja2:1312139:1312139 [0] NCCL INFO mscclGetCaptureStatus: 0, captureId: 0, size: 0

ja2:1312139:1312139 [0] NCCL INFO mscclSetupProxy: no capture

ja2:1312139:1312139 [0] NCCL INFO MSCCL: Setup Kernel finished, smem 41280 needsFence 1
ja2:1312139:1312139 [0] NCCL INFO mscclGetCaptureStatus: 0, captureId: 0, size: 0

ja2:1312139:1312139 [0] NCCL INFO mscclSetupProxy: no capture

ja2:1312139:1312139 [0] NCCL INFO MSCCL: Setup Kernel finished, smem 41280 needsFence 1
ja2:1312139:1312139 [0] NCCL INFO mscclGetCaptureStatus: 0, captureId: 0, size: 0

ja2:1312139:1312139 [0] NCCL INFO mscclSetupProxy: no capture

ja2:1312139:1312139 [0] NCCL INFO MSCCL: Setup Kernel finished, smem 41280 needsFence 1
ja2:1312139:1312139 [0] NCCL INFO mscclGetCaptureStatus: 0, captureId: 0, size: 0

ja2:1312139:1312139 [0] NCCL INFO mscclSetupProxy: no capture

ja2:1312139:1312139 [0] NCCL INFO MSCCL: Setup Kernel finished, smem 41280 needsFence 1
ja2:1312139:1312139 [0] NCCL INFO mscclGetCaptureStatus: 0, captureId: 0, size: 0

ja4:2516836:2516836 [0] NCCL INFO mscclGetCaptureStatus: 0, captureId: 0, size: 0

ja4:2516836:2516836 [0] NCCL INFO mscclSetupProxy: no capture

ja4:2516836:2516836 [0] NCCL INFO MSCCL: Setup Kernel finished, smem 41280 needsFence 1
ja4:2516836:2516836 [0] NCCL INFO mscclGetCaptureStatus: 0, captureId: 0, size: 0

ja4:2516836:2516836 [0] NCCL INFO mscclSetupProxy: no capture

ja4:2516836:2516836 [0] NCCL INFO MSCCL: Setup Kernel finished, smem 41280 needsFence 1
ja4:2516836:2516836 [0] NCCL INFO mscclGetCaptureStatus: 0, captureId: 0, size: 0

ja4:2516836:2516836 [0] NCCL INFO mscclSetupProxy: no capture

ja4:2516836:2516836 [0] NCCL INFO MSCCL: Setup Kernel finished, smem 41280 needsFence 1
ja4:2516836:2516836 [0] NCCL INFO mscclGetCaptureStatus: 0, captureId: 0, size: 0

ja4:2516836:2516836 [0] NCCL INFO mscclSetupProxy: no capture

ja4:2516836:2516836 [0] NCCL INFO MSCCL: Setup Kernel finished, smem 41280 needsFence 1
ja4:2516836:2516836 [0] NCCL INFO mscclGetCaptureStatus: 0, captureId: 0, size: 0

ja3:927685:927685 [0] NCCL INFO mscclGetCaptureStatus: 0, captureId: 0, size: 0

ja3:927685:927685 [0] NCCL INFO mscclSetupProxy: no capture

ja3:927685:927685 [0] NCCL INFO MSCCL: Setup Kernel finished, smem 41280 needsFence 1
ja3:927685:927685 [0] NCCL INFO mscclGetCaptureStatus: 0, captureId: 0, size: 0

ja3:927685:927685 [0] NCCL INFO mscclSetupProxy: no capture

ja3:927685:927685 [0] NCCL INFO MSCCL: Setup Kernel finished, smem 41280 needsFence 1
ja3:927685:927685 [0] NCCL INFO mscclGetCaptureStatus: 0, captureId: 0, size: 0

ja3:927685:927685 [0] NCCL INFO mscclSetupProxy: no capture

ja3:927685:927685 [0] NCCL INFO MSCCL: Setup Kernel finished, smem 41280 needsFence 1
ja3:927685:927685 [0] NCCL INFO mscclGetCaptureStatus: 0, captureId: 0, size: 0

ja3:927685:927685 [0] NCCL INFO mscclSetupProxy: no capture

ja3:927685:927685 [0] NCCL INFO MSCCL: Setup Kernel finished, smem 41280 needsFence 1
ja3:927685:927685 [0] NCCL INFO mscclGetCaptureStatus: 0, captureId: 0, size: 0

ja2:1312139:1312139 [0] NCCL INFO mscclSetupProxy: no capture

ja2:1312139:1312139 [0] NCCL INFO MSCCL: Setup Kernel finished, smem 41280 needsFence 1
ja4:2516836:2516836 [0] NCCL INFO mscclSetupProxy: no capture

ja3:927685:927685 [0] NCCL INFO mscclSetupProxy: no capture

ja3:927685:927685 [0] NCCL INFO MSCCL: Setup Kernel finished, smem 41280 needsFence 1
ja2:1312139:1312139 [0] NCCL INFO mscclGetCaptureStatus: 0, captureId: 0, size: 0

ja2:1312139:1312139 [0] NCCL INFO mscclSetupProxy: no capture

ja2:1312139:1312139 [0] NCCL INFO MSCCL: Setup Kernel finished, smem 41280 needsFence 1
ja2:1312139:1312139 [0] NCCL INFO mscclGetCaptureStatus: 0, captureId: 0, size: 0

ja2:1312139:1312139 [0] NCCL INFO mscclSetupProxy: no capture

ja2:1312139:1312139 [0] NCCL INFO MSCCL: Setup Kernel finished, smem 41280 needsFence 1
ja2:1312139:1312139 [0] NCCL INFO mscclGetCaptureStatus: 0, captureId: 0, size: 0

ja2:1312139:1312139 [0] NCCL INFO mscclSetupProxy: no capture

ja2:1312139:1312139 [0] NCCL INFO MSCCL: Setup Kernel finished, smem 41280 needsFence 1
ja2:1312139:1312139 [0] NCCL INFO mscclGetCaptureStatus: 0, captureId: 0, size: 0

ja2:1312139:1312139 [0] NCCL INFO mscclSetupProxy: no capture

ja2:1312139:1312139 [0] NCCL INFO MSCCL: Setup Kernel finished, smem 41280 needsFence 1
ja4:2516836:2516836 [0] NCCL INFO MSCCL: Setup Kernel finished, smem 41280 needsFence 1
ja4:2516836:2516836 [0] NCCL INFO mscclGetCaptureStatus: 0, captureId: 0, size: 0

ja4:2516836:2516836 [0] NCCL INFO mscclSetupProxy: no capture

ja4:2516836:2516836 [0] NCCL INFO MSCCL: Setup Kernel finished, smem 41280 needsFence 1
ja4:2516836:2516836 [0] NCCL INFO mscclGetCaptureStatus: 0, captureId: 0, size: 0

ja4:2516836:2516836 [0] NCCL INFO mscclSetupProxy: no capture

ja4:2516836:2516836 [0] NCCL INFO MSCCL: Setup Kernel finished, smem 41280 needsFence 1
ja4:2516836:2516836 [0] NCCL INFO mscclGetCaptureStatus: 0, captureId: 0, size: 0

ja4:2516836:2516836 [0] NCCL INFO mscclSetupProxy: no capture

ja4:2516836:2516836 [0] NCCL INFO MSCCL: Setup Kernel finished, smem 41280 needsFence 1
ja4:2516836:2516836 [0] NCCL INFO mscclGetCaptureStatus: 0, captureId: 0, size: 0

ja4:2516836:2516836 [0] NCCL INFO mscclSetupProxy: no capture

ja3:927685:927685 [0] NCCL INFO mscclGetCaptureStatus: 0, captureId: 0, size: 0

ja3:927685:927685 [0] NCCL INFO mscclSetupProxy: no capture

ja3:927685:927685 [0] NCCL INFO MSCCL: Setup Kernel finished, smem 41280 needsFence 1
ja3:927685:927685 [0] NCCL INFO mscclGetCaptureStatus: 0, captureId: 0, size: 0

ja3:927685:927685 [0] NCCL INFO mscclSetupProxy: no capture

ja3:927685:927685 [0] NCCL INFO MSCCL: Setup Kernel finished, smem 41280 needsFence 1
ja3:927685:927685 [0] NCCL INFO mscclGetCaptureStatus: 0, captureId: 0, size: 0

ja3:927685:927685 [0] NCCL INFO mscclSetupProxy: no capture

ja3:927685:927685 [0] NCCL INFO MSCCL: Setup Kernel finished, smem 41280 needsFence 1
ja3:927685:927685 [0] NCCL INFO mscclGetCaptureStatus: 0, captureId: 0, size: 0

ja3:927685:927685 [0] NCCL INFO mscclSetupProxy: no capture

ja3:927685:927685 [0] NCCL INFO MSCCL: Setup Kernel finished, smem 41280 needsFence 1
ja2:1312139:1312139 [0] NCCL INFO mscclGetCaptureStatus: 0, captureId: 0, size: 0

ja2:1312139:1312139 [0] NCCL INFO mscclSetupProxy: no capture

ja2:1312139:1312139 [0] NCCL INFO MSCCL: Setup Kernel finished, smem 41280 needsFence 1
ja2:1312139:1312139 [0] NCCL INFO mscclGetCaptureStatus: 0, captureId: 0, size: 0

ja2:1312139:1312139 [0] NCCL INFO mscclSetupProxy: no capture

ja2:1312139:1312139 [0] NCCL INFO MSCCL: Setup Kernel finished, smem 41280 needsFence 1
ja2:1312139:1312139 [0] NCCL INFO mscclGetCaptureStatus: 0, captureId: 0, size: 0

ja2:1312139:1312139 [0] NCCL INFO mscclSetupProxy: no capture

ja2:1312139:1312139 [0] NCCL INFO MSCCL: Setup Kernel finished, smem 41280 needsFence 1
ja2:1312139:1312139 [0] NCCL INFO mscclGetCaptureStatus: 0, captureId: 0, size: 0

ja2:1312139:1312139 [0] NCCL INFO mscclSetupProxy: no capture

ja2:1312139:1312139 [0] NCCL INFO MSCCL: Setup Kernel finished, smem 41280 needsFence 1
ja2:1312139:1312139 [0] NCCL INFO mscclGetCaptureStatus: 0, captureId: 0, size: 0

ja4:2516836:2516836 [0] NCCL INFO MSCCL: Setup Kernel finished, smem 41280 needsFence 1
ja4:2516836:2516836 [0] NCCL INFO mscclGetCaptureStatus: 0, captureId: 0, size: 0

ja4:2516836:2516836 [0] NCCL INFO mscclSetupProxy: no capture

ja4:2516836:2516836 [0] NCCL INFO MSCCL: Setup Kernel finished, smem 41280 needsFence 1
ja4:2516836:2516836 [0] NCCL INFO mscclGetCaptureStatus: 0, captureId: 0, size: 0

ja4:2516836:2516836 [0] NCCL INFO mscclSetupProxy: no capture

ja4:2516836:2516836 [0] NCCL INFO MSCCL: Setup Kernel finished, smem 41280 needsFence 1
ja4:2516836:2516836 [0] NCCL INFO mscclGetCaptureStatus: 0, captureId: 0, size: 0

ja4:2516836:2516836 [0] NCCL INFO mscclSetupProxy: no capture

ja4:2516836:2516836 [0] NCCL INFO MSCCL: Setup Kernel finished, smem 41280 needsFence 1
ja4:2516836:2516836 [0] NCCL INFO mscclGetCaptureStatus: 0, captureId: 0, size: 0

ja4:2516836:2516836 [0] NCCL INFO mscclSetupProxy: no capture

ja3:927685:927685 [0] NCCL INFO mscclGetCaptureStatus: 0, captureId: 0, size: 0

ja3:927685:927685 [0] NCCL INFO mscclSetupProxy: no capture

ja3:927685:927685 [0] NCCL INFO MSCCL: Setup Kernel finished, smem 41280 needsFence 1
ja3:927685:927685 [0] NCCL INFO mscclGetCaptureStatus: 0, captureId: 0, size: 0

ja3:927685:927685 [0] NCCL INFO mscclSetupProxy: no capture

ja3:927685:927685 [0] NCCL INFO MSCCL: Setup Kernel finished, smem 41280 needsFence 1
ja3:927685:927685 [0] NCCL INFO mscclGetCaptureStatus: 0, captureId: 0, size: 0

ja3:927685:927685 [0] NCCL INFO mscclSetupProxy: no capture

ja3:927685:927685 [0] NCCL INFO MSCCL: Setup Kernel finished, smem 41280 needsFence 1
ja3:927685:927685 [0] NCCL INFO mscclGetCaptureStatus: 0, captureId: 0, size: 0

ja3:927685:927685 [0] NCCL INFO mscclSetupProxy: no capture

ja3:927685:927685 [0] NCCL INFO MSCCL: Setup Kernel finished, smem 41280 needsFence 1
ja3:927685:927685 [0] NCCL INFO mscclGetCaptureStatus: 0, captureId: 0, size: 0

ja2:1312139:1312139 [0] NCCL INFO mscclSetupProxy: no capture

ja2:1312139:1312139 [0] NCCL INFO MSCCL: Setup Kernel finished, smem 41280 needsFence 1
ja2:1312139:1312139 [0] NCCL INFO mscclGetCaptureStatus: 0, captureId: 0, size: 0

ja2:1312139:1312139 [0] NCCL INFO mscclSetupProxy: no capture

ja2:1312139:1312139 [0] NCCL INFO MSCCL: Setup Kernel finished, smem 41280 needsFence 1
ja2:1312139:1312139 [0] NCCL INFO mscclGetCaptureStatus: 0, captureId: 0, size: 0

ja2:1312139:1312139 [0] NCCL INFO mscclSetupProxy: no capture

ja2:1312139:1312139 [0] NCCL INFO MSCCL: Setup Kernel finished, smem 41280 needsFence 1
ja4:2516836:2516836 [0] NCCL INFO MSCCL: Setup Kernel finished, smem 41280 needsFence 1
ja4:2516836:2516836 [0] NCCL INFO mscclGetCaptureStatus: 0, captureId: 0, size: 0

ja4:2516836:2516836 [0] NCCL INFO mscclSetupProxy: no capture

ja4:2516836:2516836 [0] NCCL INFO MSCCL: Setup Kernel finished, smem 41280 needsFence 1
ja3:927685:927685 [0] NCCL INFO mscclSetupProxy: no capture

ja3:927685:927685 [0] NCCL INFO MSCCL: Setup Kernel finished, smem 41280 needsFence 1
ja2:1312139:1312139 [0] NCCL INFO mscclGetCaptureStatus: 0, captureId: 0, size: 0

ja2:1312139:1312139 [0] NCCL INFO mscclSetupProxy: no capture

ja2:1312139:1312139 [0] NCCL INFO MSCCL: Setup Kernel finished, smem 41280 needsFence 1
ja2:1312139:1312139 [0] NCCL INFO mscclGetCaptureStatus: 0, captureId: 0, size: 0

ja2:1312139:1312139 [0] NCCL INFO mscclSetupProxy: no capture

ja2:1312139:1312139 [0] NCCL INFO MSCCL: Setup Kernel finished, smem 41280 needsFence 1
ja2:1312139:1312139 [0] NCCL INFO mscclGetCaptureStatus: 0, captureId: 0, size: 0

ja2:1312139:1312139 [0] NCCL INFO mscclSetupProxy: no capture

ja2:1312139:1312139 [0] NCCL INFO MSCCL: Setup Kernel finished, smem 41280 needsFence 1
ja2:1312139:1312139 [0] NCCL INFO mscclGetCaptureStatus: 0, captureId: 0, size: 0

ja2:1312139:1312139 [0] NCCL INFO mscclSetupProxy: no capture

ja2:1312139:1312139 [0] NCCL INFO MSCCL: Setup Kernel finished, smem 41280 needsFence 1
ja4:2516836:2516836 [0] NCCL INFO mscclGetCaptureStatus: 0, captureId: 0, size: 0

ja4:2516836:2516836 [0] NCCL INFO mscclSetupProxy: no capture

ja4:2516836:2516836 [0] NCCL INFO MSCCL: Setup Kernel finished, smem 41280 needsFence 1
ja4:2516836:2516836 [0] NCCL INFO mscclGetCaptureStatus: 0, captureId: 0, size: 0

ja4:2516836:2516836 [0] NCCL INFO mscclSetupProxy: no capture

ja4:2516836:2516836 [0] NCCL INFO MSCCL: Setup Kernel finished, smem 41280 needsFence 1
ja4:2516836:2516836 [0] NCCL INFO mscclGetCaptureStatus: 0, captureId: 0, size: 0

ja4:2516836:2516836 [0] NCCL INFO mscclSetupProxy: no capture

ja4:2516836:2516836 [0] NCCL INFO MSCCL: Setup Kernel finished, smem 41280 needsFence 1
ja4:2516836:2516836 [0] NCCL INFO mscclGetCaptureStatus: 0, captureId: 0, size: 0

ja4:2516836:2516836 [0] NCCL INFO mscclSetupProxy: no capture

ja4:2516836:2516836 [0] NCCL INFO MSCCL: Setup Kernel finished, smem 41280 needsFence 1
ja4:2516836:2516836 [0] NCCL INFO mscclGetCaptureStatus: 0, captureId: 0, size: 0

ja3:927685:927685 [0] NCCL INFO mscclGetCaptureStatus: 0, captureId: 0, size: 0

ja3:927685:927685 [0] NCCL INFO mscclSetupProxy: no capture

ja3:927685:927685 [0] NCCL INFO MSCCL: Setup Kernel finished, smem 41280 needsFence 1
ja3:927685:927685 [0] NCCL INFO mscclGetCaptureStatus: 0, captureId: 0, size: 0

ja3:927685:927685 [0] NCCL INFO mscclSetupProxy: no capture

ja3:927685:927685 [0] NCCL INFO MSCCL: Setup Kernel finished, smem 41280 needsFence 1
ja3:927685:927685 [0] NCCL INFO mscclGetCaptureStatus: 0, captureId: 0, size: 0

ja3:927685:927685 [0] NCCL INFO mscclSetupProxy: no capture

ja3:927685:927685 [0] NCCL INFO MSCCL: Setup Kernel finished, smem 41280 needsFence 1
ja3:927685:927685 [0] NCCL INFO mscclGetCaptureStatus: 0, captureId: 0, size: 0

ja3:927685:927685 [0] NCCL INFO mscclSetupProxy: no capture

ja3:927685:927685 [0] NCCL INFO MSCCL: Setup Kernel finished, smem 41280 needsFence 1
ja3:927685:927685 [0] NCCL INFO mscclGetCaptureStatus: 0, captureId: 0, size: 0

ja4:2516836:2516836 [0] NCCL INFO mscclSetupProxy: no capture

ja4:2516836:2516836 [0] NCCL INFO MSCCL: Setup Kernel finished, smem 41280 needsFence 1
ja4:2516836:2516836 [0] NCCL INFO mscclGetCaptureStatus: 0, captureId: 0, size: 0

ja4:2516836:2516836 [0] NCCL INFO mscclSetupProxy: no capture

ja3:927685:927685 [0] NCCL INFO mscclSetupProxy: no capture

ja3:927685:927685 [0] NCCL INFO MSCCL: Setup Kernel finished, smem 41280 needsFence 1
ja4:2516836:2516836 [0] NCCL INFO MSCCL: Setup Kernel finished, smem 41280 needsFence 1
ja3:927685:927685 [0] NCCL INFO mscclGetCaptureStatus: 0, captureId: 0, size: 0

ja3:927685:927685 [0] NCCL INFO mscclSetupProxy: no capture

ja3:927685:927685 [0] NCCL INFO MSCCL: Setup Kernel finished, smem 41280 needsFence 1
ja2:1312139:1312139 [0] NCCL INFO mscclGetCaptureStatus: 0, captureId: 0, size: 0

ja2:1312139:1312139 [0] NCCL INFO mscclSetupProxy: no capture

ja2:1312139:1312139 [0] NCCL INFO MSCCL: Setup Kernel finished, smem 41280 needsFence 1
ja4:2516836:2516836 [0] NCCL INFO mscclGetCaptureStatus: 0, captureId: 0, size: 0

ja4:2516836:2516836 [0] NCCL INFO mscclSetupProxy: no capture

ja4:2516836:2516836 [0] NCCL INFO MSCCL: Setup Kernel finished, smem 41280 needsFence 1
ja3:927685:927685 [0] NCCL INFO mscclGetCaptureStatus: 0, captureId: 0, size: 0

ja3:927685:927685 [0] NCCL INFO mscclSetupProxy: no capture

ja3:927685:927685 [0] NCCL INFO MSCCL: Setup Kernel finished, smem 41280 needsFence 1
    772.6    8.14    5.43      0
    12582912       1048576     float    none      -1   1213.5   10.37    6.91      0ja2:1312139:1312139 [0] NCCL INFO mscclGetCaptureStatus: 0, captureId: 0, size: 0

ja2:1312139:1312139 [0] NCCL INFO mscclSetupProxy: no capture

ja2:1312139:1312139 [0] NCCL INFO MSCCL: Setup Kernel finished, smem 41280 needsFence 1
ja4:2516836:2516836 [0] NCCL INFO mscclGetCaptureStatus: 0, captureId: 0, size: 0

ja4:2516836:2516836 [0] NCCL INFO mscclSetupProxy: no capture

ja4:2516836:2516836 [0] NCCL INFO MSCCL: Setup Kernel finished, smem 41280 needsFence 1
ja3:927685:927685 [0] NCCL INFO mscclGetCaptureStatus: 0, captureId: 0, size: 0

ja3:927685:927685 [0] NCCL INFO mscclSetupProxy: no capture

ja3:927685:927685 [0] NCCL INFO MSCCL: Setup Kernel finished, smem 41280 needsFence 1
ja2:1312139:1312139 [0] NCCL INFO mscclGetCaptureStatus: 0, captureId: 0, size: 0

ja2:1312139:1312139 [0] NCCL INFO mscclSetupProxy: no capture

ja2:1312139:1312139 [0] NCCL INFO MSCCL: Setup Kernel finished, smem 41280 needsFence 1
ja2:1312139:1312139 [0] NCCL INFO mscclGetCaptureStatus: 0, captureId: 0, size: 0

ja2:1312139:1312139 [0] NCCL INFO mscclSetupProxy: no capture

ja2:1312139:1312139 [0] NCCL INFO MSCCL: Setup Kernel finished, smem 41280 needsFence 1
ja2:1312139:1312139 [0] NCCL INFO mscclGetCaptureStatus: 0, captureId: 0, size: 0

ja2:1312139:1312139 [0] NCCL INFO mscclSetupProxy: no capture

ja2:1312139:1312139 [0] NCCL INFO MSCCL: Setup Kernel finished, smem 41280 needsFence 1
ja2:1312139:1312139 [0] NCCL INFO mscclGetCaptureStatus: 0, captureId: 0, size: 0

ja2:1312139:1312139 [0] NCCL INFO mscclSetupProxy: no capture

ja2:1312139:1312139 [0] NCCL INFO MSCCL: Setup Kernel finished, smem 41280 needsFence 1
ja2:1312139:1312139 [0] NCCL INFO mscclGetCaptureStatus: 0, captureId: 0, size: 0

ja4:2516836:2516836 [0] NCCL INFO mscclGetCaptureStatus: 0, captureId: 0, size: 0

ja4:2516836:2516836 [0] NCCL INFO mscclSetupProxy: no capture

ja4:2516836:2516836 [0] NCCL INFO MSCCL: Setup Kernel finished, smem 41280 needsFence 1
ja4:2516836:2516836 [0] NCCL INFO mscclGetCaptureStatus: 0, captureId: 0, size: 0

ja4:2516836:2516836 [0] NCCL INFO mscclSetupProxy: no capture

ja4:2516836:2516836 [0] NCCL INFO MSCCL: Setup Kernel finished, smem 41280 needsFence 1
ja4:2516836:2516836 [0] NCCL INFO mscclGetCaptureStatus: 0, captureId: 0, size: 0

ja4:2516836:2516836 [0] NCCL INFO mscclSetupProxy: no capture

ja4:2516836:2516836 [0] NCCL INFO MSCCL: Setup Kernel finished, smem 41280 needsFence 1
ja4:2516836:2516836 [0] NCCL INFO mscclGetCaptureStatus: 0, captureId: 0, size: 0

ja4:2516836:2516836 [0] NCCL INFO mscclSetupProxy: no capture

ja4:2516836:2516836 [0] NCCL INFO MSCCL: Setup Kernel finished, smem 41280 needsFence 1
ja4:2516836:2516836 [0] NCCL INFO mscclGetCaptureStatus: 0, captureId: 0, size: 0

ja3:927685:927685 [0] NCCL INFO mscclGetCaptureStatus: 0, captureId: 0, size: 0

ja3:927685:927685 [0] NCCL INFO mscclSetupProxy: no capture

ja3:927685:927685 [0] NCCL INFO MSCCL: Setup Kernel finished, smem 41280 needsFence 1
ja3:927685:927685 [0] NCCL INFO mscclGetCaptureStatus: 0, captureId: 0, size: 0

ja3:927685:927685 [0] NCCL INFO mscclSetupProxy: no capture

ja3:927685:927685 [0] NCCL INFO MSCCL: Setup Kernel finished, smem 41280 needsFence 1
ja3:927685:927685 [0] NCCL INFO mscclGetCaptureStatus: 0, captureId: 0, size: 0

ja3:927685:927685 [0] NCCL INFO mscclSetupProxy: no capture

ja3:927685:927685 [0] NCCL INFO MSCCL: Setup Kernel finished, smem 41280 needsFence 1
ja3:927685:927685 [0] NCCL INFO mscclGetCaptureStatus: 0, captureId: 0, size: 0

ja3:927685:927685 [0] NCCL INFO mscclSetupProxy: no capture

ja3:927685:927685 [0] NCCL INFO MSCCL: Setup Kernel finished, smem 41280 needsFence 1
ja3:927685:927685 [0] NCCL INFO mscclGetCaptureStatus: 0, captureId: 0, size: 0

ja2:1312139:1312139 [0] NCCL INFO mscclSetupProxy: no capture

ja4:2516836:2516836 [0] NCCL INFO mscclSetupProxy: no capture

ja4:2516836:2516836 [0] NCCL INFO MSCCL: Setup Kernel finished, smem 41280 needsFence 1
ja3:927685:927685 [0] NCCL INFO mscclSetupProxy: no capture

ja3:927685:927685 [0] NCCL INFO MSCCL: Setup Kernel finished, smem 41280 needsFence 1
ja2:1312139:1312139 [0] NCCL INFO MSCCL: Setup Kernel finished, smem 41280 needsFence 1
ja2:1312139:1312139 [0] NCCL INFO mscclGetCaptureStatus: 0, captureId: 0, size: 0

ja2:1312139:1312139 [0] NCCL INFO mscclSetupProxy: no capture

ja2:1312139:1312139 [0] NCCL INFO MSCCL: Setup Kernel finished, smem 41280 needsFence 1
ja2:1312139:1312139 [0] NCCL INFO mscclGetCaptureStatus: 0, captureId: 0, size: 0

ja2:1312139:1312139 [0] NCCL INFO mscclSetupProxy: no capture

ja2:1312139:1312139 [0] NCCL INFO MSCCL: Setup Kernel finished, smem 41280 needsFence 1
ja2:1312139:1312139 [0] NCCL INFO mscclGetCaptureStatus: 0, captureId: 0, size: 0

ja2:1312139:1312139 [0] NCCL INFO mscclSetupProxy: no capture

ja2:1312139:1312139 [0] NCCL INFO MSCCL: Setup Kernel finished, smem 41280 needsFence 1
ja2:1312139:1312139 [0] NCCL INFO mscclGetCaptureStatus: 0, captureId: 0, size: 0

ja2:1312139:1312139 [0] NCCL INFO mscclSetupProxy: no capture

ja4:2516836:2516836 [0] NCCL INFO mscclGetCaptureStatus: 0, captureId: 0, size: 0

ja4:2516836:2516836 [0] NCCL INFO mscclSetupProxy: no capture

ja4:2516836:2516836 [0] NCCL INFO MSCCL: Setup Kernel finished, smem 41280 needsFence 1
ja4:2516836:2516836 [0] NCCL INFO mscclGetCaptureStatus: 0, captureId: 0, size: 0

ja4:2516836:2516836 [0] NCCL INFO mscclSetupProxy: no capture

ja4:2516836:2516836 [0] NCCL INFO MSCCL: Setup Kernel finished, smem 41280 needsFence 1
ja4:2516836:2516836 [0] NCCL INFO mscclGetCaptureStatus: 0, captureId: 0, size: 0

ja4:2516836:2516836 [0] NCCL INFO mscclSetupProxy: no capture

ja4:2516836:2516836 [0] NCCL INFO MSCCL: Setup Kernel finished, smem 41280 needsFence 1
ja4:2516836:2516836 [0] NCCL INFO mscclGetCaptureStatus: 0, captureId: 0, size: 0

ja4:2516836:2516836 [0] NCCL INFO mscclSetupProxy: no capture

ja4:2516836:2516836 [0] NCCL INFO MSCCL: Setup Kernel finished, smem 41280 needsFence 1
ja3:927685:927685 [0] NCCL INFO mscclGetCaptureStatus: 0, captureId: 0, size: 0

ja3:927685:927685 [0] NCCL INFO mscclSetupProxy: no capture

ja3:927685:927685 [0] NCCL INFO MSCCL: Setup Kernel finished, smem 41280 needsFence 1
ja3:927685:927685 [0] NCCL INFO mscclGetCaptureStatus: 0, captureId: 0, size: 0

ja3:927685:927685 [0] NCCL INFO mscclSetupProxy: no capture

ja3:927685:927685 [0] NCCL INFO MSCCL: Setup Kernel finished, smem 41280 needsFence 1
ja3:927685:927685 [0] NCCL INFO mscclGetCaptureStatus: 0, captureId: 0, size: 0

ja3:927685:927685 [0] NCCL INFO mscclSetupProxy: no capture

ja3:927685:927685 [0] NCCL INFO MSCCL: Setup Kernel finished, smem 41280 needsFence 1
ja3:927685:927685 [0] NCCL INFO mscclGetCaptureStatus: 0, captureId: 0, size: 0

ja3:927685:927685 [0] NCCL INFO mscclSetupProxy: no capture

ja3:927685:927685 [0] NCCL INFO MSCCL: Setup Kernel finished, smem 41280 needsFence 1
ja2:1312139:1312139 [0] NCCL INFO MSCCL: Setup Kernel finished, smem 41280 needsFence 1
ja4:2516836:2516836 [0] NCCL INFO mscclGetCaptureStatus: 0, captureId: 0, size: 0

ja4:2516836:2516836 [0] NCCL INFO mscclSetupProxy: no capture

ja4:2516836:2516836 [0] NCCL INFO MSCCL: Setup Kernel finished, smem 41280 needsFence 1
ja4:2516836:2516836 [0] NCCL INFO mscclGetCaptureStatus: 0, captureId: 0, size: 0

ja4:2516836:2516836 [0] NCCL INFO mscclSetupProxy: no capture

ja4:2516836:2516836 [0] NCCL INFO MSCCL: Setup Kernel finished, smem 41280 needsFence 1
ja4:2516836:2516836 [0] NCCL INFO mscclGetCaptureStatus: 0, captureId: 0, size: 0

ja4:2516836:2516836 [0] NCCL INFO mscclSetupProxy: no capture

ja4:2516836:2516836 [0] NCCL INFO MSCCL: Setup Kernel finished, smem 41280 needsFence 1
ja4:2516836:2516836 [0] NCCL INFO mscclGetCaptureStatus: 0, captureId: 0, size: 0

ja4:2516836:2516836 [0] NCCL INFO mscclSetupProxy: no capture

ja4:2516836:2516836 [0] NCCL INFO MSCCL: Setup Kernel finished, smem 41280 needsFence 1
ja4:2516836:2516836 [0] NCCL INFO mscclGetCaptureStatus: 0, captureId: 0, size: 0

ja3:927685:927685 [0] NCCL INFO mscclGetCaptureStatus: 0, captureId: 0, size: 0

ja3:927685:927685 [0] NCCL INFO mscclSetupProxy: no capture

ja3:927685:927685 [0] NCCL INFO MSCCL: Setup Kernel finished, smem 41280 needsFence 1
ja3:927685:927685 [0] NCCL INFO mscclGetCaptureStatus: 0, captureId: 0, size: 0

ja3:927685:927685 [0] NCCL INFO mscclSetupProxy: no capture

ja3:927685:927685 [0] NCCL INFO MSCCL: Setup Kernel finished, smem 41280 needsFence 1
ja3:927685:927685 [0] NCCL INFO mscclGetCaptureStatus: 0, captureId: 0, size: 0

ja3:927685:927685 [0] NCCL INFO mscclSetupProxy: no capture

ja3:927685:927685 [0] NCCL INFO MSCCL: Setup Kernel finished, smem 41280 needsFence 1
ja3:927685:927685 [0] NCCL INFO mscclGetCaptureStatus: 0, captureId: 0, size: 0

ja3:927685:927685 [0] NCCL INFO mscclSetupProxy: no capture

ja3:927685:927685 [0] NCCL INFO MSCCL: Setup Kernel finished, smem 41280 needsFence 1
ja3:927685:927685 [0] NCCL INFO mscclGetCaptureStatus: 0, captureId: 0, size: 0

ja2:1312139:1312139 [0] NCCL INFO mscclGetCaptureStatus: 0, captureId: 0, size: 0

ja2:1312139:1312139 [0] NCCL INFO mscclSetupProxy: no capture

ja2:1312139:1312139 [0] NCCL INFO MSCCL: Setup Kernel finished, smem 41280 needsFence 1
ja2:1312139:1312139 [0] NCCL INFO mscclGetCaptureStatus: 0, captureId: 0, size: 0

ja2:1312139:1312139 [0] NCCL INFO mscclSetupProxy: no capture

ja2:1312139:1312139 [0] NCCL INFO MSCCL: Setup Kernel finished, smem 41280 needsFence 1
ja2:1312139:1312139 [0] NCCL INFO mscclGetCaptureStatus: 0, captureId: 0, size: 0

ja2:1312139:1312139 [0] NCCL INFO mscclSetupProxy: no capture

ja2:1312139:1312139 [0] NCCL INFO MSCCL: Setup Kernel finished, smem 41280 needsFence 1
ja2:1312139:1312139 [0] NCCL INFO mscclGetCaptureStatus: 0, captureId: 0, size: 0

ja2:1312139:1312139 [0] NCCL INFO mscclSetupProxy: no capture

ja2:1312139:1312139 [0] NCCL INFO MSCCL: Setup Kernel finished, smem 41280 needsFence 1
ja2:1312139:1312139 [0] NCCL INFO mscclGetCaptureStatus: 0, captureId: 0, size: 0

ja4:2516836:2516836 [0] NCCL INFO mscclSetupProxy: no capture

ja4:2516836:2516836 [0] NCCL INFO MSCCL: Setup Kernel finished, smem 41280 needsFence 1
ja4:2516836:2516836 [0] NCCL INFO mscclGetCaptureStatus: 0, captureId: 0, size: 0

ja4:2516836:2516836 [0] NCCL INFO mscclSetupProxy: no capture

ja4:2516836:2516836 [0] NCCL INFO MSCCL: Setup Kernel finished, smem 41280 needsFence 1
ja3:927685:927685 [0] NCCL INFO mscclSetupProxy: no capture

ja3:927685:927685 [0] NCCL INFO MSCCL: Setup Kernel finished, smem 41280 needsFence 1
ja3:927685:927685 [0] NCCL INFO mscclGetCaptureStatus: 0, captureId: 0, size: 0

ja3:927685:927685 [0] NCCL INFO mscclSetupProxy: no capture

ja2:1312139:1312139 [0] NCCL INFO mscclSetupProxy: no capture

ja2:1312139:1312139 [0] NCCL INFO MSCCL: Setup Kernel finished, smem 41280 needsFence 1
ja2:1312139:1312139 [0] NCCL INFO mscclGetCaptureStatus: 0, captureId: 0, size: 0

ja2:1312139:1312139 [0] NCCL INFO mscclSetupProxy: no capture

ja2:1312139:1312139 [0] NCCL INFO MSCCL: Setup Kernel finished, smem 41280 needsFence 1
ja2:1312139:1312139 [0] NCCL INFO mscclGetCaptureStatus: 0, captureId: 0, size: 0

ja2:1312139:1312139 [0] NCCL INFO mscclSetupProxy: no capture

ja2:1312139:1312139 [0] NCCL INFO MSCCL: Setup Kernel finished, smem 41280 needsFence 1
ja4:2516836:2516836 [0] NCCL INFO mscclGetCaptureStatus: 0, captureId: 0, size: 0

ja4:2516836:2516836 [0] NCCL INFO mscclSetupProxy: no capture

ja4:2516836:2516836 [0] NCCL INFO MSCCL: Setup Kernel finished, smem 41280 needsFence 1
ja4:2516836:2516836 [0] NCCL INFO mscclGetCaptureStatus: 0, captureId: 0, size: 0

ja4:2516836:2516836 [0] NCCL INFO mscclSetupProxy: no capture

ja4:2516836:2516836 [0] NCCL INFO MSCCL: Setup Kernel finished, smem 41280 needsFence 1
ja4:2516836:2516836 [0] NCCL INFO mscclGetCaptureStatus: 0, captureId: 0, size: 0

ja4:2516836:2516836 [0] NCCL INFO mscclSetupProxy: no capture

ja4:2516836:2516836 [0] NCCL INFO MSCCL: Setup Kernel finished, smem 41280 needsFence 1
ja4:2516836:2516836 [0] NCCL INFO mscclGetCaptureStatus: 0, captureId: 0, size: 0

ja4:2516836:2516836 [0] NCCL INFO mscclSetupProxy: no capture

ja4:2516836:2516836 [0] NCCL INFO MSCCL: Setup Kernel finished, smem 41280 needsFence 1
ja4:2516836:2516836 [0] NCCL INFO mscclGetCaptureStatus: 0, captureId: 0, size: 0

ja3:927685:927685 [0] NCCL INFO MSCCL: Setup Kernel finished, smem 41280 needsFence 1
ja3:927685:927685 [0] NCCL INFO mscclGetCaptureStatus: 0, captureId: 0, size: 0

ja3:927685:927685 [0] NCCL INFO mscclSetupProxy: no capture

ja3:927685:927685 [0] NCCL INFO MSCCL: Setup Kernel finished, smem 41280 needsFence 1
ja3:927685:927685 [0] NCCL INFO mscclGetCaptureStatus: 0, captureId: 0, size: 0

ja3:927685:927685 [0] NCCL INFO mscclSetupProxy: no capture

ja3:927685:927685 [0] NCCL INFO MSCCL: Setup Kernel finished, smem 41280 needsFence 1
ja3:927685:927685 [0] NCCL INFO mscclGetCaptureStatus: 0, captureId: 0, size: 0

ja3:927685:927685 [0] NCCL INFO mscclSetupProxy: no capture

ja3:927685:927685 [0] NCCL INFO MSCCL: Setup Kernel finished, smem 41280 needsFence 1
ja3:927685:927685 [0] NCCL INFO mscclGetCaptureStatus: 0, captureId: 0, size: 0

ja3:927685:927685 [0] NCCL INFO mscclSetupProxy: no capture

ja3:927685:927685 [0] NCCL INFO MSCCL: Setup Kernel finished, smem 41280 needsFence 1
ja2:1312139:1312139 [0] NCCL INFO mscclGetCaptureStatus: 0, captureId: 0, size: 0

ja2:1312139:1312139 [0] NCCL INFO mscclSetupProxy: no capture

ja2:1312139:1312139 [0] NCCL INFO MSCCL: Setup Kernel finished, smem 41280 needsFence 1
ja2:1312139:1312139 [0] NCCL INFO mscclGetCaptureStatus: 0, captureId: 0, size: 0

ja2:1312139:1312139 [0] NCCL INFO mscclSetupProxy: no capture

ja2:1312139:1312139 [0] NCCL INFO MSCCL: Setup Kernel finished, smem 41280 needsFence 1
ja2:1312139:1312139 [0] NCCL INFO mscclGetCaptureStatus: 0, captureId: 0, size: 0

ja2:1312139:1312139 [0] NCCL INFO mscclSetupProxy: no capture

ja2:1312139:1312139 [0] NCCL INFO MSCCL: Setup Kernel finished, smem 41280 needsFence 1
ja2:1312139:1312139 [0] NCCL INFO mscclGetCaptureStatus: 0, captureId: 0, size: 0

ja2:1312139:1312139 [0] NCCL INFO mscclSetupProxy: no capture

ja2:1312139:1312139 [0] NCCL INFO MSCCL: Setup Kernel finished, smem 41280 needsFence 1
ja4:2516836:2516836 [0] NCCL INFO mscclSetupProxy: no capture

ja4:2516836:2516836 [0] NCCL INFO MSCCL: Setup Kernel finished, smem 41280 needsFence 1
ja3:927685:927685 [0] NCCL INFO mscclGetCaptureStatus: 0, captureId: 0, size: 0

ja3:927685:927685 [0] NCCL INFO mscclSetupProxy: no capture

ja3:927685:927685 [0] NCCL INFO MSCCL: Setup Kernel finished, smem 41280 needsFence 1
ja2:1312139:1312139 [0] NCCL INFO mscclGetCaptureStatus: 0, captureId: 0, size: 0

ja2:1312139:1312139 [0] NCCL INFO mscclSetupProxy: no capture

ja2:1312139:1312139 [0] NCCL INFO MSCCL: Setup Kernel finished, smem 41280 needsFence 1
ja4:2516836:2516836 [0] NCCL INFO mscclGetCaptureStatus: 0, captureId: 0, size: 0

ja4:2516836:2516836 [0] NCCL INFO mscclSetupProxy: no capture

ja4:2516836:2516836 [0] NCCL INFO MSCCL: Setup Kernel finished, smem 41280 needsFence 1
ja3:927685:927685 [0] NCCL INFO mscclGetCaptureStatus: 0, captureId: 0, size: 0

ja3:927685:927685 [0] NCCL INFO mscclSetupProxy: no capture

ja3:927685:927685 [0] NCCL INFO MSCCL: Setup Kernel finished, smem 41280 needsFence 1
   1496.5    8.41    5.61      0
    25165824       2097152     float    none      -1   2252.6   11.17    7.45      0ja2:1312139:1312139 [0] NCCL INFO mscclGetCaptureStatus: 0, captureId: 0, size: 0

ja2:1312139:1312139 [0] NCCL INFO mscclSetupProxy: no capture

ja2:1312139:1312139 [0] NCCL INFO MSCCL: Setup Kernel finished, smem 41280 needsFence 1
ja4:2516836:2516836 [0] NCCL INFO mscclGetCaptureStatus: 0, captureId: 0, size: 0

ja4:2516836:2516836 [0] NCCL INFO mscclSetupProxy: no capture

ja4:2516836:2516836 [0] NCCL INFO MSCCL: Setup Kernel finished, smem 41280 needsFence 1
ja3:927685:927685 [0] NCCL INFO mscclGetCaptureStatus: 0, captureId: 0, size: 0

ja3:927685:927685 [0] NCCL INFO mscclSetupProxy: no capture

ja3:927685:927685 [0] NCCL INFO MSCCL: Setup Kernel finished, smem 41280 needsFence 1
ja2:1312139:1312139 [0] NCCL INFO mscclGetCaptureStatus: 0, captureId: 0, size: 0

ja2:1312139:1312139 [0] NCCL INFO mscclSetupProxy: no capture

ja2:1312139:1312139 [0] NCCL INFO MSCCL: Setup Kernel finished, smem 41280 needsFence 1
ja2:1312139:1312139 [0] NCCL INFO mscclGetCaptureStatus: 0, captureId: 0, size: 0

ja2:1312139:1312139 [0] NCCL INFO mscclSetupProxy: no capture

ja2:1312139:1312139 [0] NCCL INFO MSCCL: Setup Kernel finished, smem 41280 needsFence 1
ja2:1312139:1312139 [0] NCCL INFO mscclGetCaptureStatus: 0, captureId: 0, size: 0

ja2:1312139:1312139 [0] NCCL INFO mscclSetupProxy: no capture

ja2:1312139:1312139 [0] NCCL INFO MSCCL: Setup Kernel finished, smem 41280 needsFence 1
ja2:1312139:1312139 [0] NCCL INFO mscclGetCaptureStatus: 0, captureId: 0, size: 0

ja2:1312139:1312139 [0] NCCL INFO mscclSetupProxy: no capture

ja2:1312139:1312139 [0] NCCL INFO MSCCL: Setup Kernel finished, smem 41280 needsFence 1
ja2:1312139:1312139 [0] NCCL INFO mscclGetCaptureStatus: 0, captureId: 0, size: 0

ja4:2516836:2516836 [0] NCCL INFO mscclGetCaptureStatus: 0, captureId: 0, size: 0

ja4:2516836:2516836 [0] NCCL INFO mscclSetupProxy: no capture

ja4:2516836:2516836 [0] NCCL INFO MSCCL: Setup Kernel finished, smem 41280 needsFence 1
ja4:2516836:2516836 [0] NCCL INFO mscclGetCaptureStatus: 0, captureId: 0, size: 0

ja4:2516836:2516836 [0] NCCL INFO mscclSetupProxy: no capture

ja4:2516836:2516836 [0] NCCL INFO MSCCL: Setup Kernel finished, smem 41280 needsFence 1
ja4:2516836:2516836 [0] NCCL INFO mscclGetCaptureStatus: 0, captureId: 0, size: 0

ja4:2516836:2516836 [0] NCCL INFO mscclSetupProxy: no capture

ja4:2516836:2516836 [0] NCCL INFO MSCCL: Setup Kernel finished, smem 41280 needsFence 1
ja4:2516836:2516836 [0] NCCL INFO mscclGetCaptureStatus: 0, captureId: 0, size: 0

ja4:2516836:2516836 [0] NCCL INFO mscclSetupProxy: no capture

ja4:2516836:2516836 [0] NCCL INFO MSCCL: Setup Kernel finished, smem 41280 needsFence 1
ja4:2516836:2516836 [0] NCCL INFO mscclGetCaptureStatus: 0, captureId: 0, size: 0

ja3:927685:927685 [0] NCCL INFO mscclGetCaptureStatus: 0, captureId: 0, size: 0

ja3:927685:927685 [0] NCCL INFO mscclSetupProxy: no capture

ja3:927685:927685 [0] NCCL INFO MSCCL: Setup Kernel finished, smem 41280 needsFence 1
ja3:927685:927685 [0] NCCL INFO mscclGetCaptureStatus: 0, captureId: 0, size: 0

ja3:927685:927685 [0] NCCL INFO mscclSetupProxy: no capture

ja3:927685:927685 [0] NCCL INFO MSCCL: Setup Kernel finished, smem 41280 needsFence 1
ja3:927685:927685 [0] NCCL INFO mscclGetCaptureStatus: 0, captureId: 0, size: 0

ja3:927685:927685 [0] NCCL INFO mscclSetupProxy: no capture

ja3:927685:927685 [0] NCCL INFO MSCCL: Setup Kernel finished, smem 41280 needsFence 1
ja3:927685:927685 [0] NCCL INFO mscclGetCaptureStatus: 0, captureId: 0, size: 0

ja3:927685:927685 [0] NCCL INFO mscclSetupProxy: no capture

ja3:927685:927685 [0] NCCL INFO MSCCL: Setup Kernel finished, smem 41280 needsFence 1
ja3:927685:927685 [0] NCCL INFO mscclGetCaptureStatus: 0, captureId: 0, size: 0

ja2:1312139:1312139 [0] NCCL INFO mscclSetupProxy: no capture

ja4:2516836:2516836 [0] NCCL INFO mscclSetupProxy: no capture

ja4:2516836:2516836 [0] NCCL INFO MSCCL: Setup Kernel finished, smem 41280 needsFence 1
ja4:2516836:2516836 [0] NCCL INFO mscclGetCaptureStatus: 0, captureId: 0, size: 0

ja3:927685:927685 [0] NCCL INFO mscclSetupProxy: no capture

ja2:1312139:1312139 [0] NCCL INFO MSCCL: Setup Kernel finished, smem 41280 needsFence 1
ja2:1312139:1312139 [0] NCCL INFO mscclGetCaptureStatus: 0, captureId: 0, size: 0

ja2:1312139:1312139 [0] NCCL INFO mscclSetupProxy: no capture

ja2:1312139:1312139 [0] NCCL INFO MSCCL: Setup Kernel finished, smem 41280 needsFence 1
ja2:1312139:1312139 [0] NCCL INFO mscclGetCaptureStatus: 0, captureId: 0, size: 0

ja2:1312139:1312139 [0] NCCL INFO mscclSetupProxy: no capture

ja2:1312139:1312139 [0] NCCL INFO MSCCL: Setup Kernel finished, smem 41280 needsFence 1
ja2:1312139:1312139 [0] NCCL INFO mscclGetCaptureStatus: 0, captureId: 0, size: 0

ja2:1312139:1312139 [0] NCCL INFO mscclSetupProxy: no capture

ja2:1312139:1312139 [0] NCCL INFO MSCCL: Setup Kernel finished, smem 41280 needsFence 1
ja2:1312139:1312139 [0] NCCL INFO mscclGetCaptureStatus: 0, captureId: 0, size: 0

ja2:1312139:1312139 [0] NCCL INFO mscclSetupProxy: no capture

ja4:2516836:2516836 [0] NCCL INFO mscclSetupProxy: no capture

ja4:2516836:2516836 [0] NCCL INFO MSCCL: Setup Kernel finished, smem 41280 needsFence 1
ja4:2516836:2516836 [0] NCCL INFO mscclGetCaptureStatus: 0, captureId: 0, size: 0

ja4:2516836:2516836 [0] NCCL INFO mscclSetupProxy: no capture

ja4:2516836:2516836 [0] NCCL INFO MSCCL: Setup Kernel finished, smem 41280 needsFence 1
ja4:2516836:2516836 [0] NCCL INFO mscclGetCaptureStatus: 0, captureId: 0, size: 0

ja4:2516836:2516836 [0] NCCL INFO mscclSetupProxy: no capture

ja4:2516836:2516836 [0] NCCL INFO MSCCL: Setup Kernel finished, smem 41280 needsFence 1
ja4:2516836:2516836 [0] NCCL INFO mscclGetCaptureStatus: 0, captureId: 0, size: 0

ja4:2516836:2516836 [0] NCCL INFO mscclSetupProxy: no capture

ja4:2516836:2516836 [0] NCCL INFO MSCCL: Setup Kernel finished, smem 41280 needsFence 1
ja4:2516836:2516836 [0] NCCL INFO mscclGetCaptureStatus: 0, captureId: 0, size: 0

ja4:2516836:2516836 [0] NCCL INFO mscclSetupProxy: no capture

ja3:927685:927685 [0] NCCL INFO MSCCL: Setup Kernel finished, smem 41280 needsFence 1
ja3:927685:927685 [0] NCCL INFO mscclGetCaptureStatus: 0, captureId: 0, size: 0

ja3:927685:927685 [0] NCCL INFO mscclSetupProxy: no capture

ja3:927685:927685 [0] NCCL INFO MSCCL: Setup Kernel finished, smem 41280 needsFence 1
ja3:927685:927685 [0] NCCL INFO mscclGetCaptureStatus: 0, captureId: 0, size: 0

ja3:927685:927685 [0] NCCL INFO mscclSetupProxy: no capture

ja3:927685:927685 [0] NCCL INFO MSCCL: Setup Kernel finished, smem 41280 needsFence 1
ja3:927685:927685 [0] NCCL INFO mscclGetCaptureStatus: 0, captureId: 0, size: 0

ja3:927685:927685 [0] NCCL INFO mscclSetupProxy: no capture

ja3:927685:927685 [0] NCCL INFO MSCCL: Setup Kernel finished, smem 41280 needsFence 1
ja3:927685:927685 [0] NCCL INFO mscclGetCaptureStatus: 0, captureId: 0, size: 0

ja3:927685:927685 [0] NCCL INFO mscclSetupProxy: no capture

ja3:927685:927685 [0] NCCL INFO MSCCL: Setup Kernel finished, smem 41280 needsFence 1
ja2:1312139:1312139 [0] NCCL INFO MSCCL: Setup Kernel finished, smem 41280 needsFence 1
ja4:2516836:2516836 [0] NCCL INFO MSCCL: Setup Kernel finished, smem 41280 needsFence 1
ja3:927685:927685 [0] NCCL INFO mscclGetCaptureStatus: 0, captureId: 0, size: 0

ja3:927685:927685 [0] NCCL INFO mscclSetupProxy: no capture

ja3:927685:927685 [0] NCCL INFO MSCCL: Setup Kernel finished, smem 41280 needsFence 1
ja3:927685:927685 [0] NCCL INFO mscclGetCaptureStatus: 0, captureId: 0, size: 0

ja3:927685:927685 [0] NCCL INFO mscclSetupProxy: no capture

ja3:927685:927685 [0] NCCL INFO MSCCL: Setup Kernel finished, smem 41280 needsFence 1
ja3:927685:927685 [0] NCCL INFO mscclGetCaptureStatus: 0, captureId: 0, size: 0

ja3:927685:927685 [0] NCCL INFO mscclSetupProxy: no capture

ja3:927685:927685 [0] NCCL INFO MSCCL: Setup Kernel finished, smem 41280 needsFence 1
ja3:927685:927685 [0] NCCL INFO mscclGetCaptureStatus: 0, captureId: 0, size: 0

ja3:927685:927685 [0] NCCL INFO mscclSetupProxy: no capture

ja3:927685:927685 [0] NCCL INFO MSCCL: Setup Kernel finished, smem 41280 needsFence 1
ja3:927685:927685 [0] NCCL INFO mscclGetCaptureStatus: 0, captureId: 0, size: 0

ja2:1312139:1312139 [0] NCCL INFO mscclGetCaptureStatus: 0, captureId: 0, size: 0

ja2:1312139:1312139 [0] NCCL INFO mscclSetupProxy: no capture

ja2:1312139:1312139 [0] NCCL INFO MSCCL: Setup Kernel finished, smem 41280 needsFence 1
ja2:1312139:1312139 [0] NCCL INFO mscclGetCaptureStatus: 0, captureId: 0, size: 0

ja2:1312139:1312139 [0] NCCL INFO mscclSetupProxy: no capture

ja2:1312139:1312139 [0] NCCL INFO MSCCL: Setup Kernel finished, smem 41280 needsFence 1
ja2:1312139:1312139 [0] NCCL INFO mscclGetCaptureStatus: 0, captureId: 0, size: 0

ja2:1312139:1312139 [0] NCCL INFO mscclSetupProxy: no capture

ja2:1312139:1312139 [0] NCCL INFO MSCCL: Setup Kernel finished, smem 41280 needsFence 1
ja2:1312139:1312139 [0] NCCL INFO mscclGetCaptureStatus: 0, captureId: 0, size: 0

ja2:1312139:1312139 [0] NCCL INFO mscclSetupProxy: no capture

ja2:1312139:1312139 [0] NCCL INFO MSCCL: Setup Kernel finished, smem 41280 needsFence 1
ja2:1312139:1312139 [0] NCCL INFO mscclGetCaptureStatus: 0, captureId: 0, size: 0

ja4:2516836:2516836 [0] NCCL INFO mscclGetCaptureStatus: 0, captureId: 0, size: 0

ja4:2516836:2516836 [0] NCCL INFO mscclSetupProxy: no capture

ja4:2516836:2516836 [0] NCCL INFO MSCCL: Setup Kernel finished, smem 41280 needsFence 1
ja4:2516836:2516836 [0] NCCL INFO mscclGetCaptureStatus: 0, captureId: 0, size: 0

ja4:2516836:2516836 [0] NCCL INFO mscclSetupProxy: no capture

ja4:2516836:2516836 [0] NCCL INFO MSCCL: Setup Kernel finished, smem 41280 needsFence 1
ja4:2516836:2516836 [0] NCCL INFO mscclGetCaptureStatus: 0, captureId: 0, size: 0

ja4:2516836:2516836 [0] NCCL INFO mscclSetupProxy: no capture

ja4:2516836:2516836 [0] NCCL INFO MSCCL: Setup Kernel finished, smem 41280 needsFence 1
ja4:2516836:2516836 [0] NCCL INFO mscclGetCaptureStatus: 0, captureId: 0, size: 0

ja4:2516836:2516836 [0] NCCL INFO mscclSetupProxy: no capture

ja4:2516836:2516836 [0] NCCL INFO MSCCL: Setup Kernel finished, smem 41280 needsFence 1
ja4:2516836:2516836 [0] NCCL INFO mscclGetCaptureStatus: 0, captureId: 0, size: 0

ja3:927685:927685 [0] NCCL INFO mscclSetupProxy: no capture

ja3:927685:927685 [0] NCCL INFO MSCCL: Setup Kernel finished, smem 41280 needsFence 1
ja3:927685:927685 [0] NCCL INFO mscclGetCaptureStatus: 0, captureId: 0, size: 0

ja2:1312139:1312139 [0] NCCL INFO mscclSetupProxy: no capture

ja2:1312139:1312139 [0] NCCL INFO MSCCL: Setup Kernel finished, smem 41280 needsFence 1
ja2:1312139:1312139 [0] NCCL INFO mscclGetCaptureStatus: 0, captureId: 0, size: 0

ja2:1312139:1312139 [0] NCCL INFO mscclSetupProxy: no capture

ja2:1312139:1312139 [0] NCCL INFO MSCCL: Setup Kernel finished, smem 41280 needsFence 1
ja2:1312139:1312139 [0] NCCL INFO mscclGetCaptureStatus: 0, captureId: 0, size: 0

ja2:1312139:1312139 [0] NCCL INFO mscclSetupProxy: no capture

ja2:1312139:1312139 [0] NCCL INFO MSCCL: Setup Kernel finished, smem 41280 needsFence 1
ja2:1312139:1312139 [0] NCCL INFO mscclGetCaptureStatus: 0, captureId: 0, size: 0

ja2:1312139:1312139 [0] NCCL INFO mscclSetupProxy: no capture

ja4:2516836:2516836 [0] NCCL INFO mscclSetupProxy: no capture

ja4:2516836:2516836 [0] NCCL INFO MSCCL: Setup Kernel finished, smem 41280 needsFence 1
ja4:2516836:2516836 [0] NCCL INFO mscclGetCaptureStatus: 0, captureId: 0, size: 0

ja4:2516836:2516836 [0] NCCL INFO mscclSetupProxy: no capture

ja4:2516836:2516836 [0] NCCL INFO MSCCL: Setup Kernel finished, smem 41280 needsFence 1
ja4:2516836:2516836 [0] NCCL INFO mscclGetCaptureStatus: 0, captureId: 0, size: 0

ja3:927685:927685 [0] NCCL INFO mscclSetupProxy: no capture

ja3:927685:927685 [0] NCCL INFO MSCCL: Setup Kernel finished, smem 41280 needsFence 1
ja3:927685:927685 [0] NCCL INFO mscclGetCaptureStatus: 0, captureId: 0, size: 0

ja3:927685:927685 [0] NCCL INFO mscclSetupProxy: no capture

ja3:927685:927685 [0] NCCL INFO MSCCL: Setup Kernel finished, smem 41280 needsFence 1
ja3:927685:927685 [0] NCCL INFO mscclGetCaptureStatus: 0, captureId: 0, size: 0

ja3:927685:927685 [0] NCCL INFO mscclSetupProxy: no capture

ja3:927685:927685 [0] NCCL INFO MSCCL: Setup Kernel finished, smem 41280 needsFence 1
ja3:927685:927685 [0] NCCL INFO mscclGetCaptureStatus: 0, captureId: 0, size: 0

ja3:927685:927685 [0] NCCL INFO mscclSetupProxy: no capture

ja3:927685:927685 [0] NCCL INFO MSCCL: Setup Kernel finished, smem 41280 needsFence 1
ja3:927685:927685 [0] NCCL INFO mscclGetCaptureStatus: 0, captureId: 0, size: 0

ja3:927685:927685 [0] NCCL INFO mscclSetupProxy: no capture

ja2:1312139:1312139 [0] NCCL INFO MSCCL: Setup Kernel finished, smem 41280 needsFence 1
ja2:1312139:1312139 [0] NCCL INFO mscclGetCaptureStatus: 0, captureId: 0, size: 0

ja2:1312139:1312139 [0] NCCL INFO mscclSetupProxy: no capture

ja2:1312139:1312139 [0] NCCL INFO MSCCL: Setup Kernel finished, smem 41280 needsFence 1
ja2:1312139:1312139 [0] NCCL INFO mscclGetCaptureStatus: 0, captureId: 0, size: 0

ja2:1312139:1312139 [0] NCCL INFO mscclSetupProxy: no capture

ja2:1312139:1312139 [0] NCCL INFO MSCCL: Setup Kernel finished, smem 41280 needsFence 1
ja2:1312139:1312139 [0] NCCL INFO mscclGetCaptureStatus: 0, captureId: 0, size: 0

ja2:1312139:1312139 [0] NCCL INFO mscclSetupProxy: no capture

ja2:1312139:1312139 [0] NCCL INFO MSCCL: Setup Kernel finished, smem 41280 needsFence 1
ja4:2516836:2516836 [0] NCCL INFO mscclSetupProxy: no capture

ja4:2516836:2516836 [0] NCCL INFO MSCCL: Setup Kernel finished, smem 41280 needsFence 1
ja4:2516836:2516836 [0] NCCL INFO mscclGetCaptureStatus: 0, captureId: 0, size: 0

ja4:2516836:2516836 [0] NCCL INFO mscclSetupProxy: no capture

ja4:2516836:2516836 [0] NCCL INFO MSCCL: Setup Kernel finished, smem 41280 needsFence 1
ja4:2516836:2516836 [0] NCCL INFO mscclGetCaptureStatus: 0, captureId: 0, size: 0

ja4:2516836:2516836 [0] NCCL INFO mscclSetupProxy: no capture

ja4:2516836:2516836 [0] NCCL INFO MSCCL: Setup Kernel finished, smem 41280 needsFence 1
ja4:2516836:2516836 [0] NCCL INFO mscclGetCaptureStatus: 0, captureId: 0, size: 0

ja4:2516836:2516836 [0] NCCL INFO mscclSetupProxy: no capture

ja4:2516836:2516836 [0] NCCL INFO MSCCL: Setup Kernel finished, smem 41280 needsFence 1
ja3:927685:927685 [0] NCCL INFO MSCCL: Setup Kernel finished, smem 41280 needsFence 1
ja3:927685:927685 [0] NCCL INFO mscclGetCaptureStatus: 0, captureId: 0, size: 0

ja3:927685:927685 [0] NCCL INFO mscclSetupProxy: no capture

ja3:927685:927685 [0] NCCL INFO MSCCL: Setup Kernel finished, smem 41280 needsFence 1
ja2:1312139:1312139 [0] NCCL INFO mscclGetCaptureStatus: 0, captureId: 0, size: 0

ja2:1312139:1312139 [0] NCCL INFO mscclSetupProxy: no capture

ja2:1312139:1312139 [0] NCCL INFO MSCCL: Setup Kernel finished, smem 41280 needsFence 1
ja3:927685:927685 [0] NCCL INFO mscclGetCaptureStatus: 0, captureId: 0, size: 0

ja3:927685:927685 [0] NCCL INFO mscclSetupProxy: no capture

ja3:927685:927685 [0] NCCL INFO MSCCL: Setup Kernel finished, smem 41280 needsFence 1
ja4:2516836:2516836 [0] NCCL INFO mscclGetCaptureStatus: 0, captureId: 0, size: 0

ja4:2516836:2516836 [0] NCCL INFO mscclSetupProxy: no capture

ja4:2516836:2516836 [0] NCCL INFO MSCCL: Setup Kernel finished, smem 41280 needsFence 1
   2954.1    8.52    5.68      0
    50331648       4194304     float    none      -1   4298.4   11.71    7.81      0ja2:1312139:1312139 [0] NCCL INFO mscclGetCaptureStatus: 0, captureId: 0, size: 0

ja2:1312139:1312139 [0] NCCL INFO mscclSetupProxy: no capture

ja2:1312139:1312139 [0] NCCL INFO MSCCL: Setup Kernel finished, smem 41280 needsFence 1
ja4:2516836:2516836 [0] NCCL INFO mscclGetCaptureStatus: 0, captureId: 0, size: 0

ja4:2516836:2516836 [0] NCCL INFO mscclSetupProxy: no capture

ja4:2516836:2516836 [0] NCCL INFO MSCCL: Setup Kernel finished, smem 41280 needsFence 1
ja3:927685:927685 [0] NCCL INFO mscclGetCaptureStatus: 0, captureId: 0, size: 0

ja3:927685:927685 [0] NCCL INFO mscclSetupProxy: no capture

ja3:927685:927685 [0] NCCL INFO MSCCL: Setup Kernel finished, smem 41280 needsFence 1
ja2:1312139:1312139 [0] NCCL INFO mscclGetCaptureStatus: 0, captureId: 0, size: 0

ja2:1312139:1312139 [0] NCCL INFO mscclSetupProxy: no capture

ja2:1312139:1312139 [0] NCCL INFO MSCCL: Setup Kernel finished, smem 41280 needsFence 1
ja2:1312139:1312139 [0] NCCL INFO mscclGetCaptureStatus: 0, captureId: 0, size: 0

ja2:1312139:1312139 [0] NCCL INFO mscclSetupProxy: no capture

ja2:1312139:1312139 [0] NCCL INFO MSCCL: Setup Kernel finished, smem 41280 needsFence 1
ja2:1312139:1312139 [0] NCCL INFO mscclGetCaptureStatus: 0, captureId: 0, size: 0

ja2:1312139:1312139 [0] NCCL INFO mscclSetupProxy: no capture

ja2:1312139:1312139 [0] NCCL INFO MSCCL: Setup Kernel finished, smem 41280 needsFence 1
ja2:1312139:1312139 [0] NCCL INFO mscclGetCaptureStatus: 0, captureId: 0, size: 0

ja2:1312139:1312139 [0] NCCL INFO mscclSetupProxy: no capture

ja2:1312139:1312139 [0] NCCL INFO MSCCL: Setup Kernel finished, smem 41280 needsFence 1
ja2:1312139:1312139 [0] NCCL INFO mscclGetCaptureStatus: 0, captureId: 0, size: 0

ja4:2516836:2516836 [0] NCCL INFO mscclGetCaptureStatus: 0, captureId: 0, size: 0

ja4:2516836:2516836 [0] NCCL INFO mscclSetupProxy: no capture

ja4:2516836:2516836 [0] NCCL INFO MSCCL: Setup Kernel finished, smem 41280 needsFence 1
ja4:2516836:2516836 [0] NCCL INFO mscclGetCaptureStatus: 0, captureId: 0, size: 0

ja4:2516836:2516836 [0] NCCL INFO mscclSetupProxy: no capture

ja4:2516836:2516836 [0] NCCL INFO MSCCL: Setup Kernel finished, smem 41280 needsFence 1
ja4:2516836:2516836 [0] NCCL INFO mscclGetCaptureStatus: 0, captureId: 0, size: 0

ja4:2516836:2516836 [0] NCCL INFO mscclSetupProxy: no capture

ja4:2516836:2516836 [0] NCCL INFO MSCCL: Setup Kernel finished, smem 41280 needsFence 1
ja4:2516836:2516836 [0] NCCL INFO mscclGetCaptureStatus: 0, captureId: 0, size: 0

ja4:2516836:2516836 [0] NCCL INFO mscclSetupProxy: no capture

ja4:2516836:2516836 [0] NCCL INFO MSCCL: Setup Kernel finished, smem 41280 needsFence 1
ja4:2516836:2516836 [0] NCCL INFO mscclGetCaptureStatus: 0, captureId: 0, size: 0

ja3:927685:927685 [0] NCCL INFO mscclGetCaptureStatus: 0, captureId: 0, size: 0

ja3:927685:927685 [0] NCCL INFO mscclSetupProxy: no capture

ja3:927685:927685 [0] NCCL INFO MSCCL: Setup Kernel finished, smem 41280 needsFence 1
ja3:927685:927685 [0] NCCL INFO mscclGetCaptureStatus: 0, captureId: 0, size: 0

ja3:927685:927685 [0] NCCL INFO mscclSetupProxy: no capture

ja3:927685:927685 [0] NCCL INFO MSCCL: Setup Kernel finished, smem 41280 needsFence 1
ja3:927685:927685 [0] NCCL INFO mscclGetCaptureStatus: 0, captureId: 0, size: 0

ja3:927685:927685 [0] NCCL INFO mscclSetupProxy: no capture

ja3:927685:927685 [0] NCCL INFO MSCCL: Setup Kernel finished, smem 41280 needsFence 1
ja3:927685:927685 [0] NCCL INFO mscclGetCaptureStatus: 0, captureId: 0, size: 0

ja3:927685:927685 [0] NCCL INFO mscclSetupProxy: no capture

ja3:927685:927685 [0] NCCL INFO MSCCL: Setup Kernel finished, smem 41280 needsFence 1
ja3:927685:927685 [0] NCCL INFO mscclGetCaptureStatus: 0, captureId: 0, size: 0

ja2:1312139:1312139 [0] NCCL INFO mscclSetupProxy: no capture

ja2:1312139:1312139 [0] NCCL INFO MSCCL: Setup Kernel finished, smem 41280 needsFence 1
ja4:2516836:2516836 [0] NCCL INFO mscclSetupProxy: no capture

ja4:2516836:2516836 [0] NCCL INFO MSCCL: Setup Kernel finished, smem 41280 needsFence 1
ja4:2516836:2516836 [0] NCCL INFO mscclGetCaptureStatus: 0, captureId: 0, size: 0

ja3:927685:927685 [0] NCCL INFO mscclSetupProxy: no capture

ja3:927685:927685 [0] NCCL INFO MSCCL: Setup Kernel finished, smem 41280 needsFence 1
ja2:1312139:1312139 [0] NCCL INFO mscclGetCaptureStatus: 0, captureId: 0, size: 0

ja2:1312139:1312139 [0] NCCL INFO mscclSetupProxy: no capture

ja2:1312139:1312139 [0] NCCL INFO MSCCL: Setup Kernel finished, smem 41280 needsFence 1
ja2:1312139:1312139 [0] NCCL INFO mscclGetCaptureStatus: 0, captureId: 0, size: 0

ja2:1312139:1312139 [0] NCCL INFO mscclSetupProxy: no capture

ja2:1312139:1312139 [0] NCCL INFO MSCCL: Setup Kernel finished, smem 41280 needsFence 1
ja2:1312139:1312139 [0] NCCL INFO mscclGetCaptureStatus: 0, captureId: 0, size: 0

ja2:1312139:1312139 [0] NCCL INFO mscclSetupProxy: no capture

ja2:1312139:1312139 [0] NCCL INFO MSCCL: Setup Kernel finished, smem 41280 needsFence 1
ja2:1312139:1312139 [0] NCCL INFO mscclGetCaptureStatus: 0, captureId: 0, size: 0

ja2:1312139:1312139 [0] NCCL INFO mscclSetupProxy: no capture

ja2:1312139:1312139 [0] NCCL INFO MSCCL: Setup Kernel finished, smem 41280 needsFence 1
ja2:1312139:1312139 [0] NCCL INFO mscclGetCaptureStatus: 0, captureId: 0, size: 0

ja4:2516836:2516836 [0] NCCL INFO mscclSetupProxy: no capture

ja4:2516836:2516836 [0] NCCL INFO MSCCL: Setup Kernel finished, smem 41280 needsFence 1
ja4:2516836:2516836 [0] NCCL INFO mscclGetCaptureStatus: 0, captureId: 0, size: 0

ja4:2516836:2516836 [0] NCCL INFO mscclSetupProxy: no capture

ja4:2516836:2516836 [0] NCCL INFO MSCCL: Setup Kernel finished, smem 41280 needsFence 1
ja4:2516836:2516836 [0] NCCL INFO mscclGetCaptureStatus: 0, captureId: 0, size: 0

ja4:2516836:2516836 [0] NCCL INFO mscclSetupProxy: no capture

ja4:2516836:2516836 [0] NCCL INFO MSCCL: Setup Kernel finished, smem 41280 needsFence 1
ja4:2516836:2516836 [0] NCCL INFO mscclGetCaptureStatus: 0, captureId: 0, size: 0

ja4:2516836:2516836 [0] NCCL INFO mscclSetupProxy: no capture

ja4:2516836:2516836 [0] NCCL INFO MSCCL: Setup Kernel finished, smem 41280 needsFence 1
ja4:2516836:2516836 [0] NCCL INFO mscclGetCaptureStatus: 0, captureId: 0, size: 0

ja4:2516836:2516836 [0] NCCL INFO mscclSetupProxy: no capture

ja3:927685:927685 [0] NCCL INFO mscclGetCaptureStatus: 0, captureId: 0, size: 0

ja3:927685:927685 [0] NCCL INFO mscclSetupProxy: no capture

ja3:927685:927685 [0] NCCL INFO MSCCL: Setup Kernel finished, smem 41280 needsFence 1
ja3:927685:927685 [0] NCCL INFO mscclGetCaptureStatus: 0, captureId: 0, size: 0

ja3:927685:927685 [0] NCCL INFO mscclSetupProxy: no capture

ja3:927685:927685 [0] NCCL INFO MSCCL: Setup Kernel finished, smem 41280 needsFence 1
ja3:927685:927685 [0] NCCL INFO mscclGetCaptureStatus: 0, captureId: 0, size: 0

ja3:927685:927685 [0] NCCL INFO mscclSetupProxy: no capture

ja3:927685:927685 [0] NCCL INFO MSCCL: Setup Kernel finished, smem 41280 needsFence 1
ja3:927685:927685 [0] NCCL INFO mscclGetCaptureStatus: 0, captureId: 0, size: 0

ja3:927685:927685 [0] NCCL INFO mscclSetupProxy: no capture

ja3:927685:927685 [0] NCCL INFO MSCCL: Setup Kernel finished, smem 41280 needsFence 1
ja3:927685:927685 [0] NCCL INFO mscclGetCaptureStatus: 0, captureId: 0, size: 0

ja2:1312139:1312139 [0] NCCL INFO mscclSetupProxy: no capture

ja2:1312139:1312139 [0] NCCL INFO MSCCL: Setup Kernel finished, smem 41280 needsFence 1
ja2:1312139:1312139 [0] NCCL INFO mscclGetCaptureStatus: 0, captureId: 0, size: 0

ja2:1312139:1312139 [0] NCCL INFO mscclSetupProxy: no capture

ja2:1312139:1312139 [0] NCCL INFO MSCCL: Setup Kernel finished, smem 41280 needsFence 1
ja2:1312139:1312139 [0] NCCL INFO mscclGetCaptureStatus: 0, captureId: 0, size: 0

ja2:1312139:1312139 [0] NCCL INFO mscclSetupProxy: no capture

ja2:1312139:1312139 [0] NCCL INFO MSCCL: Setup Kernel finished, smem 41280 needsFence 1
ja2:1312139:1312139 [0] NCCL INFO mscclGetCaptureStatus: 0, captureId: 0, size: 0

ja2:1312139:1312139 [0] NCCL INFO mscclSetupProxy: no capture

ja2:1312139:1312139 [0] NCCL INFO MSCCL: Setup Kernel finished, smem 41280 needsFence 1
ja2:1312139:1312139 [0] NCCL INFO mscclGetCaptureStatus: 0, captureId: 0, size: 0

ja2:1312139:1312139 [0] NCCL INFO mscclSetupProxy: no capture

ja4:2516836:2516836 [0] NCCL INFO MSCCL: Setup Kernel finished, smem 41280 needsFence 1
ja3:927685:927685 [0] NCCL INFO mscclSetupProxy: no capture

ja2:1312139:1312139 [0] NCCL INFO MSCCL: Setup Kernel finished, smem 41280 needsFence 1
ja2:1312139:1312139 [0] NCCL INFO mscclGetCaptureStatus: 0, captureId: 0, size: 0

ja2:1312139:1312139 [0] NCCL INFO mscclSetupProxy: no capture

ja2:1312139:1312139 [0] NCCL INFO MSCCL: Setup Kernel finished, smem 41280 needsFence 1
ja2:1312139:1312139 [0] NCCL INFO mscclGetCaptureStatus: 0, captureId: 0, size: 0

ja2:1312139:1312139 [0] NCCL INFO mscclSetupProxy: no capture

ja2:1312139:1312139 [0] NCCL INFO MSCCL: Setup Kernel finished, smem 41280 needsFence 1
ja4:2516836:2516836 [0] NCCL INFO mscclGetCaptureStatus: 0, captureId: 0, size: 0

ja4:2516836:2516836 [0] NCCL INFO mscclSetupProxy: no capture

ja4:2516836:2516836 [0] NCCL INFO MSCCL: Setup Kernel finished, smem 41280 needsFence 1
ja4:2516836:2516836 [0] NCCL INFO mscclGetCaptureStatus: 0, captureId: 0, size: 0

ja4:2516836:2516836 [0] NCCL INFO mscclSetupProxy: no capture

ja4:2516836:2516836 [0] NCCL INFO MSCCL: Setup Kernel finished, smem 41280 needsFence 1
ja4:2516836:2516836 [0] NCCL INFO mscclGetCaptureStatus: 0, captureId: 0, size: 0

ja4:2516836:2516836 [0] NCCL INFO mscclSetupProxy: no capture

ja4:2516836:2516836 [0] NCCL INFO MSCCL: Setup Kernel finished, smem 41280 needsFence 1
ja4:2516836:2516836 [0] NCCL INFO mscclGetCaptureStatus: 0, captureId: 0, size: 0

ja4:2516836:2516836 [0] NCCL INFO mscclSetupProxy: no capture

ja4:2516836:2516836 [0] NCCL INFO MSCCL: Setup Kernel finished, smem 41280 needsFence 1
ja4:2516836:2516836 [0] NCCL INFO mscclGetCaptureStatus: 0, captureId: 0, size: 0

ja3:927685:927685 [0] NCCL INFO MSCCL: Setup Kernel finished, smem 41280 needsFence 1
ja3:927685:927685 [0] NCCL INFO mscclGetCaptureStatus: 0, captureId: 0, size: 0

ja3:927685:927685 [0] NCCL INFO mscclSetupProxy: no capture

ja3:927685:927685 [0] NCCL INFO MSCCL: Setup Kernel finished, smem 41280 needsFence 1
ja3:927685:927685 [0] NCCL INFO mscclGetCaptureStatus: 0, captureId: 0, size: 0

ja3:927685:927685 [0] NCCL INFO mscclSetupProxy: no capture

ja3:927685:927685 [0] NCCL INFO MSCCL: Setup Kernel finished, smem 41280 needsFence 1
ja3:927685:927685 [0] NCCL INFO mscclGetCaptureStatus: 0, captureId: 0, size: 0

ja3:927685:927685 [0] NCCL INFO mscclSetupProxy: no capture

ja3:927685:927685 [0] NCCL INFO MSCCL: Setup Kernel finished, smem 41280 needsFence 1
ja3:927685:927685 [0] NCCL INFO mscclGetCaptureStatus: 0, captureId: 0, size: 0

ja3:927685:927685 [0] NCCL INFO mscclSetupProxy: no capture

ja3:927685:927685 [0] NCCL INFO MSCCL: Setup Kernel finished, smem 41280 needsFence 1
ja2:1312139:1312139 [0] NCCL INFO mscclGetCaptureStatus: 0, captureId: 0, size: 0

ja2:1312139:1312139 [0] NCCL INFO mscclSetupProxy: no capture

ja2:1312139:1312139 [0] NCCL INFO MSCCL: Setup Kernel finished, smem 41280 needsFence 1
ja2:1312139:1312139 [0] NCCL INFO mscclGetCaptureStatus: 0, captureId: 0, size: 0

ja2:1312139:1312139 [0] NCCL INFO mscclSetupProxy: no capture

ja2:1312139:1312139 [0] NCCL INFO MSCCL: Setup Kernel finished, smem 41280 needsFence 1
ja2:1312139:1312139 [0] NCCL INFO mscclGetCaptureStatus: 0, captureId: 0, size: 0

ja2:1312139:1312139 [0] NCCL INFO mscclSetupProxy: no capture

ja2:1312139:1312139 [0] NCCL INFO MSCCL: Setup Kernel finished, smem 41280 needsFence 1
ja2:1312139:1312139 [0] NCCL INFO mscclGetCaptureStatus: 0, captureId: 0, size: 0

ja2:1312139:1312139 [0] NCCL INFO mscclSetupProxy: no capture

ja2:1312139:1312139 [0] NCCL INFO MSCCL: Setup Kernel finished, smem 41280 needsFence 1
ja4:2516836:2516836 [0] NCCL INFO mscclSetupProxy: no capture

ja4:2516836:2516836 [0] NCCL INFO MSCCL: Setup Kernel finished, smem 41280 needsFence 1
ja4:2516836:2516836 [0] NCCL INFO mscclGetCaptureStatus: 0, captureId: 0, size: 0

ja4:2516836:2516836 [0] NCCL INFO mscclSetupProxy: no capture

ja4:2516836:2516836 [0] NCCL INFO MSCCL: Setup Kernel finished, smem 41280 needsFence 1
ja4:2516836:2516836 [0] NCCL INFO mscclGetCaptureStatus: 0, captureId: 0, size: 0

ja3:927685:927685 [0] NCCL INFO mscclGetCaptureStatus: 0, captureId: 0, size: 0

ja3:927685:927685 [0] NCCL INFO mscclSetupProxy: no capture

ja3:927685:927685 [0] NCCL INFO MSCCL: Setup Kernel finished, smem 41280 needsFence 1
ja3:927685:927685 [0] NCCL INFO mscclGetCaptureStatus: 0, captureId: 0, size: 0

ja3:927685:927685 [0] NCCL INFO mscclSetupProxy: no capture

ja3:927685:927685 [0] NCCL INFO MSCCL: Setup Kernel finished, smem 41280 needsFence 1
ja4:2516836:2516836 [0] NCCL INFO mscclSetupProxy: no capture

ja4:2516836:2516836 [0] NCCL INFO MSCCL: Setup Kernel finished, smem 41280 needsFence 1
ja4:2516836:2516836 [0] NCCL INFO mscclGetCaptureStatus: 0, captureId: 0, size: 0

ja4:2516836:2516836 [0] NCCL INFO mscclSetupProxy: no capture

ja4:2516836:2516836 [0] NCCL INFO MSCCL: Setup Kernel finished, smem 41280 needsFence 1
ja4:2516836:2516836 [0] NCCL INFO mscclGetCaptureStatus: 0, captureId: 0, size: 0

ja4:2516836:2516836 [0] NCCL INFO mscclSetupProxy: no capture

ja4:2516836:2516836 [0] NCCL INFO MSCCL: Setup Kernel finished, smem 41280 needsFence 1
ja4:2516836:2516836 [0] NCCL INFO mscclGetCaptureStatus: 0, captureId: 0, size: 0

ja4:2516836:2516836 [0] NCCL INFO mscclSetupProxy: no capture

ja4:2516836:2516836 [0] NCCL INFO MSCCL: Setup Kernel finished, smem 41280 needsFence 1
ja3:927685:927685 [0] NCCL INFO mscclGetCaptureStatus: 0, captureId: 0, size: 0

ja3:927685:927685 [0] NCCL INFO mscclSetupProxy: no capture

ja3:927685:927685 [0] NCCL INFO MSCCL: Setup Kernel finished, smem 41280 needsFence 1
ja3:927685:927685 [0] NCCL INFO mscclGetCaptureStatus: 0, captureId: 0, size: 0

ja3:927685:927685 [0] NCCL INFO mscclSetupProxy: no capture

ja3:927685:927685 [0] NCCL INFO MSCCL: Setup Kernel finished, smem 41280 needsFence 1
ja3:927685:927685 [0] NCCL INFO mscclGetCaptureStatus: 0, captureId: 0, size: 0

ja3:927685:927685 [0] NCCL INFO mscclSetupProxy: no capture

ja3:927685:927685 [0] NCCL INFO MSCCL: Setup Kernel finished, smem 41280 needsFence 1
ja3:927685:927685 [0] NCCL INFO mscclGetCaptureStatus: 0, captureId: 0, size: 0

ja3:927685:927685 [0] NCCL INFO mscclSetupProxy: no capture

ja3:927685:927685 [0] NCCL INFO MSCCL: Setup Kernel finished, smem 41280 needsFence 1
ja2:1312139:1312139 [0] NCCL INFO mscclGetCaptureStatus: 0, captureId: 0, size: 0

ja2:1312139:1312139 [0] NCCL INFO mscclSetupProxy: no capture

ja2:1312139:1312139 [0] NCCL INFO MSCCL: Setup Kernel finished, smem 41280 needsFence 1
ja4:2516836:2516836 [0] NCCL INFO mscclGetCaptureStatus: 0, captureId: 0, size: 0

ja4:2516836:2516836 [0] NCCL INFO mscclSetupProxy: no capture

ja4:2516836:2516836 [0] NCCL INFO MSCCL: Setup Kernel finished, smem 41280 needsFence 1
ja3:927685:927685 [0] NCCL INFO mscclGetCaptureStatus: 0, captureId: 0, size: 0

ja3:927685:927685 [0] NCCL INFO mscclSetupProxy: no capture

ja3:927685:927685 [0] NCCL INFO MSCCL: Setup Kernel finished, smem 41280 needsFence 1
   5806.0    8.67    5.78      0
   100663296       8388608     float    none      -1   8456.4   11.90    7.94      0ja2:1312139:1312139 [0] NCCL INFO mscclGetCaptureStatus: 0, captureId: 0, size: 0

ja2:1312139:1312139 [0] NCCL INFO mscclSetupProxy: no capture

ja2:1312139:1312139 [0] NCCL INFO MSCCL: Setup Kernel finished, smem 41280 needsFence 1
ja4:2516836:2516836 [0] NCCL INFO mscclGetCaptureStatus: 0, captureId: 0, size: 0

ja4:2516836:2516836 [0] NCCL INFO mscclSetupProxy: no capture

ja4:2516836:2516836 [0] NCCL INFO MSCCL: Setup Kernel finished, smem 41280 needsFence 1
ja3:927685:927685 [0] NCCL INFO mscclGetCaptureStatus: 0, captureId: 0, size: 0

ja3:927685:927685 [0] NCCL INFO mscclSetupProxy: no capture

ja3:927685:927685 [0] NCCL INFO MSCCL: Setup Kernel finished, smem 41280 needsFence 1
ja2:1312139:1312139 [0] NCCL INFO mscclGetCaptureStatus: 0, captureId: 0, size: 0

ja2:1312139:1312139 [0] NCCL INFO mscclSetupProxy: no capture

ja2:1312139:1312139 [0] NCCL INFO MSCCL: Setup Kernel finished, smem 41280 needsFence 1
ja2:1312139:1312139 [0] NCCL INFO mscclGetCaptureStatus: 0, captureId: 0, size: 0

ja2:1312139:1312139 [0] NCCL INFO mscclSetupProxy: no capture

ja2:1312139:1312139 [0] NCCL INFO MSCCL: Setup Kernel finished, smem 41280 needsFence 1
ja2:1312139:1312139 [0] NCCL INFO mscclGetCaptureStatus: 0, captureId: 0, size: 0

ja2:1312139:1312139 [0] NCCL INFO mscclSetupProxy: no capture

ja2:1312139:1312139 [0] NCCL INFO MSCCL: Setup Kernel finished, smem 41280 needsFence 1
ja2:1312139:1312139 [0] NCCL INFO mscclGetCaptureStatus: 0, captureId: 0, size: 0

ja2:1312139:1312139 [0] NCCL INFO mscclSetupProxy: no capture

ja2:1312139:1312139 [0] NCCL INFO MSCCL: Setup Kernel finished, smem 41280 needsFence 1
ja2:1312139:1312139 [0] NCCL INFO mscclGetCaptureStatus: 0, captureId: 0, size: 0

ja4:2516836:2516836 [0] NCCL INFO mscclGetCaptureStatus: 0, captureId: 0, size: 0

ja4:2516836:2516836 [0] NCCL INFO mscclSetupProxy: no capture

ja4:2516836:2516836 [0] NCCL INFO MSCCL: Setup Kernel finished, smem 41280 needsFence 1
ja4:2516836:2516836 [0] NCCL INFO mscclGetCaptureStatus: 0, captureId: 0, size: 0

ja4:2516836:2516836 [0] NCCL INFO mscclSetupProxy: no capture

ja4:2516836:2516836 [0] NCCL INFO MSCCL: Setup Kernel finished, smem 41280 needsFence 1
ja4:2516836:2516836 [0] NCCL INFO mscclGetCaptureStatus: 0, captureId: 0, size: 0

ja4:2516836:2516836 [0] NCCL INFO mscclSetupProxy: no capture

ja4:2516836:2516836 [0] NCCL INFO MSCCL: Setup Kernel finished, smem 41280 needsFence 1
ja4:2516836:2516836 [0] NCCL INFO mscclGetCaptureStatus: 0, captureId: 0, size: 0

ja4:2516836:2516836 [0] NCCL INFO mscclSetupProxy: no capture

ja4:2516836:2516836 [0] NCCL INFO MSCCL: Setup Kernel finished, smem 41280 needsFence 1
ja4:2516836:2516836 [0] NCCL INFO mscclGetCaptureStatus: 0, captureId: 0, size: 0

ja3:927685:927685 [0] NCCL INFO mscclGetCaptureStatus: 0, captureId: 0, size: 0

ja3:927685:927685 [0] NCCL INFO mscclSetupProxy: no capture

ja3:927685:927685 [0] NCCL INFO MSCCL: Setup Kernel finished, smem 41280 needsFence 1
ja3:927685:927685 [0] NCCL INFO mscclGetCaptureStatus: 0, captureId: 0, size: 0

ja3:927685:927685 [0] NCCL INFO mscclSetupProxy: no capture

ja3:927685:927685 [0] NCCL INFO MSCCL: Setup Kernel finished, smem 41280 needsFence 1
ja3:927685:927685 [0] NCCL INFO mscclGetCaptureStatus: 0, captureId: 0, size: 0

ja3:927685:927685 [0] NCCL INFO mscclSetupProxy: no capture

ja3:927685:927685 [0] NCCL INFO MSCCL: Setup Kernel finished, smem 41280 needsFence 1
ja3:927685:927685 [0] NCCL INFO mscclGetCaptureStatus: 0, captureId: 0, size: 0

ja3:927685:927685 [0] NCCL INFO mscclSetupProxy: no capture

ja3:927685:927685 [0] NCCL INFO MSCCL: Setup Kernel finished, smem 41280 needsFence 1
ja3:927685:927685 [0] NCCL INFO mscclGetCaptureStatus: 0, captureId: 0, size: 0

ja2:1312139:1312139 [0] NCCL INFO mscclSetupProxy: no capture

ja2:1312139:1312139 [0] NCCL INFO MSCCL: Setup Kernel finished, smem 41280 needsFence 1
ja2:1312139:1312139 [0] NCCL INFO mscclGetCaptureStatus: 0, captureId: 0, size: 0

ja2:1312139:1312139 [0] NCCL INFO mscclSetupProxy: no capture

ja4:2516836:2516836 [0] NCCL INFO mscclSetupProxy: no capture

ja4:2516836:2516836 [0] NCCL INFO MSCCL: Setup Kernel finished, smem 41280 needsFence 1
ja3:927685:927685 [0] NCCL INFO mscclSetupProxy: no capture

ja3:927685:927685 [0] NCCL INFO MSCCL: Setup Kernel finished, smem 41280 needsFence 1
ja3:927685:927685 [0] NCCL INFO mscclGetCaptureStatus: 0, captureId: 0, size: 0

ja2:1312139:1312139 [0] NCCL INFO MSCCL: Setup Kernel finished, smem 41280 needsFence 1
ja2:1312139:1312139 [0] NCCL INFO mscclGetCaptureStatus: 0, captureId: 0, size: 0

ja2:1312139:1312139 [0] NCCL INFO mscclSetupProxy: no capture

ja2:1312139:1312139 [0] NCCL INFO MSCCL: Setup Kernel finished, smem 41280 needsFence 1
ja2:1312139:1312139 [0] NCCL INFO mscclGetCaptureStatus: 0, captureId: 0, size: 0

ja2:1312139:1312139 [0] NCCL INFO mscclSetupProxy: no capture

ja2:1312139:1312139 [0] NCCL INFO MSCCL: Setup Kernel finished, smem 41280 needsFence 1
ja2:1312139:1312139 [0] NCCL INFO mscclGetCaptureStatus: 0, captureId: 0, size: 0

ja2:1312139:1312139 [0] NCCL INFO mscclSetupProxy: no capture

ja2:1312139:1312139 [0] NCCL INFO MSCCL: Setup Kernel finished, smem 41280 needsFence 1
ja2:1312139:1312139 [0] NCCL INFO mscclGetCaptureStatus: 0, captureId: 0, size: 0

ja2:1312139:1312139 [0] NCCL INFO mscclSetupProxy: no capture

ja4:2516836:2516836 [0] NCCL INFO mscclGetCaptureStatus: 0, captureId: 0, size: 0

ja4:2516836:2516836 [0] NCCL INFO mscclSetupProxy: no capture

ja4:2516836:2516836 [0] NCCL INFO MSCCL: Setup Kernel finished, smem 41280 needsFence 1
ja3:927685:927685 [0] NCCL INFO mscclSetupProxy: no capture

ja3:927685:927685 [0] NCCL INFO MSCCL: Setup Kernel finished, smem 41280 needsFence 1
ja3:927685:927685 [0] NCCL INFO mscclGetCaptureStatus: 0, captureId: 0, size: 0

ja3:927685:927685 [0] NCCL INFO mscclSetupProxy: no capture

ja3:927685:927685 [0] NCCL INFO MSCCL: Setup Kernel finished, smem 41280 needsFence 1
ja3:927685:927685 [0] NCCL INFO mscclGetCaptureStatus: 0, captureId: 0, size: 0

ja3:927685:927685 [0] NCCL INFO mscclSetupProxy: no capture

ja3:927685:927685 [0] NCCL INFO MSCCL: Setup Kernel finished, smem 41280 needsFence 1
ja3:927685:927685 [0] NCCL INFO mscclGetCaptureStatus: 0, captureId: 0, size: 0

ja3:927685:927685 [0] NCCL INFO mscclSetupProxy: no capture

ja3:927685:927685 [0] NCCL INFO MSCCL: Setup Kernel finished, smem 41280 needsFence 1
ja3:927685:927685 [0] NCCL INFO mscclGetCaptureStatus: 0, captureId: 0, size: 0

ja3:927685:927685 [0] NCCL INFO mscclSetupProxy: no capture

ja2:1312139:1312139 [0] NCCL INFO MSCCL: Setup Kernel finished, smem 41280 needsFence 1
ja4:2516836:2516836 [0] NCCL INFO mscclGetCaptureStatus: 0, captureId: 0, size: 0

ja4:2516836:2516836 [0] NCCL INFO mscclSetupProxy: no capture

ja4:2516836:2516836 [0] NCCL INFO MSCCL: Setup Kernel finished, smem 41280 needsFence 1
ja4:2516836:2516836 [0] NCCL INFO mscclGetCaptureStatus: 0, captureId: 0, size: 0

ja4:2516836:2516836 [0] NCCL INFO mscclSetupProxy: no capture

ja4:2516836:2516836 [0] NCCL INFO MSCCL: Setup Kernel finished, smem 41280 needsFence 1
ja3:927685:927685 [0] NCCL INFO MSCCL: Setup Kernel finished, smem 41280 needsFence 1
ja2:1312139:1312139 [0] NCCL INFO mscclGetCaptureStatus: 0, captureId: 0, size: 0

ja2:1312139:1312139 [0] NCCL INFO mscclSetupProxy: no capture

ja2:1312139:1312139 [0] NCCL INFO MSCCL: Setup Kernel finished, smem 41280 needsFence 1
ja2:1312139:1312139 [0] NCCL INFO mscclGetCaptureStatus: 0, captureId: 0, size: 0

ja2:1312139:1312139 [0] NCCL INFO mscclSetupProxy: no capture

ja2:1312139:1312139 [0] NCCL INFO MSCCL: Setup Kernel finished, smem 41280 needsFence 1
ja2:1312139:1312139 [0] NCCL INFO mscclGetCaptureStatus: 0, captureId: 0, size: 0

ja2:1312139:1312139 [0] NCCL INFO mscclSetupProxy: no capture

ja2:1312139:1312139 [0] NCCL INFO MSCCL: Setup Kernel finished, smem 41280 needsFence 1
ja2:1312139:1312139 [0] NCCL INFO mscclGetCaptureStatus: 0, captureId: 0, size: 0

ja2:1312139:1312139 [0] NCCL INFO mscclSetupProxy: no capture

ja2:1312139:1312139 [0] NCCL INFO MSCCL: Setup Kernel finished, smem 41280 needsFence 1
ja2:1312139:1312139 [0] NCCL INFO mscclGetCaptureStatus: 0, captureId: 0, size: 0

ja4:2516836:2516836 [0] NCCL INFO mscclGetCaptureStatus: 0, captureId: 0, size: 0

ja4:2516836:2516836 [0] NCCL INFO mscclSetupProxy: no capture

ja4:2516836:2516836 [0] NCCL INFO MSCCL: Setup Kernel finished, smem 41280 needsFence 1
ja4:2516836:2516836 [0] NCCL INFO mscclGetCaptureStatus: 0, captureId: 0, size: 0

ja4:2516836:2516836 [0] NCCL INFO mscclSetupProxy: no capture

ja4:2516836:2516836 [0] NCCL INFO MSCCL: Setup Kernel finished, smem 41280 needsFence 1
ja3:927685:927685 [0] NCCL INFO mscclGetCaptureStatus: 0, captureId: 0, size: 0

ja3:927685:927685 [0] NCCL INFO mscclSetupProxy: no capture

ja3:927685:927685 [0] NCCL INFO MSCCL: Setup Kernel finished, smem 41280 needsFence 1
ja3:927685:927685 [0] NCCL INFO mscclGetCaptureStatus: 0, captureId: 0, size: 0

ja3:927685:927685 [0] NCCL INFO mscclSetupProxy: no capture

ja3:927685:927685 [0] NCCL INFO MSCCL: Setup Kernel finished, smem 41280 needsFence 1
ja3:927685:927685 [0] NCCL INFO mscclGetCaptureStatus: 0, captureId: 0, size: 0

ja3:927685:927685 [0] NCCL INFO mscclSetupProxy: no capture

ja3:927685:927685 [0] NCCL INFO MSCCL: Setup Kernel finished, smem 41280 needsFence 1
ja3:927685:927685 [0] NCCL INFO mscclGetCaptureStatus: 0, captureId: 0, size: 0

ja3:927685:927685 [0] NCCL INFO mscclSetupProxy: no capture

ja3:927685:927685 [0] NCCL INFO MSCCL: Setup Kernel finished, smem 41280 needsFence 1
ja3:927685:927685 [0] NCCL INFO mscclGetCaptureStatus: 0, captureId: 0, size: 0

ja2:1312139:1312139 [0] NCCL INFO mscclSetupProxy: no capture

ja2:1312139:1312139 [0] NCCL INFO MSCCL: Setup Kernel finished, smem 41280 needsFence 1
ja2:1312139:1312139 [0] NCCL INFO mscclGetCaptureStatus: 0, captureId: 0, size: 0

ja2:1312139:1312139 [0] NCCL INFO mscclSetupProxy: no capture

ja2:1312139:1312139 [0] NCCL INFO MSCCL: Setup Kernel finished, smem 41280 needsFence 1
ja2:1312139:1312139 [0] NCCL INFO mscclGetCaptureStatus: 0, captureId: 0, size: 0

ja2:1312139:1312139 [0] NCCL INFO mscclSetupProxy: no capture

ja2:1312139:1312139 [0] NCCL INFO MSCCL: Setup Kernel finished, smem 41280 needsFence 1
ja2:1312139:1312139 [0] NCCL INFO mscclGetCaptureStatus: 0, captureId: 0, size: 0

ja2:1312139:1312139 [0] NCCL INFO mscclSetupProxy: no capture

ja2:1312139:1312139 [0] NCCL INFO MSCCL: Setup Kernel finished, smem 41280 needsFence 1
ja4:2516836:2516836 [0] NCCL INFO mscclGetCaptureStatus: 0, captureId: 0, size: 0

ja4:2516836:2516836 [0] NCCL INFO mscclSetupProxy: no capture

ja4:2516836:2516836 [0] NCCL INFO MSCCL: Setup Kernel finished, smem 41280 needsFence 1
ja4:2516836:2516836 [0] NCCL INFO mscclGetCaptureStatus: 0, captureId: 0, size: 0

ja4:2516836:2516836 [0] NCCL INFO mscclSetupProxy: no capture

ja4:2516836:2516836 [0] NCCL INFO MSCCL: Setup Kernel finished, smem 41280 needsFence 1
ja4:2516836:2516836 [0] NCCL INFO mscclGetCaptureStatus: 0, captureId: 0, size: 0

ja4:2516836:2516836 [0] NCCL INFO mscclSetupProxy: no capture

ja4:2516836:2516836 [0] NCCL INFO MSCCL: Setup Kernel finished, smem 41280 needsFence 1
ja4:2516836:2516836 [0] NCCL INFO mscclGetCaptureStatus: 0, captureId: 0, size: 0

ja4:2516836:2516836 [0] NCCL INFO mscclSetupProxy: no capture

ja4:2516836:2516836 [0] NCCL INFO MSCCL: Setup Kernel finished, smem 41280 needsFence 1
ja4:2516836:2516836 [0] NCCL INFO mscclGetCaptureStatus: 0, captureId: 0, size: 0

ja3:927685:927685 [0] NCCL INFO mscclSetupProxy: no capture

ja3:927685:927685 [0] NCCL INFO MSCCL: Setup Kernel finished, smem 41280 needsFence 1
ja3:927685:927685 [0] NCCL INFO mscclGetCaptureStatus: 0, captureId: 0, size: 0

ja3:927685:927685 [0] NCCL INFO mscclSetupProxy: no capture

ja3:927685:927685 [0] NCCL INFO MSCCL: Setup Kernel finished, smem 41280 needsFence 1
ja2:1312139:1312139 [0] NCCL INFO mscclGetCaptureStatus: 0, captureId: 0, size: 0

ja2:1312139:1312139 [0] NCCL INFO mscclSetupProxy: no capture

ja2:1312139:1312139 [0] NCCL INFO MSCCL: Setup Kernel finished, smem 41280 needsFence 1
ja2:1312139:1312139 [0] NCCL INFO mscclGetCaptureStatus: 0, captureId: 0, size: 0

ja2:1312139:1312139 [0] NCCL INFO mscclSetupProxy: no capture

ja2:1312139:1312139 [0] NCCL INFO MSCCL: Setup Kernel finished, smem 41280 needsFence 1
ja4:2516836:2516836 [0] NCCL INFO mscclSetupProxy: no capture

ja4:2516836:2516836 [0] NCCL INFO MSCCL: Setup Kernel finished, smem 41280 needsFence 1
ja4:2516836:2516836 [0] NCCL INFO mscclGetCaptureStatus: 0, captureId: 0, size: 0

ja4:2516836:2516836 [0] NCCL INFO mscclSetupProxy: no capture

ja3:927685:927685 [0] NCCL INFO mscclGetCaptureStatus: 0, captureId: 0, size: 0

ja3:927685:927685 [0] NCCL INFO mscclSetupProxy: no capture

ja3:927685:927685 [0] NCCL INFO MSCCL: Setup Kernel finished, smem 41280 needsFence 1
ja3:927685:927685 [0] NCCL INFO mscclGetCaptureStatus: 0, captureId: 0, size: 0

ja3:927685:927685 [0] NCCL INFO mscclSetupProxy: no capture

ja3:927685:927685 [0] NCCL INFO MSCCL: Setup Kernel finished, smem 41280 needsFence 1
ja3:927685:927685 [0] NCCL INFO mscclGetCaptureStatus: 0, captureId: 0, size: 0

ja3:927685:927685 [0] NCCL INFO mscclSetupProxy: no capture

ja3:927685:927685 [0] NCCL INFO MSCCL: Setup Kernel finished, smem 41280 needsFence 1
ja3:927685:927685 [0] NCCL INFO mscclGetCaptureStatus: 0, captureId: 0, size: 0

ja3:927685:927685 [0] NCCL INFO mscclSetupProxy: no capture

ja3:927685:927685 [0] NCCL INFO MSCCL: Setup Kernel finished, smem 41280 needsFence 1
ja4:2516836:2516836 [0] NCCL INFO MSCCL: Setup Kernel finished, smem 41280 needsFence 1
ja4:2516836:2516836 [0] NCCL INFO mscclGetCaptureStatus: 0, captureId: 0, size: 0

ja4:2516836:2516836 [0] NCCL INFO mscclSetupProxy: no capture

ja4:2516836:2516836 [0] NCCL INFO MSCCL: Setup Kernel finished, smem 41280 needsFence 1
ja4:2516836:2516836 [0] NCCL INFO mscclGetCaptureStatus: 0, captureId: 0, size: 0

ja4:2516836:2516836 [0] NCCL INFO mscclSetupProxy: no capture

ja4:2516836:2516836 [0] NCCL INFO MSCCL: Setup Kernel finished, smem 41280 needsFence 1
ja4:2516836:2516836 [0] NCCL INFO mscclGetCaptureStatus: 0, captureId: 0, size: 0

ja4:2516836:2516836 [0] NCCL INFO mscclSetupProxy: no capture

ja4:2516836:2516836 [0] NCCL INFO MSCCL: Setup Kernel finished, smem 41280 needsFence 1
ja4:2516836:2516836 [0] NCCL INFO mscclGetCaptureStatus: 0, captureId: 0, size: 0

ja4:2516836:2516836 [0] NCCL INFO mscclSetupProxy: no capture

ja4:2516836:2516836 [0] NCCL INFO MSCCL: Setup Kernel finished, smem 41280 needsFence 1
ja4:2516836:2516836 [0] NCCL INFO mscclGetCaptureStatus: 0, captureId: 0, size: 0

ja4:2516836:2516836 [0] NCCL INFO mscclSetupProxy: no capture

ja4:2516836:2516836 [0] NCCL INFO MSCCL: Setup Kernel finished, smem 41280 needsFence 1
ja3:927685:927685 [0] NCCL INFO mscclGetCaptureStatus: 0, captureId: 0, size: 0

ja3:927685:927685 [0] NCCL INFO mscclSetupProxy: no capture

ja3:927685:927685 [0] NCCL INFO MSCCL: Setup Kernel finished, smem 41280 needsFence 1
ja2:1312139:1312139 [0] NCCL INFO mscclGetCaptureStatus: 0, captureId: 0, size: 0

ja2:1312139:1312139 [0] NCCL INFO mscclSetupProxy: no capture

ja2:1312139:1312139 [0] NCCL INFO MSCCL: Setup Kernel finished, smem 41280 needsFence 1
    11467    8.78    5.85      0
ja3:927685:927685 [0] NCCL INFO comm 0x39513a50 rank 1 nranks 3 cudaDev 0 busId 1000 - Destroy COMPLETE
ja3:927685:927685 [0] NCCL INFO MSCCL: Teardown finished
ja4:2516836:2516836 [0] NCCL INFO comm 0x1af50360 rank 2 nranks 3 cudaDev 0 busId 1000 - Destroy COMPLETE
ja4:2516836:2516836 [0] NCCL INFO MSCCL: Teardown finished
ja2:1312139:1312139 [0] NCCL INFO comm 0xe646310 rank 0 nranks 3 cudaDev 0 busId 1000 - Destroy COMPLETE
ja2:1312139:1312139 [0] NCCL INFO MSCCL: Teardown finished
# Out of bounds values : 0 OK
# Avg bus bandwidth    : 3.1618 
#

--- checks for CASE B_frag_k2 ---
  ALGODIR: ja3:927685:927695 [0] NCCL INFO MSCCL: Internal Scheduler will use /home/wangyj05/msccl_azure/executor/msccl-executor-nccl/build/lib/msccl-algorithms as algorithm directory and /home/wangyj05/msccl_azure/executor/msccl-executor-nccl/build/lib/../share/nccl/msccl-algorithms as share algorithm directory and /usr/share/nccl/msccl-algorithms as package installed share algorithm directory 
  !!! WARN: no MSCCL algorithm load line found - may have fallen back to RING/TREE.
      Check that an algorithm exists for nRanks=3 and this collective.
  ACTIVE: ja3:927685:927697 [0] NCCL INFO NET/IB: MTU fragmentation on: fragSize=4096 batch=2 sqDepth=2048 nqps=1
  RESULT: # Out of bounds values : 0 OK

========================================================
  MSCCL stage 1 run complete: Wed Aug 12 17:13:36 CST 2026
  Per-case logs: logs/msccl_stage1/312282_*.log
========================================================
