========================================================
  branch : stage1-mtu-fragmentation
  commit : 8c95cae
  dirty  : 1 file(s) modified
  libnccl: lrwxrwxrwx 1 wangyj05 wangyj05       17 Aug 12 14:55 /home/wangyj05/msccl_azure/executor/msccl-executor-nccl/build/lib/libnccl.so.2 -> libnccl.so.2.23.4
========================================================

========================================================
  CASE F_r1_qp1_split0_fragoff
  NCCL_IB_FRAG_SIZE=0
  NCCL_IB_FRAG_BATCH=2
  NCCL_IB_SEND_QUEUE_DEPTH=
  NCCL_IB_QPS_PER_CONNECTION=1
  NCCL_IB_SPLIT_DATA_ON_QPS=0
  sizes: -b 64K -e 2M -f 2  iters: -n 50 -w 20
  Wed Aug 12 17:00:41 CST 2026
========================================================
# nThread 1 nGpus 1 minBytes 65536 maxBytes 2097152 step: 2(factor) warmup iters: 20 iters: 50 agg iters: 1 validation: 1 graph: 0
#
# Using devices
#  Rank  0 Group  0 Pid 1309749 on        ja2 device  0 [0000:01:00] Tesla V100-PCIE-16GB
#  Rank  1 Group  0 Pid 926281 on        ja3 device  0 [0000:01:00] Tesla V100-PCIE-16GB
ja2:1309749:1309749 [0] NCCL INFO cudaDriverVersion 12000
ja2:1309749:1309749 [0] NCCL INFO NCCL version 2.23.4+cuda12.2
ja2:1309749:1309757 [0] NCCL INFO NET/Plugin: Could not find: libnccl-net.so. Using internal network plugin.
ja2:1309749:1309757 [0] NCCL INFO NCCL_IB_HCA set to mlx5_0
ja2:1309749:1309757 [0] NCCL INFO NET/IB : Using [0]mlx5_0:1/IB [RO]; OOB enp68s0f0:172.23.15.12<0>
ja2:1309749:1309757 [0] NCCL INFO PROFILER/Plugin: Could not find: libnccl-profiler.so.
ja2:1309749:1309757 [0] NCCL INFO Using network IB
ja2:1309749:1309757 [0] NCCL INFO ncclCommInitRank comm 0x3bc71410 rank 0 nranks 2 cudaDev 0 nvmlDev 0 busId 1000 commId 0x66f567b46fe51df8 - Init START
ja3:926281:926281 [0] NCCL INFO cudaDriverVersion 12000
ja3:926281:926281 [0] NCCL INFO NCCL version 2.23.4+cuda12.2
ja3:926281:926290 [0] NCCL INFO NET/Plugin: Could not find: libnccl-net.so. Using internal network plugin.
ja3:926281:926290 [0] NCCL INFO NCCL_IB_HCA set to mlx5_0
ja3:926281:926290 [0] NCCL INFO NET/IB : Using [0]mlx5_0:1/IB [RO]; OOB enp68s0f0:172.23.15.13<0>
ja3:926281:926290 [0] NCCL INFO PROFILER/Plugin: Could not find: libnccl-profiler.so.
ja3:926281:926290 [0] NCCL INFO Using network IB
ja3:926281:926290 [0] NCCL INFO ncclCommInitRank comm 0x43baa210 rank 1 nranks 2 cudaDev 0 nvmlDev 0 busId 1000 commId 0x66f567b46fe51df8 - Init START
ja3:926281:926290 [0] NCCL INFO NET/IB : GPU Direct RDMA Disabled for HCA 0 'mlx5_0'
ja2:1309749:1309757 [0] NCCL INFO NET/IB : GPU Direct RDMA Disabled for HCA 0 'mlx5_0'
ja2:1309749:1309757 [0] NCCL INFO comm 0x3bc71410 rank 0 nRanks 2 nNodes 2 localRanks 1 localRank 0 MNNVL 0
ja3:926281:926290 [0] NCCL INFO comm 0x43baa210 rank 1 nRanks 2 nNodes 2 localRanks 1 localRank 0 MNNVL 0
ja3:926281:926290 [0] NCCL INFO MSCCL: No external scheduler found, using internal implementation
ja3:926281:926290 [0] NCCL INFO MSCCL: Internal Scheduler will use /home/wangyj05/msccl_azure/executor/msccl-executor-nccl/build/lib/msccl-algorithms as algorithm directory and /home/wangyj05/msccl_azure/executor/msccl-executor-nccl/build/lib/../share/nccl/msccl-algorithms as share algorithm directory and /usr/share/nccl/msccl-algorithms as package installed share algorithm directory 
ja2:1309749:1309757 [0] NCCL INFO MSCCL: No external scheduler found, using internal implementation
ja2:1309749:1309757 [0] NCCL INFO MSCCL: Internal Scheduler will use /home/wangyj05/msccl_azure/executor/msccl-executor-nccl/build/lib/msccl-algorithms as algorithm directory and /home/wangyj05/msccl_azure/executor/msccl-executor-nccl/build/lib/../share/nccl/msccl-algorithms as share algorithm directory and /usr/share/nccl/msccl-algorithms as package installed share algorithm directory 
ja2:1309749:1309757 [0] NCCL INFO Using MSCCL Algo files from /home/wangyj05/msccl_azure/executor/msccl-executor-nccl/build/lib/msccl-algorithms
ja2:1309749:1309757 [0] NCCL INFO Channel 00/02 : 0 1
ja2:1309749:1309757 [0] NCCL INFO Channel 01/02 : 0 1
ja2:1309749:1309757 [0] NCCL INFO Trees [0] 1/-1/-1->0->-1 [1] -1/-1/-1->0->1
ja2:1309749:1309757 [0] NCCL INFO NCCL_BUFFSIZE set by environment to 4194304.
ja2:1309749:1309757 [0] NCCL INFO NCCL_P2P_NET_CHUNKSIZE set by environment to 524288.
ja2:1309749:1309757 [0] NCCL INFO P2P Chunksize set to 524288
ja3:926281:926290 [0] NCCL INFO Using MSCCL Algo files from /home/wangyj05/msccl_azure/executor/msccl-executor-nccl/build/lib/msccl-algorithms
ja3:926281:926290 [0] NCCL INFO Trees [0] -1/-1/-1->1->0 [1] 0/-1/-1->1->-1
ja3:926281:926290 [0] NCCL INFO NCCL_BUFFSIZE set by environment to 4194304.
ja3:926281:926290 [0] NCCL INFO NCCL_P2P_NET_CHUNKSIZE set by environment to 524288.
ja3:926281:926290 [0] NCCL INFO P2P Chunksize set to 524288
ja2:1309749:1309759 [0] NCCL INFO [Proxy Service] Device 0 CPU core 64
ja2:1309749:1309760 [0] NCCL INFO [Proxy Service UDS] Device 0 CPU core 64
ja3:926281:926292 [0] NCCL INFO [Proxy Service] Device 0 CPU core 64
ja3:926281:926293 [0] NCCL INFO [Proxy Service UDS] Device 0 CPU core 64
ja3:926281:926290 [0] NCCL INFO NCCL_PROTO set by environment to Simple
ja3:926281:926290 [0] NCCL INFO threadThresholds 8/8/64 | 16/8/64 | 512 | 512
ja3:926281:926290 [0] NCCL INFO 2 coll channels, 2 collnet channels, 0 nvls channels, 2 p2p channels, 2 p2p channels per peer
ja2:1309749:1309757 [0] NCCL INFO NCCL_PROTO set by environment to Simple
ja2:1309749:1309757 [0] NCCL INFO threadThresholds 8/8/64 | 16/8/64 | 512 | 512
ja2:1309749:1309757 [0] NCCL INFO 2 coll channels, 2 collnet channels, 0 nvls channels, 2 p2p channels, 2 p2p channels per peer
ja2:1309749:1309757 [0] NCCL INFO CC Off, Multi-GPU CC Off, workFifoBytes 1048576
ja3:926281:926290 [0] NCCL INFO MSCCL: Initialization finished
ja3:926281:926290 [0] NCCL INFO TUNER/Plugin: Could not find: libnccl-tuner.so libnccl-net.so. Using internal tuner plugin.
ja3:926281:926290 [0] NCCL INFO ncclCommInitRank comm 0x43baa210 rank 1 nranks 2 cudaDev 0 nvmlDev 0 busId 1000 commId 0x66f567b46fe51df8 - Init COMPLETE
ja3:926281:926290 [0] NCCL INFO Init timings - ncclCommInitRank: rank 1 nranks 2 total 0.03 (kernels 0.00, alloc 0.03, bootstrap 0.00, allgathers 0.00, topo 0.00, graphs 0.00, connections 0.00, rest 0.00)
ja2:1309749:1309757 [0] NCCL INFO MSCCL: Initialization finished
ja2:1309749:1309757 [0] NCCL INFO TUNER/Plugin: Could not find: libnccl-tuner.so libnccl-net.so. Using internal tuner plugin.
ja2:1309749:1309757 [0] NCCL INFO ncclCommInitRank comm 0x3bc71410 rank 0 nranks 2 cudaDev 0 nvmlDev 0 busId 1000 commId 0x66f567b46fe51df8 - Init COMPLETE
ja2:1309749:1309757 [0] NCCL INFO Init timings - ncclCommInitRank: rank 0 nranks 2 total 0.18 (kernels 0.00, alloc 0.02, bootstrap 0.15, allgathers 0.00, topo 0.00, graphs 0.00, connections 0.00, rest 0.00)
#
#                                                              out-of-place                       in-place          
#       size         count      type   redop    root     time   algbw   busbw #wrong     time   algbw   busbw #wrong
#        (B)    (elements)                               (us)  (GB/s)  (GB/s)            (us)  (GB/s)  (GB/s)       
ja2:1309749:1309761 [0] NCCL INFO NCCL_NET_SHARED_BUFFERS set by environment to 0.
ja3:926281:926294 [0] NCCL INFO NCCL_NET_SHARED_BUFFERS set by environment to 0.
ja2:1309749:1309759 [0] NCCL INFO New proxy recv connection 0 from local rank 0, transport 2
ja2:1309749:1309761 [0] NCCL INFO Connected to proxy localRank 0 -> connection 0x153448000cd0
ja2:1309749:1309762 [0] NCCL INFO [Proxy Progress] Device 0 CPU core 64
ja2:1309749:1309761 [0] NCCL INFO Channel 00/1 : 1[0] -> 0[0] [receive] via NET/IB/0
ja2:1309749:1309759 [0] NCCL INFO New proxy recv connection 1 from local rank 0, transport 2
ja2:1309749:1309761 [0] NCCL INFO Connected to proxy localRank 0 -> connection 0x153448000d48
ja2:1309749:1309761 [0] NCCL INFO Channel 01/1 : 1[0] -> 0[0] [receive] via NET/IB/0
ja2:1309749:1309759 [0] NCCL INFO New proxy send connection 2 from local rank 0, transport 2
ja2:1309749:1309761 [0] NCCL INFO Connected to proxy localRank 0 -> connection 0x153448000dc0
ja2:1309749:1309761 [0] NCCL INFO Channel 00/1 : 0[0] -> 1[0] [send] via NET/IB/0
ja2:1309749:1309759 [0] NCCL INFO New proxy send connection 3 from local rank 0, transport 2
ja2:1309749:1309761 [0] NCCL INFO Connected to proxy localRank 0 -> connection 0x153448000e38
ja3:926281:926292 [0] NCCL INFO New proxy recv connection 0 from local rank 0, transport 2
ja3:926281:926294 [0] NCCL INFO Connected to proxy localRank 0 -> connection 0x14bc08000d10
ja2:1309749:1309761 [0] NCCL INFO Channel 01/1 : 0[0] -> 1[0] [send] via NET/IB/0
ja3:926281:926295 [0] NCCL INFO [Proxy Progress] Device 0 CPU core 64
ja3:926281:926294 [0] NCCL INFO Channel 00/1 : 0[0] -> 1[0] [receive] via NET/IB/0
ja3:926281:926292 [0] NCCL INFO New proxy recv connection 1 from local rank 0, transport 2
ja3:926281:926294 [0] NCCL INFO Connected to proxy localRank 0 -> connection 0x14bc08000d88
ja3:926281:926294 [0] NCCL INFO Channel 01/1 : 0[0] -> 1[0] [receive] via NET/IB/0
ja3:926281:926292 [0] NCCL INFO New proxy send connection 2 from local rank 0, transport 2
ja3:926281:926294 [0] NCCL INFO Connected to proxy localRank 0 -> connection 0x14bc08000e00
ja3:926281:926294 [0] NCCL INFO Channel 00/1 : 1[0] -> 0[0] [send] via NET/IB/0
ja3:926281:926292 [0] NCCL INFO New proxy send connection 3 from local rank 0, transport 2
ja3:926281:926294 [0] NCCL INFO Connected to proxy localRank 0 -> connection 0x14bc08000e78
ja3:926281:926294 [0] NCCL INFO Channel 01/1 : 1[0] -> 0[0] [send] via NET/IB/0
ja3:926281:926292 [0] NCCL INFO NCCL_IB_QPS_PER_CONNECTION set by environment to 1.
ja2:1309749:1309759 [0] NCCL INFO NCCL_IB_QPS_PER_CONNECTION set by environment to 1.
ja3:926281:926292 [0] NCCL INFO NCCL_IB_FRAG_SIZE set by environment to 0.
ja2:1309749:1309759 [0] NCCL INFO NCCL_IB_FRAG_SIZE set by environment to 0.
ja3:926281:926292 [0] NCCL INFO NET/IB: NCCL Dev 0 IbDev 0 Port 1 qpn 2891 mtu 5 LID 23 subnet-prefix 33022  FLID 0 fifoRkey=0x180bca fifoLkey=0x180bca
ja2:1309749:1309759 [0] NCCL INFO NET/IB: NCCL Dev 0 IbDev 0 Port 1 qpn 2972 mtu 5 LID 22 subnet-prefix 33022  FLID 0 fifoRkey=0x183af9 fifoLkey=0x183af9
ja3:926281:926292 [0] NCCL INFO NET/IB: NCCL Dev 0 IbDev 0 Port 1 qpn 2892 mtu 5 LID 23 subnet-prefix 33022  FLID 0 fifoRkey=0x1823e2 fifoLkey=0x1823e2
ja2:1309749:1309759 [0] NCCL INFO NET/IB: NCCL Dev 0 IbDev 0 Port 1 qpn 2975 mtu 5 LID 22 subnet-prefix 33022  FLID 0 fifoRkey=0x17fcbb fifoLkey=0x17fcbb
ja2:1309749:1309762 [0] NCCL INFO NCCL_IB_SPLIT_DATA_ON_QPS set by environment to 0.
ja2:1309749:1309762 [0] NCCL INFO NCCL_IB_AR_THRESHOLD set by environment to 0.
ja3:926281:926295 [0] NCCL INFO NCCL_IB_SPLIT_DATA_ON_QPS set by environment to 0.
ja3:926281:926295 [0] NCCL INFO NCCL_IB_AR_THRESHOLD set by environment to 0.
       65536         16384     float     sum      -1    41.17    1.59    1.59      0    41.17    1.59    1.59    N/A
      131072         32768     float     sum      -1    55.47    2.36    2.36      0    59.24    2.21    2.21    N/A
      262144         65536     float     sum      -1    76.07    3.45    3.45      0    76.87    3.41    3.41    N/A
      524288        131072     float     sum      -1    116.2    4.51    4.51      0    133.2    3.94    3.94    N/A
     1048576        262144     float     sum      -1    237.9    4.41    4.41      0    188.0    5.58    5.58    N/A
     2097152        524288     float     sum      -1    313.2    6.70    6.70      0    333.6    6.29    6.29    N/A
ja2:1309749:1309749 [0] NCCL INFO comm 0x3bc71410 rank 0 nranks 2 cudaDev 0 busId 1000 - Destroy COMPLETE
ja2:1309749:1309749 [0] NCCL INFO MSCCL: Teardown finished
ja3:926281:926281 [0] NCCL INFO comm 0x43baa210 rank 1 nranks 2 cudaDev 0 busId 1000 - Destroy COMPLETE
ja3:926281:926281 [0] NCCL INFO MSCCL: Teardown finished
# Out of bounds values : 0 OK
# Avg bus bandwidth    : 3.83606 
#

--- checks for CASE F_r1_qp1_split0_fragoff ---
  ACTIVE: fragmentation NOT active (expected for cases A and B)
  RESULT: # Out of bounds values : 0 OK

========================================================
  CASE F_r1_qp1_split0_fragon
  NCCL_IB_FRAG_SIZE=-1
  NCCL_IB_FRAG_BATCH=2
  NCCL_IB_SEND_QUEUE_DEPTH=
  NCCL_IB_QPS_PER_CONNECTION=1
  NCCL_IB_SPLIT_DATA_ON_QPS=0
  sizes: -b 64K -e 2M -f 2  iters: -n 50 -w 20
  Wed Aug 12 17:00:45 CST 2026
========================================================
# nThread 1 nGpus 1 minBytes 65536 maxBytes 2097152 step: 2(factor) warmup iters: 20 iters: 50 agg iters: 1 validation: 1 graph: 0
#
# Using devices
#  Rank  0 Group  0 Pid 1309807 on        ja2 device  0 [0000:01:00] Tesla V100-PCIE-16GB
#  Rank  1 Group  0 Pid 926322 on        ja3 device  0 [0000:01:00] Tesla V100-PCIE-16GB
ja2:1309807:1309807 [0] NCCL INFO cudaDriverVersion 12000
ja2:1309807:1309807 [0] NCCL INFO NCCL version 2.23.4+cuda12.2
ja2:1309807:1309814 [0] NCCL INFO NET/Plugin: Could not find: libnccl-net.so. Using internal network plugin.
ja2:1309807:1309814 [0] NCCL INFO NCCL_IB_HCA set to mlx5_0
ja2:1309807:1309814 [0] NCCL INFO NET/IB : Using [0]mlx5_0:1/IB [RO]; OOB enp68s0f0:172.23.15.12<0>
ja2:1309807:1309814 [0] NCCL INFO PROFILER/Plugin: Could not find: libnccl-profiler.so.
ja2:1309807:1309814 [0] NCCL INFO Using network IB
ja2:1309807:1309814 [0] NCCL INFO ncclCommInitRank comm 0x456ebac0 rank 0 nranks 2 cudaDev 0 nvmlDev 0 busId 1000 commId 0xbe40c598e931fa85 - Init START
ja3:926322:926322 [0] NCCL INFO cudaDriverVersion 12000
ja3:926322:926322 [0] NCCL INFO NCCL version 2.23.4+cuda12.2
ja3:926322:926330 [0] NCCL INFO NET/Plugin: Could not find: libnccl-net.so. Using internal network plugin.
ja3:926322:926330 [0] NCCL INFO NCCL_IB_HCA set to mlx5_0
ja3:926322:926330 [0] NCCL INFO NET/IB : Using [0]mlx5_0:1/IB [RO]; OOB enp68s0f0:172.23.15.13<0>
ja3:926322:926330 [0] NCCL INFO PROFILER/Plugin: Could not find: libnccl-profiler.so.
ja3:926322:926330 [0] NCCL INFO Using network IB
ja3:926322:926330 [0] NCCL INFO ncclCommInitRank comm 0x248bb9d0 rank 1 nranks 2 cudaDev 0 nvmlDev 0 busId 1000 commId 0xbe40c598e931fa85 - Init START
ja3:926322:926330 [0] NCCL INFO NET/IB : GPU Direct RDMA Disabled for HCA 0 'mlx5_0'
ja2:1309807:1309814 [0] NCCL INFO NET/IB : GPU Direct RDMA Disabled for HCA 0 'mlx5_0'
ja2:1309807:1309814 [0] NCCL INFO comm 0x456ebac0 rank 0 nRanks 2 nNodes 2 localRanks 1 localRank 0 MNNVL 0
ja3:926322:926330 [0] NCCL INFO comm 0x248bb9d0 rank 1 nRanks 2 nNodes 2 localRanks 1 localRank 0 MNNVL 0
ja2:1309807:1309814 [0] NCCL INFO MSCCL: No external scheduler found, using internal implementation
ja2:1309807:1309814 [0] NCCL INFO MSCCL: Internal Scheduler will use /home/wangyj05/msccl_azure/executor/msccl-executor-nccl/build/lib/msccl-algorithms as algorithm directory and /home/wangyj05/msccl_azure/executor/msccl-executor-nccl/build/lib/../share/nccl/msccl-algorithms as share algorithm directory and /usr/share/nccl/msccl-algorithms as package installed share algorithm directory 
ja3:926322:926330 [0] NCCL INFO MSCCL: No external scheduler found, using internal implementation
ja3:926322:926330 [0] NCCL INFO MSCCL: Internal Scheduler will use /home/wangyj05/msccl_azure/executor/msccl-executor-nccl/build/lib/msccl-algorithms as algorithm directory and /home/wangyj05/msccl_azure/executor/msccl-executor-nccl/build/lib/../share/nccl/msccl-algorithms as share algorithm directory and /usr/share/nccl/msccl-algorithms as package installed share algorithm directory 
ja2:1309807:1309814 [0] NCCL INFO Using MSCCL Algo files from /home/wangyj05/msccl_azure/executor/msccl-executor-nccl/build/lib/msccl-algorithms
ja2:1309807:1309814 [0] NCCL INFO Channel 00/02 : 0 1
ja2:1309807:1309814 [0] NCCL INFO Channel 01/02 : 0 1
ja2:1309807:1309814 [0] NCCL INFO Trees [0] 1/-1/-1->0->-1 [1] -1/-1/-1->0->1
ja2:1309807:1309814 [0] NCCL INFO NCCL_BUFFSIZE set by environment to 4194304.
ja2:1309807:1309814 [0] NCCL INFO NCCL_P2P_NET_CHUNKSIZE set by environment to 524288.
ja2:1309807:1309814 [0] NCCL INFO P2P Chunksize set to 524288
ja3:926322:926330 [0] NCCL INFO Using MSCCL Algo files from /home/wangyj05/msccl_azure/executor/msccl-executor-nccl/build/lib/msccl-algorithms
ja3:926322:926330 [0] NCCL INFO Trees [0] -1/-1/-1->1->0 [1] 0/-1/-1->1->-1
ja3:926322:926330 [0] NCCL INFO NCCL_BUFFSIZE set by environment to 4194304.
ja3:926322:926330 [0] NCCL INFO NCCL_P2P_NET_CHUNKSIZE set by environment to 524288.
ja3:926322:926330 [0] NCCL INFO P2P Chunksize set to 524288
ja2:1309807:1309816 [0] NCCL INFO [Proxy Service] Device 0 CPU core 192
ja3:926322:926332 [0] NCCL INFO [Proxy Service] Device 0 CPU core 192
ja3:926322:926333 [0] NCCL INFO [Proxy Service UDS] Device 0 CPU core 192
ja2:1309807:1309817 [0] NCCL INFO [Proxy Service UDS] Device 0 CPU core 192
ja3:926322:926330 [0] NCCL INFO NCCL_PROTO set by environment to Simple
ja3:926322:926330 [0] NCCL INFO threadThresholds 8/8/64 | 16/8/64 | 512 | 512
ja3:926322:926330 [0] NCCL INFO 2 coll channels, 2 collnet channels, 0 nvls channels, 2 p2p channels, 2 p2p channels per peer
ja2:1309807:1309814 [0] NCCL INFO NCCL_PROTO set by environment to Simple
ja2:1309807:1309814 [0] NCCL INFO threadThresholds 8/8/64 | 16/8/64 | 512 | 512
ja2:1309807:1309814 [0] NCCL INFO 2 coll channels, 2 collnet channels, 0 nvls channels, 2 p2p channels, 2 p2p channels per peer
ja2:1309807:1309814 [0] NCCL INFO CC Off, Multi-GPU CC Off, workFifoBytes 1048576
ja3:926322:926330 [0] NCCL INFO MSCCL: Initialization finished
ja2:1309807:1309814 [0] NCCL INFO MSCCL: Initialization finished
ja3:926322:926330 [0] NCCL INFO TUNER/Plugin: Could not find: libnccl-tuner.so libnccl-net.so. Using internal tuner plugin.
ja3:926322:926330 [0] NCCL INFO ncclCommInitRank comm 0x248bb9d0 rank 1 nranks 2 cudaDev 0 nvmlDev 0 busId 1000 commId 0xbe40c598e931fa85 - Init COMPLETE
ja3:926322:926330 [0] NCCL INFO Init timings - ncclCommInitRank: rank 1 nranks 2 total 0.03 (kernels 0.00, alloc 0.02, bootstrap 0.00, allgathers 0.00, topo 0.00, graphs 0.00, connections 0.00, rest 0.00)
ja2:1309807:1309814 [0] NCCL INFO TUNER/Plugin: Could not find: libnccl-tuner.so libnccl-net.so. Using internal tuner plugin.
ja2:1309807:1309814 [0] NCCL INFO ncclCommInitRank comm 0x456ebac0 rank 0 nranks 2 cudaDev 0 nvmlDev 0 busId 1000 commId 0xbe40c598e931fa85 - Init COMPLETE
ja2:1309807:1309814 [0] NCCL INFO Init timings - ncclCommInitRank: rank 0 nranks 2 total 0.13 (kernels 0.00, alloc 0.02, bootstrap 0.10, allgathers 0.00, topo 0.00, graphs 0.00, connections 0.00, rest 0.00)
#
#                                                              out-of-place                       in-place          
#       size         count      type   redop    root     time   algbw   busbw #wrong     time   algbw   busbw #wrong
#        (B)    (elements)                               (us)  (GB/s)  (GB/s)            (us)  (GB/s)  (GB/s)       
ja2:1309807:1309818 [0] NCCL INFO NCCL_NET_SHARED_BUFFERS set by environment to 0.
ja3:926322:926334 [0] NCCL INFO NCCL_NET_SHARED_BUFFERS set by environment to 0.
ja3:926322:926332 [0] NCCL INFO New proxy recv connection 0 from local rank 0, transport 2
ja3:926322:926334 [0] NCCL INFO Connected to proxy localRank 0 -> connection 0x14f0c0000d10
ja3:926322:926335 [0] NCCL INFO [Proxy Progress] Device 0 CPU core 192
ja3:926322:926334 [0] NCCL INFO Channel 00/1 : 0[0] -> 1[0] [receive] via NET/IB/0
ja3:926322:926332 [0] NCCL INFO New proxy recv connection 1 from local rank 0, transport 2
ja3:926322:926334 [0] NCCL INFO Connected to proxy localRank 0 -> connection 0x14f0c0000d88
ja3:926322:926334 [0] NCCL INFO Channel 01/1 : 0[0] -> 1[0] [receive] via NET/IB/0
ja3:926322:926332 [0] NCCL INFO New proxy send connection 2 from local rank 0, transport 2
ja3:926322:926334 [0] NCCL INFO Connected to proxy localRank 0 -> connection 0x14f0c0000e00
ja3:926322:926334 [0] NCCL INFO Channel 00/1 : 1[0] -> 0[0] [send] via NET/IB/0
ja3:926322:926332 [0] NCCL INFO New proxy send connection 3 from local rank 0, transport 2
ja3:926322:926334 [0] NCCL INFO Connected to proxy localRank 0 -> connection 0x14f0c0000e78
ja3:926322:926334 [0] NCCL INFO Channel 01/1 : 1[0] -> 0[0] [send] via NET/IB/0
ja2:1309807:1309816 [0] NCCL INFO New proxy recv connection 0 from local rank 0, transport 2
ja2:1309807:1309819 [0] NCCL INFO [Proxy Progress] Device 0 CPU core 192
ja2:1309807:1309818 [0] NCCL INFO Connected to proxy localRank 0 -> connection 0x1509c4000cd0
ja2:1309807:1309818 [0] NCCL INFO Channel 00/1 : 1[0] -> 0[0] [receive] via NET/IB/0
ja2:1309807:1309816 [0] NCCL INFO New proxy recv connection 1 from local rank 0, transport 2
ja2:1309807:1309818 [0] NCCL INFO Connected to proxy localRank 0 -> connection 0x1509c4000d48
ja2:1309807:1309818 [0] NCCL INFO Channel 01/1 : 1[0] -> 0[0] [receive] via NET/IB/0
ja2:1309807:1309816 [0] NCCL INFO New proxy send connection 2 from local rank 0, transport 2
ja2:1309807:1309818 [0] NCCL INFO Connected to proxy localRank 0 -> connection 0x1509c4000dc0
ja2:1309807:1309818 [0] NCCL INFO Channel 00/1 : 0[0] -> 1[0] [send] via NET/IB/0
ja2:1309807:1309816 [0] NCCL INFO New proxy send connection 3 from local rank 0, transport 2
ja2:1309807:1309818 [0] NCCL INFO Connected to proxy localRank 0 -> connection 0x1509c4000e38
ja2:1309807:1309818 [0] NCCL INFO Channel 01/1 : 0[0] -> 1[0] [send] via NET/IB/0
ja2:1309807:1309816 [0] NCCL INFO NCCL_IB_QPS_PER_CONNECTION set by environment to 1.
ja3:926322:926332 [0] NCCL INFO NCCL_IB_QPS_PER_CONNECTION set by environment to 1.
ja2:1309807:1309816 [0] NCCL INFO NCCL_IB_FRAG_SIZE set by environment to -1.
ja3:926322:926332 [0] NCCL INFO NCCL_IB_FRAG_SIZE set by environment to -1.
ja3:926322:926332 [0] NCCL INFO NET/IB: NCCL Dev 0 IbDev 0 Port 1 qpn 2908 mtu 5 LID 23 subnet-prefix 33022  FLID 0 fifoRkey=0x1800c0 fifoLkey=0x1800c0
ja2:1309807:1309816 [0] NCCL INFO NET/IB: NCCL Dev 0 IbDev 0 Port 1 qpn 2989 mtu 5 LID 22 subnet-prefix 33022  FLID 0 fifoRkey=0x17fcbb fifoLkey=0x17fcbb
ja3:926322:926332 [0] NCCL INFO NET/IB: NCCL Dev 0 IbDev 0 Port 1 qpn 2909 mtu 5 LID 23 subnet-prefix 33022  FLID 0 fifoRkey=0x181bda fifoLkey=0x181bda
ja2:1309807:1309816 [0] NCCL INFO NET/IB: NCCL Dev 0 IbDev 0 Port 1 qpn 2992 mtu 5 LID 22 subnet-prefix 33022  FLID 0 fifoRkey=0x183af9 fifoLkey=0x183af9
ja2:1309807:1309816 [0] NCCL INFO NCCL_IB_FRAG_BATCH set by environment to 2.
ja2:1309807:1309816 [0] NCCL INFO NET/IB: MTU fragmentation on: fragSize=4096 batch=2 sqDepth=2048 nqps=1
ja3:926322:926332 [0] NCCL INFO NCCL_IB_FRAG_BATCH set by environment to 2.
ja3:926322:926332 [0] NCCL INFO NET/IB: MTU fragmentation on: fragSize=4096 batch=2 sqDepth=2048 nqps=1
ja2:1309807:1309816 [0] NCCL INFO NET/IB: MTU fragmentation on: fragSize=4096 batch=2 sqDepth=2048 nqps=1
ja3:926322:926332 [0] NCCL INFO NET/IB: MTU fragmentation on: fragSize=4096 batch=2 sqDepth=2048 nqps=1
ja2:1309807:1309819 [0] NCCL INFO NCCL_IB_SPLIT_DATA_ON_QPS set by environment to 0.
ja3:926322:926335 [0] NCCL INFO NCCL_IB_SPLIT_DATA_ON_QPS set by environment to 0.
       65536         16384     float     sum      -1    42.81    1.53    1.53      0    43.03    1.52    1.52    N/A
      131072         32768     float     sum      -1    58.43    2.24    2.24      0    61.80    2.12    2.12    N/A
      262144         65536     float     sum      -1    78.75    3.33    3.33      0    80.84    3.24    3.24    N/A
      524288        131072     float     sum      -1    119.2    4.40    4.40      0    130.6    4.01    4.01    N/A
     1048576        262144     float     sum      -1    200.7    5.23    5.23      0    191.0    5.49    5.49    N/A
     2097152        524288     float     sum      -1    311.9    6.72    6.72      0    329.7    6.36    6.36    N/A
ja2:1309807:1309807 [0] NCCL INFO comm 0x456ebac0 rank 0 nranks 2 cudaDev 0 busId 1000 - Destroy COMPLETE
ja2:1309807:1309807 [0] NCCL INFO MSCCL: Teardown finished
ja3:926322:926322 [0] NCCL INFO comm 0x248bb9d0 rank 1 nranks 2 cudaDev 0 busId 1000 - Destroy COMPLETE
ja3:926322:926322 [0] NCCL INFO MSCCL: Teardown finished
# Out of bounds values : 0 OK
# Avg bus bandwidth    : 3.85032 
#

--- checks for CASE F_r1_qp1_split0_fragon ---
  ACTIVE: ja2:1309807:1309816 [0] NCCL INFO NET/IB: MTU fragmentation on: fragSize=4096 batch=2 sqDepth=2048 nqps=1
  RESULT: # Out of bounds values : 0 OK

========================================================
  CASE F_r1_qp2_split0_fragoff
  NCCL_IB_FRAG_SIZE=0
  NCCL_IB_FRAG_BATCH=2
  NCCL_IB_SEND_QUEUE_DEPTH=
  NCCL_IB_QPS_PER_CONNECTION=2
  NCCL_IB_SPLIT_DATA_ON_QPS=0
  sizes: -b 64K -e 2M -f 2  iters: -n 50 -w 20
  Wed Aug 12 17:00:48 CST 2026
========================================================
# nThread 1 nGpus 1 minBytes 65536 maxBytes 2097152 step: 2(factor) warmup iters: 20 iters: 50 agg iters: 1 validation: 1 graph: 0
#
# Using devices
#  Rank  0 Group  0 Pid 1309864 on        ja2 device  0 [0000:01:00] Tesla V100-PCIE-16GB
#  Rank  1 Group  0 Pid 926361 on        ja3 device  0 [0000:01:00] Tesla V100-PCIE-16GB
ja2:1309864:1309864 [0] NCCL INFO cudaDriverVersion 12000
ja2:1309864:1309864 [0] NCCL INFO NCCL version 2.23.4+cuda12.2
ja2:1309864:1309871 [0] NCCL INFO NET/Plugin: Could not find: libnccl-net.so. Using internal network plugin.
ja2:1309864:1309871 [0] NCCL INFO NCCL_IB_HCA set to mlx5_0
ja2:1309864:1309871 [0] NCCL INFO NET/IB : Using [0]mlx5_0:1/IB [RO]; OOB enp68s0f0:172.23.15.12<0>
ja2:1309864:1309871 [0] NCCL INFO PROFILER/Plugin: Could not find: libnccl-profiler.so.
ja2:1309864:1309871 [0] NCCL INFO Using network IB
ja2:1309864:1309871 [0] NCCL INFO ncclCommInitRank comm 0x42297b00 rank 0 nranks 2 cudaDev 0 nvmlDev 0 busId 1000 commId 0xe2eab8a08b43a7e6 - Init START
ja3:926361:926361 [0] NCCL INFO cudaDriverVersion 12000
ja3:926361:926361 [0] NCCL INFO NCCL version 2.23.4+cuda12.2
ja3:926361:926369 [0] NCCL INFO NET/Plugin: Could not find: libnccl-net.so. Using internal network plugin.
ja3:926361:926369 [0] NCCL INFO NCCL_IB_HCA set to mlx5_0
ja3:926361:926369 [0] NCCL INFO NET/IB : Using [0]mlx5_0:1/IB [RO]; OOB enp68s0f0:172.23.15.13<0>
ja3:926361:926369 [0] NCCL INFO PROFILER/Plugin: Could not find: libnccl-profiler.so.
ja3:926361:926369 [0] NCCL INFO Using network IB
ja3:926361:926369 [0] NCCL INFO ncclCommInitRank comm 0x15ab99e0 rank 1 nranks 2 cudaDev 0 nvmlDev 0 busId 1000 commId 0xe2eab8a08b43a7e6 - Init START
ja2:1309864:1309871 [0] NCCL INFO NET/IB : GPU Direct RDMA Disabled for HCA 0 'mlx5_0'
ja3:926361:926369 [0] NCCL INFO NET/IB : GPU Direct RDMA Disabled for HCA 0 'mlx5_0'
ja2:1309864:1309871 [0] NCCL INFO comm 0x42297b00 rank 0 nRanks 2 nNodes 2 localRanks 1 localRank 0 MNNVL 0
ja3:926361:926369 [0] NCCL INFO comm 0x15ab99e0 rank 1 nRanks 2 nNodes 2 localRanks 1 localRank 0 MNNVL 0
ja2:1309864:1309871 [0] NCCL INFO MSCCL: No external scheduler found, using internal implementation
ja2:1309864:1309871 [0] NCCL INFO MSCCL: Internal Scheduler will use /home/wangyj05/msccl_azure/executor/msccl-executor-nccl/build/lib/msccl-algorithms as algorithm directory and /home/wangyj05/msccl_azure/executor/msccl-executor-nccl/build/lib/../share/nccl/msccl-algorithms as share algorithm directory and /usr/share/nccl/msccl-algorithms as package installed share algorithm directory 
ja3:926361:926369 [0] NCCL INFO MSCCL: No external scheduler found, using internal implementation
ja3:926361:926369 [0] NCCL INFO MSCCL: Internal Scheduler will use /home/wangyj05/msccl_azure/executor/msccl-executor-nccl/build/lib/msccl-algorithms as algorithm directory and /home/wangyj05/msccl_azure/executor/msccl-executor-nccl/build/lib/../share/nccl/msccl-algorithms as share algorithm directory and /usr/share/nccl/msccl-algorithms as package installed share algorithm directory 
ja2:1309864:1309871 [0] NCCL INFO Using MSCCL Algo files from /home/wangyj05/msccl_azure/executor/msccl-executor-nccl/build/lib/msccl-algorithms
ja2:1309864:1309871 [0] NCCL INFO Channel 00/02 : 0 1
ja2:1309864:1309871 [0] NCCL INFO Channel 01/02 : 0 1
ja2:1309864:1309871 [0] NCCL INFO Trees [0] 1/-1/-1->0->-1 [1] -1/-1/-1->0->1
ja2:1309864:1309871 [0] NCCL INFO NCCL_BUFFSIZE set by environment to 4194304.
ja2:1309864:1309871 [0] NCCL INFO NCCL_P2P_NET_CHUNKSIZE set by environment to 524288.
ja2:1309864:1309871 [0] NCCL INFO P2P Chunksize set to 524288
ja3:926361:926369 [0] NCCL INFO Using MSCCL Algo files from /home/wangyj05/msccl_azure/executor/msccl-executor-nccl/build/lib/msccl-algorithms
ja3:926361:926369 [0] NCCL INFO Trees [0] -1/-1/-1->1->0 [1] 0/-1/-1->1->-1
ja3:926361:926369 [0] NCCL INFO NCCL_BUFFSIZE set by environment to 4194304.
ja3:926361:926369 [0] NCCL INFO NCCL_P2P_NET_CHUNKSIZE set by environment to 524288.
ja2:1309864:1309873 [0] NCCL INFO [Proxy Service] Device 0 CPU core 192
ja2:1309864:1309874 [0] NCCL INFO [Proxy Service UDS] Device 0 CPU core 192
ja3:926361:926369 [0] NCCL INFO P2P Chunksize set to 524288
ja3:926361:926371 [0] NCCL INFO [Proxy Service] Device 0 CPU core 64
ja3:926361:926372 [0] NCCL INFO [Proxy Service UDS] Device 0 CPU core 64
ja3:926361:926369 [0] NCCL INFO NCCL_PROTO set by environment to Simple
ja3:926361:926369 [0] NCCL INFO threadThresholds 8/8/64 | 16/8/64 | 512 | 512
ja3:926361:926369 [0] NCCL INFO 2 coll channels, 2 collnet channels, 0 nvls channels, 2 p2p channels, 2 p2p channels per peer
ja2:1309864:1309871 [0] NCCL INFO NCCL_PROTO set by environment to Simple
ja2:1309864:1309871 [0] NCCL INFO threadThresholds 8/8/64 | 16/8/64 | 512 | 512
ja2:1309864:1309871 [0] NCCL INFO 2 coll channels, 2 collnet channels, 0 nvls channels, 2 p2p channels, 2 p2p channels per peer
ja2:1309864:1309871 [0] NCCL INFO CC Off, Multi-GPU CC Off, workFifoBytes 1048576
ja3:926361:926369 [0] NCCL INFO MSCCL: Initialization finished
ja2:1309864:1309871 [0] NCCL INFO MSCCL: Initialization finished
ja3:926361:926369 [0] NCCL INFO TUNER/Plugin: Could not find: libnccl-tuner.so libnccl-net.so. Using internal tuner plugin.
ja3:926361:926369 [0] NCCL INFO ncclCommInitRank comm 0x15ab99e0 rank 1 nranks 2 cudaDev 0 nvmlDev 0 busId 1000 commId 0xe2eab8a08b43a7e6 - Init COMPLETE
ja3:926361:926369 [0] NCCL INFO Init timings - ncclCommInitRank: rank 1 nranks 2 total 0.03 (kernels 0.00, alloc 0.02, bootstrap 0.00, allgathers 0.00, topo 0.00, graphs 0.00, connections 0.00, rest 0.00)
ja2:1309864:1309871 [0] NCCL INFO TUNER/Plugin: Could not find: libnccl-tuner.so libnccl-net.so. Using internal tuner plugin.
ja2:1309864:1309871 [0] NCCL INFO ncclCommInitRank comm 0x42297b00 rank 0 nranks 2 cudaDev 0 nvmlDev 0 busId 1000 commId 0xe2eab8a08b43a7e6 - Init COMPLETE
ja2:1309864:1309871 [0] NCCL INFO Init timings - ncclCommInitRank: rank 0 nranks 2 total 0.10 (kernels 0.00, alloc 0.02, bootstrap 0.07, allgathers 0.00, topo 0.00, graphs 0.00, connections 0.00, rest 0.00)
#
#                                                              out-of-place                       in-place          
#       size         count      type   redop    root     time   algbw   busbw #wrong     time   algbw   busbw #wrong
#        (B)    (elements)                               (us)  (GB/s)  (GB/s)            (us)  (GB/s)  (GB/s)       
ja2:1309864:1309875 [0] NCCL INFO NCCL_NET_SHARED_BUFFERS set by environment to 0.
ja3:926361:926373 [0] NCCL INFO NCCL_NET_SHARED_BUFFERS set by environment to 0.
ja3:926361:926371 [0] NCCL INFO New proxy recv connection 0 from local rank 0, transport 2
ja3:926361:926373 [0] NCCL INFO Connected to proxy localRank 0 -> connection 0x14dca0000d10
ja3:926361:926374 [0] NCCL INFO [Proxy Progress] Device 0 CPU core 64
ja3:926361:926373 [0] NCCL INFO Channel 00/1 : 0[0] -> 1[0] [receive] via NET/IB/0
ja3:926361:926371 [0] NCCL INFO New proxy recv connection 1 from local rank 0, transport 2
ja3:926361:926373 [0] NCCL INFO Connected to proxy localRank 0 -> connection 0x14dca0000d88
ja3:926361:926373 [0] NCCL INFO Channel 01/1 : 0[0] -> 1[0] [receive] via NET/IB/0
ja3:926361:926371 [0] NCCL INFO New proxy send connection 2 from local rank 0, transport 2
ja3:926361:926373 [0] NCCL INFO Connected to proxy localRank 0 -> connection 0x14dca0000e00
ja3:926361:926373 [0] NCCL INFO Channel 00/1 : 1[0] -> 0[0] [send] via NET/IB/0
ja3:926361:926371 [0] NCCL INFO New proxy send connection 3 from local rank 0, transport 2
ja3:926361:926373 [0] NCCL INFO Connected to proxy localRank 0 -> connection 0x14dca0000e78
ja3:926361:926373 [0] NCCL INFO Channel 01/1 : 1[0] -> 0[0] [send] via NET/IB/0
ja2:1309864:1309873 [0] NCCL INFO New proxy recv connection 0 from local rank 0, transport 2
ja2:1309864:1309875 [0] NCCL INFO Connected to proxy localRank 0 -> connection 0x152be0000cd0
ja2:1309864:1309875 [0] NCCL INFO Channel 00/1 : 1[0] -> 0[0] [receive] via NET/IB/0
ja2:1309864:1309873 [0] NCCL INFO New proxy recv connection 1 from local rank 0, transport 2
ja2:1309864:1309875 [0] NCCL INFO Connected to proxy localRank 0 -> connection 0x152be0000d48
ja2:1309864:1309875 [0] NCCL INFO Channel 01/1 : 1[0] -> 0[0] [receive] via NET/IB/0
ja2:1309864:1309876 [0] NCCL INFO [Proxy Progress] Device 0 CPU core 64
ja2:1309864:1309873 [0] NCCL INFO New proxy send connection 2 from local rank 0, transport 2
ja2:1309864:1309875 [0] NCCL INFO Connected to proxy localRank 0 -> connection 0x152be0000dc0
ja2:1309864:1309875 [0] NCCL INFO Channel 00/1 : 0[0] -> 1[0] [send] via NET/IB/0
ja2:1309864:1309873 [0] NCCL INFO New proxy send connection 3 from local rank 0, transport 2
ja2:1309864:1309875 [0] NCCL INFO Connected to proxy localRank 0 -> connection 0x152be0000e38
ja2:1309864:1309875 [0] NCCL INFO Channel 01/1 : 0[0] -> 1[0] [send] via NET/IB/0
ja2:1309864:1309873 [0] NCCL INFO NCCL_IB_QPS_PER_CONNECTION set by environment to 2.
ja3:926361:926371 [0] NCCL INFO NCCL_IB_QPS_PER_CONNECTION set by environment to 2.
ja2:1309864:1309873 [0] NCCL INFO NCCL_IB_FRAG_SIZE set by environment to 0.
ja3:926361:926371 [0] NCCL INFO NCCL_IB_FRAG_SIZE set by environment to 0.
ja3:926361:926371 [0] NCCL INFO NET/IB: NCCL Dev 0 IbDev 0 Port 1 qpn 2925 mtu 5 LID 23 subnet-prefix 33022  FLID 0 fifoRkey=0x180bca fifoLkey=0x180bca
ja3:926361:926371 [0] NCCL INFO NET/IB: NCCL Dev 0 IbDev 0 Port 1 qpn 2926 mtu 5 LID 23 subnet-prefix 33022  FLID 0 fifoRkey=0x180bca fifoLkey=0x180bca
ja2:1309864:1309873 [0] NCCL INFO NET/IB: NCCL Dev 0 IbDev 0 Port 1 qpn 3006 mtu 5 LID 22 subnet-prefix 33022  FLID 0 fifoRkey=0x183af9 fifoLkey=0x183af9
ja2:1309864:1309873 [0] NCCL INFO NET/IB: NCCL Dev 0 IbDev 0 Port 1 qpn 3007 mtu 5 LID 22 subnet-prefix 33022  FLID 0 fifoRkey=0x183af9 fifoLkey=0x183af9
ja3:926361:926371 [0] NCCL INFO NET/IB: NCCL Dev 0 IbDev 0 Port 1 qpn 2927 mtu 5 LID 23 subnet-prefix 33022  FLID 0 fifoRkey=0x1feead fifoLkey=0x1feead
ja3:926361:926371 [0] NCCL INFO NET/IB: NCCL Dev 0 IbDev 0 Port 1 qpn 2928 mtu 5 LID 23 subnet-prefix 33022  FLID 0 fifoRkey=0x1feead fifoLkey=0x1feead
ja2:1309864:1309873 [0] NCCL INFO NET/IB: NCCL Dev 0 IbDev 0 Port 1 qpn 3011 mtu 5 LID 22 subnet-prefix 33022  FLID 0 fifoRkey=0x17fcbb fifoLkey=0x17fcbb
ja2:1309864:1309873 [0] NCCL INFO NET/IB: NCCL Dev 0 IbDev 0 Port 1 qpn 3012 mtu 5 LID 22 subnet-prefix 33022  FLID 0 fifoRkey=0x17fcbb fifoLkey=0x17fcbb
ja2:1309864:1309876 [0] NCCL INFO NCCL_IB_SPLIT_DATA_ON_QPS set by environment to 0.
ja2:1309864:1309876 [0] NCCL INFO NCCL_IB_AR_THRESHOLD set by environment to 0.
ja3:926361:926374 [0] NCCL INFO NCCL_IB_SPLIT_DATA_ON_QPS set by environment to 0.
ja3:926361:926374 [0] NCCL INFO NCCL_IB_AR_THRESHOLD set by environment to 0.
       65536         16384     float     sum      -1    39.52    1.66    1.66      0    39.45    1.66    1.66    N/A
      131072         32768     float     sum      -1    53.55    2.45    2.45      0    60.18    2.18    2.18    N/A
      262144         65536     float     sum      -1    73.73    3.56    3.56      0    75.09    3.49    3.49    N/A
      524288        131072     float     sum      -1    115.1    4.55    4.55      0    129.0    4.06    4.06    N/A
     1048576        262144     float     sum      -1    188.7    5.56    5.56      0    187.4    5.59    5.59    N/A
     2097152        524288     float     sum      -1    315.5    6.65    6.65      0    333.3    6.29    6.29    N/A
ja3:926361:926361 [0] NCCL INFO comm 0x15ab99e0 rank 1 nranks 2 cudaDev 0 busId 1000 - Destroy COMPLETE
ja3:926361:926361 [0] NCCL INFO MSCCL: Teardown finished
ja2:1309864:1309864 [0] NCCL INFO comm 0x42297b00 rank 0 nranks 2 cudaDev 0 busId 1000 - Destroy COMPLETE
ja2:1309864:1309864 [0] NCCL INFO MSCCL: Teardown finished
# Out of bounds values : 0 OK
# Avg bus bandwidth    : 3.97498 
#

--- checks for CASE F_r1_qp2_split0_fragoff ---
  ACTIVE: fragmentation NOT active (expected for cases A and B)
  RESULT: # Out of bounds values : 0 OK

========================================================
  CASE F_r1_qp2_split0_fragon
  NCCL_IB_FRAG_SIZE=-1
  NCCL_IB_FRAG_BATCH=2
  NCCL_IB_SEND_QUEUE_DEPTH=
  NCCL_IB_QPS_PER_CONNECTION=2
  NCCL_IB_SPLIT_DATA_ON_QPS=0
  sizes: -b 64K -e 2M -f 2  iters: -n 50 -w 20
  Wed Aug 12 17:00:53 CST 2026
========================================================
# nThread 1 nGpus 1 minBytes 65536 maxBytes 2097152 step: 2(factor) warmup iters: 20 iters: 50 agg iters: 1 validation: 1 graph: 0
#
# Using devices
#  Rank  0 Group  0 Pid 1309920 on        ja2 device  0 [0000:01:00] Tesla V100-PCIE-16GB
#  Rank  1 Group  0 Pid 926400 on        ja3 device  0 [0000:01:00] Tesla V100-PCIE-16GB
ja2:1309920:1309920 [0] NCCL INFO cudaDriverVersion 12000
ja2:1309920:1309920 [0] NCCL INFO NCCL version 2.23.4+cuda12.2
ja2:1309920:1309927 [0] NCCL INFO NET/Plugin: Could not find: libnccl-net.so. Using internal network plugin.
ja2:1309920:1309927 [0] NCCL INFO NCCL_IB_HCA set to mlx5_0
ja2:1309920:1309927 [0] NCCL INFO NET/IB : Using [0]mlx5_0:1/IB [RO]; OOB enp68s0f0:172.23.15.12<0>
ja2:1309920:1309927 [0] NCCL INFO PROFILER/Plugin: Could not find: libnccl-profiler.so.
ja2:1309920:1309927 [0] NCCL INFO Using network IB
ja2:1309920:1309927 [0] NCCL INFO ncclCommInitRank comm 0x16a82d00 rank 0 nranks 2 cudaDev 0 nvmlDev 0 busId 1000 commId 0x1721fb6aeeaa5bdc - Init START
ja3:926400:926400 [0] NCCL INFO cudaDriverVersion 12000
ja3:926400:926400 [0] NCCL INFO NCCL version 2.23.4+cuda12.2
ja3:926400:926408 [0] NCCL INFO NET/Plugin: Could not find: libnccl-net.so. Using internal network plugin.
ja3:926400:926408 [0] NCCL INFO NCCL_IB_HCA set to mlx5_0
ja3:926400:926408 [0] NCCL INFO NET/IB : Using [0]mlx5_0:1/IB [RO]; OOB enp68s0f0:172.23.15.13<0>
ja3:926400:926408 [0] NCCL INFO PROFILER/Plugin: Could not find: libnccl-profiler.so.
ja3:926400:926408 [0] NCCL INFO Using network IB
ja3:926400:926408 [0] NCCL INFO ncclCommInitRank comm 0x15979200 rank 1 nranks 2 cudaDev 0 nvmlDev 0 busId 1000 commId 0x1721fb6aeeaa5bdc - Init START
ja3:926400:926408 [0] NCCL INFO NET/IB : GPU Direct RDMA Disabled for HCA 0 'mlx5_0'
ja2:1309920:1309927 [0] NCCL INFO NET/IB : GPU Direct RDMA Disabled for HCA 0 'mlx5_0'
ja2:1309920:1309927 [0] NCCL INFO comm 0x16a82d00 rank 0 nRanks 2 nNodes 2 localRanks 1 localRank 0 MNNVL 0
ja3:926400:926408 [0] NCCL INFO comm 0x15979200 rank 1 nRanks 2 nNodes 2 localRanks 1 localRank 0 MNNVL 0
ja2:1309920:1309927 [0] NCCL INFO MSCCL: No external scheduler found, using internal implementation
ja2:1309920:1309927 [0] NCCL INFO MSCCL: Internal Scheduler will use /home/wangyj05/msccl_azure/executor/msccl-executor-nccl/build/lib/msccl-algorithms as algorithm directory and /home/wangyj05/msccl_azure/executor/msccl-executor-nccl/build/lib/../share/nccl/msccl-algorithms as share algorithm directory and /usr/share/nccl/msccl-algorithms as package installed share algorithm directory 
ja3:926400:926408 [0] NCCL INFO MSCCL: No external scheduler found, using internal implementation
ja3:926400:926408 [0] NCCL INFO MSCCL: Internal Scheduler will use /home/wangyj05/msccl_azure/executor/msccl-executor-nccl/build/lib/msccl-algorithms as algorithm directory and /home/wangyj05/msccl_azure/executor/msccl-executor-nccl/build/lib/../share/nccl/msccl-algorithms as share algorithm directory and /usr/share/nccl/msccl-algorithms as package installed share algorithm directory 
ja2:1309920:1309927 [0] NCCL INFO Using MSCCL Algo files from /home/wangyj05/msccl_azure/executor/msccl-executor-nccl/build/lib/msccl-algorithms
ja2:1309920:1309927 [0] NCCL INFO Channel 00/02 : 0 1
ja2:1309920:1309927 [0] NCCL INFO Channel 01/02 : 0 1
ja2:1309920:1309927 [0] NCCL INFO Trees [0] 1/-1/-1->0->-1 [1] -1/-1/-1->0->1
ja2:1309920:1309927 [0] NCCL INFO NCCL_BUFFSIZE set by environment to 4194304.
ja2:1309920:1309927 [0] NCCL INFO NCCL_P2P_NET_CHUNKSIZE set by environment to 524288.
ja2:1309920:1309927 [0] NCCL INFO P2P Chunksize set to 524288
ja3:926400:926408 [0] NCCL INFO Using MSCCL Algo files from /home/wangyj05/msccl_azure/executor/msccl-executor-nccl/build/lib/msccl-algorithms
ja3:926400:926408 [0] NCCL INFO Trees [0] -1/-1/-1->1->0 [1] 0/-1/-1->1->-1
ja3:926400:926408 [0] NCCL INFO NCCL_BUFFSIZE set by environment to 4194304.
ja3:926400:926408 [0] NCCL INFO NCCL_P2P_NET_CHUNKSIZE set by environment to 524288.
ja3:926400:926408 [0] NCCL INFO P2P Chunksize set to 524288
ja3:926400:926410 [0] NCCL INFO [Proxy Service] Device 0 CPU core 64
ja3:926400:926411 [0] NCCL INFO [Proxy Service UDS] Device 0 CPU core 64
ja2:1309920:1309929 [0] NCCL INFO [Proxy Service] Device 0 CPU core 64
ja2:1309920:1309930 [0] NCCL INFO [Proxy Service UDS] Device 0 CPU core 64
ja3:926400:926408 [0] NCCL INFO NCCL_PROTO set by environment to Simple
ja3:926400:926408 [0] NCCL INFO threadThresholds 8/8/64 | 16/8/64 | 512 | 512
ja3:926400:926408 [0] NCCL INFO 2 coll channels, 2 collnet channels, 0 nvls channels, 2 p2p channels, 2 p2p channels per peer
ja2:1309920:1309927 [0] NCCL INFO NCCL_PROTO set by environment to Simple
ja2:1309920:1309927 [0] NCCL INFO threadThresholds 8/8/64 | 16/8/64 | 512 | 512
ja2:1309920:1309927 [0] NCCL INFO 2 coll channels, 2 collnet channels, 0 nvls channels, 2 p2p channels, 2 p2p channels per peer
ja2:1309920:1309927 [0] NCCL INFO CC Off, Multi-GPU CC Off, workFifoBytes 1048576
ja3:926400:926408 [0] NCCL INFO MSCCL: Initialization finished
ja2:1309920:1309927 [0] NCCL INFO MSCCL: Initialization finished
ja3:926400:926408 [0] NCCL INFO TUNER/Plugin: Could not find: libnccl-tuner.so libnccl-net.so. Using internal tuner plugin.
ja3:926400:926408 [0] NCCL INFO ncclCommInitRank comm 0x15979200 rank 1 nranks 2 cudaDev 0 nvmlDev 0 busId 1000 commId 0x1721fb6aeeaa5bdc - Init COMPLETE
ja3:926400:926408 [0] NCCL INFO Init timings - ncclCommInitRank: rank 1 nranks 2 total 0.03 (kernels 0.00, alloc 0.02, bootstrap 0.00, allgathers 0.00, topo 0.00, graphs 0.00, connections 0.00, rest 0.00)
ja2:1309920:1309927 [0] NCCL INFO TUNER/Plugin: Could not find: libnccl-tuner.so libnccl-net.so. Using internal tuner plugin.
ja2:1309920:1309927 [0] NCCL INFO ncclCommInitRank comm 0x16a82d00 rank 0 nranks 2 cudaDev 0 nvmlDev 0 busId 1000 commId 0x1721fb6aeeaa5bdc - Init COMPLETE
ja2:1309920:1309927 [0] NCCL INFO Init timings - ncclCommInitRank: rank 0 nranks 2 total 0.11 (kernels 0.00, alloc 0.02, bootstrap 0.08, allgathers 0.00, topo 0.00, graphs 0.00, connections 0.00, rest 0.00)
#
#                                                              out-of-place                       in-place          
#       size         count      type   redop    root     time   algbw   busbw #wrong     time   algbw   busbw #wrong
#        (B)    (elements)                               (us)  (GB/s)  (GB/s)            (us)  (GB/s)  (GB/s)       
ja2:1309920:1309931 [0] NCCL INFO NCCL_NET_SHARED_BUFFERS set by environment to 0.
ja3:926400:926412 [0] NCCL INFO NCCL_NET_SHARED_BUFFERS set by environment to 0.
ja2:1309920:1309929 [0] NCCL INFO New proxy recv connection 0 from local rank 0, transport 2
ja2:1309920:1309931 [0] NCCL INFO Connected to proxy localRank 0 -> connection 0x14b1e8000cd0
ja2:1309920:1309931 [0] NCCL INFO Channel 00/1 : 1[0] -> 0[0] [receive] via NET/IB/0
ja2:1309920:1309929 [0] NCCL INFO New proxy recv connection 1 from local rank 0, transport 2
ja2:1309920:1309931 [0] NCCL INFO Connected to proxy localRank 0 -> connection 0x14b1e8000d48
ja2:1309920:1309931 [0] NCCL INFO Channel 01/1 : 1[0] -> 0[0] [receive] via NET/IB/0
ja2:1309920:1309929 [0] NCCL INFO New proxy send connection 2 from local rank 0, transport 2
ja2:1309920:1309931 [0] NCCL INFO Connected to proxy localRank 0 -> connection 0x14b1e8000dc0
ja2:1309920:1309931 [0] NCCL INFO Channel 00/1 : 0[0] -> 1[0] [send] via NET/IB/0
ja2:1309920:1309929 [0] NCCL INFO New proxy send connection 3 from local rank 0, transport 2
ja2:1309920:1309931 [0] NCCL INFO Connected to proxy localRank 0 -> connection 0x14b1e8000e38
ja2:1309920:1309932 [0] NCCL INFO [Proxy Progress] Device 0 CPU core 192
ja2:1309920:1309931 [0] NCCL INFO Channel 01/1 : 0[0] -> 1[0] [send] via NET/IB/0
ja3:926400:926410 [0] NCCL INFO New proxy recv connection 0 from local rank 0, transport 2
ja3:926400:926412 [0] NCCL INFO Connected to proxy localRank 0 -> connection 0x1537d4000d10
ja3:926400:926413 [0] NCCL INFO [Proxy Progress] Device 0 CPU core 64
ja3:926400:926412 [0] NCCL INFO Channel 00/1 : 0[0] -> 1[0] [receive] via NET/IB/0
ja3:926400:926410 [0] NCCL INFO New proxy recv connection 1 from local rank 0, transport 2
ja3:926400:926412 [0] NCCL INFO Connected to proxy localRank 0 -> connection 0x1537d4000d88
ja3:926400:926412 [0] NCCL INFO Channel 01/1 : 0[0] -> 1[0] [receive] via NET/IB/0
ja3:926400:926410 [0] NCCL INFO New proxy send connection 2 from local rank 0, transport 2
ja3:926400:926412 [0] NCCL INFO Connected to proxy localRank 0 -> connection 0x1537d4000e00
ja3:926400:926412 [0] NCCL INFO Channel 00/1 : 1[0] -> 0[0] [send] via NET/IB/0
ja3:926400:926410 [0] NCCL INFO New proxy send connection 3 from local rank 0, transport 2
ja3:926400:926412 [0] NCCL INFO Connected to proxy localRank 0 -> connection 0x1537d4000e78
ja3:926400:926412 [0] NCCL INFO Channel 01/1 : 1[0] -> 0[0] [send] via NET/IB/0
ja3:926400:926410 [0] NCCL INFO NCCL_IB_QPS_PER_CONNECTION set by environment to 2.
ja2:1309920:1309929 [0] NCCL INFO NCCL_IB_QPS_PER_CONNECTION set by environment to 2.
ja2:1309920:1309929 [0] NCCL INFO NCCL_IB_FRAG_SIZE set by environment to -1.
ja3:926400:926410 [0] NCCL INFO NCCL_IB_FRAG_SIZE set by environment to -1.
ja2:1309920:1309929 [0] NCCL INFO NET/IB: NCCL Dev 0 IbDev 0 Port 1 qpn 3027 mtu 5 LID 22 subnet-prefix 33022  FLID 0 fifoRkey=0x17fcbb fifoLkey=0x17fcbb
ja2:1309920:1309929 [0] NCCL INFO NET/IB: NCCL Dev 0 IbDev 0 Port 1 qpn 3028 mtu 5 LID 22 subnet-prefix 33022  FLID 0 fifoRkey=0x17fcbb fifoLkey=0x17fcbb
ja3:926400:926410 [0] NCCL INFO NET/IB: NCCL Dev 0 IbDev 0 Port 1 qpn 2946 mtu 5 LID 23 subnet-prefix 33022  FLID 0 fifoRkey=0x180bca fifoLkey=0x180bca
ja3:926400:926410 [0] NCCL INFO NET/IB: NCCL Dev 0 IbDev 0 Port 1 qpn 2947 mtu 5 LID 23 subnet-prefix 33022  FLID 0 fifoRkey=0x180bca fifoLkey=0x180bca
ja2:1309920:1309929 [0] NCCL INFO NET/IB: NCCL Dev 0 IbDev 0 Port 1 qpn 3029 mtu 5 LID 22 subnet-prefix 33022  FLID 0 fifoRkey=0x17be7d fifoLkey=0x17be7d
ja2:1309920:1309929 [0] NCCL INFO NET/IB: NCCL Dev 0 IbDev 0 Port 1 qpn 3030 mtu 5 LID 22 subnet-prefix 33022  FLID 0 fifoRkey=0x17be7d fifoLkey=0x17be7d
ja3:926400:926410 [0] NCCL INFO NET/IB: NCCL Dev 0 IbDev 0 Port 1 qpn 2951 mtu 5 LID 23 subnet-prefix 33022  FLID 0 fifoRkey=0x1800c0 fifoLkey=0x1800c0
ja3:926400:926410 [0] NCCL INFO NET/IB: NCCL Dev 0 IbDev 0 Port 1 qpn 2952 mtu 5 LID 23 subnet-prefix 33022  FLID 0 fifoRkey=0x1800c0 fifoLkey=0x1800c0
ja2:1309920:1309929 [0] NCCL INFO NCCL_IB_FRAG_BATCH set by environment to 2.
ja2:1309920:1309929 [0] NCCL INFO NET/IB: MTU fragmentation on: fragSize=4096 batch=2 sqDepth=2048 nqps=2
ja3:926400:926410 [0] NCCL INFO NCCL_IB_FRAG_BATCH set by environment to 2.
ja3:926400:926410 [0] NCCL INFO NET/IB: MTU fragmentation on: fragSize=4096 batch=2 sqDepth=2048 nqps=2
ja2:1309920:1309929 [0] NCCL INFO NET/IB: MTU fragmentation on: fragSize=4096 batch=2 sqDepth=2048 nqps=2
ja3:926400:926410 [0] NCCL INFO NET/IB: MTU fragmentation on: fragSize=4096 batch=2 sqDepth=2048 nqps=2
ja2:1309920:1309932 [0] NCCL INFO NCCL_IB_SPLIT_DATA_ON_QPS set by environment to 0.
ja3:926400:926413 [0] NCCL INFO NCCL_IB_SPLIT_DATA_ON_QPS set by environment to 0.
       65536         16384     float     sum      -1    41.47    1.58    1.58      0    41.47    1.58    1.58    N/A
      131072         32768     float     sum      -1    56.14    2.33    2.33      0    60.66    2.16    2.16    N/A
      262144         65536     float     sum      -1    77.25    3.39    3.39      0    78.87    3.32    3.32    N/A
      524288        131072     float     sum      -1    117.4    4.47    4.47      0    128.8    4.07    4.07    N/A
     1048576        262144     float     sum      -1    191.6    5.47    5.47      0    192.8    5.44    5.44    N/A
     2097152        524288     float     sum      -1    313.7    6.68    6.68      0    336.6    6.23    6.23    N/A
ja3:926400:926400 [0] NCCL INFO comm 0x15979200 rank 1 nranks 2 cudaDev 0 busId 1000 - Destroy COMPLETE
ja3:926400:926400 [0] NCCL INFO MSCCL: Teardown finished
ja2:1309920:1309920 [0] NCCL INFO comm 0x16a82d00 rank 0 nranks 2 cudaDev 0 busId 1000 - Destroy COMPLETE
ja2:1309920:1309920 [0] NCCL INFO MSCCL: Teardown finished
# Out of bounds values : 0 OK
# Avg bus bandwidth    : 3.89472 
#

--- checks for CASE F_r1_qp2_split0_fragon ---
  ACTIVE: ja2:1309920:1309929 [0] NCCL INFO NET/IB: MTU fragmentation on: fragSize=4096 batch=2 sqDepth=2048 nqps=2
  RESULT: # Out of bounds values : 0 OK

========================================================
  CASE F_r1_qp2_split1_fragoff
  NCCL_IB_FRAG_SIZE=0
  NCCL_IB_FRAG_BATCH=2
  NCCL_IB_SEND_QUEUE_DEPTH=
  NCCL_IB_QPS_PER_CONNECTION=2
  NCCL_IB_SPLIT_DATA_ON_QPS=1
  sizes: -b 64K -e 2M -f 2  iters: -n 50 -w 20
  Wed Aug 12 17:00:56 CST 2026
========================================================
# nThread 1 nGpus 1 minBytes 65536 maxBytes 2097152 step: 2(factor) warmup iters: 20 iters: 50 agg iters: 1 validation: 1 graph: 0
#
# Using devices
#  Rank  0 Group  0 Pid 1309978 on        ja2 device  0 [0000:01:00] Tesla V100-PCIE-16GB
#  Rank  1 Group  0 Pid 926439 on        ja3 device  0 [0000:01:00] Tesla V100-PCIE-16GB
ja2:1309978:1309978 [0] NCCL INFO cudaDriverVersion 12000
ja2:1309978:1309978 [0] NCCL INFO NCCL version 2.23.4+cuda12.2
ja2:1309978:1309985 [0] NCCL INFO NET/Plugin: Could not find: libnccl-net.so. Using internal network plugin.
ja2:1309978:1309985 [0] NCCL INFO NCCL_IB_HCA set to mlx5_0
ja2:1309978:1309985 [0] NCCL INFO NET/IB : Using [0]mlx5_0:1/IB [RO]; OOB enp68s0f0:172.23.15.12<0>
ja2:1309978:1309985 [0] NCCL INFO PROFILER/Plugin: Could not find: libnccl-profiler.so.
ja2:1309978:1309985 [0] NCCL INFO Using network IB
ja2:1309978:1309985 [0] NCCL INFO ncclCommInitRank comm 0x2b34b5b0 rank 0 nranks 2 cudaDev 0 nvmlDev 0 busId 1000 commId 0x6a81b1c8de27cff6 - Init START
ja3:926439:926439 [0] NCCL INFO cudaDriverVersion 12000
ja3:926439:926439 [0] NCCL INFO NCCL version 2.23.4+cuda12.2
ja3:926439:926447 [0] NCCL INFO NET/Plugin: Could not find: libnccl-net.so. Using internal network plugin.
ja3:926439:926447 [0] NCCL INFO NCCL_IB_HCA set to mlx5_0
ja3:926439:926447 [0] NCCL INFO NET/IB : Using [0]mlx5_0:1/IB [RO]; OOB enp68s0f0:172.23.15.13<0>
ja3:926439:926447 [0] NCCL INFO PROFILER/Plugin: Could not find: libnccl-profiler.so.
ja3:926439:926447 [0] NCCL INFO Using network IB
ja3:926439:926447 [0] NCCL INFO ncclCommInitRank comm 0x380e9e00 rank 1 nranks 2 cudaDev 0 nvmlDev 0 busId 1000 commId 0x6a81b1c8de27cff6 - Init START
ja3:926439:926447 [0] NCCL INFO NET/IB : GPU Direct RDMA Disabled for HCA 0 'mlx5_0'
ja2:1309978:1309985 [0] NCCL INFO NET/IB : GPU Direct RDMA Disabled for HCA 0 'mlx5_0'
ja2:1309978:1309985 [0] NCCL INFO comm 0x2b34b5b0 rank 0 nRanks 2 nNodes 2 localRanks 1 localRank 0 MNNVL 0
ja3:926439:926447 [0] NCCL INFO comm 0x380e9e00 rank 1 nRanks 2 nNodes 2 localRanks 1 localRank 0 MNNVL 0
ja2:1309978:1309985 [0] NCCL INFO MSCCL: No external scheduler found, using internal implementation
ja2:1309978:1309985 [0] NCCL INFO MSCCL: Internal Scheduler will use /home/wangyj05/msccl_azure/executor/msccl-executor-nccl/build/lib/msccl-algorithms as algorithm directory and /home/wangyj05/msccl_azure/executor/msccl-executor-nccl/build/lib/../share/nccl/msccl-algorithms as share algorithm directory and /usr/share/nccl/msccl-algorithms as package installed share algorithm directory 
ja3:926439:926447 [0] NCCL INFO MSCCL: No external scheduler found, using internal implementation
ja3:926439:926447 [0] NCCL INFO MSCCL: Internal Scheduler will use /home/wangyj05/msccl_azure/executor/msccl-executor-nccl/build/lib/msccl-algorithms as algorithm directory and /home/wangyj05/msccl_azure/executor/msccl-executor-nccl/build/lib/../share/nccl/msccl-algorithms as share algorithm directory and /usr/share/nccl/msccl-algorithms as package installed share algorithm directory 
ja2:1309978:1309985 [0] NCCL INFO Using MSCCL Algo files from /home/wangyj05/msccl_azure/executor/msccl-executor-nccl/build/lib/msccl-algorithms
ja2:1309978:1309985 [0] NCCL INFO Channel 00/02 : 0 1
ja2:1309978:1309985 [0] NCCL INFO Channel 01/02 : 0 1
ja2:1309978:1309985 [0] NCCL INFO Trees [0] 1/-1/-1->0->-1 [1] -1/-1/-1->0->1
ja2:1309978:1309985 [0] NCCL INFO NCCL_BUFFSIZE set by environment to 4194304.
ja2:1309978:1309985 [0] NCCL INFO NCCL_P2P_NET_CHUNKSIZE set by environment to 524288.
ja2:1309978:1309985 [0] NCCL INFO P2P Chunksize set to 524288
ja3:926439:926447 [0] NCCL INFO Using MSCCL Algo files from /home/wangyj05/msccl_azure/executor/msccl-executor-nccl/build/lib/msccl-algorithms
ja3:926439:926447 [0] NCCL INFO Trees [0] -1/-1/-1->1->0 [1] 0/-1/-1->1->-1
ja3:926439:926447 [0] NCCL INFO NCCL_BUFFSIZE set by environment to 4194304.
ja3:926439:926447 [0] NCCL INFO NCCL_P2P_NET_CHUNKSIZE set by environment to 524288.
ja3:926439:926447 [0] NCCL INFO P2P Chunksize set to 524288
ja2:1309978:1309987 [0] NCCL INFO [Proxy Service] Device 0 CPU core 192
ja3:926439:926449 [0] NCCL INFO [Proxy Service] Device 0 CPU core 64
ja3:926439:926450 [0] NCCL INFO [Proxy Service UDS] Device 0 CPU core 64
ja2:1309978:1309988 [0] NCCL INFO [Proxy Service UDS] Device 0 CPU core 192
ja3:926439:926447 [0] NCCL INFO NCCL_PROTO set by environment to Simple
ja3:926439:926447 [0] NCCL INFO threadThresholds 8/8/64 | 16/8/64 | 512 | 512
ja3:926439:926447 [0] NCCL INFO 2 coll channels, 2 collnet channels, 0 nvls channels, 2 p2p channels, 2 p2p channels per peer
ja2:1309978:1309985 [0] NCCL INFO NCCL_PROTO set by environment to Simple
ja2:1309978:1309985 [0] NCCL INFO threadThresholds 8/8/64 | 16/8/64 | 512 | 512
ja2:1309978:1309985 [0] NCCL INFO 2 coll channels, 2 collnet channels, 0 nvls channels, 2 p2p channels, 2 p2p channels per peer
ja2:1309978:1309985 [0] NCCL INFO CC Off, Multi-GPU CC Off, workFifoBytes 1048576
ja3:926439:926447 [0] NCCL INFO MSCCL: Initialization finished
ja2:1309978:1309985 [0] NCCL INFO MSCCL: Initialization finished
ja3:926439:926447 [0] NCCL INFO TUNER/Plugin: Could not find: libnccl-tuner.so libnccl-net.so. Using internal tuner plugin.
ja3:926439:926447 [0] NCCL INFO ncclCommInitRank comm 0x380e9e00 rank 1 nranks 2 cudaDev 0 nvmlDev 0 busId 1000 commId 0x6a81b1c8de27cff6 - Init COMPLETE
ja3:926439:926447 [0] NCCL INFO Init timings - ncclCommInitRank: rank 1 nranks 2 total 0.03 (kernels 0.00, alloc 0.02, bootstrap 0.00, allgathers 0.00, topo 0.00, graphs 0.00, connections 0.00, rest 0.00)
ja2:1309978:1309985 [0] NCCL INFO TUNER/Plugin: Could not find: libnccl-tuner.so libnccl-net.so. Using internal tuner plugin.
ja2:1309978:1309985 [0] NCCL INFO ncclCommInitRank comm 0x2b34b5b0 rank 0 nranks 2 cudaDev 0 nvmlDev 0 busId 1000 commId 0x6a81b1c8de27cff6 - Init COMPLETE
ja2:1309978:1309985 [0] NCCL INFO Init timings - ncclCommInitRank: rank 0 nranks 2 total 0.11 (kernels 0.00, alloc 0.02, bootstrap 0.09, allgathers 0.00, topo 0.00, graphs 0.00, connections 0.00, rest 0.00)
#
#                                                              out-of-place                       in-place          
#       size         count      type   redop    root     time   algbw   busbw #wrong     time   algbw   busbw #wrong
#        (B)    (elements)                               (us)  (GB/s)  (GB/s)            (us)  (GB/s)  (GB/s)       
ja2:1309978:1309989 [0] NCCL INFO NCCL_NET_SHARED_BUFFERS set by environment to 0.
ja3:926439:926451 [0] NCCL INFO NCCL_NET_SHARED_BUFFERS set by environment to 0.
ja3:926439:926449 [0] NCCL INFO New proxy recv connection 0 from local rank 0, transport 2
ja3:926439:926451 [0] NCCL INFO Connected to proxy localRank 0 -> connection 0x14f268000d10
ja3:926439:926452 [0] NCCL INFO [Proxy Progress] Device 0 CPU core 64
ja3:926439:926451 [0] NCCL INFO Channel 00/1 : 0[0] -> 1[0] [receive] via NET/IB/0
ja3:926439:926449 [0] NCCL INFO New proxy recv connection 1 from local rank 0, transport 2
ja3:926439:926451 [0] NCCL INFO Connected to proxy localRank 0 -> connection 0x14f268000d88
ja3:926439:926451 [0] NCCL INFO Channel 01/1 : 0[0] -> 1[0] [receive] via NET/IB/0
ja3:926439:926449 [0] NCCL INFO New proxy send connection 2 from local rank 0, transport 2
ja3:926439:926451 [0] NCCL INFO Connected to proxy localRank 0 -> connection 0x14f268000e00
ja3:926439:926451 [0] NCCL INFO Channel 00/1 : 1[0] -> 0[0] [send] via NET/IB/0
ja3:926439:926449 [0] NCCL INFO New proxy send connection 3 from local rank 0, transport 2
ja3:926439:926451 [0] NCCL INFO Connected to proxy localRank 0 -> connection 0x14f268000e78
ja3:926439:926451 [0] NCCL INFO Channel 01/1 : 1[0] -> 0[0] [send] via NET/IB/0
ja2:1309978:1309987 [0] NCCL INFO New proxy recv connection 0 from local rank 0, transport 2
ja2:1309978:1309990 [0] NCCL INFO [Proxy Progress] Device 0 CPU core 64
ja2:1309978:1309989 [0] NCCL INFO Connected to proxy localRank 0 -> connection 0x1467b0000cd0
ja2:1309978:1309989 [0] NCCL INFO Channel 00/1 : 1[0] -> 0[0] [receive] via NET/IB/0
ja2:1309978:1309987 [0] NCCL INFO New proxy recv connection 1 from local rank 0, transport 2
ja2:1309978:1309989 [0] NCCL INFO Connected to proxy localRank 0 -> connection 0x1467b0000d48
ja2:1309978:1309989 [0] NCCL INFO Channel 01/1 : 1[0] -> 0[0] [receive] via NET/IB/0
ja2:1309978:1309987 [0] NCCL INFO New proxy send connection 2 from local rank 0, transport 2
ja2:1309978:1309989 [0] NCCL INFO Connected to proxy localRank 0 -> connection 0x1467b0000dc0
ja2:1309978:1309989 [0] NCCL INFO Channel 00/1 : 0[0] -> 1[0] [send] via NET/IB/0
ja2:1309978:1309987 [0] NCCL INFO New proxy send connection 3 from local rank 0, transport 2
ja2:1309978:1309989 [0] NCCL INFO Connected to proxy localRank 0 -> connection 0x1467b0000e38
ja2:1309978:1309989 [0] NCCL INFO Channel 01/1 : 0[0] -> 1[0] [send] via NET/IB/0
ja2:1309978:1309987 [0] NCCL INFO NCCL_IB_QPS_PER_CONNECTION set by environment to 2.
ja3:926439:926449 [0] NCCL INFO NCCL_IB_QPS_PER_CONNECTION set by environment to 2.
ja2:1309978:1309987 [0] NCCL INFO NCCL_IB_FRAG_SIZE set by environment to 0.
ja3:926439:926449 [0] NCCL INFO NCCL_IB_FRAG_SIZE set by environment to 0.
ja2:1309978:1309987 [0] NCCL INFO NET/IB: NCCL Dev 0 IbDev 0 Port 1 qpn 3048 mtu 5 LID 22 subnet-prefix 33022  FLID 0 fifoRkey=0x17fcbb fifoLkey=0x17fcbb
ja2:1309978:1309987 [0] NCCL INFO NET/IB: NCCL Dev 0 IbDev 0 Port 1 qpn 3049 mtu 5 LID 22 subnet-prefix 33022  FLID 0 fifoRkey=0x17fcbb fifoLkey=0x17fcbb
ja3:926439:926449 [0] NCCL INFO NET/IB: NCCL Dev 0 IbDev 0 Port 1 qpn 2967 mtu 5 LID 23 subnet-prefix 33022  FLID 0 fifoRkey=0x1800c0 fifoLkey=0x1800c0
ja3:926439:926449 [0] NCCL INFO NET/IB: NCCL Dev 0 IbDev 0 Port 1 qpn 2968 mtu 5 LID 23 subnet-prefix 33022  FLID 0 fifoRkey=0x1800c0 fifoLkey=0x1800c0
ja2:1309978:1309987 [0] NCCL INFO NET/IB: NCCL Dev 0 IbDev 0 Port 1 qpn 3053 mtu 5 LID 22 subnet-prefix 33022  FLID 0 fifoRkey=0x183af9 fifoLkey=0x183af9
ja2:1309978:1309987 [0] NCCL INFO NET/IB: NCCL Dev 0 IbDev 0 Port 1 qpn 3054 mtu 5 LID 22 subnet-prefix 33022  FLID 0 fifoRkey=0x183af9 fifoLkey=0x183af9
ja3:926439:926449 [0] NCCL INFO NET/IB: NCCL Dev 0 IbDev 0 Port 1 qpn 2972 mtu 5 LID 23 subnet-prefix 33022  FLID 0 fifoRkey=0x180bca fifoLkey=0x180bca
ja3:926439:926449 [0] NCCL INFO NET/IB: NCCL Dev 0 IbDev 0 Port 1 qpn 2973 mtu 5 LID 23 subnet-prefix 33022  FLID 0 fifoRkey=0x180bca fifoLkey=0x180bca
ja2:1309978:1309990 [0] NCCL INFO NCCL_IB_SPLIT_DATA_ON_QPS set by environment to 1.
ja2:1309978:1309990 [0] NCCL INFO NCCL_IB_AR_THRESHOLD set by environment to 0.
ja3:926439:926452 [0] NCCL INFO NCCL_IB_SPLIT_DATA_ON_QPS set by environment to 1.
ja3:926439:926452 [0] NCCL INFO NCCL_IB_AR_THRESHOLD set by environment to 0.
       65536         16384     float     sum      -1    39.29    1.67    1.67      0    42.25    1.55    1.55    N/A
      131072         32768     float     sum      -1    53.87    2.43    2.43      0    56.30    2.33    2.33    N/A
      262144         65536     float     sum      -1    74.38    3.52    3.52      0    76.23    3.44    3.44    N/A
      524288        131072     float     sum      -1    114.6    4.58    4.58      0    124.7    4.20    4.20    N/A
     1048576        262144     float     sum      -1    189.7    5.53    5.53      0    190.7    5.50    5.50    N/A
     2097152        524288     float     sum      -1    315.9    6.64    6.64      0    334.5    6.27    6.27    N/A
ja3:926439:926439 [0] NCCL INFO comm 0x380e9e00 rank 1 nranks 2 cudaDev 0 busId 1000 - Destroy COMPLETE
ja2:1309978:1309978 [0] NCCL INFO comm 0x2b34b5b0 rank 0 nranks 2 cudaDev 0 busId 1000 - Destroy COMPLETE
ja3:926439:926439 [0] NCCL INFO MSCCL: Teardown finished
ja2:1309978:1309978 [0] NCCL INFO MSCCL: Teardown finished
# Out of bounds values : 0 OK
# Avg bus bandwidth    : 3.97155 
#

--- checks for CASE F_r1_qp2_split1_fragoff ---
  ACTIVE: fragmentation NOT active (expected for cases A and B)
  RESULT: # Out of bounds values : 0 OK

========================================================
  CASE F_r1_qp2_split1_fragon
  NCCL_IB_FRAG_SIZE=-1
  NCCL_IB_FRAG_BATCH=2
  NCCL_IB_SEND_QUEUE_DEPTH=
  NCCL_IB_QPS_PER_CONNECTION=2
  NCCL_IB_SPLIT_DATA_ON_QPS=1
  sizes: -b 64K -e 2M -f 2  iters: -n 50 -w 20
  Wed Aug 12 17:01:00 CST 2026
========================================================
# nThread 1 nGpus 1 minBytes 65536 maxBytes 2097152 step: 2(factor) warmup iters: 20 iters: 50 agg iters: 1 validation: 1 graph: 0
#
# Using devices
#  Rank  0 Group  0 Pid 1310034 on        ja2 device  0 [0000:01:00] Tesla V100-PCIE-16GB
#  Rank  1 Group  0 Pid 926478 on        ja3 device  0 [0000:01:00] Tesla V100-PCIE-16GB
ja2:1310034:1310034 [0] NCCL INFO cudaDriverVersion 12000
ja2:1310034:1310034 [0] NCCL INFO NCCL version 2.23.4+cuda12.2
ja2:1310034:1310043 [0] NCCL INFO NET/Plugin: Could not find: libnccl-net.so. Using internal network plugin.
ja2:1310034:1310043 [0] NCCL INFO NCCL_IB_HCA set to mlx5_0
ja2:1310034:1310043 [0] NCCL INFO NET/IB : Using [0]mlx5_0:1/IB [RO]; OOB enp68s0f0:172.23.15.12<0>
ja2:1310034:1310043 [0] NCCL INFO PROFILER/Plugin: Could not find: libnccl-profiler.so.
ja2:1310034:1310043 [0] NCCL INFO Using network IB
ja2:1310034:1310043 [0] NCCL INFO ncclCommInitRank comm 0x31b813f0 rank 0 nranks 2 cudaDev 0 nvmlDev 0 busId 1000 commId 0xbb534ca966954be0 - Init START
ja3:926478:926478 [0] NCCL INFO cudaDriverVersion 12000
ja3:926478:926478 [0] NCCL INFO NCCL version 2.23.4+cuda12.2
ja3:926478:926486 [0] NCCL INFO NET/Plugin: Could not find: libnccl-net.so. Using internal network plugin.
ja3:926478:926486 [0] NCCL INFO NCCL_IB_HCA set to mlx5_0
ja3:926478:926486 [0] NCCL INFO NET/IB : Using [0]mlx5_0:1/IB [RO]; OOB enp68s0f0:172.23.15.13<0>
ja3:926478:926486 [0] NCCL INFO PROFILER/Plugin: Could not find: libnccl-profiler.so.
ja3:926478:926486 [0] NCCL INFO Using network IB
ja3:926478:926486 [0] NCCL INFO ncclCommInitRank comm 0x38bb99e0 rank 1 nranks 2 cudaDev 0 nvmlDev 0 busId 1000 commId 0xbb534ca966954be0 - Init START
ja3:926478:926486 [0] NCCL INFO NET/IB : GPU Direct RDMA Disabled for HCA 0 'mlx5_0'
ja2:1310034:1310043 [0] NCCL INFO NET/IB : GPU Direct RDMA Disabled for HCA 0 'mlx5_0'
ja2:1310034:1310043 [0] NCCL INFO comm 0x31b813f0 rank 0 nRanks 2 nNodes 2 localRanks 1 localRank 0 MNNVL 0
ja3:926478:926486 [0] NCCL INFO comm 0x38bb99e0 rank 1 nRanks 2 nNodes 2 localRanks 1 localRank 0 MNNVL 0
ja2:1310034:1310043 [0] NCCL INFO MSCCL: No external scheduler found, using internal implementation
ja2:1310034:1310043 [0] NCCL INFO MSCCL: Internal Scheduler will use /home/wangyj05/msccl_azure/executor/msccl-executor-nccl/build/lib/msccl-algorithms as algorithm directory and /home/wangyj05/msccl_azure/executor/msccl-executor-nccl/build/lib/../share/nccl/msccl-algorithms as share algorithm directory and /usr/share/nccl/msccl-algorithms as package installed share algorithm directory 
ja3:926478:926486 [0] NCCL INFO MSCCL: No external scheduler found, using internal implementation
ja3:926478:926486 [0] NCCL INFO MSCCL: Internal Scheduler will use /home/wangyj05/msccl_azure/executor/msccl-executor-nccl/build/lib/msccl-algorithms as algorithm directory and /home/wangyj05/msccl_azure/executor/msccl-executor-nccl/build/lib/../share/nccl/msccl-algorithms as share algorithm directory and /usr/share/nccl/msccl-algorithms as package installed share algorithm directory 
ja3:926478:926486 [0] NCCL INFO Using MSCCL Algo files from /home/wangyj05/msccl_azure/executor/msccl-executor-nccl/build/lib/msccl-algorithms
ja3:926478:926486 [0] NCCL INFO Trees [0] -1/-1/-1->1->0 [1] 0/-1/-1->1->-1
ja3:926478:926486 [0] NCCL INFO NCCL_BUFFSIZE set by environment to 4194304.
ja3:926478:926486 [0] NCCL INFO NCCL_P2P_NET_CHUNKSIZE set by environment to 524288.
ja3:926478:926486 [0] NCCL INFO P2P Chunksize set to 524288
ja2:1310034:1310043 [0] NCCL INFO Using MSCCL Algo files from /home/wangyj05/msccl_azure/executor/msccl-executor-nccl/build/lib/msccl-algorithms
ja2:1310034:1310043 [0] NCCL INFO Channel 00/02 : 0 1
ja2:1310034:1310043 [0] NCCL INFO Channel 01/02 : 0 1
ja2:1310034:1310043 [0] NCCL INFO Trees [0] 1/-1/-1->0->-1 [1] -1/-1/-1->0->1
ja2:1310034:1310043 [0] NCCL INFO NCCL_BUFFSIZE set by environment to 4194304.
ja2:1310034:1310043 [0] NCCL INFO NCCL_P2P_NET_CHUNKSIZE set by environment to 524288.
ja2:1310034:1310043 [0] NCCL INFO P2P Chunksize set to 524288
ja2:1310034:1310045 [0] NCCL INFO [Proxy Service] Device 0 CPU core 64
ja3:926478:926488 [0] NCCL INFO [Proxy Service] Device 0 CPU core 192
ja3:926478:926489 [0] NCCL INFO [Proxy Service UDS] Device 0 CPU core 192
ja2:1310034:1310046 [0] NCCL INFO [Proxy Service UDS] Device 0 CPU core 64
ja3:926478:926486 [0] NCCL INFO NCCL_PROTO set by environment to Simple
ja3:926478:926486 [0] NCCL INFO threadThresholds 8/8/64 | 16/8/64 | 512 | 512
ja3:926478:926486 [0] NCCL INFO 2 coll channels, 2 collnet channels, 0 nvls channels, 2 p2p channels, 2 p2p channels per peer
ja2:1310034:1310043 [0] NCCL INFO NCCL_PROTO set by environment to Simple
ja2:1310034:1310043 [0] NCCL INFO threadThresholds 8/8/64 | 16/8/64 | 512 | 512
ja2:1310034:1310043 [0] NCCL INFO 2 coll channels, 2 collnet channels, 0 nvls channels, 2 p2p channels, 2 p2p channels per peer
ja2:1310034:1310043 [0] NCCL INFO CC Off, Multi-GPU CC Off, workFifoBytes 1048576
ja3:926478:926486 [0] NCCL INFO MSCCL: Initialization finished
ja2:1310034:1310043 [0] NCCL INFO MSCCL: Initialization finished
ja3:926478:926486 [0] NCCL INFO TUNER/Plugin: Could not find: libnccl-tuner.so libnccl-net.so. Using internal tuner plugin.
ja3:926478:926486 [0] NCCL INFO ncclCommInitRank comm 0x38bb99e0 rank 1 nranks 2 cudaDev 0 nvmlDev 0 busId 1000 commId 0xbb534ca966954be0 - Init COMPLETE
ja3:926478:926486 [0] NCCL INFO Init timings - ncclCommInitRank: rank 1 nranks 2 total 0.03 (kernels 0.00, alloc 0.02, bootstrap 0.00, allgathers 0.00, topo 0.00, graphs 0.00, connections 0.00, rest 0.00)
ja2:1310034:1310043 [0] NCCL INFO TUNER/Plugin: Could not find: libnccl-tuner.so libnccl-net.so. Using internal tuner plugin.
ja2:1310034:1310043 [0] NCCL INFO ncclCommInitRank comm 0x31b813f0 rank 0 nranks 2 cudaDev 0 nvmlDev 0 busId 1000 commId 0xbb534ca966954be0 - Init COMPLETE
ja2:1310034:1310043 [0] NCCL INFO Init timings - ncclCommInitRank: rank 0 nranks 2 total 0.13 (kernels 0.00, alloc 0.02, bootstrap 0.10, allgathers 0.00, topo 0.00, graphs 0.00, connections 0.00, rest 0.00)
#
#                                                              out-of-place                       in-place          
#       size         count      type   redop    root     time   algbw   busbw #wrong     time   algbw   busbw #wrong
#        (B)    (elements)                               (us)  (GB/s)  (GB/s)            (us)  (GB/s)  (GB/s)       
ja2:1310034:1310047 [0] NCCL INFO NCCL_NET_SHARED_BUFFERS set by environment to 0.
ja3:926478:926490 [0] NCCL INFO NCCL_NET_SHARED_BUFFERS set by environment to 0.
ja2:1310034:1310045 [0] NCCL INFO New proxy recv connection 0 from local rank 0, transport 2
ja2:1310034:1310048 [0] NCCL INFO [Proxy Progress] Device 0 CPU core 64
ja2:1310034:1310047 [0] NCCL INFO Connected to proxy localRank 0 -> connection 0x1463d4000cd0
ja2:1310034:1310047 [0] NCCL INFO Channel 00/1 : 1[0] -> 0[0] [receive] via NET/IB/0
ja2:1310034:1310045 [0] NCCL INFO New proxy recv connection 1 from local rank 0, transport 2
ja2:1310034:1310047 [0] NCCL INFO Connected to proxy localRank 0 -> connection 0x1463d4000d48
ja2:1310034:1310047 [0] NCCL INFO Channel 01/1 : 1[0] -> 0[0] [receive] via NET/IB/0
ja2:1310034:1310045 [0] NCCL INFO New proxy send connection 2 from local rank 0, transport 2
ja2:1310034:1310047 [0] NCCL INFO Connected to proxy localRank 0 -> connection 0x1463d4000dc0
ja2:1310034:1310047 [0] NCCL INFO Channel 00/1 : 0[0] -> 1[0] [send] via NET/IB/0
ja2:1310034:1310045 [0] NCCL INFO New proxy send connection 3 from local rank 0, transport 2
ja2:1310034:1310047 [0] NCCL INFO Connected to proxy localRank 0 -> connection 0x1463d4000e38
ja3:926478:926488 [0] NCCL INFO New proxy recv connection 0 from local rank 0, transport 2
ja3:926478:926490 [0] NCCL INFO Connected to proxy localRank 0 -> connection 0x14d668000d10
ja2:1310034:1310047 [0] NCCL INFO Channel 01/1 : 0[0] -> 1[0] [send] via NET/IB/0
ja3:926478:926491 [0] NCCL INFO [Proxy Progress] Device 0 CPU core 192
ja3:926478:926490 [0] NCCL INFO Channel 00/1 : 0[0] -> 1[0] [receive] via NET/IB/0
ja3:926478:926488 [0] NCCL INFO New proxy recv connection 1 from local rank 0, transport 2
ja3:926478:926490 [0] NCCL INFO Connected to proxy localRank 0 -> connection 0x14d668000d88
ja3:926478:926490 [0] NCCL INFO Channel 01/1 : 0[0] -> 1[0] [receive] via NET/IB/0
ja3:926478:926488 [0] NCCL INFO New proxy send connection 2 from local rank 0, transport 2
ja3:926478:926490 [0] NCCL INFO Connected to proxy localRank 0 -> connection 0x14d668000e00
ja3:926478:926490 [0] NCCL INFO Channel 00/1 : 1[0] -> 0[0] [send] via NET/IB/0
ja3:926478:926488 [0] NCCL INFO New proxy send connection 3 from local rank 0, transport 2
ja3:926478:926490 [0] NCCL INFO Connected to proxy localRank 0 -> connection 0x14d668000e78
ja3:926478:926490 [0] NCCL INFO Channel 01/1 : 1[0] -> 0[0] [send] via NET/IB/0
ja2:1310034:1310045 [0] NCCL INFO NCCL_IB_QPS_PER_CONNECTION set by environment to 2.
ja3:926478:926488 [0] NCCL INFO NCCL_IB_QPS_PER_CONNECTION set by environment to 2.
ja2:1310034:1310045 [0] NCCL INFO NCCL_IB_FRAG_SIZE set by environment to -1.
ja3:926478:926488 [0] NCCL INFO NCCL_IB_FRAG_SIZE set by environment to -1.
ja2:1310034:1310045 [0] NCCL INFO NET/IB: NCCL Dev 0 IbDev 0 Port 1 qpn 3069 mtu 5 LID 22 subnet-prefix 33022  FLID 0 fifoRkey=0x183af9 fifoLkey=0x183af9
ja2:1310034:1310045 [0] NCCL INFO NET/IB: NCCL Dev 0 IbDev 0 Port 1 qpn 3070 mtu 5 LID 22 subnet-prefix 33022  FLID 0 fifoRkey=0x183af9 fifoLkey=0x183af9
ja3:926478:926488 [0] NCCL INFO NET/IB: NCCL Dev 0 IbDev 0 Port 1 qpn 2988 mtu 5 LID 23 subnet-prefix 33022  FLID 0 fifoRkey=0x180bca fifoLkey=0x180bca
ja3:926478:926488 [0] NCCL INFO NET/IB: NCCL Dev 0 IbDev 0 Port 1 qpn 2989 mtu 5 LID 23 subnet-prefix 33022  FLID 0 fifoRkey=0x180bca fifoLkey=0x180bca
ja2:1310034:1310045 [0] NCCL INFO NET/IB: NCCL Dev 0 IbDev 0 Port 1 qpn 3071 mtu 5 LID 22 subnet-prefix 33022  FLID 0 fifoRkey=0x17e2a1 fifoLkey=0x17e2a1
ja2:1310034:1310045 [0] NCCL INFO NET/IB: NCCL Dev 0 IbDev 0 Port 1 qpn 3072 mtu 5 LID 22 subnet-prefix 33022  FLID 0 fifoRkey=0x17e2a1 fifoLkey=0x17e2a1
ja2:1310034:1310045 [0] NCCL INFO NCCL_IB_FRAG_BATCH set by environment to 2.
ja2:1310034:1310045 [0] NCCL INFO NET/IB: MTU fragmentation on: fragSize=4096 batch=2 sqDepth=2048 nqps=2
ja3:926478:926488 [0] NCCL INFO NET/IB: NCCL Dev 0 IbDev 0 Port 1 qpn 2993 mtu 5 LID 23 subnet-prefix 33022  FLID 0 fifoRkey=0x1800c0 fifoLkey=0x1800c0
ja3:926478:926488 [0] NCCL INFO NET/IB: NCCL Dev 0 IbDev 0 Port 1 qpn 2994 mtu 5 LID 23 subnet-prefix 33022  FLID 0 fifoRkey=0x1800c0 fifoLkey=0x1800c0
ja3:926478:926488 [0] NCCL INFO NCCL_IB_FRAG_BATCH set by environment to 2.
ja3:926478:926488 [0] NCCL INFO NET/IB: MTU fragmentation on: fragSize=4096 batch=2 sqDepth=2048 nqps=2
ja3:926478:926488 [0] NCCL INFO NET/IB: MTU fragmentation on: fragSize=4096 batch=2 sqDepth=2048 nqps=2
ja2:1310034:1310045 [0] NCCL INFO NET/IB: MTU fragmentation on: fragSize=4096 batch=2 sqDepth=2048 nqps=2
ja2:1310034:1310048 [0] NCCL INFO NCCL_IB_SPLIT_DATA_ON_QPS set by environment to 1.
ja3:926478:926491 [0] NCCL INFO NCCL_IB_SPLIT_DATA_ON_QPS set by environment to 1.
       65536         16384     float     sum      -1    41.84    1.57    1.57      0    41.24    1.59    1.59    N/A
      131072         32768     float     sum      -1    56.85    2.31    2.31      0    70.92    1.85    1.85    N/A
      262144         65536     float     sum      -1    77.02    3.40    3.40      0    77.95    3.36    3.36    N/A
      524288        131072     float     sum      -1    116.5    4.50    4.50      0    126.8    4.14    4.14    N/A
     1048576        262144     float     sum      -1    200.8    5.22    5.22      0    193.0    5.43    5.43    N/A
     2097152        524288     float     sum      -1    355.0    5.91    5.91      0    339.3    6.18    6.18    N/A
ja3:926478:926478 [0] NCCL INFO comm 0x38bb99e0 rank 1 nranks 2 cudaDev 0 busId 1000 - Destroy COMPLETE
ja3:926478:926478 [0] NCCL INFO MSCCL: Teardown finished
ja2:1310034:1310034 [0] NCCL INFO comm 0x31b813f0 rank 0 nranks 2 cudaDev 0 busId 1000 - Destroy COMPLETE
ja2:1310034:1310034 [0] NCCL INFO MSCCL: Teardown finished
# Out of bounds values : 0 OK
# Avg bus bandwidth    : 3.78771 
#

--- checks for CASE F_r1_qp2_split1_fragon ---
  ACTIVE: ja2:1310034:1310045 [0] NCCL INFO NET/IB: MTU fragmentation on: fragSize=4096 batch=2 sqDepth=2048 nqps=2
  RESULT: # Out of bounds values : 0 OK

========================================================
  CASE F_r1_qp4_split0_fragoff
  NCCL_IB_FRAG_SIZE=0
  NCCL_IB_FRAG_BATCH=2
  NCCL_IB_SEND_QUEUE_DEPTH=
  NCCL_IB_QPS_PER_CONNECTION=4
  NCCL_IB_SPLIT_DATA_ON_QPS=0
  sizes: -b 64K -e 2M -f 2  iters: -n 50 -w 20
  Wed Aug 12 17:01:03 CST 2026
========================================================
# nThread 1 nGpus 1 minBytes 65536 maxBytes 2097152 step: 2(factor) warmup iters: 20 iters: 50 agg iters: 1 validation: 1 graph: 0
#
# Using devices
#  Rank  0 Group  0 Pid 1310095 on        ja2 device  0 [0000:01:00] Tesla V100-PCIE-16GB
#  Rank  1 Group  0 Pid 926518 on        ja3 device  0 [0000:01:00] Tesla V100-PCIE-16GB
ja2:1310095:1310095 [0] NCCL INFO cudaDriverVersion 12000
ja2:1310095:1310095 [0] NCCL INFO NCCL version 2.23.4+cuda12.2
ja2:1310095:1310102 [0] NCCL INFO NET/Plugin: Could not find: libnccl-net.so. Using internal network plugin.
ja2:1310095:1310102 [0] NCCL INFO NCCL_IB_HCA set to mlx5_0
ja2:1310095:1310102 [0] NCCL INFO NET/IB : Using [0]mlx5_0:1/IB [RO]; OOB enp68s0f0:172.23.15.12<0>
ja2:1310095:1310102 [0] NCCL INFO PROFILER/Plugin: Could not find: libnccl-profiler.so.
ja2:1310095:1310102 [0] NCCL INFO Using network IB
ja2:1310095:1310102 [0] NCCL INFO ncclCommInitRank comm 0x435dc3a0 rank 0 nranks 2 cudaDev 0 nvmlDev 0 busId 1000 commId 0x3bfe28c1757093a5 - Init START
ja3:926518:926518 [0] NCCL INFO cudaDriverVersion 12000
ja3:926518:926518 [0] NCCL INFO NCCL version 2.23.4+cuda12.2
ja3:926518:926526 [0] NCCL INFO NET/Plugin: Could not find: libnccl-net.so. Using internal network plugin.
ja3:926518:926526 [0] NCCL INFO NCCL_IB_HCA set to mlx5_0
ja3:926518:926526 [0] NCCL INFO NET/IB : Using [0]mlx5_0:1/IB [RO]; OOB enp68s0f0:172.23.15.13<0>
ja3:926518:926526 [0] NCCL INFO PROFILER/Plugin: Could not find: libnccl-profiler.so.
ja3:926518:926526 [0] NCCL INFO Using network IB
ja3:926518:926526 [0] NCCL INFO ncclCommInitRank comm 0x17849ab0 rank 1 nranks 2 cudaDev 0 nvmlDev 0 busId 1000 commId 0x3bfe28c1757093a5 - Init START
ja3:926518:926526 [0] NCCL INFO NET/IB : GPU Direct RDMA Disabled for HCA 0 'mlx5_0'
ja2:1310095:1310102 [0] NCCL INFO NET/IB : GPU Direct RDMA Disabled for HCA 0 'mlx5_0'
ja2:1310095:1310102 [0] NCCL INFO comm 0x435dc3a0 rank 0 nRanks 2 nNodes 2 localRanks 1 localRank 0 MNNVL 0
ja3:926518:926526 [0] NCCL INFO comm 0x17849ab0 rank 1 nRanks 2 nNodes 2 localRanks 1 localRank 0 MNNVL 0
ja3:926518:926526 [0] NCCL INFO MSCCL: No external scheduler found, using internal implementation
ja3:926518:926526 [0] NCCL INFO MSCCL: Internal Scheduler will use /home/wangyj05/msccl_azure/executor/msccl-executor-nccl/build/lib/msccl-algorithms as algorithm directory and /home/wangyj05/msccl_azure/executor/msccl-executor-nccl/build/lib/../share/nccl/msccl-algorithms as share algorithm directory and /usr/share/nccl/msccl-algorithms as package installed share algorithm directory 
ja2:1310095:1310102 [0] NCCL INFO MSCCL: No external scheduler found, using internal implementation
ja2:1310095:1310102 [0] NCCL INFO MSCCL: Internal Scheduler will use /home/wangyj05/msccl_azure/executor/msccl-executor-nccl/build/lib/msccl-algorithms as algorithm directory and /home/wangyj05/msccl_azure/executor/msccl-executor-nccl/build/lib/../share/nccl/msccl-algorithms as share algorithm directory and /usr/share/nccl/msccl-algorithms as package installed share algorithm directory 
ja2:1310095:1310102 [0] NCCL INFO Using MSCCL Algo files from /home/wangyj05/msccl_azure/executor/msccl-executor-nccl/build/lib/msccl-algorithms
ja2:1310095:1310102 [0] NCCL INFO Channel 00/02 : 0 1
ja2:1310095:1310102 [0] NCCL INFO Channel 01/02 : 0 1
ja2:1310095:1310102 [0] NCCL INFO Trees [0] 1/-1/-1->0->-1 [1] -1/-1/-1->0->1
ja2:1310095:1310102 [0] NCCL INFO NCCL_BUFFSIZE set by environment to 4194304.
ja2:1310095:1310102 [0] NCCL INFO NCCL_P2P_NET_CHUNKSIZE set by environment to 524288.
ja2:1310095:1310102 [0] NCCL INFO P2P Chunksize set to 524288
ja3:926518:926526 [0] NCCL INFO Using MSCCL Algo files from /home/wangyj05/msccl_azure/executor/msccl-executor-nccl/build/lib/msccl-algorithms
ja3:926518:926526 [0] NCCL INFO Trees [0] -1/-1/-1->1->0 [1] 0/-1/-1->1->-1
ja3:926518:926526 [0] NCCL INFO NCCL_BUFFSIZE set by environment to 4194304.
ja3:926518:926526 [0] NCCL INFO NCCL_P2P_NET_CHUNKSIZE set by environment to 524288.
ja3:926518:926526 [0] NCCL INFO P2P Chunksize set to 524288
ja2:1310095:1310104 [0] NCCL INFO [Proxy Service] Device 0 CPU core 64
ja3:926518:926528 [0] NCCL INFO [Proxy Service] Device 0 CPU core 192
ja2:1310095:1310105 [0] NCCL INFO [Proxy Service UDS] Device 0 CPU core 64
ja3:926518:926529 [0] NCCL INFO [Proxy Service UDS] Device 0 CPU core 192
ja2:1310095:1310102 [0] NCCL INFO NCCL_PROTO set by environment to Simple
ja3:926518:926526 [0] NCCL INFO NCCL_PROTO set by environment to Simple
ja3:926518:926526 [0] NCCL INFO threadThresholds 8/8/64 | 16/8/64 | 512 | 512
ja3:926518:926526 [0] NCCL INFO 2 coll channels, 2 collnet channels, 0 nvls channels, 2 p2p channels, 2 p2p channels per peer
ja2:1310095:1310102 [0] NCCL INFO threadThresholds 8/8/64 | 16/8/64 | 512 | 512
ja2:1310095:1310102 [0] NCCL INFO 2 coll channels, 2 collnet channels, 0 nvls channels, 2 p2p channels, 2 p2p channels per peer
ja2:1310095:1310102 [0] NCCL INFO CC Off, Multi-GPU CC Off, workFifoBytes 1048576
ja3:926518:926526 [0] NCCL INFO MSCCL: Initialization finished
ja2:1310095:1310102 [0] NCCL INFO MSCCL: Initialization finished
ja3:926518:926526 [0] NCCL INFO TUNER/Plugin: Could not find: libnccl-tuner.so libnccl-net.so. Using internal tuner plugin.
ja3:926518:926526 [0] NCCL INFO ncclCommInitRank comm 0x17849ab0 rank 1 nranks 2 cudaDev 0 nvmlDev 0 busId 1000 commId 0x3bfe28c1757093a5 - Init COMPLETE
ja3:926518:926526 [0] NCCL INFO Init timings - ncclCommInitRank: rank 1 nranks 2 total 0.03 (kernels 0.00, alloc 0.02, bootstrap 0.00, allgathers 0.00, topo 0.00, graphs 0.00, connections 0.00, rest 0.00)
ja2:1310095:1310102 [0] NCCL INFO TUNER/Plugin: Could not find: libnccl-tuner.so libnccl-net.so. Using internal tuner plugin.
ja2:1310095:1310102 [0] NCCL INFO ncclCommInitRank comm 0x435dc3a0 rank 0 nranks 2 cudaDev 0 nvmlDev 0 busId 1000 commId 0x3bfe28c1757093a5 - Init COMPLETE
ja2:1310095:1310102 [0] NCCL INFO Init timings - ncclCommInitRank: rank 0 nranks 2 total 0.11 (kernels 0.00, alloc 0.02, bootstrap 0.09, allgathers 0.00, topo 0.00, graphs 0.00, connections 0.00, rest 0.00)
#
#                                                              out-of-place                       in-place          
#       size         count      type   redop    root     time   algbw   busbw #wrong     time   algbw   busbw #wrong
#        (B)    (elements)                               (us)  (GB/s)  (GB/s)            (us)  (GB/s)  (GB/s)       
ja2:1310095:1310106 [0] NCCL INFO NCCL_NET_SHARED_BUFFERS set by environment to 0.
ja3:926518:926530 [0] NCCL INFO NCCL_NET_SHARED_BUFFERS set by environment to 0.
ja2:1310095:1310104 [0] NCCL INFO New proxy recv connection 0 from local rank 0, transport 2
ja2:1310095:1310107 [0] NCCL INFO [Proxy Progress] Device 0 CPU core 64
ja2:1310095:1310106 [0] NCCL INFO Connected to proxy localRank 0 -> connection 0x1497a4000cd0
ja2:1310095:1310106 [0] NCCL INFO Channel 00/1 : 1[0] -> 0[0] [receive] via NET/IB/0
ja2:1310095:1310104 [0] NCCL INFO New proxy recv connection 1 from local rank 0, transport 2
ja2:1310095:1310106 [0] NCCL INFO Connected to proxy localRank 0 -> connection 0x1497a4000d48
ja2:1310095:1310106 [0] NCCL INFO Channel 01/1 : 1[0] -> 0[0] [receive] via NET/IB/0
ja2:1310095:1310104 [0] NCCL INFO New proxy send connection 2 from local rank 0, transport 2
ja2:1310095:1310106 [0] NCCL INFO Connected to proxy localRank 0 -> connection 0x1497a4000dc0
ja2:1310095:1310106 [0] NCCL INFO Channel 00/1 : 0[0] -> 1[0] [send] via NET/IB/0
ja2:1310095:1310104 [0] NCCL INFO New proxy send connection 3 from local rank 0, transport 2
ja2:1310095:1310106 [0] NCCL INFO Connected to proxy localRank 0 -> connection 0x1497a4000e38
ja2:1310095:1310106 [0] NCCL INFO Channel 01/1 : 0[0] -> 1[0] [send] via NET/IB/0
ja3:926518:926528 [0] NCCL INFO New proxy recv connection 0 from local rank 0, transport 2
ja3:926518:926530 [0] NCCL INFO Connected to proxy localRank 0 -> connection 0x14a820000d10
ja3:926518:926531 [0] NCCL INFO [Proxy Progress] Device 0 CPU core 192
ja3:926518:926530 [0] NCCL INFO Channel 00/1 : 0[0] -> 1[0] [receive] via NET/IB/0
ja3:926518:926528 [0] NCCL INFO New proxy recv connection 1 from local rank 0, transport 2
ja3:926518:926530 [0] NCCL INFO Connected to proxy localRank 0 -> connection 0x14a820000d88
ja3:926518:926530 [0] NCCL INFO Channel 01/1 : 0[0] -> 1[0] [receive] via NET/IB/0
ja3:926518:926528 [0] NCCL INFO New proxy send connection 2 from local rank 0, transport 2
ja3:926518:926530 [0] NCCL INFO Connected to proxy localRank 0 -> connection 0x14a820000e00
ja3:926518:926530 [0] NCCL INFO Channel 00/1 : 1[0] -> 0[0] [send] via NET/IB/0
ja3:926518:926528 [0] NCCL INFO New proxy send connection 3 from local rank 0, transport 2
ja3:926518:926530 [0] NCCL INFO Connected to proxy localRank 0 -> connection 0x14a820000e78
ja3:926518:926530 [0] NCCL INFO Channel 01/1 : 1[0] -> 0[0] [send] via NET/IB/0
ja3:926518:926528 [0] NCCL INFO NCCL_IB_QPS_PER_CONNECTION set by environment to 4.
ja2:1310095:1310104 [0] NCCL INFO NCCL_IB_QPS_PER_CONNECTION set by environment to 4.
ja2:1310095:1310104 [0] NCCL INFO NCCL_IB_FRAG_SIZE set by environment to 0.
ja3:926518:926528 [0] NCCL INFO NCCL_IB_FRAG_SIZE set by environment to 0.
ja3:926518:926528 [0] NCCL INFO NET/IB: NCCL Dev 0 IbDev 0 Port 1 qpn 3009 mtu 5 LID 23 subnet-prefix 33022  FLID 0 fifoRkey=0x1800c0 fifoLkey=0x1800c0
ja3:926518:926528 [0] NCCL INFO NET/IB: NCCL Dev 0 IbDev 0 Port 1 qpn 3010 mtu 5 LID 23 subnet-prefix 33022  FLID 0 fifoRkey=0x1800c0 fifoLkey=0x1800c0
ja3:926518:926528 [0] NCCL INFO NET/IB: NCCL Dev 0 IbDev 0 Port 1 qpn 3011 mtu 5 LID 23 subnet-prefix 33022  FLID 0 fifoRkey=0x1800c0 fifoLkey=0x1800c0
ja3:926518:926528 [0] NCCL INFO NET/IB: NCCL Dev 0 IbDev 0 Port 1 qpn 3012 mtu 5 LID 23 subnet-prefix 33022  FLID 0 fifoRkey=0x1800c0 fifoLkey=0x1800c0
ja2:1310095:1310104 [0] NCCL INFO NET/IB: NCCL Dev 0 IbDev 0 Port 1 qpn 3090 mtu 5 LID 22 subnet-prefix 33022  FLID 0 fifoRkey=0x183af9 fifoLkey=0x183af9
ja2:1310095:1310104 [0] NCCL INFO NET/IB: NCCL Dev 0 IbDev 0 Port 1 qpn 3091 mtu 5 LID 22 subnet-prefix 33022  FLID 0 fifoRkey=0x183af9 fifoLkey=0x183af9
ja2:1310095:1310104 [0] NCCL INFO NET/IB: NCCL Dev 0 IbDev 0 Port 1 qpn 3092 mtu 5 LID 22 subnet-prefix 33022  FLID 0 fifoRkey=0x183af9 fifoLkey=0x183af9
ja2:1310095:1310104 [0] NCCL INFO NET/IB: NCCL Dev 0 IbDev 0 Port 1 qpn 3093 mtu 5 LID 22 subnet-prefix 33022  FLID 0 fifoRkey=0x183af9 fifoLkey=0x183af9
ja3:926518:926528 [0] NCCL INFO NET/IB: NCCL Dev 0 IbDev 0 Port 1 qpn 3013 mtu 5 LID 23 subnet-prefix 33022  FLID 0 fifoRkey=0x17a463 fifoLkey=0x17a463
ja3:926518:926528 [0] NCCL INFO NET/IB: NCCL Dev 0 IbDev 0 Port 1 qpn 3014 mtu 5 LID 23 subnet-prefix 33022  FLID 0 fifoRkey=0x17a463 fifoLkey=0x17a463
ja3:926518:926528 [0] NCCL INFO NET/IB: NCCL Dev 0 IbDev 0 Port 1 qpn 3015 mtu 5 LID 23 subnet-prefix 33022  FLID 0 fifoRkey=0x17a463 fifoLkey=0x17a463
ja3:926518:926528 [0] NCCL INFO NET/IB: NCCL Dev 0 IbDev 0 Port 1 qpn 3016 mtu 5 LID 23 subnet-prefix 33022  FLID 0 fifoRkey=0x17a463 fifoLkey=0x17a463
ja2:1310095:1310104 [0] NCCL INFO NET/IB: NCCL Dev 0 IbDev 0 Port 1 qpn 3099 mtu 5 LID 22 subnet-prefix 33022  FLID 0 fifoRkey=0x17fcbb fifoLkey=0x17fcbb
ja2:1310095:1310104 [0] NCCL INFO NET/IB: NCCL Dev 0 IbDev 0 Port 1 qpn 3100 mtu 5 LID 22 subnet-prefix 33022  FLID 0 fifoRkey=0x17fcbb fifoLkey=0x17fcbb
ja2:1310095:1310104 [0] NCCL INFO NET/IB: NCCL Dev 0 IbDev 0 Port 1 qpn 3101 mtu 5 LID 22 subnet-prefix 33022  FLID 0 fifoRkey=0x17fcbb fifoLkey=0x17fcbb
ja2:1310095:1310104 [0] NCCL INFO NET/IB: NCCL Dev 0 IbDev 0 Port 1 qpn 3102 mtu 5 LID 22 subnet-prefix 33022  FLID 0 fifoRkey=0x17fcbb fifoLkey=0x17fcbb
ja2:1310095:1310107 [0] NCCL INFO NCCL_IB_SPLIT_DATA_ON_QPS set by environment to 0.
ja2:1310095:1310107 [0] NCCL INFO NCCL_IB_AR_THRESHOLD set by environment to 0.
ja3:926518:926531 [0] NCCL INFO NCCL_IB_SPLIT_DATA_ON_QPS set by environment to 0.
ja3:926518:926531 [0] NCCL INFO NCCL_IB_AR_THRESHOLD set by environment to 0.
       65536         16384     float     sum      -1    39.52    1.66    1.66      0    41.67    1.57    1.57    N/A
      131072         32768     float     sum      -1    53.82    2.44    2.44      0    57.16    2.29    2.29    N/A
      262144         65536     float     sum      -1    74.21    3.53    3.53      0    74.76    3.51    3.51    N/A
      524288        131072     float     sum      -1    114.3    4.59    4.59      0    127.9    4.10    4.10    N/A
     1048576        262144     float     sum      -1    198.4    5.28    5.28      0    188.0    5.58    5.58    N/A
     2097152        524288     float     sum      -1    356.6    5.88    5.88      0    323.1    6.49    6.49    N/A
ja2:1310095:1310095 [0] NCCL INFO comm 0x435dc3a0 rank 0 nranks 2 cudaDev 0 busId 1000 - Destroy COMPLETE
ja2:1310095:1310095 [0] NCCL INFO MSCCL: Teardown finished
ja3:926518:926518 [0] NCCL INFO comm 0x17849ab0 rank 1 nranks 2 cudaDev 0 busId 1000 - Destroy COMPLETE
ja3:926518:926518 [0] NCCL INFO MSCCL: Teardown finished
# Out of bounds values : 0 OK
# Avg bus bandwidth    : 3.90989 
#

--- checks for CASE F_r1_qp4_split0_fragoff ---
  ACTIVE: fragmentation NOT active (expected for cases A and B)
  RESULT: # Out of bounds values : 0 OK

========================================================
  CASE F_r1_qp4_split0_fragon
  NCCL_IB_FRAG_SIZE=-1
  NCCL_IB_FRAG_BATCH=2
  NCCL_IB_SEND_QUEUE_DEPTH=
  NCCL_IB_QPS_PER_CONNECTION=4
  NCCL_IB_SPLIT_DATA_ON_QPS=0
  sizes: -b 64K -e 2M -f 2  iters: -n 50 -w 20
  Wed Aug 12 17:01:06 CST 2026
========================================================
# nThread 1 nGpus 1 minBytes 65536 maxBytes 2097152 step: 2(factor) warmup iters: 20 iters: 50 agg iters: 1 validation: 1 graph: 0
#
# Using devices
#  Rank  0 Group  0 Pid 1310150 on        ja2 device  0 [0000:01:00] Tesla V100-PCIE-16GB
#  Rank  1 Group  0 Pid 926557 on        ja3 device  0 [0000:01:00] Tesla V100-PCIE-16GB
ja2:1310150:1310150 [0] NCCL INFO cudaDriverVersion 12000
ja2:1310150:1310150 [0] NCCL INFO NCCL version 2.23.4+cuda12.2
ja2:1310150:1310159 [0] NCCL INFO NET/Plugin: Could not find: libnccl-net.so. Using internal network plugin.
ja2:1310150:1310159 [0] NCCL INFO NCCL_IB_HCA set to mlx5_0
ja2:1310150:1310159 [0] NCCL INFO NET/IB : Using [0]mlx5_0:1/IB [RO]; OOB enp68s0f0:172.23.15.12<0>
ja2:1310150:1310159 [0] NCCL INFO PROFILER/Plugin: Could not find: libnccl-profiler.so.
ja2:1310150:1310159 [0] NCCL INFO Using network IB
ja2:1310150:1310159 [0] NCCL INFO ncclCommInitRank comm 0x3a1a0e40 rank 0 nranks 2 cudaDev 0 nvmlDev 0 busId 1000 commId 0x8909dfb0618a98ff - Init START
ja3:926557:926557 [0] NCCL INFO cudaDriverVersion 12000
ja3:926557:926557 [0] NCCL INFO NCCL version 2.23.4+cuda12.2
ja3:926557:926565 [0] NCCL INFO NET/Plugin: Could not find: libnccl-net.so. Using internal network plugin.
ja3:926557:926565 [0] NCCL INFO NCCL_IB_HCA set to mlx5_0
ja3:926557:926565 [0] NCCL INFO NET/IB : Using [0]mlx5_0:1/IB [RO]; OOB enp68s0f0:172.23.15.13<0>
ja3:926557:926565 [0] NCCL INFO PROFILER/Plugin: Could not find: libnccl-profiler.so.
ja3:926557:926565 [0] NCCL INFO Using network IB
ja3:926557:926565 [0] NCCL INFO ncclCommInitRank comm 0xe446ae0 rank 1 nranks 2 cudaDev 0 nvmlDev 0 busId 1000 commId 0x8909dfb0618a98ff - Init START
ja3:926557:926565 [0] NCCL INFO NET/IB : GPU Direct RDMA Disabled for HCA 0 'mlx5_0'
ja2:1310150:1310159 [0] NCCL INFO NET/IB : GPU Direct RDMA Disabled for HCA 0 'mlx5_0'
ja3:926557:926565 [0] NCCL INFO comm 0xe446ae0 rank 1 nRanks 2 nNodes 2 localRanks 1 localRank 0 MNNVL 0
ja2:1310150:1310159 [0] NCCL INFO comm 0x3a1a0e40 rank 0 nRanks 2 nNodes 2 localRanks 1 localRank 0 MNNVL 0
ja3:926557:926565 [0] NCCL INFO MSCCL: No external scheduler found, using internal implementation
ja3:926557:926565 [0] NCCL INFO MSCCL: Internal Scheduler will use /home/wangyj05/msccl_azure/executor/msccl-executor-nccl/build/lib/msccl-algorithms as algorithm directory and /home/wangyj05/msccl_azure/executor/msccl-executor-nccl/build/lib/../share/nccl/msccl-algorithms as share algorithm directory and /usr/share/nccl/msccl-algorithms as package installed share algorithm directory 
ja2:1310150:1310159 [0] NCCL INFO MSCCL: No external scheduler found, using internal implementation
ja2:1310150:1310159 [0] NCCL INFO MSCCL: Internal Scheduler will use /home/wangyj05/msccl_azure/executor/msccl-executor-nccl/build/lib/msccl-algorithms as algorithm directory and /home/wangyj05/msccl_azure/executor/msccl-executor-nccl/build/lib/../share/nccl/msccl-algorithms as share algorithm directory and /usr/share/nccl/msccl-algorithms as package installed share algorithm directory 
ja3:926557:926565 [0] NCCL INFO Using MSCCL Algo files from /home/wangyj05/msccl_azure/executor/msccl-executor-nccl/build/lib/msccl-algorithms
ja3:926557:926565 [0] NCCL INFO Trees [0] -1/-1/-1->1->0 [1] 0/-1/-1->1->-1
ja3:926557:926565 [0] NCCL INFO NCCL_BUFFSIZE set by environment to 4194304.
ja3:926557:926565 [0] NCCL INFO NCCL_P2P_NET_CHUNKSIZE set by environment to 524288.
ja3:926557:926565 [0] NCCL INFO P2P Chunksize set to 524288
ja2:1310150:1310159 [0] NCCL INFO Using MSCCL Algo files from /home/wangyj05/msccl_azure/executor/msccl-executor-nccl/build/lib/msccl-algorithms
ja2:1310150:1310159 [0] NCCL INFO Channel 00/02 : 0 1
ja2:1310150:1310159 [0] NCCL INFO Channel 01/02 : 0 1
ja2:1310150:1310159 [0] NCCL INFO Trees [0] 1/-1/-1->0->-1 [1] -1/-1/-1->0->1
ja2:1310150:1310159 [0] NCCL INFO NCCL_BUFFSIZE set by environment to 4194304.
ja2:1310150:1310159 [0] NCCL INFO NCCL_P2P_NET_CHUNKSIZE set by environment to 524288.
ja2:1310150:1310159 [0] NCCL INFO P2P Chunksize set to 524288
ja2:1310150:1310161 [0] NCCL INFO [Proxy Service] Device 0 CPU core 192
ja3:926557:926567 [0] NCCL INFO [Proxy Service] Device 0 CPU core 64
ja3:926557:926568 [0] NCCL INFO [Proxy Service UDS] Device 0 CPU core 64
ja2:1310150:1310162 [0] NCCL INFO [Proxy Service UDS] Device 0 CPU core 192
ja3:926557:926565 [0] NCCL INFO NCCL_PROTO set by environment to Simple
ja3:926557:926565 [0] NCCL INFO threadThresholds 8/8/64 | 16/8/64 | 512 | 512
ja3:926557:926565 [0] NCCL INFO 2 coll channels, 2 collnet channels, 0 nvls channels, 2 p2p channels, 2 p2p channels per peer
ja2:1310150:1310159 [0] NCCL INFO NCCL_PROTO set by environment to Simple
ja2:1310150:1310159 [0] NCCL INFO threadThresholds 8/8/64 | 16/8/64 | 512 | 512
ja2:1310150:1310159 [0] NCCL INFO 2 coll channels, 2 collnet channels, 0 nvls channels, 2 p2p channels, 2 p2p channels per peer
ja2:1310150:1310159 [0] NCCL INFO CC Off, Multi-GPU CC Off, workFifoBytes 1048576
ja3:926557:926565 [0] NCCL INFO MSCCL: Initialization finished
ja2:1310150:1310159 [0] NCCL INFO MSCCL: Initialization finished
ja3:926557:926565 [0] NCCL INFO TUNER/Plugin: Could not find: libnccl-tuner.so libnccl-net.so. Using internal tuner plugin.
ja3:926557:926565 [0] NCCL INFO ncclCommInitRank comm 0xe446ae0 rank 1 nranks 2 cudaDev 0 nvmlDev 0 busId 1000 commId 0x8909dfb0618a98ff - Init COMPLETE
ja3:926557:926565 [0] NCCL INFO Init timings - ncclCommInitRank: rank 1 nranks 2 total 0.03 (kernels 0.00, alloc 0.02, bootstrap 0.00, allgathers 0.00, topo 0.00, graphs 0.00, connections 0.00, rest 0.00)
ja2:1310150:1310159 [0] NCCL INFO TUNER/Plugin: Could not find: libnccl-tuner.so libnccl-net.so. Using internal tuner plugin.
ja2:1310150:1310159 [0] NCCL INFO ncclCommInitRank comm 0x3a1a0e40 rank 0 nranks 2 cudaDev 0 nvmlDev 0 busId 1000 commId 0x8909dfb0618a98ff - Init COMPLETE
ja2:1310150:1310159 [0] NCCL INFO Init timings - ncclCommInitRank: rank 0 nranks 2 total 0.14 (kernels 0.00, alloc 0.02, bootstrap 0.11, allgathers 0.00, topo 0.00, graphs 0.00, connections 0.00, rest 0.00)
#
#                                                              out-of-place                       in-place          
#       size         count      type   redop    root     time   algbw   busbw #wrong     time   algbw   busbw #wrong
#        (B)    (elements)                               (us)  (GB/s)  (GB/s)            (us)  (GB/s)  (GB/s)       
ja2:1310150:1310163 [0] NCCL INFO NCCL_NET_SHARED_BUFFERS set by environment to 0.
ja3:926557:926569 [0] NCCL INFO NCCL_NET_SHARED_BUFFERS set by environment to 0.
ja2:1310150:1310161 [0] NCCL INFO New proxy recv connection 0 from local rank 0, transport 2
ja2:1310150:1310163 [0] NCCL INFO Connected to proxy localRank 0 -> connection 0x154960000cd0
ja2:1310150:1310164 [0] NCCL INFO [Proxy Progress] Device 0 CPU core 192
ja2:1310150:1310163 [0] NCCL INFO Channel 00/1 : 1[0] -> 0[0] [receive] via NET/IB/0
ja2:1310150:1310161 [0] NCCL INFO New proxy recv connection 1 from local rank 0, transport 2
ja2:1310150:1310163 [0] NCCL INFO Connected to proxy localRank 0 -> connection 0x154960000d48
ja2:1310150:1310163 [0] NCCL INFO Channel 01/1 : 1[0] -> 0[0] [receive] via NET/IB/0
ja2:1310150:1310161 [0] NCCL INFO New proxy send connection 2 from local rank 0, transport 2
ja2:1310150:1310163 [0] NCCL INFO Connected to proxy localRank 0 -> connection 0x154960000dc0
ja2:1310150:1310163 [0] NCCL INFO Channel 00/1 : 0[0] -> 1[0] [send] via NET/IB/0
ja2:1310150:1310161 [0] NCCL INFO New proxy send connection 3 from local rank 0, transport 2
ja2:1310150:1310163 [0] NCCL INFO Connected to proxy localRank 0 -> connection 0x154960000e38
ja2:1310150:1310163 [0] NCCL INFO Channel 01/1 : 0[0] -> 1[0] [send] via NET/IB/0
ja3:926557:926567 [0] NCCL INFO New proxy recv connection 0 from local rank 0, transport 2
ja3:926557:926569 [0] NCCL INFO Connected to proxy localRank 0 -> connection 0x147368000d10
ja3:926557:926570 [0] NCCL INFO [Proxy Progress] Device 0 CPU core 64
ja3:926557:926569 [0] NCCL INFO Channel 00/1 : 0[0] -> 1[0] [receive] via NET/IB/0
ja3:926557:926567 [0] NCCL INFO New proxy recv connection 1 from local rank 0, transport 2
ja3:926557:926569 [0] NCCL INFO Connected to proxy localRank 0 -> connection 0x147368000d88
ja3:926557:926569 [0] NCCL INFO Channel 01/1 : 0[0] -> 1[0] [receive] via NET/IB/0
ja3:926557:926567 [0] NCCL INFO New proxy send connection 2 from local rank 0, transport 2
ja3:926557:926569 [0] NCCL INFO Connected to proxy localRank 0 -> connection 0x147368000e00
ja3:926557:926569 [0] NCCL INFO Channel 00/1 : 1[0] -> 0[0] [send] via NET/IB/0
ja3:926557:926567 [0] NCCL INFO New proxy send connection 3 from local rank 0, transport 2
ja3:926557:926569 [0] NCCL INFO Connected to proxy localRank 0 -> connection 0x147368000e78
ja3:926557:926569 [0] NCCL INFO Channel 01/1 : 1[0] -> 0[0] [send] via NET/IB/0
ja3:926557:926567 [0] NCCL INFO NCCL_IB_QPS_PER_CONNECTION set by environment to 4.
ja2:1310150:1310161 [0] NCCL INFO NCCL_IB_QPS_PER_CONNECTION set by environment to 4.
ja3:926557:926567 [0] NCCL INFO NCCL_IB_FRAG_SIZE set by environment to -1.
ja2:1310150:1310161 [0] NCCL INFO NCCL_IB_FRAG_SIZE set by environment to -1.
ja2:1310150:1310161 [0] NCCL INFO NET/IB: NCCL Dev 0 IbDev 0 Port 1 qpn 3119 mtu 5 LID 22 subnet-prefix 33022  FLID 0 fifoRkey=0x17fcbb fifoLkey=0x17fcbb
ja2:1310150:1310161 [0] NCCL INFO NET/IB: NCCL Dev 0 IbDev 0 Port 1 qpn 3120 mtu 5 LID 22 subnet-prefix 33022  FLID 0 fifoRkey=0x17fcbb fifoLkey=0x17fcbb
ja2:1310150:1310161 [0] NCCL INFO NET/IB: NCCL Dev 0 IbDev 0 Port 1 qpn 3121 mtu 5 LID 22 subnet-prefix 33022  FLID 0 fifoRkey=0x17fcbb fifoLkey=0x17fcbb
ja2:1310150:1310161 [0] NCCL INFO NET/IB: NCCL Dev 0 IbDev 0 Port 1 qpn 3122 mtu 5 LID 22 subnet-prefix 33022  FLID 0 fifoRkey=0x17fcbb fifoLkey=0x17fcbb
ja3:926557:926567 [0] NCCL INFO NET/IB: NCCL Dev 0 IbDev 0 Port 1 qpn 3038 mtu 5 LID 23 subnet-prefix 33022  FLID 0 fifoRkey=0x1800c0 fifoLkey=0x1800c0
ja3:926557:926567 [0] NCCL INFO NET/IB: NCCL Dev 0 IbDev 0 Port 1 qpn 3039 mtu 5 LID 23 subnet-prefix 33022  FLID 0 fifoRkey=0x1800c0 fifoLkey=0x1800c0
ja3:926557:926567 [0] NCCL INFO NET/IB: NCCL Dev 0 IbDev 0 Port 1 qpn 3040 mtu 5 LID 23 subnet-prefix 33022  FLID 0 fifoRkey=0x1800c0 fifoLkey=0x1800c0
ja3:926557:926567 [0] NCCL INFO NET/IB: NCCL Dev 0 IbDev 0 Port 1 qpn 3041 mtu 5 LID 23 subnet-prefix 33022  FLID 0 fifoRkey=0x1800c0 fifoLkey=0x1800c0
ja3:926557:926567 [0] NCCL INFO NCCL_IB_FRAG_BATCH set by environment to 2.
ja3:926557:926567 [0] NCCL INFO NET/IB: MTU fragmentation on: fragSize=4096 batch=2 sqDepth=2048 nqps=4
ja2:1310150:1310161 [0] NCCL INFO NET/IB: NCCL Dev 0 IbDev 0 Port 1 qpn 3128 mtu 5 LID 22 subnet-prefix 33022  FLID 0 fifoRkey=0x183af9 fifoLkey=0x183af9
ja2:1310150:1310161 [0] NCCL INFO NET/IB: NCCL Dev 0 IbDev 0 Port 1 qpn 3129 mtu 5 LID 22 subnet-prefix 33022  FLID 0 fifoRkey=0x183af9 fifoLkey=0x183af9
ja2:1310150:1310161 [0] NCCL INFO NET/IB: NCCL Dev 0 IbDev 0 Port 1 qpn 3130 mtu 5 LID 22 subnet-prefix 33022  FLID 0 fifoRkey=0x183af9 fifoLkey=0x183af9
ja2:1310150:1310161 [0] NCCL INFO NET/IB: NCCL Dev 0 IbDev 0 Port 1 qpn 3131 mtu 5 LID 22 subnet-prefix 33022  FLID 0 fifoRkey=0x183af9 fifoLkey=0x183af9
ja2:1310150:1310161 [0] NCCL INFO NCCL_IB_FRAG_BATCH set by environment to 2.
ja2:1310150:1310161 [0] NCCL INFO NET/IB: MTU fragmentation on: fragSize=4096 batch=2 sqDepth=2048 nqps=4
ja3:926557:926567 [0] NCCL INFO NET/IB: NCCL Dev 0 IbDev 0 Port 1 qpn 3047 mtu 5 LID 23 subnet-prefix 33022  FLID 0 fifoRkey=0x180bca fifoLkey=0x180bca
ja3:926557:926567 [0] NCCL INFO NET/IB: NCCL Dev 0 IbDev 0 Port 1 qpn 3048 mtu 5 LID 23 subnet-prefix 33022  FLID 0 fifoRkey=0x180bca fifoLkey=0x180bca
ja3:926557:926567 [0] NCCL INFO NET/IB: NCCL Dev 0 IbDev 0 Port 1 qpn 3049 mtu 5 LID 23 subnet-prefix 33022  FLID 0 fifoRkey=0x180bca fifoLkey=0x180bca
ja3:926557:926567 [0] NCCL INFO NET/IB: NCCL Dev 0 IbDev 0 Port 1 qpn 3050 mtu 5 LID 23 subnet-prefix 33022  FLID 0 fifoRkey=0x180bca fifoLkey=0x180bca
ja3:926557:926567 [0] NCCL INFO NET/IB: MTU fragmentation on: fragSize=4096 batch=2 sqDepth=2048 nqps=4
ja2:1310150:1310161 [0] NCCL INFO NET/IB: MTU fragmentation on: fragSize=4096 batch=2 sqDepth=2048 nqps=4
ja2:1310150:1310164 [0] NCCL INFO NCCL_IB_SPLIT_DATA_ON_QPS set by environment to 0.
ja3:926557:926570 [0] NCCL INFO NCCL_IB_SPLIT_DATA_ON_QPS set by environment to 0.
       65536         16384     float     sum      -1    41.44    1.58    1.58      0    41.36    1.58    1.58    N/A
      131072         32768     float     sum      -1    57.13    2.29    2.29      0    59.85    2.19    2.19    N/A
      262144         65536     float     sum      -1    76.83    3.41    3.41      0    78.52    3.34    3.34    N/A
      524288        131072     float     sum      -1    117.4    4.46    4.46      0    134.3    3.90    3.90    N/A
     1048576        262144     float     sum      -1    202.0    5.19    5.19      0    193.3    5.43    5.43    N/A
     2097152        524288     float     sum      -1    374.3    5.60    5.60      0    342.6    6.12    6.12    N/A
ja3:926557:926557 [0] NCCL INFO comm 0xe446ae0 rank 1 nranks 2 cudaDev 0 busId 1000 - Destroy COMPLETE
ja3:926557:926557 [0] NCCL INFO MSCCL: Teardown finished
ja2:1310150:1310150 [0] NCCL INFO comm 0x3a1a0e40 rank 0 nranks 2 cudaDev 0 busId 1000 - Destroy COMPLETE
ja2:1310150:1310150 [0] NCCL INFO MSCCL: Teardown finished
# Out of bounds values : 0 OK
# Avg bus bandwidth    : 3.75925 
#

--- checks for CASE F_r1_qp4_split0_fragon ---
  ACTIVE: ja3:926557:926567 [0] NCCL INFO NET/IB: MTU fragmentation on: fragSize=4096 batch=2 sqDepth=2048 nqps=4
  RESULT: # Out of bounds values : 0 OK

========================================================
  CASE F_r1_qp4_split1_fragoff
  NCCL_IB_FRAG_SIZE=0
  NCCL_IB_FRAG_BATCH=2
  NCCL_IB_SEND_QUEUE_DEPTH=
  NCCL_IB_QPS_PER_CONNECTION=4
  NCCL_IB_SPLIT_DATA_ON_QPS=1
  sizes: -b 64K -e 2M -f 2  iters: -n 50 -w 20
  Wed Aug 12 17:01:10 CST 2026
========================================================
# nThread 1 nGpus 1 minBytes 65536 maxBytes 2097152 step: 2(factor) warmup iters: 20 iters: 50 agg iters: 1 validation: 1 graph: 0
#
# Using devices
#  Rank  0 Group  0 Pid 1310209 on        ja2 device  0 [0000:01:00] Tesla V100-PCIE-16GB
#  Rank  1 Group  0 Pid 926596 on        ja3 device  0 [0000:01:00] Tesla V100-PCIE-16GB
ja2:1310209:1310209 [0] NCCL INFO cudaDriverVersion 12000
ja2:1310209:1310209 [0] NCCL INFO NCCL version 2.23.4+cuda12.2
ja2:1310209:1310218 [0] NCCL INFO NET/Plugin: Could not find: libnccl-net.so. Using internal network plugin.
ja2:1310209:1310218 [0] NCCL INFO NCCL_IB_HCA set to mlx5_0
ja2:1310209:1310218 [0] NCCL INFO NET/IB : Using [0]mlx5_0:1/IB [RO]; OOB enp68s0f0:172.23.15.12<0>
ja2:1310209:1310218 [0] NCCL INFO PROFILER/Plugin: Could not find: libnccl-profiler.so.
ja2:1310209:1310218 [0] NCCL INFO Using network IB
ja2:1310209:1310218 [0] NCCL INFO ncclCommInitRank comm 0x3ee69040 rank 0 nranks 2 cudaDev 0 nvmlDev 0 busId 1000 commId 0x88d1ffe5ed7183a3 - Init START
ja3:926596:926596 [0] NCCL INFO cudaDriverVersion 12000
ja3:926596:926596 [0] NCCL INFO NCCL version 2.23.4+cuda12.2
ja3:926596:926602 [0] NCCL INFO NET/Plugin: Could not find: libnccl-net.so. Using internal network plugin.
ja3:926596:926602 [0] NCCL INFO NCCL_IB_HCA set to mlx5_0
ja3:926596:926602 [0] NCCL INFO NET/IB : Using [0]mlx5_0:1/IB [RO]; OOB enp68s0f0:172.23.15.13<0>
ja3:926596:926602 [0] NCCL INFO PROFILER/Plugin: Could not find: libnccl-profiler.so.
ja3:926596:926602 [0] NCCL INFO Using network IB
ja3:926596:926602 [0] NCCL INFO ncclCommInitRank comm 0x4584f9d0 rank 1 nranks 2 cudaDev 0 nvmlDev 0 busId 1000 commId 0x88d1ffe5ed7183a3 - Init START
ja3:926596:926602 [0] NCCL INFO NET/IB : GPU Direct RDMA Disabled for HCA 0 'mlx5_0'
ja2:1310209:1310218 [0] NCCL INFO NET/IB : GPU Direct RDMA Disabled for HCA 0 'mlx5_0'
ja3:926596:926602 [0] NCCL INFO comm 0x4584f9d0 rank 1 nRanks 2 nNodes 2 localRanks 1 localRank 0 MNNVL 0
ja2:1310209:1310218 [0] NCCL INFO comm 0x3ee69040 rank 0 nRanks 2 nNodes 2 localRanks 1 localRank 0 MNNVL 0
ja3:926596:926602 [0] NCCL INFO MSCCL: No external scheduler found, using internal implementation
ja3:926596:926602 [0] NCCL INFO MSCCL: Internal Scheduler will use /home/wangyj05/msccl_azure/executor/msccl-executor-nccl/build/lib/msccl-algorithms as algorithm directory and /home/wangyj05/msccl_azure/executor/msccl-executor-nccl/build/lib/../share/nccl/msccl-algorithms as share algorithm directory and /usr/share/nccl/msccl-algorithms as package installed share algorithm directory 
ja2:1310209:1310218 [0] NCCL INFO MSCCL: No external scheduler found, using internal implementation
ja2:1310209:1310218 [0] NCCL INFO MSCCL: Internal Scheduler will use /home/wangyj05/msccl_azure/executor/msccl-executor-nccl/build/lib/msccl-algorithms as algorithm directory and /home/wangyj05/msccl_azure/executor/msccl-executor-nccl/build/lib/../share/nccl/msccl-algorithms as share algorithm directory and /usr/share/nccl/msccl-algorithms as package installed share algorithm directory 
ja3:926596:926602 [0] NCCL INFO Using MSCCL Algo files from /home/wangyj05/msccl_azure/executor/msccl-executor-nccl/build/lib/msccl-algorithms
ja3:926596:926602 [0] NCCL INFO Trees [0] -1/-1/-1->1->0 [1] 0/-1/-1->1->-1
ja3:926596:926602 [0] NCCL INFO NCCL_BUFFSIZE set by environment to 4194304.
ja3:926596:926602 [0] NCCL INFO NCCL_P2P_NET_CHUNKSIZE set by environment to 524288.
ja3:926596:926602 [0] NCCL INFO P2P Chunksize set to 524288
ja2:1310209:1310218 [0] NCCL INFO Using MSCCL Algo files from /home/wangyj05/msccl_azure/executor/msccl-executor-nccl/build/lib/msccl-algorithms
ja2:1310209:1310218 [0] NCCL INFO Channel 00/02 : 0 1
ja2:1310209:1310218 [0] NCCL INFO Channel 01/02 : 0 1
ja2:1310209:1310218 [0] NCCL INFO Trees [0] 1/-1/-1->0->-1 [1] -1/-1/-1->0->1
ja2:1310209:1310218 [0] NCCL INFO NCCL_BUFFSIZE set by environment to 4194304.
ja2:1310209:1310218 [0] NCCL INFO NCCL_P2P_NET_CHUNKSIZE set by environment to 524288.
ja2:1310209:1310218 [0] NCCL INFO P2P Chunksize set to 524288
ja3:926596:926604 [0] NCCL INFO [Proxy Service] Device 0 CPU core 192
ja2:1310209:1310218 [0] NCCL INFO NCCL_PROTO set by environment to Simple
ja3:926596:926605 [0] NCCL INFO [Proxy Service UDS] Device 0 CPU core 192
ja2:1310209:1310218 [0] NCCL INFO threadThresholds 8/8/64 | 16/8/64 | 512 | 512
ja2:1310209:1310218 [0] NCCL INFO 2 coll channels, 2 collnet channels, 0 nvls channels, 2 p2p channels, 2 p2p channels per peer
ja3:926596:926602 [0] NCCL INFO NCCL_PROTO set by environment to Simple
ja3:926596:926602 [0] NCCL INFO threadThresholds 8/8/64 | 16/8/64 | 512 | 512
ja3:926596:926602 [0] NCCL INFO 2 coll channels, 2 collnet channels, 0 nvls channels, 2 p2p channels, 2 p2p channels per peer
ja2:1310209:1310218 [0] NCCL INFO CC Off, Multi-GPU CC Off, workFifoBytes 1048576
ja3:926596:926602 [0] NCCL INFO MSCCL: Initialization finished
ja3:926596:926602 [0] NCCL INFO TUNER/Plugin: Could not find: libnccl-tuner.so libnccl-net.so. Using internal tuner plugin.
ja3:926596:926602 [0] NCCL INFO ncclCommInitRank comm 0x4584f9d0 rank 1 nranks 2 cudaDev 0 nvmlDev 0 busId 1000 commId 0x88d1ffe5ed7183a3 - Init COMPLETE
ja3:926596:926602 [0] NCCL INFO Init timings - ncclCommInitRank: rank 1 nranks 2 total 0.03 (kernels 0.00, alloc 0.02, bootstrap 0.00, allgathers 0.00, topo 0.00, graphs 0.00, connections 0.00, rest 0.00)
ja2:1310209:1310218 [0] NCCL INFO MSCCL: Initialization finished
ja2:1310209:1310220 [0] NCCL INFO [Proxy Service] Device 0 CPU core 64
ja2:1310209:1310221 [0] NCCL INFO [Proxy Service UDS] Device 0 CPU core 64
ja2:1310209:1310218 [0] NCCL INFO TUNER/Plugin: Could not find: libnccl-tuner.so libnccl-net.so. Using internal tuner plugin.
ja2:1310209:1310218 [0] NCCL INFO ncclCommInitRank comm 0x3ee69040 rank 0 nranks 2 cudaDev 0 nvmlDev 0 busId 1000 commId 0x88d1ffe5ed7183a3 - Init COMPLETE
ja2:1310209:1310218 [0] NCCL INFO Init timings - ncclCommInitRank: rank 0 nranks 2 total 0.10 (kernels 0.00, alloc 0.02, bootstrap 0.07, allgathers 0.00, topo 0.00, graphs 0.00, connections 0.00, rest 0.00)
#
#                                                              out-of-place                       in-place          
#       size         count      type   redop    root     time   algbw   busbw #wrong     time   algbw   busbw #wrong
#        (B)    (elements)                               (us)  (GB/s)  (GB/s)            (us)  (GB/s)  (GB/s)       
ja2:1310209:1310222 [0] NCCL INFO NCCL_NET_SHARED_BUFFERS set by environment to 0.
ja3:926596:926606 [0] NCCL INFO NCCL_NET_SHARED_BUFFERS set by environment to 0.
ja3:926596:926604 [0] NCCL INFO New proxy recv connection 0 from local rank 0, transport 2
ja3:926596:926606 [0] NCCL INFO Connected to proxy localRank 0 -> connection 0x14e440000d10
ja3:926596:926607 [0] NCCL INFO [Proxy Progress] Device 0 CPU core 192
ja3:926596:926606 [0] NCCL INFO Channel 00/1 : 0[0] -> 1[0] [receive] via NET/IB/0
ja3:926596:926604 [0] NCCL INFO New proxy recv connection 1 from local rank 0, transport 2
ja3:926596:926606 [0] NCCL INFO Connected to proxy localRank 0 -> connection 0x14e440000d88
ja3:926596:926606 [0] NCCL INFO Channel 01/1 : 0[0] -> 1[0] [receive] via NET/IB/0
ja3:926596:926604 [0] NCCL INFO New proxy send connection 2 from local rank 0, transport 2
ja3:926596:926606 [0] NCCL INFO Connected to proxy localRank 0 -> connection 0x14e440000e00
ja3:926596:926606 [0] NCCL INFO Channel 00/1 : 1[0] -> 0[0] [send] via NET/IB/0
ja3:926596:926604 [0] NCCL INFO New proxy send connection 3 from local rank 0, transport 2
ja3:926596:926606 [0] NCCL INFO Connected to proxy localRank 0 -> connection 0x14e440000e78
ja3:926596:926606 [0] NCCL INFO Channel 01/1 : 1[0] -> 0[0] [send] via NET/IB/0
ja2:1310209:1310220 [0] NCCL INFO New proxy recv connection 0 from local rank 0, transport 2
ja2:1310209:1310222 [0] NCCL INFO Connected to proxy localRank 0 -> connection 0x1516e4000cd0
ja2:1310209:1310223 [0] NCCL INFO [Proxy Progress] Device 0 CPU core 64
ja2:1310209:1310222 [0] NCCL INFO Channel 00/1 : 1[0] -> 0[0] [receive] via NET/IB/0
ja2:1310209:1310220 [0] NCCL INFO New proxy recv connection 1 from local rank 0, transport 2
ja2:1310209:1310222 [0] NCCL INFO Connected to proxy localRank 0 -> connection 0x1516e4000d48
ja2:1310209:1310222 [0] NCCL INFO Channel 01/1 : 1[0] -> 0[0] [receive] via NET/IB/0
ja2:1310209:1310220 [0] NCCL INFO New proxy send connection 2 from local rank 0, transport 2
ja2:1310209:1310222 [0] NCCL INFO Connected to proxy localRank 0 -> connection 0x1516e4000dc0
ja2:1310209:1310222 [0] NCCL INFO Channel 00/1 : 0[0] -> 1[0] [send] via NET/IB/0
ja2:1310209:1310220 [0] NCCL INFO New proxy send connection 3 from local rank 0, transport 2
ja2:1310209:1310222 [0] NCCL INFO Connected to proxy localRank 0 -> connection 0x1516e4000e38
ja2:1310209:1310222 [0] NCCL INFO Channel 01/1 : 0[0] -> 1[0] [send] via NET/IB/0
ja2:1310209:1310220 [0] NCCL INFO NCCL_IB_QPS_PER_CONNECTION set by environment to 4.
ja3:926596:926604 [0] NCCL INFO NCCL_IB_QPS_PER_CONNECTION set by environment to 4.
ja2:1310209:1310220 [0] NCCL INFO NCCL_IB_FRAG_SIZE set by environment to 0.
ja3:926596:926604 [0] NCCL INFO NCCL_IB_FRAG_SIZE set by environment to 0.
ja3:926596:926604 [0] NCCL INFO NET/IB: NCCL Dev 0 IbDev 0 Port 1 qpn 3067 mtu 5 LID 23 subnet-prefix 33022  FLID 0 fifoRkey=0x1800c0 fifoLkey=0x1800c0
ja3:926596:926604 [0] NCCL INFO NET/IB: NCCL Dev 0 IbDev 0 Port 1 qpn 3068 mtu 5 LID 23 subnet-prefix 33022  FLID 0 fifoRkey=0x1800c0 fifoLkey=0x1800c0
ja3:926596:926604 [0] NCCL INFO NET/IB: NCCL Dev 0 IbDev 0 Port 1 qpn 3069 mtu 5 LID 23 subnet-prefix 33022  FLID 0 fifoRkey=0x1800c0 fifoLkey=0x1800c0
ja3:926596:926604 [0] NCCL INFO NET/IB: NCCL Dev 0 IbDev 0 Port 1 qpn 3070 mtu 5 LID 23 subnet-prefix 33022  FLID 0 fifoRkey=0x1800c0 fifoLkey=0x1800c0
ja2:1310209:1310220 [0] NCCL INFO NET/IB: NCCL Dev 0 IbDev 0 Port 1 qpn 3148 mtu 5 LID 22 subnet-prefix 33022  FLID 0 fifoRkey=0x183af9 fifoLkey=0x183af9
ja2:1310209:1310220 [0] NCCL INFO NET/IB: NCCL Dev 0 IbDev 0 Port 1 qpn 3149 mtu 5 LID 22 subnet-prefix 33022  FLID 0 fifoRkey=0x183af9 fifoLkey=0x183af9
ja2:1310209:1310220 [0] NCCL INFO NET/IB: NCCL Dev 0 IbDev 0 Port 1 qpn 3150 mtu 5 LID 22 subnet-prefix 33022  FLID 0 fifoRkey=0x183af9 fifoLkey=0x183af9
ja2:1310209:1310220 [0] NCCL INFO NET/IB: NCCL Dev 0 IbDev 0 Port 1 qpn 3151 mtu 5 LID 22 subnet-prefix 33022  FLID 0 fifoRkey=0x183af9 fifoLkey=0x183af9
ja3:926596:926604 [0] NCCL INFO NET/IB: NCCL Dev 0 IbDev 0 Port 1 qpn 3071 mtu 5 LID 23 subnet-prefix 33022  FLID 0 fifoRkey=0x178c4b fifoLkey=0x178c4b
ja3:926596:926604 [0] NCCL INFO NET/IB: NCCL Dev 0 IbDev 0 Port 1 qpn 3072 mtu 5 LID 23 subnet-prefix 33022  FLID 0 fifoRkey=0x178c4b fifoLkey=0x178c4b
ja3:926596:926604 [0] NCCL INFO NET/IB: NCCL Dev 0 IbDev 0 Port 1 qpn 3073 mtu 5 LID 23 subnet-prefix 33022  FLID 0 fifoRkey=0x178c4b fifoLkey=0x178c4b
ja3:926596:926604 [0] NCCL INFO NET/IB: NCCL Dev 0 IbDev 0 Port 1 qpn 3074 mtu 5 LID 23 subnet-prefix 33022  FLID 0 fifoRkey=0x178c4b fifoLkey=0x178c4b
ja2:1310209:1310220 [0] NCCL INFO NET/IB: NCCL Dev 0 IbDev 0 Port 1 qpn 3157 mtu 5 LID 22 subnet-prefix 33022  FLID 0 fifoRkey=0x17fcbb fifoLkey=0x17fcbb
ja2:1310209:1310220 [0] NCCL INFO NET/IB: NCCL Dev 0 IbDev 0 Port 1 qpn 3158 mtu 5 LID 22 subnet-prefix 33022  FLID 0 fifoRkey=0x17fcbb fifoLkey=0x17fcbb
ja2:1310209:1310220 [0] NCCL INFO NET/IB: NCCL Dev 0 IbDev 0 Port 1 qpn 3159 mtu 5 LID 22 subnet-prefix 33022  FLID 0 fifoRkey=0x17fcbb fifoLkey=0x17fcbb
ja2:1310209:1310220 [0] NCCL INFO NET/IB: NCCL Dev 0 IbDev 0 Port 1 qpn 3160 mtu 5 LID 22 subnet-prefix 33022  FLID 0 fifoRkey=0x17fcbb fifoLkey=0x17fcbb
ja2:1310209:1310223 [0] NCCL INFO NCCL_IB_SPLIT_DATA_ON_QPS set by environment to 1.
ja2:1310209:1310223 [0] NCCL INFO NCCL_IB_AR_THRESHOLD set by environment to 0.
ja3:926596:926607 [0] NCCL INFO NCCL_IB_SPLIT_DATA_ON_QPS set by environment to 1.
ja3:926596:926607 [0] NCCL INFO NCCL_IB_AR_THRESHOLD set by environment to 0.
       65536         16384     float     sum      -1    39.07    1.68    1.68      0    42.12    1.56    1.56    N/A
      131072         32768     float     sum      -1    54.18    2.42    2.42      0    57.23    2.29    2.29    N/A
      262144         65536     float     sum      -1    75.02    3.49    3.49      0    75.30    3.48    3.48    N/A
      524288        131072     float     sum      -1    114.5    4.58    4.58      0    128.1    4.09    4.09    N/A
     1048576        262144     float     sum      -1    198.7    5.28    5.28      0    189.8    5.52    5.52    N/A
     2097152        524288     float     sum      -1    318.2    6.59    6.59      0    332.6    6.30    6.30    N/A
ja3:926596:926596 [0] NCCL INFO comm 0x4584f9d0 rank 1 nranks 2 cudaDev 0 busId 1000 - Destroy COMPLETE
ja3:926596:926596 [0] NCCL INFO MSCCL: Teardown finished
ja2:1310209:1310209 [0] NCCL INFO comm 0x3ee69040 rank 0 nranks 2 cudaDev 0 busId 1000 - Destroy COMPLETE
ja2:1310209:1310209 [0] NCCL INFO MSCCL: Teardown finished
# Out of bounds values : 0 OK
# Avg bus bandwidth    : 3.94048 
#

--- checks for CASE F_r1_qp4_split1_fragoff ---
  ACTIVE: fragmentation NOT active (expected for cases A and B)
  RESULT: # Out of bounds values : 0 OK

========================================================
  CASE F_r1_qp4_split1_fragon
  NCCL_IB_FRAG_SIZE=-1
  NCCL_IB_FRAG_BATCH=2
  NCCL_IB_SEND_QUEUE_DEPTH=
  NCCL_IB_QPS_PER_CONNECTION=4
  NCCL_IB_SPLIT_DATA_ON_QPS=1
  sizes: -b 64K -e 2M -f 2  iters: -n 50 -w 20
  Wed Aug 12 17:01:13 CST 2026
========================================================
# nThread 1 nGpus 1 minBytes 65536 maxBytes 2097152 step: 2(factor) warmup iters: 20 iters: 50 agg iters: 1 validation: 1 graph: 0
#
# Using devices
#  Rank  0 Group  0 Pid 1310266 on        ja2 device  0 [0000:01:00] Tesla V100-PCIE-16GB
#  Rank  1 Group  0 Pid 926633 on        ja3 device  0 [0000:01:00] Tesla V100-PCIE-16GB
ja2:1310266:1310266 [0] NCCL INFO cudaDriverVersion 12000
ja2:1310266:1310266 [0] NCCL INFO NCCL version 2.23.4+cuda12.2
ja2:1310266:1310275 [0] NCCL INFO NET/Plugin: Could not find: libnccl-net.so. Using internal network plugin.
ja2:1310266:1310275 [0] NCCL INFO NCCL_IB_HCA set to mlx5_0
ja2:1310266:1310275 [0] NCCL INFO NET/IB : Using [0]mlx5_0:1/IB [RO]; OOB enp68s0f0:172.23.15.12<0>
ja2:1310266:1310275 [0] NCCL INFO PROFILER/Plugin: Could not find: libnccl-profiler.so.
ja2:1310266:1310275 [0] NCCL INFO Using network IB
ja2:1310266:1310275 [0] NCCL INFO ncclCommInitRank comm 0x2f0fac90 rank 0 nranks 2 cudaDev 0 nvmlDev 0 busId 1000 commId 0x3dd40d7e9dbe1426 - Init START
ja3:926633:926633 [0] NCCL INFO cudaDriverVersion 12000
ja3:926633:926633 [0] NCCL INFO NCCL version 2.23.4+cuda12.2
ja3:926633:926639 [0] NCCL INFO NET/Plugin: Could not find: libnccl-net.so. Using internal network plugin.
ja3:926633:926639 [0] NCCL INFO NCCL_IB_HCA set to mlx5_0
ja3:926633:926639 [0] NCCL INFO NET/IB : Using [0]mlx5_0:1/IB [RO]; OOB enp68s0f0:172.23.15.13<0>
ja3:926633:926639 [0] NCCL INFO PROFILER/Plugin: Could not find: libnccl-profiler.so.
ja3:926633:926639 [0] NCCL INFO Using network IB
ja3:926633:926639 [0] NCCL INFO ncclCommInitRank comm 0x29496210 rank 1 nranks 2 cudaDev 0 nvmlDev 0 busId 1000 commId 0x3dd40d7e9dbe1426 - Init START
ja3:926633:926639 [0] NCCL INFO NET/IB : GPU Direct RDMA Disabled for HCA 0 'mlx5_0'
ja2:1310266:1310275 [0] NCCL INFO NET/IB : GPU Direct RDMA Disabled for HCA 0 'mlx5_0'
ja3:926633:926639 [0] NCCL INFO comm 0x29496210 rank 1 nRanks 2 nNodes 2 localRanks 1 localRank 0 MNNVL 0
ja2:1310266:1310275 [0] NCCL INFO comm 0x2f0fac90 rank 0 nRanks 2 nNodes 2 localRanks 1 localRank 0 MNNVL 0
ja3:926633:926639 [0] NCCL INFO MSCCL: No external scheduler found, using internal implementation
ja3:926633:926639 [0] NCCL INFO MSCCL: Internal Scheduler will use /home/wangyj05/msccl_azure/executor/msccl-executor-nccl/build/lib/msccl-algorithms as algorithm directory and /home/wangyj05/msccl_azure/executor/msccl-executor-nccl/build/lib/../share/nccl/msccl-algorithms as share algorithm directory and /usr/share/nccl/msccl-algorithms as package installed share algorithm directory 
ja2:1310266:1310275 [0] NCCL INFO MSCCL: No external scheduler found, using internal implementation
ja2:1310266:1310275 [0] NCCL INFO MSCCL: Internal Scheduler will use /home/wangyj05/msccl_azure/executor/msccl-executor-nccl/build/lib/msccl-algorithms as algorithm directory and /home/wangyj05/msccl_azure/executor/msccl-executor-nccl/build/lib/../share/nccl/msccl-algorithms as share algorithm directory and /usr/share/nccl/msccl-algorithms as package installed share algorithm directory 
ja3:926633:926639 [0] NCCL INFO Using MSCCL Algo files from /home/wangyj05/msccl_azure/executor/msccl-executor-nccl/build/lib/msccl-algorithms
ja2:1310266:1310275 [0] NCCL INFO Using MSCCL Algo files from /home/wangyj05/msccl_azure/executor/msccl-executor-nccl/build/lib/msccl-algorithms
ja2:1310266:1310275 [0] NCCL INFO Channel 00/02 : 0 1
ja2:1310266:1310275 [0] NCCL INFO Channel 01/02 : 0 1
ja2:1310266:1310275 [0] NCCL INFO Trees [0] 1/-1/-1->0->-1 [1] -1/-1/-1->0->1
ja2:1310266:1310275 [0] NCCL INFO NCCL_BUFFSIZE set by environment to 4194304.
ja2:1310266:1310275 [0] NCCL INFO NCCL_P2P_NET_CHUNKSIZE set by environment to 524288.
ja2:1310266:1310275 [0] NCCL INFO P2P Chunksize set to 524288
ja3:926633:926639 [0] NCCL INFO Trees [0] -1/-1/-1->1->0 [1] 0/-1/-1->1->-1
ja3:926633:926639 [0] NCCL INFO NCCL_BUFFSIZE set by environment to 4194304.
ja2:1310266:1310277 [0] NCCL INFO [Proxy Service] Device 0 CPU core 64
ja3:926633:926639 [0] NCCL INFO NCCL_P2P_NET_CHUNKSIZE set by environment to 524288.
ja3:926633:926639 [0] NCCL INFO P2P Chunksize set to 524288
ja3:926633:926641 [0] NCCL INFO [Proxy Service] Device 0 CPU core 64
ja2:1310266:1310278 [0] NCCL INFO [Proxy Service UDS] Device 0 CPU core 64
ja3:926633:926642 [0] NCCL INFO [Proxy Service UDS] Device 0 CPU core 64
ja3:926633:926639 [0] NCCL INFO NCCL_PROTO set by environment to Simple
ja3:926633:926639 [0] NCCL INFO threadThresholds 8/8/64 | 16/8/64 | 512 | 512
ja3:926633:926639 [0] NCCL INFO 2 coll channels, 2 collnet channels, 0 nvls channels, 2 p2p channels, 2 p2p channels per peer
ja2:1310266:1310275 [0] NCCL INFO NCCL_PROTO set by environment to Simple
ja2:1310266:1310275 [0] NCCL INFO threadThresholds 8/8/64 | 16/8/64 | 512 | 512
ja2:1310266:1310275 [0] NCCL INFO 2 coll channels, 2 collnet channels, 0 nvls channels, 2 p2p channels, 2 p2p channels per peer
ja2:1310266:1310275 [0] NCCL INFO CC Off, Multi-GPU CC Off, workFifoBytes 1048576
ja3:926633:926639 [0] NCCL INFO MSCCL: Initialization finished
ja3:926633:926639 [0] NCCL INFO TUNER/Plugin: Could not find: libnccl-tuner.so libnccl-net.so. Using internal tuner plugin.
ja3:926633:926639 [0] NCCL INFO ncclCommInitRank comm 0x29496210 rank 1 nranks 2 cudaDev 0 nvmlDev 0 busId 1000 commId 0x3dd40d7e9dbe1426 - Init COMPLETE
ja3:926633:926639 [0] NCCL INFO Init timings - ncclCommInitRank: rank 1 nranks 2 total 0.03 (kernels 0.00, alloc 0.02, bootstrap 0.00, allgathers 0.00, topo 0.00, graphs 0.00, connections 0.00, rest 0.00)
ja2:1310266:1310275 [0] NCCL INFO MSCCL: Initialization finished
ja2:1310266:1310275 [0] NCCL INFO TUNER/Plugin: Could not find: libnccl-tuner.so libnccl-net.so. Using internal tuner plugin.
ja2:1310266:1310275 [0] NCCL INFO ncclCommInitRank comm 0x2f0fac90 rank 0 nranks 2 cudaDev 0 nvmlDev 0 busId 1000 commId 0x3dd40d7e9dbe1426 - Init COMPLETE
ja2:1310266:1310275 [0] NCCL INFO Init timings - ncclCommInitRank: rank 0 nranks 2 total 0.11 (kernels 0.00, alloc 0.02, bootstrap 0.08, allgathers 0.00, topo 0.00, graphs 0.00, connections 0.00, rest 0.00)
#
#                                                              out-of-place                       in-place          
#       size         count      type   redop    root     time   algbw   busbw #wrong     time   algbw   busbw #wrong
#        (B)    (elements)                               (us)  (GB/s)  (GB/s)            (us)  (GB/s)  (GB/s)       
ja2:1310266:1310279 [0] NCCL INFO NCCL_NET_SHARED_BUFFERS set by environment to 0.
ja3:926633:926643 [0] NCCL INFO NCCL_NET_SHARED_BUFFERS set by environment to 0.
ja3:926633:926641 [0] NCCL INFO New proxy recv connection 0 from local rank 0, transport 2
ja3:926633:926643 [0] NCCL INFO Connected to proxy localRank 0 -> connection 0x14a974000d10
ja3:926633:926644 [0] NCCL INFO [Proxy Progress] Device 0 CPU core 192
ja3:926633:926643 [0] NCCL INFO Channel 00/1 : 0[0] -> 1[0] [receive] via NET/IB/0
ja3:926633:926641 [0] NCCL INFO New proxy recv connection 1 from local rank 0, transport 2
ja3:926633:926643 [0] NCCL INFO Connected to proxy localRank 0 -> connection 0x14a974000d88
ja3:926633:926643 [0] NCCL INFO Channel 01/1 : 0[0] -> 1[0] [receive] via NET/IB/0
ja3:926633:926641 [0] NCCL INFO New proxy send connection 2 from local rank 0, transport 2
ja3:926633:926643 [0] NCCL INFO Connected to proxy localRank 0 -> connection 0x14a974000e00
ja3:926633:926643 [0] NCCL INFO Channel 00/1 : 1[0] -> 0[0] [send] via NET/IB/0
ja3:926633:926641 [0] NCCL INFO New proxy send connection 3 from local rank 0, transport 2
ja3:926633:926643 [0] NCCL INFO Connected to proxy localRank 0 -> connection 0x14a974000e78
ja3:926633:926643 [0] NCCL INFO Channel 01/1 : 1[0] -> 0[0] [send] via NET/IB/0
ja2:1310266:1310277 [0] NCCL INFO New proxy recv connection 0 from local rank 0, transport 2
ja2:1310266:1310279 [0] NCCL INFO Connected to proxy localRank 0 -> connection 0x149768000cd0
ja2:1310266:1310280 [0] NCCL INFO [Proxy Progress] Device 0 CPU core 192
ja2:1310266:1310279 [0] NCCL INFO Channel 00/1 : 1[0] -> 0[0] [receive] via NET/IB/0
ja2:1310266:1310277 [0] NCCL INFO New proxy recv connection 1 from local rank 0, transport 2
ja2:1310266:1310279 [0] NCCL INFO Connected to proxy localRank 0 -> connection 0x149768000d48
ja2:1310266:1310279 [0] NCCL INFO Channel 01/1 : 1[0] -> 0[0] [receive] via NET/IB/0
ja2:1310266:1310277 [0] NCCL INFO New proxy send connection 2 from local rank 0, transport 2
ja2:1310266:1310279 [0] NCCL INFO Connected to proxy localRank 0 -> connection 0x149768000dc0
ja2:1310266:1310279 [0] NCCL INFO Channel 00/1 : 0[0] -> 1[0] [send] via NET/IB/0
ja2:1310266:1310277 [0] NCCL INFO New proxy send connection 3 from local rank 0, transport 2
ja2:1310266:1310279 [0] NCCL INFO Connected to proxy localRank 0 -> connection 0x149768000e38
ja2:1310266:1310279 [0] NCCL INFO Channel 01/1 : 0[0] -> 1[0] [send] via NET/IB/0
ja2:1310266:1310277 [0] NCCL INFO NCCL_IB_QPS_PER_CONNECTION set by environment to 4.
ja3:926633:926641 [0] NCCL INFO NCCL_IB_QPS_PER_CONNECTION set by environment to 4.
ja3:926633:926641 [0] NCCL INFO NCCL_IB_FRAG_SIZE set by environment to -1.
ja2:1310266:1310277 [0] NCCL INFO NCCL_IB_FRAG_SIZE set by environment to -1.
ja3:926633:926641 [0] NCCL INFO NET/IB: NCCL Dev 0 IbDev 0 Port 1 qpn 3096 mtu 5 LID 23 subnet-prefix 33022  FLID 0 fifoRkey=0x1800c0 fifoLkey=0x1800c0
ja3:926633:926641 [0] NCCL INFO NET/IB: NCCL Dev 0 IbDev 0 Port 1 qpn 3097 mtu 5 LID 23 subnet-prefix 33022  FLID 0 fifoRkey=0x1800c0 fifoLkey=0x1800c0
ja3:926633:926641 [0] NCCL INFO NET/IB: NCCL Dev 0 IbDev 0 Port 1 qpn 3098 mtu 5 LID 23 subnet-prefix 33022  FLID 0 fifoRkey=0x1800c0 fifoLkey=0x1800c0
ja3:926633:926641 [0] NCCL INFO NET/IB: NCCL Dev 0 IbDev 0 Port 1 qpn 3099 mtu 5 LID 23 subnet-prefix 33022  FLID 0 fifoRkey=0x1800c0 fifoLkey=0x1800c0
ja2:1310266:1310277 [0] NCCL INFO NET/IB: NCCL Dev 0 IbDev 0 Port 1 qpn 3177 mtu 5 LID 22 subnet-prefix 33022  FLID 0 fifoRkey=0x17fcbb fifoLkey=0x17fcbb
ja2:1310266:1310277 [0] NCCL INFO NET/IB: NCCL Dev 0 IbDev 0 Port 1 qpn 3178 mtu 5 LID 22 subnet-prefix 33022  FLID 0 fifoRkey=0x17fcbb fifoLkey=0x17fcbb
ja2:1310266:1310277 [0] NCCL INFO NET/IB: NCCL Dev 0 IbDev 0 Port 1 qpn 3179 mtu 5 LID 22 subnet-prefix 33022  FLID 0 fifoRkey=0x17fcbb fifoLkey=0x17fcbb
ja2:1310266:1310277 [0] NCCL INFO NET/IB: NCCL Dev 0 IbDev 0 Port 1 qpn 3180 mtu 5 LID 22 subnet-prefix 33022  FLID 0 fifoRkey=0x17fcbb fifoLkey=0x17fcbb
ja3:926633:926641 [0] NCCL INFO NET/IB: NCCL Dev 0 IbDev 0 Port 1 qpn 3100 mtu 5 LID 23 subnet-prefix 33022  FLID 0 fifoRkey=0x17edac fifoLkey=0x17edac
ja3:926633:926641 [0] NCCL INFO NET/IB: NCCL Dev 0 IbDev 0 Port 1 qpn 3101 mtu 5 LID 23 subnet-prefix 33022  FLID 0 fifoRkey=0x17edac fifoLkey=0x17edac
ja3:926633:926641 [0] NCCL INFO NET/IB: NCCL Dev 0 IbDev 0 Port 1 qpn 3102 mtu 5 LID 23 subnet-prefix 33022  FLID 0 fifoRkey=0x17edac fifoLkey=0x17edac
ja3:926633:926641 [0] NCCL INFO NET/IB: NCCL Dev 0 IbDev 0 Port 1 qpn 3103 mtu 5 LID 23 subnet-prefix 33022  FLID 0 fifoRkey=0x17edac fifoLkey=0x17edac
ja2:1310266:1310277 [0] NCCL INFO NET/IB: NCCL Dev 0 IbDev 0 Port 1 qpn 3186 mtu 5 LID 22 subnet-prefix 33022  FLID 0 fifoRkey=0x183af9 fifoLkey=0x183af9
ja2:1310266:1310277 [0] NCCL INFO NET/IB: NCCL Dev 0 IbDev 0 Port 1 qpn 3187 mtu 5 LID 22 subnet-prefix 33022  FLID 0 fifoRkey=0x183af9 fifoLkey=0x183af9
ja2:1310266:1310277 [0] NCCL INFO NET/IB: NCCL Dev 0 IbDev 0 Port 1 qpn 3188 mtu 5 LID 22 subnet-prefix 33022  FLID 0 fifoRkey=0x183af9 fifoLkey=0x183af9
ja2:1310266:1310277 [0] NCCL INFO NET/IB: NCCL Dev 0 IbDev 0 Port 1 qpn 3189 mtu 5 LID 22 subnet-prefix 33022  FLID 0 fifoRkey=0x183af9 fifoLkey=0x183af9
ja2:1310266:1310277 [0] NCCL INFO NCCL_IB_FRAG_BATCH set by environment to 2.
ja2:1310266:1310277 [0] NCCL INFO NET/IB: MTU fragmentation on: fragSize=4096 batch=2 sqDepth=2048 nqps=4
ja3:926633:926641 [0] NCCL INFO NCCL_IB_FRAG_BATCH set by environment to 2.
ja3:926633:926641 [0] NCCL INFO NET/IB: MTU fragmentation on: fragSize=4096 batch=2 sqDepth=2048 nqps=4
ja2:1310266:1310277 [0] NCCL INFO NET/IB: MTU fragmentation on: fragSize=4096 batch=2 sqDepth=2048 nqps=4
ja3:926633:926641 [0] NCCL INFO NET/IB: MTU fragmentation on: fragSize=4096 batch=2 sqDepth=2048 nqps=4
ja2:1310266:1310280 [0] NCCL INFO NCCL_IB_SPLIT_DATA_ON_QPS set by environment to 1.
ja3:926633:926644 [0] NCCL INFO NCCL_IB_SPLIT_DATA_ON_QPS set by environment to 1.
       65536         16384     float     sum      -1    41.38    1.58    1.58      0    41.64    1.57    1.57    N/A
      131072         32768     float     sum      -1    56.69    2.31    2.31      0    60.05    2.18    2.18    N/A
      262144         65536     float     sum      -1    91.90    2.85    2.85      0    78.31    3.35    3.35    N/A
      524288        131072     float     sum      -1    117.6    4.46    4.46      0    132.8    3.95    3.95    N/A
     1048576        262144     float     sum      -1    203.6    5.15    5.15      0    192.9    5.44    5.44    N/A
     2097152        524288     float     sum      -1    368.9    5.68    5.68      0    322.1    6.51    6.51    N/A
ja2:1310266:1310266 [0] NCCL INFO comm 0x2f0fac90 rank 0 nranks 2 cudaDev 0 busId 1000 - Destroy COMPLETE
ja2:1310266:1310266 [0] NCCL INFO MSCCL: Teardown finished
ja3:926633:926633 [0] NCCL INFO comm 0x29496210 rank 1 nranks 2 cudaDev 0 busId 1000 - Destroy COMPLETE
ja3:926633:926633 [0] NCCL INFO MSCCL: Teardown finished
# Out of bounds values : 0 OK
# Avg bus bandwidth    : 3.75355 
#

--- checks for CASE F_r1_qp4_split1_fragon ---
  ACTIVE: ja2:1310266:1310277 [0] NCCL INFO NET/IB: MTU fragmentation on: fragSize=4096 batch=2 sqDepth=2048 nqps=4
  RESULT: # Out of bounds values : 0 OK

========================================================
  CASE F_r2_qp1_split0_fragoff
  NCCL_IB_FRAG_SIZE=0
  NCCL_IB_FRAG_BATCH=2
  NCCL_IB_SEND_QUEUE_DEPTH=
  NCCL_IB_QPS_PER_CONNECTION=1
  NCCL_IB_SPLIT_DATA_ON_QPS=0
  sizes: -b 64K -e 2M -f 2  iters: -n 50 -w 20
  Wed Aug 12 17:01:16 CST 2026
========================================================
# nThread 1 nGpus 1 minBytes 65536 maxBytes 2097152 step: 2(factor) warmup iters: 20 iters: 50 agg iters: 1 validation: 1 graph: 0
#
# Using devices
#  Rank  0 Group  0 Pid 1310326 on        ja2 device  0 [0000:01:00] Tesla V100-PCIE-16GB
#  Rank  1 Group  0 Pid 926670 on        ja3 device  0 [0000:01:00] Tesla V100-PCIE-16GB
ja2:1310326:1310326 [0] NCCL INFO cudaDriverVersion 12000
ja2:1310326:1310326 [0] NCCL INFO NCCL version 2.23.4+cuda12.2
ja2:1310326:1310333 [0] NCCL INFO NET/Plugin: Could not find: libnccl-net.so. Using internal network plugin.
ja2:1310326:1310333 [0] NCCL INFO NCCL_IB_HCA set to mlx5_0
ja2:1310326:1310333 [0] NCCL INFO NET/IB : Using [0]mlx5_0:1/IB [RO]; OOB enp68s0f0:172.23.15.12<0>
ja2:1310326:1310333 [0] NCCL INFO PROFILER/Plugin: Could not find: libnccl-profiler.so.
ja2:1310326:1310333 [0] NCCL INFO Using network IB
ja2:1310326:1310333 [0] NCCL INFO ncclCommInitRank comm 0x1b3a1640 rank 0 nranks 2 cudaDev 0 nvmlDev 0 busId 1000 commId 0x98750249c32ec9fa - Init START
ja3:926670:926670 [0] NCCL INFO cudaDriverVersion 12000
ja3:926670:926670 [0] NCCL INFO NCCL version 2.23.4+cuda12.2
ja3:926670:926678 [0] NCCL INFO NET/Plugin: Could not find: libnccl-net.so. Using internal network plugin.
ja3:926670:926678 [0] NCCL INFO NCCL_IB_HCA set to mlx5_0
ja3:926670:926678 [0] NCCL INFO NET/IB : Using [0]mlx5_0:1/IB [RO]; OOB enp68s0f0:172.23.15.13<0>
ja3:926670:926678 [0] NCCL INFO PROFILER/Plugin: Could not find: libnccl-profiler.so.
ja3:926670:926678 [0] NCCL INFO Using network IB
ja3:926670:926678 [0] NCCL INFO ncclCommInitRank comm 0x34f1c120 rank 1 nranks 2 cudaDev 0 nvmlDev 0 busId 1000 commId 0x98750249c32ec9fa - Init START
ja3:926670:926678 [0] NCCL INFO NET/IB : GPU Direct RDMA Disabled for HCA 0 'mlx5_0'
ja2:1310326:1310333 [0] NCCL INFO NET/IB : GPU Direct RDMA Disabled for HCA 0 'mlx5_0'
ja2:1310326:1310333 [0] NCCL INFO comm 0x1b3a1640 rank 0 nRanks 2 nNodes 2 localRanks 1 localRank 0 MNNVL 0
ja3:926670:926678 [0] NCCL INFO comm 0x34f1c120 rank 1 nRanks 2 nNodes 2 localRanks 1 localRank 0 MNNVL 0
ja3:926670:926678 [0] NCCL INFO MSCCL: No external scheduler found, using internal implementation
ja3:926670:926678 [0] NCCL INFO MSCCL: Internal Scheduler will use /home/wangyj05/msccl_azure/executor/msccl-executor-nccl/build/lib/msccl-algorithms as algorithm directory and /home/wangyj05/msccl_azure/executor/msccl-executor-nccl/build/lib/../share/nccl/msccl-algorithms as share algorithm directory and /usr/share/nccl/msccl-algorithms as package installed share algorithm directory 
ja2:1310326:1310333 [0] NCCL INFO MSCCL: No external scheduler found, using internal implementation
ja2:1310326:1310333 [0] NCCL INFO MSCCL: Internal Scheduler will use /home/wangyj05/msccl_azure/executor/msccl-executor-nccl/build/lib/msccl-algorithms as algorithm directory and /home/wangyj05/msccl_azure/executor/msccl-executor-nccl/build/lib/../share/nccl/msccl-algorithms as share algorithm directory and /usr/share/nccl/msccl-algorithms as package installed share algorithm directory 
ja3:926670:926678 [0] NCCL INFO Using MSCCL Algo files from /home/wangyj05/msccl_azure/executor/msccl-executor-nccl/build/lib/msccl-algorithms
ja2:1310326:1310333 [0] NCCL INFO Using MSCCL Algo files from /home/wangyj05/msccl_azure/executor/msccl-executor-nccl/build/lib/msccl-algorithms
ja2:1310326:1310333 [0] NCCL INFO Channel 00/02 : 0 1
ja2:1310326:1310333 [0] NCCL INFO Channel 01/02 : 0 1
ja2:1310326:1310333 [0] NCCL INFO Trees [0] 1/-1/-1->0->-1 [1] -1/-1/-1->0->1
ja2:1310326:1310333 [0] NCCL INFO NCCL_BUFFSIZE set by environment to 4194304.
ja2:1310326:1310333 [0] NCCL INFO NCCL_P2P_NET_CHUNKSIZE set by environment to 524288.
ja2:1310326:1310333 [0] NCCL INFO P2P Chunksize set to 524288
ja3:926670:926678 [0] NCCL INFO Trees [0] -1/-1/-1->1->0 [1] 0/-1/-1->1->-1
ja3:926670:926678 [0] NCCL INFO NCCL_BUFFSIZE set by environment to 4194304.
ja3:926670:926678 [0] NCCL INFO NCCL_P2P_NET_CHUNKSIZE set by environment to 524288.
ja3:926670:926678 [0] NCCL INFO P2P Chunksize set to 524288
ja2:1310326:1310335 [0] NCCL INFO [Proxy Service] Device 0 CPU core 64
ja3:926670:926680 [0] NCCL INFO [Proxy Service] Device 0 CPU core 64
ja3:926670:926681 [0] NCCL INFO [Proxy Service UDS] Device 0 CPU core 64
ja2:1310326:1310336 [0] NCCL INFO [Proxy Service UDS] Device 0 CPU core 64
ja3:926670:926678 [0] NCCL INFO NCCL_PROTO set by environment to Simple
ja3:926670:926678 [0] NCCL INFO threadThresholds 8/8/64 | 16/8/64 | 512 | 512
ja3:926670:926678 [0] NCCL INFO 2 coll channels, 2 collnet channels, 0 nvls channels, 2 p2p channels, 2 p2p channels per peer
ja2:1310326:1310333 [0] NCCL INFO NCCL_PROTO set by environment to Simple
ja2:1310326:1310333 [0] NCCL INFO threadThresholds 8/8/64 | 16/8/64 | 512 | 512
ja2:1310326:1310333 [0] NCCL INFO 2 coll channels, 2 collnet channels, 0 nvls channels, 2 p2p channels, 2 p2p channels per peer
ja2:1310326:1310333 [0] NCCL INFO CC Off, Multi-GPU CC Off, workFifoBytes 1048576
ja3:926670:926678 [0] NCCL INFO MSCCL: Initialization finished
ja2:1310326:1310333 [0] NCCL INFO MSCCL: Initialization finished
ja3:926670:926678 [0] NCCL INFO TUNER/Plugin: Could not find: libnccl-tuner.so libnccl-net.so. Using internal tuner plugin.
ja3:926670:926678 [0] NCCL INFO ncclCommInitRank comm 0x34f1c120 rank 1 nranks 2 cudaDev 0 nvmlDev 0 busId 1000 commId 0x98750249c32ec9fa - Init COMPLETE
ja3:926670:926678 [0] NCCL INFO Init timings - ncclCommInitRank: rank 1 nranks 2 total 0.03 (kernels 0.00, alloc 0.02, bootstrap 0.00, allgathers 0.00, topo 0.00, graphs 0.00, connections 0.00, rest 0.00)
ja2:1310326:1310333 [0] NCCL INFO TUNER/Plugin: Could not find: libnccl-tuner.so libnccl-net.so. Using internal tuner plugin.
ja2:1310326:1310333 [0] NCCL INFO ncclCommInitRank comm 0x1b3a1640 rank 0 nranks 2 cudaDev 0 nvmlDev 0 busId 1000 commId 0x98750249c32ec9fa - Init COMPLETE
ja2:1310326:1310333 [0] NCCL INFO Init timings - ncclCommInitRank: rank 0 nranks 2 total 0.06 (kernels 0.00, alloc 0.02, bootstrap 0.04, allgathers 0.00, topo 0.00, graphs 0.00, connections 0.00, rest 0.00)
#
#                                                              out-of-place                       in-place          
#       size         count      type   redop    root     time   algbw   busbw #wrong     time   algbw   busbw #wrong
#        (B)    (elements)                               (us)  (GB/s)  (GB/s)            (us)  (GB/s)  (GB/s)       
ja2:1310326:1310337 [0] NCCL INFO NCCL_NET_SHARED_BUFFERS set by environment to 0.
ja3:926670:926682 [0] NCCL INFO NCCL_NET_SHARED_BUFFERS set by environment to 0.
ja3:926670:926680 [0] NCCL INFO New proxy recv connection 0 from local rank 0, transport 2
ja2:1310326:1310335 [0] NCCL INFO New proxy recv connection 0 from local rank 0, transport 2
ja3:926670:926682 [0] NCCL INFO Connected to proxy localRank 0 -> connection 0x146cb4000d10
ja2:1310326:1310337 [0] NCCL INFO Connected to proxy localRank 0 -> connection 0x14e484000cd0
ja3:926670:926683 [0] NCCL INFO [Proxy Progress] Device 0 CPU core 64
ja3:926670:926682 [0] NCCL INFO Channel 00/1 : 0[0] -> 1[0] [receive] via NET/IB/0
ja3:926670:926680 [0] NCCL INFO New proxy recv connection 1 from local rank 0, transport 2
ja2:1310326:1310338 [0] NCCL INFO [Proxy Progress] Device 0 CPU core 192
ja3:926670:926682 [0] NCCL INFO Connected to proxy localRank 0 -> connection 0x146cb4000d88
ja3:926670:926682 [0] NCCL INFO Channel 01/1 : 0[0] -> 1[0] [receive] via NET/IB/0
ja2:1310326:1310337 [0] NCCL INFO Channel 00/1 : 1[0] -> 0[0] [receive] via NET/IB/0
ja3:926670:926680 [0] NCCL INFO New proxy send connection 2 from local rank 0, transport 2
ja2:1310326:1310335 [0] NCCL INFO New proxy recv connection 1 from local rank 0, transport 2
ja2:1310326:1310337 [0] NCCL INFO Connected to proxy localRank 0 -> connection 0x14e484000d48
ja3:926670:926682 [0] NCCL INFO Connected to proxy localRank 0 -> connection 0x146cb4000e00
ja3:926670:926682 [0] NCCL INFO Channel 00/1 : 1[0] -> 0[0] [send] via NET/IB/0
ja3:926670:926680 [0] NCCL INFO New proxy send connection 3 from local rank 0, transport 2
ja3:926670:926682 [0] NCCL INFO Connected to proxy localRank 0 -> connection 0x146cb4000e78
ja3:926670:926682 [0] NCCL INFO Channel 01/1 : 1[0] -> 0[0] [send] via NET/IB/0
ja2:1310326:1310337 [0] NCCL INFO Channel 01/1 : 1[0] -> 0[0] [receive] via NET/IB/0
ja2:1310326:1310335 [0] NCCL INFO New proxy send connection 2 from local rank 0, transport 2
ja2:1310326:1310337 [0] NCCL INFO Connected to proxy localRank 0 -> connection 0x14e484000dc0
ja2:1310326:1310337 [0] NCCL INFO Channel 00/1 : 0[0] -> 1[0] [send] via NET/IB/0
ja2:1310326:1310335 [0] NCCL INFO New proxy send connection 3 from local rank 0, transport 2
ja2:1310326:1310337 [0] NCCL INFO Connected to proxy localRank 0 -> connection 0x14e484000e38
ja2:1310326:1310337 [0] NCCL INFO Channel 01/1 : 0[0] -> 1[0] [send] via NET/IB/0
ja2:1310326:1310335 [0] NCCL INFO NCCL_IB_QPS_PER_CONNECTION set by environment to 1.
ja3:926670:926680 [0] NCCL INFO NCCL_IB_QPS_PER_CONNECTION set by environment to 1.
ja2:1310326:1310335 [0] NCCL INFO NCCL_IB_FRAG_SIZE set by environment to 0.
ja3:926670:926680 [0] NCCL INFO NCCL_IB_FRAG_SIZE set by environment to 0.
ja2:1310326:1310335 [0] NCCL INFO NET/IB: NCCL Dev 0 IbDev 0 Port 1 qpn 3206 mtu 5 LID 22 subnet-prefix 33022  FLID 0 fifoRkey=0x183af9 fifoLkey=0x183af9
ja3:926670:926680 [0] NCCL INFO NET/IB: NCCL Dev 0 IbDev 0 Port 1 qpn 3125 mtu 5 LID 23 subnet-prefix 33022  FLID 0 fifoRkey=0x180bca fifoLkey=0x180bca
ja2:1310326:1310335 [0] NCCL INFO NET/IB: NCCL Dev 0 IbDev 0 Port 1 qpn 3209 mtu 5 LID 22 subnet-prefix 33022  FLID 0 fifoRkey=0x17fcbb fifoLkey=0x17fcbb
ja3:926670:926680 [0] NCCL INFO NET/IB: NCCL Dev 0 IbDev 0 Port 1 qpn 3128 mtu 5 LID 23 subnet-prefix 33022  FLID 0 fifoRkey=0x1800c0 fifoLkey=0x1800c0
ja2:1310326:1310338 [0] NCCL INFO NCCL_IB_SPLIT_DATA_ON_QPS set by environment to 0.
ja2:1310326:1310338 [0] NCCL INFO NCCL_IB_AR_THRESHOLD set by environment to 0.
ja3:926670:926683 [0] NCCL INFO NCCL_IB_SPLIT_DATA_ON_QPS set by environment to 0.
ja3:926670:926683 [0] NCCL INFO NCCL_IB_AR_THRESHOLD set by environment to 0.
       65536         16384     float     sum      -1    40.34    1.62    1.62      0    39.42    1.66    1.66    N/A
      131072         32768     float     sum      -1    53.76    2.44    2.44      0    73.24    1.79    1.79    N/A
      262144         65536     float     sum      -1    74.80    3.50    3.50      0    74.24    3.53    3.53    N/A
      524288        131072     float     sum      -1    114.0    4.60    4.60      0    127.3    4.12    4.12    N/A
     1048576        262144     float     sum      -1    196.1    5.35    5.35      0    187.2    5.60    5.60    N/A
     2097152        524288     float     sum      -1    313.9    6.68    6.68      0    326.8    6.42    6.42    N/A
ja2:1310326:1310326 [0] NCCL INFO comm 0x1b3a1640 rank 0 nranks 2 cudaDev 0 busId 1000 - Destroy COMPLETE
ja3:926670:926670 [0] NCCL INFO comm 0x34f1c120 rank 1 nranks 2 cudaDev 0 busId 1000 - Destroy COMPLETE
ja2:1310326:1310326 [0] NCCL INFO MSCCL: Teardown finished
ja3:926670:926670 [0] NCCL INFO MSCCL: Teardown finished
# Out of bounds values : 0 OK
# Avg bus bandwidth    : 3.94301 
#

--- checks for CASE F_r2_qp1_split0_fragoff ---
  ACTIVE: fragmentation NOT active (expected for cases A and B)
  RESULT: # Out of bounds values : 0 OK

========================================================
  CASE F_r2_qp1_split0_fragon
  NCCL_IB_FRAG_SIZE=-1
  NCCL_IB_FRAG_BATCH=2
  NCCL_IB_SEND_QUEUE_DEPTH=
  NCCL_IB_QPS_PER_CONNECTION=1
  NCCL_IB_SPLIT_DATA_ON_QPS=0
  sizes: -b 64K -e 2M -f 2  iters: -n 50 -w 20
  Wed Aug 12 17:01:19 CST 2026
========================================================
# nThread 1 nGpus 1 minBytes 65536 maxBytes 2097152 step: 2(factor) warmup iters: 20 iters: 50 agg iters: 1 validation: 1 graph: 0
#
# Using devices
#  Rank  0 Group  0 Pid 1310382 on        ja2 device  0 [0000:01:00] Tesla V100-PCIE-16GB
#  Rank  1 Group  0 Pid 926709 on        ja3 device  0 [0000:01:00] Tesla V100-PCIE-16GB
ja2:1310382:1310382 [0] NCCL INFO cudaDriverVersion 12000
ja2:1310382:1310382 [0] NCCL INFO NCCL version 2.23.4+cuda12.2
ja2:1310382:1310389 [0] NCCL INFO NET/Plugin: Could not find: libnccl-net.so. Using internal network plugin.
ja2:1310382:1310389 [0] NCCL INFO NCCL_IB_HCA set to mlx5_0
ja2:1310382:1310389 [0] NCCL INFO NET/IB : Using [0]mlx5_0:1/IB [RO]; OOB enp68s0f0:172.23.15.12<0>
ja2:1310382:1310389 [0] NCCL INFO PROFILER/Plugin: Could not find: libnccl-profiler.so.
ja2:1310382:1310389 [0] NCCL INFO Using network IB
ja2:1310382:1310389 [0] NCCL INFO ncclCommInitRank comm 0x2772cfc0 rank 0 nranks 2 cudaDev 0 nvmlDev 0 busId 1000 commId 0x850e807f9a60fdc6 - Init START
ja3:926709:926709 [0] NCCL INFO cudaDriverVersion 12000
ja3:926709:926709 [0] NCCL INFO NCCL version 2.23.4+cuda12.2
ja3:926709:926717 [0] NCCL INFO NET/Plugin: Could not find: libnccl-net.so. Using internal network plugin.
ja3:926709:926717 [0] NCCL INFO NCCL_IB_HCA set to mlx5_0
ja3:926709:926717 [0] NCCL INFO NET/IB : Using [0]mlx5_0:1/IB [RO]; OOB enp68s0f0:172.23.15.13<0>
ja3:926709:926717 [0] NCCL INFO PROFILER/Plugin: Could not find: libnccl-profiler.so.
ja3:926709:926717 [0] NCCL INFO Using network IB
ja3:926709:926717 [0] NCCL INFO ncclCommInitRank comm 0x2ccb2520 rank 1 nranks 2 cudaDev 0 nvmlDev 0 busId 1000 commId 0x850e807f9a60fdc6 - Init START
ja2:1310382:1310389 [0] NCCL INFO NET/IB : GPU Direct RDMA Disabled for HCA 0 'mlx5_0'
ja3:926709:926717 [0] NCCL INFO NET/IB : GPU Direct RDMA Disabled for HCA 0 'mlx5_0'
ja3:926709:926717 [0] NCCL INFO comm 0x2ccb2520 rank 1 nRanks 2 nNodes 2 localRanks 1 localRank 0 MNNVL 0
ja2:1310382:1310389 [0] NCCL INFO comm 0x2772cfc0 rank 0 nRanks 2 nNodes 2 localRanks 1 localRank 0 MNNVL 0
ja3:926709:926717 [0] NCCL INFO MSCCL: No external scheduler found, using internal implementation
ja3:926709:926717 [0] NCCL INFO MSCCL: Internal Scheduler will use /home/wangyj05/msccl_azure/executor/msccl-executor-nccl/build/lib/msccl-algorithms as algorithm directory and /home/wangyj05/msccl_azure/executor/msccl-executor-nccl/build/lib/../share/nccl/msccl-algorithms as share algorithm directory and /usr/share/nccl/msccl-algorithms as package installed share algorithm directory 
ja2:1310382:1310389 [0] NCCL INFO MSCCL: No external scheduler found, using internal implementation
ja2:1310382:1310389 [0] NCCL INFO MSCCL: Internal Scheduler will use /home/wangyj05/msccl_azure/executor/msccl-executor-nccl/build/lib/msccl-algorithms as algorithm directory and /home/wangyj05/msccl_azure/executor/msccl-executor-nccl/build/lib/../share/nccl/msccl-algorithms as share algorithm directory and /usr/share/nccl/msccl-algorithms as package installed share algorithm directory 
ja3:926709:926717 [0] NCCL INFO Using MSCCL Algo files from /home/wangyj05/msccl_azure/executor/msccl-executor-nccl/build/lib/msccl-algorithms
ja3:926709:926717 [0] NCCL INFO Trees [0] -1/-1/-1->1->0 [1] 0/-1/-1->1->-1
ja3:926709:926717 [0] NCCL INFO NCCL_BUFFSIZE set by environment to 4194304.
ja3:926709:926717 [0] NCCL INFO NCCL_P2P_NET_CHUNKSIZE set by environment to 524288.
ja3:926709:926717 [0] NCCL INFO P2P Chunksize set to 524288
ja2:1310382:1310389 [0] NCCL INFO Using MSCCL Algo files from /home/wangyj05/msccl_azure/executor/msccl-executor-nccl/build/lib/msccl-algorithms
ja2:1310382:1310389 [0] NCCL INFO Channel 00/02 : 0 1
ja2:1310382:1310389 [0] NCCL INFO Channel 01/02 : 0 1
ja2:1310382:1310389 [0] NCCL INFO Trees [0] 1/-1/-1->0->-1 [1] -1/-1/-1->0->1
ja2:1310382:1310389 [0] NCCL INFO NCCL_BUFFSIZE set by environment to 4194304.
ja2:1310382:1310389 [0] NCCL INFO NCCL_P2P_NET_CHUNKSIZE set by environment to 524288.
ja2:1310382:1310389 [0] NCCL INFO P2P Chunksize set to 524288
ja3:926709:926719 [0] NCCL INFO [Proxy Service] Device 0 CPU core 192
ja3:926709:926720 [0] NCCL INFO [Proxy Service UDS] Device 0 CPU core 192
ja2:1310382:1310392 [0] NCCL INFO [Proxy Service] Device 0 CPU core 64
ja2:1310382:1310393 [0] NCCL INFO [Proxy Service UDS] Device 0 CPU core 64
ja3:926709:926717 [0] NCCL INFO NCCL_PROTO set by environment to Simple
ja3:926709:926717 [0] NCCL INFO threadThresholds 8/8/64 | 16/8/64 | 512 | 512
ja3:926709:926717 [0] NCCL INFO 2 coll channels, 2 collnet channels, 0 nvls channels, 2 p2p channels, 2 p2p channels per peer
ja2:1310382:1310389 [0] NCCL INFO NCCL_PROTO set by environment to Simple
ja2:1310382:1310389 [0] NCCL INFO threadThresholds 8/8/64 | 16/8/64 | 512 | 512
ja2:1310382:1310389 [0] NCCL INFO 2 coll channels, 2 collnet channels, 0 nvls channels, 2 p2p channels, 2 p2p channels per peer
ja3:926709:926717 [0] NCCL INFO MSCCL: Initialization finished
ja2:1310382:1310389 [0] NCCL INFO CC Off, Multi-GPU CC Off, workFifoBytes 1048576
ja3:926709:926717 [0] NCCL INFO TUNER/Plugin: Could not find: libnccl-tuner.so libnccl-net.so. Using internal tuner plugin.
ja3:926709:926717 [0] NCCL INFO ncclCommInitRank comm 0x2ccb2520 rank 1 nranks 2 cudaDev 0 nvmlDev 0 busId 1000 commId 0x850e807f9a60fdc6 - Init COMPLETE
ja3:926709:926717 [0] NCCL INFO Init timings - ncclCommInitRank: rank 1 nranks 2 total 0.03 (kernels 0.00, alloc 0.02, bootstrap 0.00, allgathers 0.00, topo 0.00, graphs 0.00, connections 0.00, rest 0.00)
ja2:1310382:1310389 [0] NCCL INFO MSCCL: Initialization finished
ja2:1310382:1310389 [0] NCCL INFO TUNER/Plugin: Could not find: libnccl-tuner.so libnccl-net.so. Using internal tuner plugin.
ja2:1310382:1310389 [0] NCCL INFO ncclCommInitRank comm 0x2772cfc0 rank 0 nranks 2 cudaDev 0 nvmlDev 0 busId 1000 commId 0x850e807f9a60fdc6 - Init COMPLETE
ja2:1310382:1310389 [0] NCCL INFO Init timings - ncclCommInitRank: rank 0 nranks 2 total 0.11 (kernels 0.00, alloc 0.02, bootstrap 0.08, allgathers 0.00, topo 0.00, graphs 0.00, connections 0.00, rest 0.00)
#
#                                                              out-of-place                       in-place          
#       size         count      type   redop    root     time   algbw   busbw #wrong     time   algbw   busbw #wrong
#        (B)    (elements)                               (us)  (GB/s)  (GB/s)            (us)  (GB/s)  (GB/s)       
ja2:1310382:1310394 [0] NCCL INFO NCCL_NET_SHARED_BUFFERS set by environment to 0.
ja3:926709:926721 [0] NCCL INFO NCCL_NET_SHARED_BUFFERS set by environment to 0.
ja3:926709:926719 [0] NCCL INFO New proxy recv connection 0 from local rank 0, transport 2
ja3:926709:926721 [0] NCCL INFO Connected to proxy localRank 0 -> connection 0x14bac0000d10
ja3:926709:926722 [0] NCCL INFO [Proxy Progress] Device 0 CPU core 192
ja3:926709:926721 [0] NCCL INFO Channel 00/1 : 0[0] -> 1[0] [receive] via NET/IB/0
ja3:926709:926719 [0] NCCL INFO New proxy recv connection 1 from local rank 0, transport 2
ja3:926709:926721 [0] NCCL INFO Connected to proxy localRank 0 -> connection 0x14bac0000d88
ja3:926709:926721 [0] NCCL INFO Channel 01/1 : 0[0] -> 1[0] [receive] via NET/IB/0
ja3:926709:926719 [0] NCCL INFO New proxy send connection 2 from local rank 0, transport 2
ja3:926709:926721 [0] NCCL INFO Connected to proxy localRank 0 -> connection 0x14bac0000e00
ja3:926709:926721 [0] NCCL INFO Channel 00/1 : 1[0] -> 0[0] [send] via NET/IB/0
ja3:926709:926719 [0] NCCL INFO New proxy send connection 3 from local rank 0, transport 2
ja3:926709:926721 [0] NCCL INFO Connected to proxy localRank 0 -> connection 0x14bac0000e78
ja3:926709:926721 [0] NCCL INFO Channel 01/1 : 1[0] -> 0[0] [send] via NET/IB/0
ja2:1310382:1310392 [0] NCCL INFO New proxy recv connection 0 from local rank 0, transport 2
ja2:1310382:1310395 [0] NCCL INFO [Proxy Progress] Device 0 CPU core 192
ja2:1310382:1310394 [0] NCCL INFO Connected to proxy localRank 0 -> connection 0x152b10000cd0
ja2:1310382:1310394 [0] NCCL INFO Channel 00/1 : 1[0] -> 0[0] [receive] via NET/IB/0
ja2:1310382:1310392 [0] NCCL INFO New proxy recv connection 1 from local rank 0, transport 2
ja2:1310382:1310394 [0] NCCL INFO Connected to proxy localRank 0 -> connection 0x152b10000d48
ja2:1310382:1310394 [0] NCCL INFO Channel 01/1 : 1[0] -> 0[0] [receive] via NET/IB/0
ja2:1310382:1310392 [0] NCCL INFO New proxy send connection 2 from local rank 0, transport 2
ja2:1310382:1310394 [0] NCCL INFO Connected to proxy localRank 0 -> connection 0x152b10000dc0
ja2:1310382:1310394 [0] NCCL INFO Channel 00/1 : 0[0] -> 1[0] [send] via NET/IB/0
ja2:1310382:1310392 [0] NCCL INFO New proxy send connection 3 from local rank 0, transport 2
ja2:1310382:1310394 [0] NCCL INFO Connected to proxy localRank 0 -> connection 0x152b10000e38
ja2:1310382:1310394 [0] NCCL INFO Channel 01/1 : 0[0] -> 1[0] [send] via NET/IB/0
ja2:1310382:1310392 [0] NCCL INFO NCCL_IB_QPS_PER_CONNECTION set by environment to 1.
ja3:926709:926719 [0] NCCL INFO NCCL_IB_QPS_PER_CONNECTION set by environment to 1.
ja2:1310382:1310392 [0] NCCL INFO NCCL_IB_FRAG_SIZE set by environment to -1.
ja3:926709:926719 [0] NCCL INFO NCCL_IB_FRAG_SIZE set by environment to -1.
ja2:1310382:1310392 [0] NCCL INFO NET/IB: NCCL Dev 0 IbDev 0 Port 1 qpn 3223 mtu 5 LID 22 subnet-prefix 33022  FLID 0 fifoRkey=0x17fcbb fifoLkey=0x17fcbb
ja3:926709:926719 [0] NCCL INFO NET/IB: NCCL Dev 0 IbDev 0 Port 1 qpn 3142 mtu 5 LID 23 subnet-prefix 33022  FLID 0 fifoRkey=0x1800c0 fifoLkey=0x1800c0
ja2:1310382:1310392 [0] NCCL INFO NET/IB: NCCL Dev 0 IbDev 0 Port 1 qpn 3224 mtu 5 LID 22 subnet-prefix 33022  FLID 0 fifoRkey=0x1febaa fifoLkey=0x1febaa
ja2:1310382:1310392 [0] NCCL INFO NCCL_IB_FRAG_BATCH set by environment to 2.
ja2:1310382:1310392 [0] NCCL INFO NET/IB: MTU fragmentation on: fragSize=4096 batch=2 sqDepth=2048 nqps=1
ja3:926709:926719 [0] NCCL INFO NET/IB: NCCL Dev 0 IbDev 0 Port 1 qpn 3145 mtu 5 LID 23 subnet-prefix 33022  FLID 0 fifoRkey=0x180bca fifoLkey=0x180bca
ja3:926709:926719 [0] NCCL INFO NCCL_IB_FRAG_BATCH set by environment to 2.
ja3:926709:926719 [0] NCCL INFO NET/IB: MTU fragmentation on: fragSize=4096 batch=2 sqDepth=2048 nqps=1
ja2:1310382:1310392 [0] NCCL INFO NET/IB: MTU fragmentation on: fragSize=4096 batch=2 sqDepth=2048 nqps=1
ja3:926709:926719 [0] NCCL INFO NET/IB: MTU fragmentation on: fragSize=4096 batch=2 sqDepth=2048 nqps=1
ja2:1310382:1310395 [0] NCCL INFO NCCL_IB_SPLIT_DATA_ON_QPS set by environment to 0.
ja3:926709:926722 [0] NCCL INFO NCCL_IB_SPLIT_DATA_ON_QPS set by environment to 0.
       65536         16384     float     sum      -1    41.70    1.57    1.57      0    41.38    1.58    1.58    N/A
      131072         32768     float     sum      -1    55.85    2.35    2.35      0    61.26    2.14    2.14    N/A
      262144         65536     float     sum      -1    82.47    3.18    3.18      0    78.38    3.34    3.34    N/A
      524288        131072     float     sum      -1    117.7    4.45    4.45      0    129.9    4.04    4.04    N/A
     1048576        262144     float     sum      -1    201.6    5.20    5.20      0    190.3    5.51    5.51    N/A
     2097152        524288     float     sum      -1    314.2    6.67    6.67      0    322.2    6.51    6.51    N/A
ja3:926709:926709 [0] NCCL INFO comm 0x2ccb2520 rank 1 nranks 2 cudaDev 0 busId 1000 - Destroy COMPLETE
ja3:926709:926709 [0] NCCL INFO MSCCL: Teardown finished
ja2:1310382:1310382 [0] NCCL INFO comm 0x2772cfc0 rank 0 nranks 2 cudaDev 0 busId 1000 - Destroy COMPLETE
ja2:1310382:1310382 [0] NCCL INFO MSCCL: Teardown finished
# Out of bounds values : 0 OK
# Avg bus bandwidth    : 3.87902 
#

--- checks for CASE F_r2_qp1_split0_fragon ---
  ACTIVE: ja2:1310382:1310392 [0] NCCL INFO NET/IB: MTU fragmentation on: fragSize=4096 batch=2 sqDepth=2048 nqps=1
  RESULT: # Out of bounds values : 0 OK

========================================================
  CASE F_r2_qp2_split0_fragoff
  NCCL_IB_FRAG_SIZE=0
  NCCL_IB_FRAG_BATCH=2
  NCCL_IB_SEND_QUEUE_DEPTH=
  NCCL_IB_QPS_PER_CONNECTION=2
  NCCL_IB_SPLIT_DATA_ON_QPS=0
  sizes: -b 64K -e 2M -f 2  iters: -n 50 -w 20
  Wed Aug 12 17:01:23 CST 2026
========================================================
# nThread 1 nGpus 1 minBytes 65536 maxBytes 2097152 step: 2(factor) warmup iters: 20 iters: 50 agg iters: 1 validation: 1 graph: 0
#
# Using devices
#  Rank  0 Group  0 Pid 1310440 on        ja2 device  0 [0000:01:00] Tesla V100-PCIE-16GB
#  Rank  1 Group  0 Pid 926748 on        ja3 device  0 [0000:01:00] Tesla V100-PCIE-16GB
ja2:1310440:1310440 [0] NCCL INFO cudaDriverVersion 12000
ja2:1310440:1310440 [0] NCCL INFO NCCL version 2.23.4+cuda12.2
ja2:1310440:1310447 [0] NCCL INFO NET/Plugin: Could not find: libnccl-net.so. Using internal network plugin.
ja2:1310440:1310447 [0] NCCL INFO NCCL_IB_HCA set to mlx5_0
ja2:1310440:1310447 [0] NCCL INFO NET/IB : Using [0]mlx5_0:1/IB [RO]; OOB enp68s0f0:172.23.15.12<0>
ja2:1310440:1310447 [0] NCCL INFO PROFILER/Plugin: Could not find: libnccl-profiler.so.
ja2:1310440:1310447 [0] NCCL INFO Using network IB
ja2:1310440:1310447 [0] NCCL INFO ncclCommInitRank comm 0x3e8e86f0 rank 0 nranks 2 cudaDev 0 nvmlDev 0 busId 1000 commId 0xddc9b661b060f406 - Init START
ja3:926748:926748 [0] NCCL INFO cudaDriverVersion 12000
ja3:926748:926748 [0] NCCL INFO NCCL version 2.23.4+cuda12.2
ja3:926748:926756 [0] NCCL INFO NET/Plugin: Could not find: libnccl-net.so. Using internal network plugin.
ja3:926748:926756 [0] NCCL INFO NCCL_IB_HCA set to mlx5_0
ja3:926748:926756 [0] NCCL INFO NET/IB : Using [0]mlx5_0:1/IB [RO]; OOB enp68s0f0:172.23.15.13<0>
ja3:926748:926756 [0] NCCL INFO PROFILER/Plugin: Could not find: libnccl-profiler.so.
ja3:926748:926756 [0] NCCL INFO Using network IB
ja3:926748:926756 [0] NCCL INFO ncclCommInitRank comm 0x2f6cadf0 rank 1 nranks 2 cudaDev 0 nvmlDev 0 busId 1000 commId 0xddc9b661b060f406 - Init START
ja3:926748:926756 [0] NCCL INFO NET/IB : GPU Direct RDMA Disabled for HCA 0 'mlx5_0'
ja2:1310440:1310447 [0] NCCL INFO NET/IB : GPU Direct RDMA Disabled for HCA 0 'mlx5_0'
ja3:926748:926756 [0] NCCL INFO comm 0x2f6cadf0 rank 1 nRanks 2 nNodes 2 localRanks 1 localRank 0 MNNVL 0
ja2:1310440:1310447 [0] NCCL INFO comm 0x3e8e86f0 rank 0 nRanks 2 nNodes 2 localRanks 1 localRank 0 MNNVL 0
ja3:926748:926756 [0] NCCL INFO MSCCL: No external scheduler found, using internal implementation
ja3:926748:926756 [0] NCCL INFO MSCCL: Internal Scheduler will use /home/wangyj05/msccl_azure/executor/msccl-executor-nccl/build/lib/msccl-algorithms as algorithm directory and /home/wangyj05/msccl_azure/executor/msccl-executor-nccl/build/lib/../share/nccl/msccl-algorithms as share algorithm directory and /usr/share/nccl/msccl-algorithms as package installed share algorithm directory 
ja2:1310440:1310447 [0] NCCL INFO MSCCL: No external scheduler found, using internal implementation
ja2:1310440:1310447 [0] NCCL INFO MSCCL: Internal Scheduler will use /home/wangyj05/msccl_azure/executor/msccl-executor-nccl/build/lib/msccl-algorithms as algorithm directory and /home/wangyj05/msccl_azure/executor/msccl-executor-nccl/build/lib/../share/nccl/msccl-algorithms as share algorithm directory and /usr/share/nccl/msccl-algorithms as package installed share algorithm directory 
ja3:926748:926756 [0] NCCL INFO Using MSCCL Algo files from /home/wangyj05/msccl_azure/executor/msccl-executor-nccl/build/lib/msccl-algorithms
ja3:926748:926756 [0] NCCL INFO Trees [0] -1/-1/-1->1->0 [1] 0/-1/-1->1->-1
ja3:926748:926756 [0] NCCL INFO NCCL_BUFFSIZE set by environment to 4194304.
ja3:926748:926756 [0] NCCL INFO NCCL_P2P_NET_CHUNKSIZE set by environment to 524288.
ja3:926748:926756 [0] NCCL INFO P2P Chunksize set to 524288
ja2:1310440:1310447 [0] NCCL INFO Using MSCCL Algo files from /home/wangyj05/msccl_azure/executor/msccl-executor-nccl/build/lib/msccl-algorithms
ja2:1310440:1310447 [0] NCCL INFO Channel 00/02 : 0 1
ja2:1310440:1310447 [0] NCCL INFO Channel 01/02 : 0 1
ja2:1310440:1310447 [0] NCCL INFO Trees [0] 1/-1/-1->0->-1 [1] -1/-1/-1->0->1
ja2:1310440:1310447 [0] NCCL INFO NCCL_BUFFSIZE set by environment to 4194304.
ja2:1310440:1310447 [0] NCCL INFO NCCL_P2P_NET_CHUNKSIZE set by environment to 524288.
ja2:1310440:1310447 [0] NCCL INFO P2P Chunksize set to 524288
ja3:926748:926758 [0] NCCL INFO [Proxy Service] Device 0 CPU core 64
ja2:1310440:1310449 [0] NCCL INFO [Proxy Service] Device 0 CPU core 64
ja2:1310440:1310450 [0] NCCL INFO [Proxy Service UDS] Device 0 CPU core 64
ja3:926748:926759 [0] NCCL INFO [Proxy Service UDS] Device 0 CPU core 64
ja3:926748:926756 [0] NCCL INFO NCCL_PROTO set by environment to Simple
ja3:926748:926756 [0] NCCL INFO threadThresholds 8/8/64 | 16/8/64 | 512 | 512
ja3:926748:926756 [0] NCCL INFO 2 coll channels, 2 collnet channels, 0 nvls channels, 2 p2p channels, 2 p2p channels per peer
ja2:1310440:1310447 [0] NCCL INFO NCCL_PROTO set by environment to Simple
ja2:1310440:1310447 [0] NCCL INFO threadThresholds 8/8/64 | 16/8/64 | 512 | 512
ja2:1310440:1310447 [0] NCCL INFO 2 coll channels, 2 collnet channels, 0 nvls channels, 2 p2p channels, 2 p2p channels per peer
ja2:1310440:1310447 [0] NCCL INFO CC Off, Multi-GPU CC Off, workFifoBytes 1048576
ja3:926748:926756 [0] NCCL INFO MSCCL: Initialization finished
ja2:1310440:1310447 [0] NCCL INFO MSCCL: Initialization finished
ja3:926748:926756 [0] NCCL INFO TUNER/Plugin: Could not find: libnccl-tuner.so libnccl-net.so. Using internal tuner plugin.
ja3:926748:926756 [0] NCCL INFO ncclCommInitRank comm 0x2f6cadf0 rank 1 nranks 2 cudaDev 0 nvmlDev 0 busId 1000 commId 0xddc9b661b060f406 - Init COMPLETE
ja3:926748:926756 [0] NCCL INFO Init timings - ncclCommInitRank: rank 1 nranks 2 total 0.03 (kernels 0.00, alloc 0.02, bootstrap 0.00, allgathers 0.00, topo 0.00, graphs 0.00, connections 0.00, rest 0.00)
ja2:1310440:1310447 [0] NCCL INFO TUNER/Plugin: Could not find: libnccl-tuner.so libnccl-net.so. Using internal tuner plugin.
ja2:1310440:1310447 [0] NCCL INFO ncclCommInitRank comm 0x3e8e86f0 rank 0 nranks 2 cudaDev 0 nvmlDev 0 busId 1000 commId 0xddc9b661b060f406 - Init COMPLETE
ja2:1310440:1310447 [0] NCCL INFO Init timings - ncclCommInitRank: rank 0 nranks 2 total 0.19 (kernels 0.00, alloc 0.02, bootstrap 0.16, allgathers 0.00, topo 0.00, graphs 0.00, connections 0.00, rest 0.00)
#
#                                                              out-of-place                       in-place          
#       size         count      type   redop    root     time   algbw   busbw #wrong     time   algbw   busbw #wrong
#        (B)    (elements)                               (us)  (GB/s)  (GB/s)            (us)  (GB/s)  (GB/s)       
ja2:1310440:1310451 [0] NCCL INFO NCCL_NET_SHARED_BUFFERS set by environment to 0.
ja3:926748:926760 [0] NCCL INFO NCCL_NET_SHARED_BUFFERS set by environment to 0.
ja3:926748:926758 [0] NCCL INFO New proxy recv connection 0 from local rank 0, transport 2
ja3:926748:926760 [0] NCCL INFO Connected to proxy localRank 0 -> connection 0x1515d0000d10
ja3:926748:926761 [0] NCCL INFO [Proxy Progress] Device 0 CPU core 64
ja3:926748:926760 [0] NCCL INFO Channel 00/1 : 0[0] -> 1[0] [receive] via NET/IB/0
ja3:926748:926758 [0] NCCL INFO New proxy recv connection 1 from local rank 0, transport 2
ja3:926748:926760 [0] NCCL INFO Connected to proxy localRank 0 -> connection 0x1515d0000d88
ja3:926748:926760 [0] NCCL INFO Channel 01/1 : 0[0] -> 1[0] [receive] via NET/IB/0
ja3:926748:926758 [0] NCCL INFO New proxy send connection 2 from local rank 0, transport 2
ja3:926748:926760 [0] NCCL INFO Connected to proxy localRank 0 -> connection 0x1515d0000e00
ja3:926748:926760 [0] NCCL INFO Channel 00/1 : 1[0] -> 0[0] [send] via NET/IB/0
ja3:926748:926758 [0] NCCL INFO New proxy send connection 3 from local rank 0, transport 2
ja3:926748:926760 [0] NCCL INFO Connected to proxy localRank 0 -> connection 0x1515d0000e78
ja3:926748:926760 [0] NCCL INFO Channel 01/1 : 1[0] -> 0[0] [send] via NET/IB/0
ja2:1310440:1310449 [0] NCCL INFO New proxy recv connection 0 from local rank 0, transport 2
ja2:1310440:1310451 [0] NCCL INFO Connected to proxy localRank 0 -> connection 0x14ead8000cd0
ja2:1310440:1310452 [0] NCCL INFO [Proxy Progress] Device 0 CPU core 192
ja2:1310440:1310451 [0] NCCL INFO Channel 00/1 : 1[0] -> 0[0] [receive] via NET/IB/0
ja2:1310440:1310449 [0] NCCL INFO New proxy recv connection 1 from local rank 0, transport 2
ja2:1310440:1310451 [0] NCCL INFO Connected to proxy localRank 0 -> connection 0x14ead8000d48
ja2:1310440:1310451 [0] NCCL INFO Channel 01/1 : 1[0] -> 0[0] [receive] via NET/IB/0
ja2:1310440:1310449 [0] NCCL INFO New proxy send connection 2 from local rank 0, transport 2
ja2:1310440:1310451 [0] NCCL INFO Connected to proxy localRank 0 -> connection 0x14ead8000dc0
ja2:1310440:1310451 [0] NCCL INFO Channel 00/1 : 0[0] -> 1[0] [send] via NET/IB/0
ja2:1310440:1310449 [0] NCCL INFO New proxy send connection 3 from local rank 0, transport 2
ja2:1310440:1310451 [0] NCCL INFO Connected to proxy localRank 0 -> connection 0x14ead8000e38
ja2:1310440:1310451 [0] NCCL INFO Channel 01/1 : 0[0] -> 1[0] [send] via NET/IB/0
ja2:1310440:1310449 [0] NCCL INFO NCCL_IB_QPS_PER_CONNECTION set by environment to 2.
ja3:926748:926758 [0] NCCL INFO NCCL_IB_QPS_PER_CONNECTION set by environment to 2.
ja3:926748:926758 [0] NCCL INFO NCCL_IB_FRAG_SIZE set by environment to 0.
ja2:1310440:1310449 [0] NCCL INFO NCCL_IB_FRAG_SIZE set by environment to 0.
ja3:926748:926758 [0] NCCL INFO NET/IB: NCCL Dev 0 IbDev 0 Port 1 qpn 3159 mtu 5 LID 23 subnet-prefix 33022  FLID 0 fifoRkey=0x180bca fifoLkey=0x180bca
ja3:926748:926758 [0] NCCL INFO NET/IB: NCCL Dev 0 IbDev 0 Port 1 qpn 3160 mtu 5 LID 23 subnet-prefix 33022  FLID 0 fifoRkey=0x180bca fifoLkey=0x180bca
ja2:1310440:1310449 [0] NCCL INFO NET/IB: NCCL Dev 0 IbDev 0 Port 1 qpn 3240 mtu 5 LID 22 subnet-prefix 33022  FLID 0 fifoRkey=0x17fcbb fifoLkey=0x17fcbb
ja2:1310440:1310449 [0] NCCL INFO NET/IB: NCCL Dev 0 IbDev 0 Port 1 qpn 3241 mtu 5 LID 22 subnet-prefix 33022  FLID 0 fifoRkey=0x17fcbb fifoLkey=0x17fcbb
ja3:926748:926758 [0] NCCL INFO NET/IB: NCCL Dev 0 IbDev 0 Port 1 qpn 3161 mtu 5 LID 23 subnet-prefix 33022  FLID 0 fifoRkey=0x1ffbba fifoLkey=0x1ffbba
ja3:926748:926758 [0] NCCL INFO NET/IB: NCCL Dev 0 IbDev 0 Port 1 qpn 3162 mtu 5 LID 23 subnet-prefix 33022  FLID 0 fifoRkey=0x1ffbba fifoLkey=0x1ffbba
ja2:1310440:1310449 [0] NCCL INFO NET/IB: NCCL Dev 0 IbDev 0 Port 1 qpn 3245 mtu 5 LID 22 subnet-prefix 33022  FLID 0 fifoRkey=0x183af9 fifoLkey=0x183af9
ja2:1310440:1310449 [0] NCCL INFO NET/IB: NCCL Dev 0 IbDev 0 Port 1 qpn 3246 mtu 5 LID 22 subnet-prefix 33022  FLID 0 fifoRkey=0x183af9 fifoLkey=0x183af9
ja2:1310440:1310452 [0] NCCL INFO NCCL_IB_SPLIT_DATA_ON_QPS set by environment to 0.
ja2:1310440:1310452 [0] NCCL INFO NCCL_IB_AR_THRESHOLD set by environment to 0.
ja3:926748:926761 [0] NCCL INFO NCCL_IB_SPLIT_DATA_ON_QPS set by environment to 0.
ja3:926748:926761 [0] NCCL INFO NCCL_IB_AR_THRESHOLD set by environment to 0.
       65536         16384     float     sum      -1    39.67    1.65    1.65      0    42.43    1.54    1.54    N/A
      131072         32768     float     sum      -1    53.11    2.47    2.47      0    56.50    2.32    2.32    N/A
      262144         65536     float     sum      -1    74.79    3.51    3.51      0    75.11    3.49    3.49    N/A
      524288        131072     float     sum      -1    114.3    4.59    4.59      0    123.7    4.24    4.24    N/A
     1048576        262144     float     sum      -1    188.0    5.58    5.58      0    187.9    5.58    5.58    N/A
     2097152        524288     float     sum      -1    315.5    6.65    6.65      0    333.5    6.29    6.29    N/A
ja2:1310440:1310440 [0] NCCL INFO comm 0x3e8e86f0 rank 0 nranks 2 cudaDev 0 busId 1000 - Destroy COMPLETE
ja2:1310440:1310440 [0] NCCL INFO MSCCL: Teardown finished
ja3:926748:926748 [0] NCCL INFO comm 0x2f6cadf0 rank 1 nranks 2 cudaDev 0 busId 1000 - Destroy COMPLETE
ja3:926748:926748 [0] NCCL INFO MSCCL: Teardown finished
# Out of bounds values : 0 OK
# Avg bus bandwidth    : 3.99147 
#

--- checks for CASE F_r2_qp2_split0_fragoff ---
  ACTIVE: fragmentation NOT active (expected for cases A and B)
  RESULT: # Out of bounds values : 0 OK

========================================================
  CASE F_r2_qp2_split0_fragon
  NCCL_IB_FRAG_SIZE=-1
  NCCL_IB_FRAG_BATCH=2
  NCCL_IB_SEND_QUEUE_DEPTH=
  NCCL_IB_QPS_PER_CONNECTION=2
  NCCL_IB_SPLIT_DATA_ON_QPS=0
  sizes: -b 64K -e 2M -f 2  iters: -n 50 -w 20
  Wed Aug 12 17:01:27 CST 2026
========================================================
# nThread 1 nGpus 1 minBytes 65536 maxBytes 2097152 step: 2(factor) warmup iters: 20 iters: 50 agg iters: 1 validation: 1 graph: 0
#
# Using devices
#  Rank  0 Group  0 Pid 1310506 on        ja2 device  0 [0000:01:00] Tesla V100-PCIE-16GB
#  Rank  1 Group  0 Pid 926792 on        ja3 device  0 [0000:01:00] Tesla V100-PCIE-16GB
ja2:1310506:1310506 [0] NCCL INFO cudaDriverVersion 12000
ja2:1310506:1310506 [0] NCCL INFO NCCL version 2.23.4+cuda12.2
ja2:1310506:1310515 [0] NCCL INFO NET/Plugin: Could not find: libnccl-net.so. Using internal network plugin.
ja2:1310506:1310515 [0] NCCL INFO NCCL_IB_HCA set to mlx5_0
ja2:1310506:1310515 [0] NCCL INFO NET/IB : Using [0]mlx5_0:1/IB [RO]; OOB enp68s0f0:172.23.15.12<0>
ja2:1310506:1310515 [0] NCCL INFO PROFILER/Plugin: Could not find: libnccl-profiler.so.
ja2:1310506:1310515 [0] NCCL INFO Using network IB
ja2:1310506:1310515 [0] NCCL INFO ncclCommInitRank comm 0x12d621e0 rank 0 nranks 2 cudaDev 0 nvmlDev 0 busId 1000 commId 0xbd63259cb600f739 - Init START
ja3:926792:926792 [0] NCCL INFO cudaDriverVersion 12000
ja3:926792:926792 [0] NCCL INFO NCCL version 2.23.4+cuda12.2
ja3:926792:926798 [0] NCCL INFO NET/Plugin: Could not find: libnccl-net.so. Using internal network plugin.
ja3:926792:926798 [0] NCCL INFO NCCL_IB_HCA set to mlx5_0
ja3:926792:926798 [0] NCCL INFO NET/IB : Using [0]mlx5_0:1/IB [RO]; OOB enp68s0f0:172.23.15.13<0>
ja3:926792:926798 [0] NCCL INFO PROFILER/Plugin: Could not find: libnccl-profiler.so.
ja3:926792:926798 [0] NCCL INFO Using network IB
ja3:926792:926798 [0] NCCL INFO ncclCommInitRank comm 0x3b0cccf0 rank 1 nranks 2 cudaDev 0 nvmlDev 0 busId 1000 commId 0xbd63259cb600f739 - Init START
ja3:926792:926798 [0] NCCL INFO NET/IB : GPU Direct RDMA Disabled for HCA 0 'mlx5_0'
ja2:1310506:1310515 [0] NCCL INFO NET/IB : GPU Direct RDMA Disabled for HCA 0 'mlx5_0'
ja2:1310506:1310515 [0] NCCL INFO comm 0x12d621e0 rank 0 nRanks 2 nNodes 2 localRanks 1 localRank 0 MNNVL 0
ja3:926792:926798 [0] NCCL INFO comm 0x3b0cccf0 rank 1 nRanks 2 nNodes 2 localRanks 1 localRank 0 MNNVL 0
ja2:1310506:1310515 [0] NCCL INFO MSCCL: No external scheduler found, using internal implementation
ja2:1310506:1310515 [0] NCCL INFO MSCCL: Internal Scheduler will use /home/wangyj05/msccl_azure/executor/msccl-executor-nccl/build/lib/msccl-algorithms as algorithm directory and /home/wangyj05/msccl_azure/executor/msccl-executor-nccl/build/lib/../share/nccl/msccl-algorithms as share algorithm directory and /usr/share/nccl/msccl-algorithms as package installed share algorithm directory 
ja3:926792:926798 [0] NCCL INFO MSCCL: No external scheduler found, using internal implementation
ja3:926792:926798 [0] NCCL INFO MSCCL: Internal Scheduler will use /home/wangyj05/msccl_azure/executor/msccl-executor-nccl/build/lib/msccl-algorithms as algorithm directory and /home/wangyj05/msccl_azure/executor/msccl-executor-nccl/build/lib/../share/nccl/msccl-algorithms as share algorithm directory and /usr/share/nccl/msccl-algorithms as package installed share algorithm directory 
ja3:926792:926798 [0] NCCL INFO Using MSCCL Algo files from /home/wangyj05/msccl_azure/executor/msccl-executor-nccl/build/lib/msccl-algorithms
ja3:926792:926798 [0] NCCL INFO Trees [0] -1/-1/-1->1->0 [1] 0/-1/-1->1->-1
ja3:926792:926798 [0] NCCL INFO NCCL_BUFFSIZE set by environment to 4194304.
ja3:926792:926798 [0] NCCL INFO NCCL_P2P_NET_CHUNKSIZE set by environment to 524288.
ja3:926792:926798 [0] NCCL INFO P2P Chunksize set to 524288
ja2:1310506:1310515 [0] NCCL INFO Using MSCCL Algo files from /home/wangyj05/msccl_azure/executor/msccl-executor-nccl/build/lib/msccl-algorithms
ja2:1310506:1310515 [0] NCCL INFO Channel 00/02 : 0 1
ja2:1310506:1310515 [0] NCCL INFO Channel 01/02 : 0 1
ja2:1310506:1310515 [0] NCCL INFO Trees [0] 1/-1/-1->0->-1 [1] -1/-1/-1->0->1
ja2:1310506:1310515 [0] NCCL INFO NCCL_BUFFSIZE set by environment to 4194304.
ja2:1310506:1310515 [0] NCCL INFO NCCL_P2P_NET_CHUNKSIZE set by environment to 524288.
ja2:1310506:1310515 [0] NCCL INFO P2P Chunksize set to 524288
ja2:1310506:1310517 [0] NCCL INFO [Proxy Service] Device 0 CPU core 64
ja3:926792:926800 [0] NCCL INFO [Proxy Service] Device 0 CPU core 192
ja3:926792:926801 [0] NCCL INFO [Proxy Service UDS] Device 0 CPU core 192
ja2:1310506:1310518 [0] NCCL INFO [Proxy Service UDS] Device 0 CPU core 64
ja3:926792:926798 [0] NCCL INFO NCCL_PROTO set by environment to Simple
ja3:926792:926798 [0] NCCL INFO threadThresholds 8/8/64 | 16/8/64 | 512 | 512
ja3:926792:926798 [0] NCCL INFO 2 coll channels, 2 collnet channels, 0 nvls channels, 2 p2p channels, 2 p2p channels per peer
ja2:1310506:1310515 [0] NCCL INFO NCCL_PROTO set by environment to Simple
ja2:1310506:1310515 [0] NCCL INFO threadThresholds 8/8/64 | 16/8/64 | 512 | 512
ja2:1310506:1310515 [0] NCCL INFO 2 coll channels, 2 collnet channels, 0 nvls channels, 2 p2p channels, 2 p2p channels per peer
ja2:1310506:1310515 [0] NCCL INFO CC Off, Multi-GPU CC Off, workFifoBytes 1048576
ja3:926792:926798 [0] NCCL INFO MSCCL: Initialization finished
ja3:926792:926798 [0] NCCL INFO TUNER/Plugin: Could not find: libnccl-tuner.so libnccl-net.so. Using internal tuner plugin.
ja3:926792:926798 [0] NCCL INFO ncclCommInitRank comm 0x3b0cccf0 rank 1 nranks 2 cudaDev 0 nvmlDev 0 busId 1000 commId 0xbd63259cb600f739 - Init COMPLETE
ja3:926792:926798 [0] NCCL INFO Init timings - ncclCommInitRank: rank 1 nranks 2 total 0.03 (kernels 0.00, alloc 0.02, bootstrap 0.00, allgathers 0.00, topo 0.00, graphs 0.00, connections 0.00, rest 0.00)
ja2:1310506:1310515 [0] NCCL INFO MSCCL: Initialization finished
ja2:1310506:1310515 [0] NCCL INFO TUNER/Plugin: Could not find: libnccl-tuner.so libnccl-net.so. Using internal tuner plugin.
ja2:1310506:1310515 [0] NCCL INFO ncclCommInitRank comm 0x12d621e0 rank 0 nranks 2 cudaDev 0 nvmlDev 0 busId 1000 commId 0xbd63259cb600f739 - Init COMPLETE
ja2:1310506:1310515 [0] NCCL INFO Init timings - ncclCommInitRank: rank 0 nranks 2 total 0.13 (kernels 0.00, alloc 0.02, bootstrap 0.10, allgathers 0.00, topo 0.00, graphs 0.00, connections 0.00, rest 0.00)
#
#                                                              out-of-place                       in-place          
#       size         count      type   redop    root     time   algbw   busbw #wrong     time   algbw   busbw #wrong
#        (B)    (elements)                               (us)  (GB/s)  (GB/s)            (us)  (GB/s)  (GB/s)       
ja2:1310506:1310519 [0] NCCL INFO NCCL_NET_SHARED_BUFFERS set by environment to 0.
ja3:926792:926802 [0] NCCL INFO NCCL_NET_SHARED_BUFFERS set by environment to 0.
ja3:926792:926800 [0] NCCL INFO New proxy recv connection 0 from local rank 0, transport 2
ja3:926792:926802 [0] NCCL INFO Connected to proxy localRank 0 -> connection 0x14e038000d10
ja3:926792:926803 [0] NCCL INFO [Proxy Progress] Device 0 CPU core 192
ja3:926792:926802 [0] NCCL INFO Channel 00/1 : 0[0] -> 1[0] [receive] via NET/IB/0
ja3:926792:926800 [0] NCCL INFO New proxy recv connection 1 from local rank 0, transport 2
ja3:926792:926802 [0] NCCL INFO Connected to proxy localRank 0 -> connection 0x14e038000d88
ja3:926792:926802 [0] NCCL INFO Channel 01/1 : 0[0] -> 1[0] [receive] via NET/IB/0
ja3:926792:926800 [0] NCCL INFO New proxy send connection 2 from local rank 0, transport 2
ja3:926792:926802 [0] NCCL INFO Connected to proxy localRank 0 -> connection 0x14e038000e00
ja3:926792:926802 [0] NCCL INFO Channel 00/1 : 1[0] -> 0[0] [send] via NET/IB/0
ja3:926792:926800 [0] NCCL INFO New proxy send connection 3 from local rank 0, transport 2
ja3:926792:926802 [0] NCCL INFO Connected to proxy localRank 0 -> connection 0x14e038000e78
ja3:926792:926802 [0] NCCL INFO Channel 01/1 : 1[0] -> 0[0] [send] via NET/IB/0
ja2:1310506:1310517 [0] NCCL INFO New proxy recv connection 0 from local rank 0, transport 2
ja2:1310506:1310520 [0] NCCL INFO [Proxy Progress] Device 0 CPU core 192
ja2:1310506:1310519 [0] NCCL INFO Connected to proxy localRank 0 -> connection 0x14a7e0000cd0
ja2:1310506:1310519 [0] NCCL INFO Channel 00/1 : 1[0] -> 0[0] [receive] via NET/IB/0
ja2:1310506:1310517 [0] NCCL INFO New proxy recv connection 1 from local rank 0, transport 2
ja2:1310506:1310519 [0] NCCL INFO Connected to proxy localRank 0 -> connection 0x14a7e0000d48
ja2:1310506:1310519 [0] NCCL INFO Channel 01/1 : 1[0] -> 0[0] [receive] via NET/IB/0
ja2:1310506:1310517 [0] NCCL INFO New proxy send connection 2 from local rank 0, transport 2
ja2:1310506:1310519 [0] NCCL INFO Connected to proxy localRank 0 -> connection 0x14a7e0000dc0
ja2:1310506:1310519 [0] NCCL INFO Channel 00/1 : 0[0] -> 1[0] [send] via NET/IB/0
ja2:1310506:1310517 [0] NCCL INFO New proxy send connection 3 from local rank 0, transport 2
ja2:1310506:1310519 [0] NCCL INFO Connected to proxy localRank 0 -> connection 0x14a7e0000e38
ja2:1310506:1310519 [0] NCCL INFO Channel 01/1 : 0[0] -> 1[0] [send] via NET/IB/0
ja2:1310506:1310517 [0] NCCL INFO NCCL_IB_QPS_PER_CONNECTION set by environment to 2.
ja3:926792:926800 [0] NCCL INFO NCCL_IB_QPS_PER_CONNECTION set by environment to 2.
ja2:1310506:1310517 [0] NCCL INFO NCCL_IB_FRAG_SIZE set by environment to -1.
ja3:926792:926800 [0] NCCL INFO NCCL_IB_FRAG_SIZE set by environment to -1.
ja2:1310506:1310517 [0] NCCL INFO NET/IB: NCCL Dev 0 IbDev 0 Port 1 qpn 3261 mtu 5 LID 22 subnet-prefix 33022  FLID 0 fifoRkey=0x183af9 fifoLkey=0x183af9
ja2:1310506:1310517 [0] NCCL INFO NET/IB: NCCL Dev 0 IbDev 0 Port 1 qpn 3262 mtu 5 LID 22 subnet-prefix 33022  FLID 0 fifoRkey=0x183af9 fifoLkey=0x183af9
ja3:926792:926800 [0] NCCL INFO NET/IB: NCCL Dev 0 IbDev 0 Port 1 qpn 3180 mtu 5 LID 23 subnet-prefix 33022  FLID 0 fifoRkey=0x180bca fifoLkey=0x180bca
ja3:926792:926800 [0] NCCL INFO NET/IB: NCCL Dev 0 IbDev 0 Port 1 qpn 3181 mtu 5 LID 23 subnet-prefix 33022  FLID 0 fifoRkey=0x180bca fifoLkey=0x180bca
ja2:1310506:1310517 [0] NCCL INFO NET/IB: NCCL Dev 0 IbDev 0 Port 1 qpn 3263 mtu 5 LID 22 subnet-prefix 33022  FLID 0 fifoRkey=0x17be7d fifoLkey=0x17be7d
ja2:1310506:1310517 [0] NCCL INFO NET/IB: NCCL Dev 0 IbDev 0 Port 1 qpn 3264 mtu 5 LID 22 subnet-prefix 33022  FLID 0 fifoRkey=0x17be7d fifoLkey=0x17be7d
ja2:1310506:1310517 [0] NCCL INFO NCCL_IB_FRAG_BATCH set by environment to 2.
ja2:1310506:1310517 [0] NCCL INFO NET/IB: MTU fragmentation on: fragSize=4096 batch=2 sqDepth=2048 nqps=2
ja3:926792:926800 [0] NCCL INFO NET/IB: NCCL Dev 0 IbDev 0 Port 1 qpn 3185 mtu 5 LID 23 subnet-prefix 33022  FLID 0 fifoRkey=0x1800c0 fifoLkey=0x1800c0
ja3:926792:926800 [0] NCCL INFO NET/IB: NCCL Dev 0 IbDev 0 Port 1 qpn 3186 mtu 5 LID 23 subnet-prefix 33022  FLID 0 fifoRkey=0x1800c0 fifoLkey=0x1800c0
ja3:926792:926800 [0] NCCL INFO NCCL_IB_FRAG_BATCH set by environment to 2.
ja3:926792:926800 [0] NCCL INFO NET/IB: MTU fragmentation on: fragSize=4096 batch=2 sqDepth=2048 nqps=2
ja3:926792:926800 [0] NCCL INFO NET/IB: MTU fragmentation on: fragSize=4096 batch=2 sqDepth=2048 nqps=2
ja2:1310506:1310517 [0] NCCL INFO NET/IB: MTU fragmentation on: fragSize=4096 batch=2 sqDepth=2048 nqps=2
ja2:1310506:1310520 [0] NCCL INFO NCCL_IB_SPLIT_DATA_ON_QPS set by environment to 0.
ja3:926792:926803 [0] NCCL INFO NCCL_IB_SPLIT_DATA_ON_QPS set by environment to 0.
       65536         16384     float     sum      -1    41.42    1.58    1.58      0    41.03    1.60    1.60    N/A
      131072         32768     float     sum      -1    56.79    2.31    2.31      0    60.08    2.18    2.18    N/A
      262144         65536     float     sum      -1    77.46    3.38    3.38      0    77.12    3.40    3.40    N/A
      524288        131072     float     sum      -1    117.9    4.45    4.45      0    129.3    4.06    4.06    N/A
     1048576        262144     float     sum      -1    201.7    5.20    5.20      0    191.4    5.48    5.48    N/A
     2097152        524288     float     sum      -1    313.4    6.69    6.69      0    333.8    6.28    6.28    N/A
ja3:926792:926792 [0] NCCL INFO comm 0x3b0cccf0 rank 1 nranks 2 cudaDev 0 busId 1000 - Destroy COMPLETE
ja3:926792:926792 [0] NCCL INFO MSCCL: Teardown finished
ja2:1310506:1310506 [0] NCCL INFO comm 0x12d621e0 rank 0 nranks 2 cudaDev 0 busId 1000 - Destroy COMPLETE
ja2:1310506:1310506 [0] NCCL INFO MSCCL: Teardown finished
# Out of bounds values : 0 OK
# Avg bus bandwidth    : 3.88377 
#

--- checks for CASE F_r2_qp2_split0_fragon ---
  ACTIVE: ja2:1310506:1310517 [0] NCCL INFO NET/IB: MTU fragmentation on: fragSize=4096 batch=2 sqDepth=2048 nqps=2
  RESULT: # Out of bounds values : 0 OK

========================================================
  CASE F_r2_qp2_split1_fragoff
  NCCL_IB_FRAG_SIZE=0
  NCCL_IB_FRAG_BATCH=2
  NCCL_IB_SEND_QUEUE_DEPTH=
  NCCL_IB_QPS_PER_CONNECTION=2
  NCCL_IB_SPLIT_DATA_ON_QPS=1
  sizes: -b 64K -e 2M -f 2  iters: -n 50 -w 20
  Wed Aug 12 17:01:30 CST 2026
========================================================
# nThread 1 nGpus 1 minBytes 65536 maxBytes 2097152 step: 2(factor) warmup iters: 20 iters: 50 agg iters: 1 validation: 1 graph: 0
#
# Using devices
#  Rank  0 Group  0 Pid 1310566 on        ja2 device  0 [0000:01:00] Tesla V100-PCIE-16GB
#  Rank  1 Group  0 Pid 926829 on        ja3 device  0 [0000:01:00] Tesla V100-PCIE-16GB
ja2:1310566:1310566 [0] NCCL INFO cudaDriverVersion 12000
ja2:1310566:1310566 [0] NCCL INFO NCCL version 2.23.4+cuda12.2
ja2:1310566:1310575 [0] NCCL INFO NET/Plugin: Could not find: libnccl-net.so. Using internal network plugin.
ja2:1310566:1310575 [0] NCCL INFO NCCL_IB_HCA set to mlx5_0
ja2:1310566:1310575 [0] NCCL INFO NET/IB : Using [0]mlx5_0:1/IB [RO]; OOB enp68s0f0:172.23.15.12<0>
ja2:1310566:1310575 [0] NCCL INFO PROFILER/Plugin: Could not find: libnccl-profiler.so.
ja2:1310566:1310575 [0] NCCL INFO Using network IB
ja2:1310566:1310575 [0] NCCL INFO ncclCommInitRank comm 0x397ce5a0 rank 0 nranks 2 cudaDev 0 nvmlDev 0 busId 1000 commId 0x7cf2c2ee0eeaff14 - Init START
ja3:926829:926829 [0] NCCL INFO cudaDriverVersion 12000
ja3:926829:926829 [0] NCCL INFO NCCL version 2.23.4+cuda12.2
ja3:926829:926835 [0] NCCL INFO NET/Plugin: Could not find: libnccl-net.so. Using internal network plugin.
ja3:926829:926835 [0] NCCL INFO NCCL_IB_HCA set to mlx5_0
ja3:926829:926835 [0] NCCL INFO NET/IB : Using [0]mlx5_0:1/IB [RO]; OOB enp68s0f0:172.23.15.13<0>
ja3:926829:926835 [0] NCCL INFO PROFILER/Plugin: Could not find: libnccl-profiler.so.
ja3:926829:926835 [0] NCCL INFO Using network IB
ja3:926829:926835 [0] NCCL INFO ncclCommInitRank comm 0x200c0d80 rank 1 nranks 2 cudaDev 0 nvmlDev 0 busId 1000 commId 0x7cf2c2ee0eeaff14 - Init START
ja3:926829:926835 [0] NCCL INFO NET/IB : GPU Direct RDMA Disabled for HCA 0 'mlx5_0'
ja2:1310566:1310575 [0] NCCL INFO NET/IB : GPU Direct RDMA Disabled for HCA 0 'mlx5_0'
ja3:926829:926835 [0] NCCL INFO comm 0x200c0d80 rank 1 nRanks 2 nNodes 2 localRanks 1 localRank 0 MNNVL 0
ja2:1310566:1310575 [0] NCCL INFO comm 0x397ce5a0 rank 0 nRanks 2 nNodes 2 localRanks 1 localRank 0 MNNVL 0
ja3:926829:926835 [0] NCCL INFO MSCCL: No external scheduler found, using internal implementation
ja3:926829:926835 [0] NCCL INFO MSCCL: Internal Scheduler will use /home/wangyj05/msccl_azure/executor/msccl-executor-nccl/build/lib/msccl-algorithms as algorithm directory and /home/wangyj05/msccl_azure/executor/msccl-executor-nccl/build/lib/../share/nccl/msccl-algorithms as share algorithm directory and /usr/share/nccl/msccl-algorithms as package installed share algorithm directory 
ja2:1310566:1310575 [0] NCCL INFO MSCCL: No external scheduler found, using internal implementation
ja2:1310566:1310575 [0] NCCL INFO MSCCL: Internal Scheduler will use /home/wangyj05/msccl_azure/executor/msccl-executor-nccl/build/lib/msccl-algorithms as algorithm directory and /home/wangyj05/msccl_azure/executor/msccl-executor-nccl/build/lib/../share/nccl/msccl-algorithms as share algorithm directory and /usr/share/nccl/msccl-algorithms as package installed share algorithm directory 
ja3:926829:926835 [0] NCCL INFO Using MSCCL Algo files from /home/wangyj05/msccl_azure/executor/msccl-executor-nccl/build/lib/msccl-algorithms
ja3:926829:926835 [0] NCCL INFO Trees [0] -1/-1/-1->1->0 [1] 0/-1/-1->1->-1
ja3:926829:926835 [0] NCCL INFO NCCL_BUFFSIZE set by environment to 4194304.
ja3:926829:926835 [0] NCCL INFO NCCL_P2P_NET_CHUNKSIZE set by environment to 524288.
ja3:926829:926835 [0] NCCL INFO P2P Chunksize set to 524288
ja2:1310566:1310575 [0] NCCL INFO Using MSCCL Algo files from /home/wangyj05/msccl_azure/executor/msccl-executor-nccl/build/lib/msccl-algorithms
ja2:1310566:1310575 [0] NCCL INFO Channel 00/02 : 0 1
ja2:1310566:1310575 [0] NCCL INFO Channel 01/02 : 0 1
ja2:1310566:1310575 [0] NCCL INFO Trees [0] 1/-1/-1->0->-1 [1] -1/-1/-1->0->1
ja2:1310566:1310575 [0] NCCL INFO NCCL_BUFFSIZE set by environment to 4194304.
ja2:1310566:1310575 [0] NCCL INFO NCCL_P2P_NET_CHUNKSIZE set by environment to 524288.
ja2:1310566:1310575 [0] NCCL INFO P2P Chunksize set to 524288
ja3:926829:926837 [0] NCCL INFO [Proxy Service] Device 0 CPU core 64
ja2:1310566:1310577 [0] NCCL INFO [Proxy Service] Device 0 CPU core 192
ja3:926829:926838 [0] NCCL INFO [Proxy Service UDS] Device 0 CPU core 64
ja2:1310566:1310578 [0] NCCL INFO [Proxy Service UDS] Device 0 CPU core 192
ja3:926829:926835 [0] NCCL INFO NCCL_PROTO set by environment to Simple
ja3:926829:926835 [0] NCCL INFO threadThresholds 8/8/64 | 16/8/64 | 512 | 512
ja3:926829:926835 [0] NCCL INFO 2 coll channels, 2 collnet channels, 0 nvls channels, 2 p2p channels, 2 p2p channels per peer
ja2:1310566:1310575 [0] NCCL INFO NCCL_PROTO set by environment to Simple
ja2:1310566:1310575 [0] NCCL INFO threadThresholds 8/8/64 | 16/8/64 | 512 | 512
ja2:1310566:1310575 [0] NCCL INFO 2 coll channels, 2 collnet channels, 0 nvls channels, 2 p2p channels, 2 p2p channels per peer
ja2:1310566:1310575 [0] NCCL INFO CC Off, Multi-GPU CC Off, workFifoBytes 1048576
ja3:926829:926835 [0] NCCL INFO MSCCL: Initialization finished
ja3:926829:926835 [0] NCCL INFO TUNER/Plugin: Could not find: libnccl-tuner.so libnccl-net.so. Using internal tuner plugin.
ja3:926829:926835 [0] NCCL INFO ncclCommInitRank comm 0x200c0d80 rank 1 nranks 2 cudaDev 0 nvmlDev 0 busId 1000 commId 0x7cf2c2ee0eeaff14 - Init COMPLETE
ja3:926829:926835 [0] NCCL INFO Init timings - ncclCommInitRank: rank 1 nranks 2 total 0.03 (kernels 0.00, alloc 0.02, bootstrap 0.00, allgathers 0.00, topo 0.00, graphs 0.00, connections 0.00, rest 0.00)
ja2:1310566:1310575 [0] NCCL INFO MSCCL: Initialization finished
ja2:1310566:1310575 [0] NCCL INFO TUNER/Plugin: Could not find: libnccl-tuner.so libnccl-net.so. Using internal tuner plugin.
ja2:1310566:1310575 [0] NCCL INFO ncclCommInitRank comm 0x397ce5a0 rank 0 nranks 2 cudaDev 0 nvmlDev 0 busId 1000 commId 0x7cf2c2ee0eeaff14 - Init COMPLETE
ja2:1310566:1310575 [0] NCCL INFO Init timings - ncclCommInitRank: rank 0 nranks 2 total 0.11 (kernels 0.00, alloc 0.02, bootstrap 0.08, allgathers 0.00, topo 0.00, graphs 0.00, connections 0.00, rest 0.00)
#
#                                                              out-of-place                       in-place          
#       size         count      type   redop    root     time   algbw   busbw #wrong     time   algbw   busbw #wrong
#        (B)    (elements)                               (us)  (GB/s)  (GB/s)            (us)  (GB/s)  (GB/s)       
ja2:1310566:1310579 [0] NCCL INFO NCCL_NET_SHARED_BUFFERS set by environment to 0.
ja3:926829:926839 [0] NCCL INFO NCCL_NET_SHARED_BUFFERS set by environment to 0.
ja3:926829:926837 [0] NCCL INFO New proxy recv connection 0 from local rank 0, transport 2
ja3:926829:926839 [0] NCCL INFO Connected to proxy localRank 0 -> connection 0x14b5e0000d10
ja3:926829:926840 [0] NCCL INFO [Proxy Progress] Device 0 CPU core 64
ja3:926829:926839 [0] NCCL INFO Channel 00/1 : 0[0] -> 1[0] [receive] via NET/IB/0
ja3:926829:926837 [0] NCCL INFO New proxy recv connection 1 from local rank 0, transport 2
ja3:926829:926839 [0] NCCL INFO Connected to proxy localRank 0 -> connection 0x14b5e0000d88
ja3:926829:926839 [0] NCCL INFO Channel 01/1 : 0[0] -> 1[0] [receive] via NET/IB/0
ja3:926829:926837 [0] NCCL INFO New proxy send connection 2 from local rank 0, transport 2
ja3:926829:926839 [0] NCCL INFO Connected to proxy localRank 0 -> connection 0x14b5e0000e00
ja3:926829:926839 [0] NCCL INFO Channel 00/1 : 1[0] -> 0[0] [send] via NET/IB/0
ja3:926829:926837 [0] NCCL INFO New proxy send connection 3 from local rank 0, transport 2
ja3:926829:926839 [0] NCCL INFO Connected to proxy localRank 0 -> connection 0x14b5e0000e78
ja3:926829:926839 [0] NCCL INFO Channel 01/1 : 1[0] -> 0[0] [send] via NET/IB/0
ja2:1310566:1310577 [0] NCCL INFO New proxy recv connection 0 from local rank 0, transport 2
ja2:1310566:1310579 [0] NCCL INFO Connected to proxy localRank 0 -> connection 0x14f080000cd0
ja2:1310566:1310580 [0] NCCL INFO [Proxy Progress] Device 0 CPU core 64
ja2:1310566:1310579 [0] NCCL INFO Channel 00/1 : 1[0] -> 0[0] [receive] via NET/IB/0
ja2:1310566:1310577 [0] NCCL INFO New proxy recv connection 1 from local rank 0, transport 2
ja2:1310566:1310579 [0] NCCL INFO Connected to proxy localRank 0 -> connection 0x14f080000d48
ja2:1310566:1310579 [0] NCCL INFO Channel 01/1 : 1[0] -> 0[0] [receive] via NET/IB/0
ja2:1310566:1310577 [0] NCCL INFO New proxy send connection 2 from local rank 0, transport 2
ja2:1310566:1310579 [0] NCCL INFO Connected to proxy localRank 0 -> connection 0x14f080000dc0
ja2:1310566:1310579 [0] NCCL INFO Channel 00/1 : 0[0] -> 1[0] [send] via NET/IB/0
ja2:1310566:1310577 [0] NCCL INFO New proxy send connection 3 from local rank 0, transport 2
ja2:1310566:1310579 [0] NCCL INFO Connected to proxy localRank 0 -> connection 0x14f080000e38
ja2:1310566:1310579 [0] NCCL INFO Channel 01/1 : 0[0] -> 1[0] [send] via NET/IB/0
ja2:1310566:1310577 [0] NCCL INFO NCCL_IB_QPS_PER_CONNECTION set by environment to 2.
ja3:926829:926837 [0] NCCL INFO NCCL_IB_QPS_PER_CONNECTION set by environment to 2.
ja2:1310566:1310577 [0] NCCL INFO NCCL_IB_FRAG_SIZE set by environment to 0.
ja3:926829:926837 [0] NCCL INFO NCCL_IB_FRAG_SIZE set by environment to 0.
ja2:1310566:1310577 [0] NCCL INFO NET/IB: NCCL Dev 0 IbDev 0 Port 1 qpn 3282 mtu 5 LID 22 subnet-prefix 33022  FLID 0 fifoRkey=0x183af9 fifoLkey=0x183af9
ja2:1310566:1310577 [0] NCCL INFO NET/IB: NCCL Dev 0 IbDev 0 Port 1 qpn 3283 mtu 5 LID 22 subnet-prefix 33022  FLID 0 fifoRkey=0x183af9 fifoLkey=0x183af9
ja3:926829:926837 [0] NCCL INFO NET/IB: NCCL Dev 0 IbDev 0 Port 1 qpn 3201 mtu 5 LID 23 subnet-prefix 33022  FLID 0 fifoRkey=0x1800c0 fifoLkey=0x1800c0
ja3:926829:926837 [0] NCCL INFO NET/IB: NCCL Dev 0 IbDev 0 Port 1 qpn 3202 mtu 5 LID 23 subnet-prefix 33022  FLID 0 fifoRkey=0x1800c0 fifoLkey=0x1800c0
ja2:1310566:1310577 [0] NCCL INFO NET/IB: NCCL Dev 0 IbDev 0 Port 1 qpn 3284 mtu 5 LID 22 subnet-prefix 33022  FLID 0 fifoRkey=0x17be7d fifoLkey=0x17be7d
ja2:1310566:1310577 [0] NCCL INFO NET/IB: NCCL Dev 0 IbDev 0 Port 1 qpn 3285 mtu 5 LID 22 subnet-prefix 33022  FLID 0 fifoRkey=0x17be7d fifoLkey=0x17be7d
ja3:926829:926837 [0] NCCL INFO NET/IB: NCCL Dev 0 IbDev 0 Port 1 qpn 3206 mtu 5 LID 23 subnet-prefix 33022  FLID 0 fifoRkey=0x180bca fifoLkey=0x180bca
ja3:926829:926837 [0] NCCL INFO NET/IB: NCCL Dev 0 IbDev 0 Port 1 qpn 3207 mtu 5 LID 23 subnet-prefix 33022  FLID 0 fifoRkey=0x180bca fifoLkey=0x180bca
ja2:1310566:1310580 [0] NCCL INFO NCCL_IB_SPLIT_DATA_ON_QPS set by environment to 1.
ja2:1310566:1310580 [0] NCCL INFO NCCL_IB_AR_THRESHOLD set by environment to 0.
ja3:926829:926840 [0] NCCL INFO NCCL_IB_SPLIT_DATA_ON_QPS set by environment to 1.
ja3:926829:926840 [0] NCCL INFO NCCL_IB_AR_THRESHOLD set by environment to 0.
       65536         16384     float     sum      -1    40.71    1.61    1.61      0    40.64    1.61    1.61    N/A
      131072         32768     float     sum      -1    55.52    2.36    2.36      0    72.64    1.80    1.80    N/A
      262144         65536     float     sum      -1    76.17    3.44    3.44      0    77.26    3.39    3.39    N/A
      524288        131072     float     sum      -1    117.0    4.48    4.48      0    127.5    4.11    4.11    N/A
     1048576        262144     float     sum      -1    189.6    5.53    5.53      0    189.6    5.53    5.53    N/A
     2097152        524288     float     sum      -1    316.3    6.63    6.63      0    349.3    6.00    6.00    N/A
ja2:1310566:1310566 [0] NCCL INFO comm 0x397ce5a0 rank 0 nranks 2 cudaDev 0 busId 1000 - Destroy COMPLETE
ja2:1310566:1310566 [0] NCCL INFO MSCCL: Teardown finished
ja3:926829:926829 [0] NCCL INFO comm 0x200c0d80 rank 1 nranks 2 cudaDev 0 busId 1000 - Destroy COMPLETE
ja3:926829:926829 [0] NCCL INFO MSCCL: Teardown finished
# Out of bounds values : 0 OK
# Avg bus bandwidth    : 3.87573 
#

--- checks for CASE F_r2_qp2_split1_fragoff ---
  ACTIVE: fragmentation NOT active (expected for cases A and B)
  RESULT: # Out of bounds values : 0 OK

========================================================
  CASE F_r2_qp2_split1_fragon
  NCCL_IB_FRAG_SIZE=-1
  NCCL_IB_FRAG_BATCH=2
  NCCL_IB_SEND_QUEUE_DEPTH=
  NCCL_IB_QPS_PER_CONNECTION=2
  NCCL_IB_SPLIT_DATA_ON_QPS=1
  sizes: -b 64K -e 2M -f 2  iters: -n 50 -w 20
  Wed Aug 12 17:01:34 CST 2026
========================================================
# nThread 1 nGpus 1 minBytes 65536 maxBytes 2097152 step: 2(factor) warmup iters: 20 iters: 50 agg iters: 1 validation: 1 graph: 0
#
# Using devices
#  Rank  0 Group  0 Pid 1310625 on        ja2 device  0 [0000:01:00] Tesla V100-PCIE-16GB
#  Rank  1 Group  0 Pid 926866 on        ja3 device  0 [0000:01:00] Tesla V100-PCIE-16GB
ja2:1310625:1310625 [0] NCCL INFO cudaDriverVersion 12000
ja2:1310625:1310625 [0] NCCL INFO NCCL version 2.23.4+cuda12.2
ja2:1310625:1310634 [0] NCCL INFO NET/Plugin: Could not find: libnccl-net.so. Using internal network plugin.
ja2:1310625:1310634 [0] NCCL INFO NCCL_IB_HCA set to mlx5_0
ja2:1310625:1310634 [0] NCCL INFO NET/IB : Using [0]mlx5_0:1/IB [RO]; OOB enp68s0f0:172.23.15.12<0>
ja2:1310625:1310634 [0] NCCL INFO PROFILER/Plugin: Could not find: libnccl-profiler.so.
ja2:1310625:1310634 [0] NCCL INFO Using network IB
ja2:1310625:1310634 [0] NCCL INFO ncclCommInitRank comm 0x27413810 rank 0 nranks 2 cudaDev 0 nvmlDev 0 busId 1000 commId 0x58afbef7570230b7 - Init START
ja3:926866:926866 [0] NCCL INFO cudaDriverVersion 12000
ja3:926866:926866 [0] NCCL INFO NCCL version 2.23.4+cuda12.2
ja3:926866:926874 [0] NCCL INFO NET/Plugin: Could not find: libnccl-net.so. Using internal network plugin.
ja3:926866:926874 [0] NCCL INFO NCCL_IB_HCA set to mlx5_0
ja3:926866:926874 [0] NCCL INFO NET/IB : Using [0]mlx5_0:1/IB [RO]; OOB enp68s0f0:172.23.15.13<0>
ja3:926866:926874 [0] NCCL INFO PROFILER/Plugin: Could not find: libnccl-profiler.so.
ja3:926866:926874 [0] NCCL INFO Using network IB
ja3:926866:926874 [0] NCCL INFO ncclCommInitRank comm 0x1f506cc0 rank 1 nranks 2 cudaDev 0 nvmlDev 0 busId 1000 commId 0x58afbef7570230b7 - Init START
ja3:926866:926874 [0] NCCL INFO NET/IB : GPU Direct RDMA Disabled for HCA 0 'mlx5_0'
ja2:1310625:1310634 [0] NCCL INFO NET/IB : GPU Direct RDMA Disabled for HCA 0 'mlx5_0'
ja3:926866:926874 [0] NCCL INFO comm 0x1f506cc0 rank 1 nRanks 2 nNodes 2 localRanks 1 localRank 0 MNNVL 0
ja2:1310625:1310634 [0] NCCL INFO comm 0x27413810 rank 0 nRanks 2 nNodes 2 localRanks 1 localRank 0 MNNVL 0
ja3:926866:926874 [0] NCCL INFO MSCCL: No external scheduler found, using internal implementation
ja3:926866:926874 [0] NCCL INFO MSCCL: Internal Scheduler will use /home/wangyj05/msccl_azure/executor/msccl-executor-nccl/build/lib/msccl-algorithms as algorithm directory and /home/wangyj05/msccl_azure/executor/msccl-executor-nccl/build/lib/../share/nccl/msccl-algorithms as share algorithm directory and /usr/share/nccl/msccl-algorithms as package installed share algorithm directory 
ja2:1310625:1310634 [0] NCCL INFO MSCCL: No external scheduler found, using internal implementation
ja2:1310625:1310634 [0] NCCL INFO MSCCL: Internal Scheduler will use /home/wangyj05/msccl_azure/executor/msccl-executor-nccl/build/lib/msccl-algorithms as algorithm directory and /home/wangyj05/msccl_azure/executor/msccl-executor-nccl/build/lib/../share/nccl/msccl-algorithms as share algorithm directory and /usr/share/nccl/msccl-algorithms as package installed share algorithm directory 
ja3:926866:926874 [0] NCCL INFO Using MSCCL Algo files from /home/wangyj05/msccl_azure/executor/msccl-executor-nccl/build/lib/msccl-algorithms
ja3:926866:926874 [0] NCCL INFO Trees [0] -1/-1/-1->1->0 [1] 0/-1/-1->1->-1
ja3:926866:926874 [0] NCCL INFO NCCL_BUFFSIZE set by environment to 4194304.
ja3:926866:926874 [0] NCCL INFO NCCL_P2P_NET_CHUNKSIZE set by environment to 524288.
ja3:926866:926874 [0] NCCL INFO P2P Chunksize set to 524288
ja2:1310625:1310634 [0] NCCL INFO Using MSCCL Algo files from /home/wangyj05/msccl_azure/executor/msccl-executor-nccl/build/lib/msccl-algorithms
ja2:1310625:1310634 [0] NCCL INFO Channel 00/02 : 0 1
ja2:1310625:1310634 [0] NCCL INFO Channel 01/02 : 0 1
ja2:1310625:1310634 [0] NCCL INFO Trees [0] 1/-1/-1->0->-1 [1] -1/-1/-1->0->1
ja2:1310625:1310634 [0] NCCL INFO NCCL_BUFFSIZE set by environment to 4194304.
ja2:1310625:1310634 [0] NCCL INFO NCCL_P2P_NET_CHUNKSIZE set by environment to 524288.
ja2:1310625:1310634 [0] NCCL INFO P2P Chunksize set to 524288
ja2:1310625:1310636 [0] NCCL INFO [Proxy Service] Device 0 CPU core 192
ja3:926866:926876 [0] NCCL INFO [Proxy Service] Device 0 CPU core 192
ja3:926866:926877 [0] NCCL INFO [Proxy Service UDS] Device 0 CPU core 192
ja2:1310625:1310637 [0] NCCL INFO [Proxy Service UDS] Device 0 CPU core 192
ja3:926866:926874 [0] NCCL INFO NCCL_PROTO set by environment to Simple
ja3:926866:926874 [0] NCCL INFO threadThresholds 8/8/64 | 16/8/64 | 512 | 512
ja3:926866:926874 [0] NCCL INFO 2 coll channels, 2 collnet channels, 0 nvls channels, 2 p2p channels, 2 p2p channels per peer
ja2:1310625:1310634 [0] NCCL INFO NCCL_PROTO set by environment to Simple
ja2:1310625:1310634 [0] NCCL INFO threadThresholds 8/8/64 | 16/8/64 | 512 | 512
ja2:1310625:1310634 [0] NCCL INFO 2 coll channels, 2 collnet channels, 0 nvls channels, 2 p2p channels, 2 p2p channels per peer
ja2:1310625:1310634 [0] NCCL INFO CC Off, Multi-GPU CC Off, workFifoBytes 1048576
ja3:926866:926874 [0] NCCL INFO MSCCL: Initialization finished
ja2:1310625:1310634 [0] NCCL INFO MSCCL: Initialization finished
ja3:926866:926874 [0] NCCL INFO TUNER/Plugin: Could not find: libnccl-tuner.so libnccl-net.so. Using internal tuner plugin.
ja3:926866:926874 [0] NCCL INFO ncclCommInitRank comm 0x1f506cc0 rank 1 nranks 2 cudaDev 0 nvmlDev 0 busId 1000 commId 0x58afbef7570230b7 - Init COMPLETE
ja3:926866:926874 [0] NCCL INFO Init timings - ncclCommInitRank: rank 1 nranks 2 total 0.03 (kernels 0.00, alloc 0.02, bootstrap 0.00, allgathers 0.00, topo 0.00, graphs 0.00, connections 0.00, rest 0.00)
ja2:1310625:1310634 [0] NCCL INFO TUNER/Plugin: Could not find: libnccl-tuner.so libnccl-net.so. Using internal tuner plugin.
ja2:1310625:1310634 [0] NCCL INFO ncclCommInitRank comm 0x27413810 rank 0 nranks 2 cudaDev 0 nvmlDev 0 busId 1000 commId 0x58afbef7570230b7 - Init COMPLETE
ja2:1310625:1310634 [0] NCCL INFO Init timings - ncclCommInitRank: rank 0 nranks 2 total 0.10 (kernels 0.00, alloc 0.02, bootstrap 0.07, allgathers 0.00, topo 0.00, graphs 0.00, connections 0.00, rest 0.00)
#
#                                                              out-of-place                       in-place          
#       size         count      type   redop    root     time   algbw   busbw #wrong     time   algbw   busbw #wrong
#        (B)    (elements)                               (us)  (GB/s)  (GB/s)            (us)  (GB/s)  (GB/s)       
ja2:1310625:1310638 [0] NCCL INFO NCCL_NET_SHARED_BUFFERS set by environment to 0.
ja3:926866:926878 [0] NCCL INFO NCCL_NET_SHARED_BUFFERS set by environment to 0.
ja3:926866:926876 [0] NCCL INFO New proxy recv connection 0 from local rank 0, transport 2
ja3:926866:926878 [0] NCCL INFO Connected to proxy localRank 0 -> connection 0x148264000d10
ja2:1310625:1310636 [0] NCCL INFO New proxy recv connection 0 from local rank 0, transport 2
ja3:926866:926879 [0] NCCL INFO [Proxy Progress] Device 0 CPU core 192
ja3:926866:926878 [0] NCCL INFO Channel 00/1 : 0[0] -> 1[0] [receive] via NET/IB/0
ja3:926866:926876 [0] NCCL INFO New proxy recv connection 1 from local rank 0, transport 2
ja2:1310625:1310638 [0] NCCL INFO Connected to proxy localRank 0 -> connection 0x14f8f4000cd0
ja2:1310625:1310639 [0] NCCL INFO [Proxy Progress] Device 0 CPU core 192
ja3:926866:926878 [0] NCCL INFO Connected to proxy localRank 0 -> connection 0x148264000d88
ja3:926866:926878 [0] NCCL INFO Channel 01/1 : 0[0] -> 1[0] [receive] via NET/IB/0
ja3:926866:926876 [0] NCCL INFO New proxy send connection 2 from local rank 0, transport 2
ja3:926866:926878 [0] NCCL INFO Connected to proxy localRank 0 -> connection 0x148264000e00
ja2:1310625:1310638 [0] NCCL INFO Channel 00/1 : 1[0] -> 0[0] [receive] via NET/IB/0
ja3:926866:926878 [0] NCCL INFO Channel 00/1 : 1[0] -> 0[0] [send] via NET/IB/0
ja3:926866:926876 [0] NCCL INFO New proxy send connection 3 from local rank 0, transport 2
ja2:1310625:1310636 [0] NCCL INFO New proxy recv connection 1 from local rank 0, transport 2
ja2:1310625:1310638 [0] NCCL INFO Connected to proxy localRank 0 -> connection 0x14f8f4000d48
ja3:926866:926878 [0] NCCL INFO Connected to proxy localRank 0 -> connection 0x148264000e78
ja2:1310625:1310638 [0] NCCL INFO Channel 01/1 : 1[0] -> 0[0] [receive] via NET/IB/0
ja3:926866:926878 [0] NCCL INFO Channel 01/1 : 1[0] -> 0[0] [send] via NET/IB/0
ja2:1310625:1310636 [0] NCCL INFO New proxy send connection 2 from local rank 0, transport 2
ja2:1310625:1310638 [0] NCCL INFO Connected to proxy localRank 0 -> connection 0x14f8f4000dc0
ja2:1310625:1310638 [0] NCCL INFO Channel 00/1 : 0[0] -> 1[0] [send] via NET/IB/0
ja2:1310625:1310636 [0] NCCL INFO New proxy send connection 3 from local rank 0, transport 2
ja2:1310625:1310638 [0] NCCL INFO Connected to proxy localRank 0 -> connection 0x14f8f4000e38
ja2:1310625:1310638 [0] NCCL INFO Channel 01/1 : 0[0] -> 1[0] [send] via NET/IB/0
ja2:1310625:1310636 [0] NCCL INFO NCCL_IB_QPS_PER_CONNECTION set by environment to 2.
ja3:926866:926876 [0] NCCL INFO NCCL_IB_QPS_PER_CONNECTION set by environment to 2.
ja2:1310625:1310636 [0] NCCL INFO NCCL_IB_FRAG_SIZE set by environment to -1.
ja3:926866:926876 [0] NCCL INFO NCCL_IB_FRAG_SIZE set by environment to -1.
ja2:1310625:1310636 [0] NCCL INFO NET/IB: NCCL Dev 0 IbDev 0 Port 1 qpn 3303 mtu 5 LID 22 subnet-prefix 33022  FLID 0 fifoRkey=0x183af9 fifoLkey=0x183af9
ja2:1310625:1310636 [0] NCCL INFO NET/IB: NCCL Dev 0 IbDev 0 Port 1 qpn 3304 mtu 5 LID 22 subnet-prefix 33022  FLID 0 fifoRkey=0x183af9 fifoLkey=0x183af9
ja3:926866:926876 [0] NCCL INFO NET/IB: NCCL Dev 0 IbDev 0 Port 1 qpn 3222 mtu 5 LID 23 subnet-prefix 33022  FLID 0 fifoRkey=0x180bca fifoLkey=0x180bca
ja3:926866:926876 [0] NCCL INFO NET/IB: NCCL Dev 0 IbDev 0 Port 1 qpn 3223 mtu 5 LID 23 subnet-prefix 33022  FLID 0 fifoRkey=0x180bca fifoLkey=0x180bca
ja2:1310625:1310636 [0] NCCL INFO NET/IB: NCCL Dev 0 IbDev 0 Port 1 qpn 3305 mtu 5 LID 22 subnet-prefix 33022  FLID 0 fifoRkey=0x17e2a1 fifoLkey=0x17e2a1
ja2:1310625:1310636 [0] NCCL INFO NET/IB: NCCL Dev 0 IbDev 0 Port 1 qpn 3306 mtu 5 LID 22 subnet-prefix 33022  FLID 0 fifoRkey=0x17e2a1 fifoLkey=0x17e2a1
ja3:926866:926876 [0] NCCL INFO NET/IB: NCCL Dev 0 IbDev 0 Port 1 qpn 3227 mtu 5 LID 23 subnet-prefix 33022  FLID 0 fifoRkey=0x1800c0 fifoLkey=0x1800c0
ja3:926866:926876 [0] NCCL INFO NET/IB: NCCL Dev 0 IbDev 0 Port 1 qpn 3228 mtu 5 LID 23 subnet-prefix 33022  FLID 0 fifoRkey=0x1800c0 fifoLkey=0x1800c0
ja3:926866:926876 [0] NCCL INFO NCCL_IB_FRAG_BATCH set by environment to 2.
ja3:926866:926876 [0] NCCL INFO NET/IB: MTU fragmentation on: fragSize=4096 batch=2 sqDepth=2048 nqps=2
ja2:1310625:1310636 [0] NCCL INFO NCCL_IB_FRAG_BATCH set by environment to 2.
ja2:1310625:1310636 [0] NCCL INFO NET/IB: MTU fragmentation on: fragSize=4096 batch=2 sqDepth=2048 nqps=2
ja2:1310625:1310636 [0] NCCL INFO NET/IB: MTU fragmentation on: fragSize=4096 batch=2 sqDepth=2048 nqps=2
ja3:926866:926876 [0] NCCL INFO NET/IB: MTU fragmentation on: fragSize=4096 batch=2 sqDepth=2048 nqps=2
ja2:1310625:1310639 [0] NCCL INFO NCCL_IB_SPLIT_DATA_ON_QPS set by environment to 1.
ja3:926866:926879 [0] NCCL INFO NCCL_IB_SPLIT_DATA_ON_QPS set by environment to 1.
       65536         16384     float     sum      -1    41.45    1.58    1.58      0    41.58    1.58    1.58    N/A
      131072         32768     float     sum      -1    56.71    2.31    2.31      0    60.13    2.18    2.18    N/A
      262144         65536     float     sum      -1    76.41    3.43    3.43      0    76.69    3.42    3.42    N/A
      524288        131072     float     sum      -1    116.4    4.50    4.50      0    128.6    4.08    4.08    N/A
     1048576        262144     float     sum      -1    194.2    5.40    5.40      0    192.2    5.46    5.46    N/A
     2097152        524288     float     sum      -1    313.8    6.68    6.68      0    342.0    6.13    6.13    N/A
ja3:926866:926866 [0] NCCL INFO comm 0x1f506cc0 rank 1 nranks 2 cudaDev 0 busId 1000 - Destroy COMPLETE
ja3:926866:926866 [0] NCCL INFO MSCCL: Teardown finished
ja2:1310625:1310625 [0] NCCL INFO comm 0x27413810 rank 0 nranks 2 cudaDev 0 busId 1000 - Destroy COMPLETE
ja2:1310625:1310625 [0] NCCL INFO MSCCL: Teardown finished
# Out of bounds values : 0 OK
# Avg bus bandwidth    : 3.89555 
#

--- checks for CASE F_r2_qp2_split1_fragon ---
  ACTIVE: ja3:926866:926876 [0] NCCL INFO NET/IB: MTU fragmentation on: fragSize=4096 batch=2 sqDepth=2048 nqps=2
  RESULT: # Out of bounds values : 0 OK

========================================================
  CASE F_r2_qp4_split0_fragoff
  NCCL_IB_FRAG_SIZE=0
  NCCL_IB_FRAG_BATCH=2
  NCCL_IB_SEND_QUEUE_DEPTH=
  NCCL_IB_QPS_PER_CONNECTION=4
  NCCL_IB_SPLIT_DATA_ON_QPS=0
  sizes: -b 64K -e 2M -f 2  iters: -n 50 -w 20
  Wed Aug 12 17:01:37 CST 2026
========================================================
# nThread 1 nGpus 1 minBytes 65536 maxBytes 2097152 step: 2(factor) warmup iters: 20 iters: 50 agg iters: 1 validation: 1 graph: 0
#
# Using devices
#  Rank  0 Group  0 Pid 1310686 on        ja2 device  0 [0000:01:00] Tesla V100-PCIE-16GB
#  Rank  1 Group  0 Pid 926908 on        ja3 device  0 [0000:01:00] Tesla V100-PCIE-16GB
ja2:1310686:1310686 [0] NCCL INFO cudaDriverVersion 12000
ja2:1310686:1310686 [0] NCCL INFO NCCL version 2.23.4+cuda12.2
ja2:1310686:1310695 [0] NCCL INFO NET/Plugin: Could not find: libnccl-net.so. Using internal network plugin.
ja2:1310686:1310695 [0] NCCL INFO NCCL_IB_HCA set to mlx5_0
ja2:1310686:1310695 [0] NCCL INFO NET/IB : Using [0]mlx5_0:1/IB [RO]; OOB enp68s0f0:172.23.15.12<0>
ja2:1310686:1310695 [0] NCCL INFO PROFILER/Plugin: Could not find: libnccl-profiler.so.
ja2:1310686:1310695 [0] NCCL INFO Using network IB
ja2:1310686:1310695 [0] NCCL INFO ncclCommInitRank comm 0x1fe56880 rank 0 nranks 2 cudaDev 0 nvmlDev 0 busId 1000 commId 0x71ce223637e0829b - Init START
ja3:926908:926908 [0] NCCL INFO cudaDriverVersion 12000
ja3:926908:926908 [0] NCCL INFO NCCL version 2.23.4+cuda12.2
ja3:926908:926914 [0] NCCL INFO NET/Plugin: Could not find: libnccl-net.so. Using internal network plugin.
ja3:926908:926914 [0] NCCL INFO NCCL_IB_HCA set to mlx5_0
ja3:926908:926914 [0] NCCL INFO NET/IB : Using [0]mlx5_0:1/IB [RO]; OOB enp68s0f0:172.23.15.13<0>
ja3:926908:926914 [0] NCCL INFO PROFILER/Plugin: Could not find: libnccl-profiler.so.
ja3:926908:926914 [0] NCCL INFO Using network IB
ja3:926908:926914 [0] NCCL INFO ncclCommInitRank comm 0x2862a780 rank 1 nranks 2 cudaDev 0 nvmlDev 0 busId 1000 commId 0x71ce223637e0829b - Init START
ja3:926908:926914 [0] NCCL INFO NET/IB : GPU Direct RDMA Disabled for HCA 0 'mlx5_0'
ja2:1310686:1310695 [0] NCCL INFO NET/IB : GPU Direct RDMA Disabled for HCA 0 'mlx5_0'
ja2:1310686:1310695 [0] NCCL INFO comm 0x1fe56880 rank 0 nRanks 2 nNodes 2 localRanks 1 localRank 0 MNNVL 0
ja3:926908:926914 [0] NCCL INFO comm 0x2862a780 rank 1 nRanks 2 nNodes 2 localRanks 1 localRank 0 MNNVL 0
ja2:1310686:1310695 [0] NCCL INFO MSCCL: No external scheduler found, using internal implementation
ja2:1310686:1310695 [0] NCCL INFO MSCCL: Internal Scheduler will use /home/wangyj05/msccl_azure/executor/msccl-executor-nccl/build/lib/msccl-algorithms as algorithm directory and /home/wangyj05/msccl_azure/executor/msccl-executor-nccl/build/lib/../share/nccl/msccl-algorithms as share algorithm directory and /usr/share/nccl/msccl-algorithms as package installed share algorithm directory 
ja3:926908:926914 [0] NCCL INFO MSCCL: No external scheduler found, using internal implementation
ja3:926908:926914 [0] NCCL INFO MSCCL: Internal Scheduler will use /home/wangyj05/msccl_azure/executor/msccl-executor-nccl/build/lib/msccl-algorithms as algorithm directory and /home/wangyj05/msccl_azure/executor/msccl-executor-nccl/build/lib/../share/nccl/msccl-algorithms as share algorithm directory and /usr/share/nccl/msccl-algorithms as package installed share algorithm directory 
ja3:926908:926914 [0] NCCL INFO Using MSCCL Algo files from /home/wangyj05/msccl_azure/executor/msccl-executor-nccl/build/lib/msccl-algorithms
ja3:926908:926914 [0] NCCL INFO Trees [0] -1/-1/-1->1->0 [1] 0/-1/-1->1->-1
ja3:926908:926914 [0] NCCL INFO NCCL_BUFFSIZE set by environment to 4194304.
ja3:926908:926914 [0] NCCL INFO NCCL_P2P_NET_CHUNKSIZE set by environment to 524288.
ja3:926908:926914 [0] NCCL INFO P2P Chunksize set to 524288
ja2:1310686:1310695 [0] NCCL INFO Using MSCCL Algo files from /home/wangyj05/msccl_azure/executor/msccl-executor-nccl/build/lib/msccl-algorithms
ja2:1310686:1310695 [0] NCCL INFO Channel 00/02 : 0 1
ja2:1310686:1310695 [0] NCCL INFO Channel 01/02 : 0 1
ja2:1310686:1310695 [0] NCCL INFO Trees [0] 1/-1/-1->0->-1 [1] -1/-1/-1->0->1
ja2:1310686:1310695 [0] NCCL INFO NCCL_BUFFSIZE set by environment to 4194304.
ja2:1310686:1310695 [0] NCCL INFO NCCL_P2P_NET_CHUNKSIZE set by environment to 524288.
ja2:1310686:1310695 [0] NCCL INFO P2P Chunksize set to 524288
ja2:1310686:1310697 [0] NCCL INFO [Proxy Service] Device 0 CPU core 192
ja2:1310686:1310698 [0] NCCL INFO [Proxy Service UDS] Device 0 CPU core 192
ja3:926908:926916 [0] NCCL INFO [Proxy Service] Device 0 CPU core 64
ja3:926908:926917 [0] NCCL INFO [Proxy Service UDS] Device 0 CPU core 64
ja2:1310686:1310695 [0] NCCL INFO NCCL_PROTO set by environment to Simple
ja2:1310686:1310695 [0] NCCL INFO threadThresholds 8/8/64 | 16/8/64 | 512 | 512
ja2:1310686:1310695 [0] NCCL INFO 2 coll channels, 2 collnet channels, 0 nvls channels, 2 p2p channels, 2 p2p channels per peer
ja3:926908:926914 [0] NCCL INFO NCCL_PROTO set by environment to Simple
ja3:926908:926914 [0] NCCL INFO threadThresholds 8/8/64 | 16/8/64 | 512 | 512
ja3:926908:926914 [0] NCCL INFO 2 coll channels, 2 collnet channels, 0 nvls channels, 2 p2p channels, 2 p2p channels per peer
ja2:1310686:1310695 [0] NCCL INFO CC Off, Multi-GPU CC Off, workFifoBytes 1048576
ja3:926908:926914 [0] NCCL INFO MSCCL: Initialization finished
ja2:1310686:1310695 [0] NCCL INFO MSCCL: Initialization finished
ja3:926908:926914 [0] NCCL INFO TUNER/Plugin: Could not find: libnccl-tuner.so libnccl-net.so. Using internal tuner plugin.
ja3:926908:926914 [0] NCCL INFO ncclCommInitRank comm 0x2862a780 rank 1 nranks 2 cudaDev 0 nvmlDev 0 busId 1000 commId 0x71ce223637e0829b - Init COMPLETE
ja3:926908:926914 [0] NCCL INFO Init timings - ncclCommInitRank: rank 1 nranks 2 total 0.03 (kernels 0.00, alloc 0.02, bootstrap 0.00, allgathers 0.00, topo 0.00, graphs 0.00, connections 0.00, rest 0.00)
ja2:1310686:1310695 [0] NCCL INFO TUNER/Plugin: Could not find: libnccl-tuner.so libnccl-net.so. Using internal tuner plugin.
ja2:1310686:1310695 [0] NCCL INFO ncclCommInitRank comm 0x1fe56880 rank 0 nranks 2 cudaDev 0 nvmlDev 0 busId 1000 commId 0x71ce223637e0829b - Init COMPLETE
ja2:1310686:1310695 [0] NCCL INFO Init timings - ncclCommInitRank: rank 0 nranks 2 total 0.08 (kernels 0.00, alloc 0.02, bootstrap 0.06, allgathers 0.00, topo 0.00, graphs 0.00, connections 0.00, rest 0.00)
#
#                                                              out-of-place                       in-place          
#       size         count      type   redop    root     time   algbw   busbw #wrong     time   algbw   busbw #wrong
#        (B)    (elements)                               (us)  (GB/s)  (GB/s)            (us)  (GB/s)  (GB/s)       
ja2:1310686:1310699 [0] NCCL INFO NCCL_NET_SHARED_BUFFERS set by environment to 0.
ja3:926908:926918 [0] NCCL INFO NCCL_NET_SHARED_BUFFERS set by environment to 0.
ja3:926908:926916 [0] NCCL INFO New proxy recv connection 0 from local rank 0, transport 2
ja3:926908:926918 [0] NCCL INFO Connected to proxy localRank 0 -> connection 0x1526d8000d10
ja3:926908:926919 [0] NCCL INFO [Proxy Progress] Device 0 CPU core 64
ja3:926908:926918 [0] NCCL INFO Channel 00/1 : 0[0] -> 1[0] [receive] via NET/IB/0
ja3:926908:926916 [0] NCCL INFO New proxy recv connection 1 from local rank 0, transport 2
ja3:926908:926918 [0] NCCL INFO Connected to proxy localRank 0 -> connection 0x1526d8000d88
ja3:926908:926918 [0] NCCL INFO Channel 01/1 : 0[0] -> 1[0] [receive] via NET/IB/0
ja3:926908:926916 [0] NCCL INFO New proxy send connection 2 from local rank 0, transport 2
ja3:926908:926918 [0] NCCL INFO Connected to proxy localRank 0 -> connection 0x1526d8000e00
ja3:926908:926918 [0] NCCL INFO Channel 00/1 : 1[0] -> 0[0] [send] via NET/IB/0
ja3:926908:926916 [0] NCCL INFO New proxy send connection 3 from local rank 0, transport 2
ja3:926908:926918 [0] NCCL INFO Connected to proxy localRank 0 -> connection 0x1526d8000e78
ja3:926908:926918 [0] NCCL INFO Channel 01/1 : 1[0] -> 0[0] [send] via NET/IB/0
ja2:1310686:1310697 [0] NCCL INFO New proxy recv connection 0 from local rank 0, transport 2
ja2:1310686:1310699 [0] NCCL INFO Connected to proxy localRank 0 -> connection 0x153880000cd0
ja2:1310686:1310700 [0] NCCL INFO [Proxy Progress] Device 0 CPU core 64
ja2:1310686:1310699 [0] NCCL INFO Channel 00/1 : 1[0] -> 0[0] [receive] via NET/IB/0
ja2:1310686:1310697 [0] NCCL INFO New proxy recv connection 1 from local rank 0, transport 2
ja2:1310686:1310699 [0] NCCL INFO Connected to proxy localRank 0 -> connection 0x153880000d48
ja2:1310686:1310699 [0] NCCL INFO Channel 01/1 : 1[0] -> 0[0] [receive] via NET/IB/0
ja2:1310686:1310697 [0] NCCL INFO New proxy send connection 2 from local rank 0, transport 2
ja2:1310686:1310699 [0] NCCL INFO Connected to proxy localRank 0 -> connection 0x153880000dc0
ja2:1310686:1310699 [0] NCCL INFO Channel 00/1 : 0[0] -> 1[0] [send] via NET/IB/0
ja2:1310686:1310697 [0] NCCL INFO New proxy send connection 3 from local rank 0, transport 2
ja2:1310686:1310699 [0] NCCL INFO Connected to proxy localRank 0 -> connection 0x153880000e38
ja2:1310686:1310699 [0] NCCL INFO Channel 01/1 : 0[0] -> 1[0] [send] via NET/IB/0
ja2:1310686:1310697 [0] NCCL INFO NCCL_IB_QPS_PER_CONNECTION set by environment to 4.
ja3:926908:926916 [0] NCCL INFO NCCL_IB_QPS_PER_CONNECTION set by environment to 4.
ja2:1310686:1310697 [0] NCCL INFO NCCL_IB_FRAG_SIZE set by environment to 0.
ja3:926908:926916 [0] NCCL INFO NCCL_IB_FRAG_SIZE set by environment to 0.
ja2:1310686:1310697 [0] NCCL INFO NET/IB: NCCL Dev 0 IbDev 0 Port 1 qpn 3324 mtu 5 LID 22 subnet-prefix 33022  FLID 0 fifoRkey=0x17fcbb fifoLkey=0x17fcbb
ja2:1310686:1310697 [0] NCCL INFO NET/IB: NCCL Dev 0 IbDev 0 Port 1 qpn 3325 mtu 5 LID 22 subnet-prefix 33022  FLID 0 fifoRkey=0x17fcbb fifoLkey=0x17fcbb
ja2:1310686:1310697 [0] NCCL INFO NET/IB: NCCL Dev 0 IbDev 0 Port 1 qpn 3326 mtu 5 LID 22 subnet-prefix 33022  FLID 0 fifoRkey=0x17fcbb fifoLkey=0x17fcbb
ja2:1310686:1310697 [0] NCCL INFO NET/IB: NCCL Dev 0 IbDev 0 Port 1 qpn 3327 mtu 5 LID 22 subnet-prefix 33022  FLID 0 fifoRkey=0x17fcbb fifoLkey=0x17fcbb
ja3:926908:926916 [0] NCCL INFO NET/IB: NCCL Dev 0 IbDev 0 Port 1 qpn 3243 mtu 5 LID 23 subnet-prefix 33022  FLID 0 fifoRkey=0x1800c0 fifoLkey=0x1800c0
ja3:926908:926916 [0] NCCL INFO NET/IB: NCCL Dev 0 IbDev 0 Port 1 qpn 3244 mtu 5 LID 23 subnet-prefix 33022  FLID 0 fifoRkey=0x1800c0 fifoLkey=0x1800c0
ja3:926908:926916 [0] NCCL INFO NET/IB: NCCL Dev 0 IbDev 0 Port 1 qpn 3245 mtu 5 LID 23 subnet-prefix 33022  FLID 0 fifoRkey=0x1800c0 fifoLkey=0x1800c0
ja3:926908:926916 [0] NCCL INFO NET/IB: NCCL Dev 0 IbDev 0 Port 1 qpn 3246 mtu 5 LID 23 subnet-prefix 33022  FLID 0 fifoRkey=0x1800c0 fifoLkey=0x1800c0
ja2:1310686:1310697 [0] NCCL INFO NET/IB: NCCL Dev 0 IbDev 0 Port 1 qpn 3328 mtu 5 LID 22 subnet-prefix 33022  FLID 0 fifoRkey=0x17e2a1 fifoLkey=0x17e2a1
ja2:1310686:1310697 [0] NCCL INFO NET/IB: NCCL Dev 0 IbDev 0 Port 1 qpn 3329 mtu 5 LID 22 subnet-prefix 33022  FLID 0 fifoRkey=0x17e2a1 fifoLkey=0x17e2a1
ja2:1310686:1310697 [0] NCCL INFO NET/IB: NCCL Dev 0 IbDev 0 Port 1 qpn 3330 mtu 5 LID 22 subnet-prefix 33022  FLID 0 fifoRkey=0x17e2a1 fifoLkey=0x17e2a1
ja2:1310686:1310697 [0] NCCL INFO NET/IB: NCCL Dev 0 IbDev 0 Port 1 qpn 3331 mtu 5 LID 22 subnet-prefix 33022  FLID 0 fifoRkey=0x17e2a1 fifoLkey=0x17e2a1
ja3:926908:926916 [0] NCCL INFO NET/IB: NCCL Dev 0 IbDev 0 Port 1 qpn 3252 mtu 5 LID 23 subnet-prefix 33022  FLID 0 fifoRkey=0x180bca fifoLkey=0x180bca
ja3:926908:926916 [0] NCCL INFO NET/IB: NCCL Dev 0 IbDev 0 Port 1 qpn 3253 mtu 5 LID 23 subnet-prefix 33022  FLID 0 fifoRkey=0x180bca fifoLkey=0x180bca
ja3:926908:926916 [0] NCCL INFO NET/IB: NCCL Dev 0 IbDev 0 Port 1 qpn 3254 mtu 5 LID 23 subnet-prefix 33022  FLID 0 fifoRkey=0x180bca fifoLkey=0x180bca
ja3:926908:926916 [0] NCCL INFO NET/IB: NCCL Dev 0 IbDev 0 Port 1 qpn 3255 mtu 5 LID 23 subnet-prefix 33022  FLID 0 fifoRkey=0x180bca fifoLkey=0x180bca
ja2:1310686:1310700 [0] NCCL INFO NCCL_IB_SPLIT_DATA_ON_QPS set by environment to 0.
ja2:1310686:1310700 [0] NCCL INFO NCCL_IB_AR_THRESHOLD set by environment to 0.
ja3:926908:926919 [0] NCCL INFO NCCL_IB_SPLIT_DATA_ON_QPS set by environment to 0.
ja3:926908:926919 [0] NCCL INFO NCCL_IB_AR_THRESHOLD set by environment to 0.
       65536         16384     float     sum      -1    39.36    1.66    1.66      0    42.23    1.55    1.55    N/A
      131072         32768     float     sum      -1    52.93    2.48    2.48      0    57.34    2.29    2.29    N/A
      262144         65536     float     sum      -1    75.13    3.49    3.49      0    74.76    3.51    3.51    N/A
      524288        131072     float     sum      -1    114.4    4.58    4.58      0    127.6    4.11    4.11    N/A
     1048576        262144     float     sum      -1    197.4    5.31    5.31      0    187.4    5.60    5.60    N/A
     2097152        524288     float     sum      -1    312.1    6.72    6.72      0    330.1    6.35    6.35    N/A
ja2:1310686:1310686 [0] NCCL INFO comm 0x1fe56880 rank 0 nranks 2 cudaDev 0 busId 1000 - Destroy COMPLETE
ja2:1310686:1310686 [0] NCCL INFO MSCCL: Teardown finished
ja3:926908:926908 [0] NCCL INFO comm 0x2862a780 rank 1 nranks 2 cudaDev 0 busId 1000 - Destroy COMPLETE
ja3:926908:926908 [0] NCCL INFO MSCCL: Teardown finished
# Out of bounds values : 0 OK
# Avg bus bandwidth    : 3.9706 
#

--- checks for CASE F_r2_qp4_split0_fragoff ---
  ACTIVE: fragmentation NOT active (expected for cases A and B)
  RESULT: # Out of bounds values : 0 OK

========================================================
  CASE F_r2_qp4_split0_fragon
  NCCL_IB_FRAG_SIZE=-1
  NCCL_IB_FRAG_BATCH=2
  NCCL_IB_SEND_QUEUE_DEPTH=
  NCCL_IB_QPS_PER_CONNECTION=4
  NCCL_IB_SPLIT_DATA_ON_QPS=0
  sizes: -b 64K -e 2M -f 2  iters: -n 50 -w 20
  Wed Aug 12 17:01:41 CST 2026
========================================================
# nThread 1 nGpus 1 minBytes 65536 maxBytes 2097152 step: 2(factor) warmup iters: 20 iters: 50 agg iters: 1 validation: 1 graph: 0
#
# Using devices
#  Rank  0 Group  0 Pid 1310743 on        ja2 device  0 [0000:01:00] Tesla V100-PCIE-16GB
#  Rank  1 Group  0 Pid 926945 on        ja3 device  0 [0000:01:00] Tesla V100-PCIE-16GB
ja2:1310743:1310743 [0] NCCL INFO cudaDriverVersion 12000
ja2:1310743:1310743 [0] NCCL INFO NCCL version 2.23.4+cuda12.2
ja2:1310743:1310750 [0] NCCL INFO NET/Plugin: Could not find: libnccl-net.so. Using internal network plugin.
ja2:1310743:1310750 [0] NCCL INFO NCCL_IB_HCA set to mlx5_0
ja2:1310743:1310750 [0] NCCL INFO NET/IB : Using [0]mlx5_0:1/IB [RO]; OOB enp68s0f0:172.23.15.12<0>
ja2:1310743:1310750 [0] NCCL INFO PROFILER/Plugin: Could not find: libnccl-profiler.so.
ja2:1310743:1310750 [0] NCCL INFO Using network IB
ja2:1310743:1310750 [0] NCCL INFO ncclCommInitRank comm 0x20e5ad70 rank 0 nranks 2 cudaDev 0 nvmlDev 0 busId 1000 commId 0xe91a3ca04368bfb9 - Init START
ja3:926945:926945 [0] NCCL INFO cudaDriverVersion 12000
ja3:926945:926945 [0] NCCL INFO NCCL version 2.23.4+cuda12.2
ja3:926945:926953 [0] NCCL INFO NET/Plugin: Could not find: libnccl-net.so. Using internal network plugin.
ja3:926945:926953 [0] NCCL INFO NCCL_IB_HCA set to mlx5_0
ja3:926945:926953 [0] NCCL INFO NET/IB : Using [0]mlx5_0:1/IB [RO]; OOB enp68s0f0:172.23.15.13<0>
ja3:926945:926953 [0] NCCL INFO PROFILER/Plugin: Could not find: libnccl-profiler.so.
ja3:926945:926953 [0] NCCL INFO Using network IB
ja3:926945:926953 [0] NCCL INFO ncclCommInitRank comm 0x2979bf00 rank 1 nranks 2 cudaDev 0 nvmlDev 0 busId 1000 commId 0xe91a3ca04368bfb9 - Init START
ja3:926945:926953 [0] NCCL INFO NET/IB : GPU Direct RDMA Disabled for HCA 0 'mlx5_0'
ja2:1310743:1310750 [0] NCCL INFO NET/IB : GPU Direct RDMA Disabled for HCA 0 'mlx5_0'
ja2:1310743:1310750 [0] NCCL INFO comm 0x20e5ad70 rank 0 nRanks 2 nNodes 2 localRanks 1 localRank 0 MNNVL 0
ja3:926945:926953 [0] NCCL INFO comm 0x2979bf00 rank 1 nRanks 2 nNodes 2 localRanks 1 localRank 0 MNNVL 0
ja2:1310743:1310750 [0] NCCL INFO MSCCL: No external scheduler found, using internal implementation
ja2:1310743:1310750 [0] NCCL INFO MSCCL: Internal Scheduler will use /home/wangyj05/msccl_azure/executor/msccl-executor-nccl/build/lib/msccl-algorithms as algorithm directory and /home/wangyj05/msccl_azure/executor/msccl-executor-nccl/build/lib/../share/nccl/msccl-algorithms as share algorithm directory and /usr/share/nccl/msccl-algorithms as package installed share algorithm directory 
ja3:926945:926953 [0] NCCL INFO MSCCL: No external scheduler found, using internal implementation
ja3:926945:926953 [0] NCCL INFO MSCCL: Internal Scheduler will use /home/wangyj05/msccl_azure/executor/msccl-executor-nccl/build/lib/msccl-algorithms as algorithm directory and /home/wangyj05/msccl_azure/executor/msccl-executor-nccl/build/lib/../share/nccl/msccl-algorithms as share algorithm directory and /usr/share/nccl/msccl-algorithms as package installed share algorithm directory 
ja2:1310743:1310750 [0] NCCL INFO Using MSCCL Algo files from /home/wangyj05/msccl_azure/executor/msccl-executor-nccl/build/lib/msccl-algorithms
ja2:1310743:1310750 [0] NCCL INFO Channel 00/02 : 0 1
ja2:1310743:1310750 [0] NCCL INFO Channel 01/02 : 0 1
ja2:1310743:1310750 [0] NCCL INFO Trees [0] 1/-1/-1->0->-1 [1] -1/-1/-1->0->1
ja2:1310743:1310750 [0] NCCL INFO NCCL_BUFFSIZE set by environment to 4194304.
ja2:1310743:1310750 [0] NCCL INFO NCCL_P2P_NET_CHUNKSIZE set by environment to 524288.
ja2:1310743:1310750 [0] NCCL INFO P2P Chunksize set to 524288
ja3:926945:926953 [0] NCCL INFO Using MSCCL Algo files from /home/wangyj05/msccl_azure/executor/msccl-executor-nccl/build/lib/msccl-algorithms
ja3:926945:926953 [0] NCCL INFO Trees [0] -1/-1/-1->1->0 [1] 0/-1/-1->1->-1
ja3:926945:926953 [0] NCCL INFO NCCL_BUFFSIZE set by environment to 4194304.
ja3:926945:926953 [0] NCCL INFO NCCL_P2P_NET_CHUNKSIZE set by environment to 524288.
ja3:926945:926953 [0] NCCL INFO P2P Chunksize set to 524288
ja2:1310743:1310750 [0] NCCL INFO NCCL_PROTO set by environment to Simple
ja3:926945:926955 [0] NCCL INFO [Proxy Service] Device 0 CPU core 192
ja2:1310743:1310750 [0] NCCL INFO threadThresholds 8/8/64 | 16/8/64 | 512 | 512
ja2:1310743:1310750 [0] NCCL INFO 2 coll channels, 2 collnet channels, 0 nvls channels, 2 p2p channels, 2 p2p channels per peer
ja3:926945:926956 [0] NCCL INFO [Proxy Service UDS] Device 0 CPU core 192
ja3:926945:926953 [0] NCCL INFO NCCL_PROTO set by environment to Simple
ja3:926945:926953 [0] NCCL INFO threadThresholds 8/8/64 | 16/8/64 | 512 | 512
ja3:926945:926953 [0] NCCL INFO 2 coll channels, 2 collnet channels, 0 nvls channels, 2 p2p channels, 2 p2p channels per peer
ja3:926945:926953 [0] NCCL INFO MSCCL: Initialization finished
ja2:1310743:1310752 [0] NCCL INFO [Proxy Service] Device 0 CPU core 192
ja2:1310743:1310750 [0] NCCL INFO CC Off, Multi-GPU CC Off, workFifoBytes 1048576
ja2:1310743:1310753 [0] NCCL INFO [Proxy Service UDS] Device 0 CPU core 192
ja3:926945:926953 [0] NCCL INFO TUNER/Plugin: Could not find: libnccl-tuner.so libnccl-net.so. Using internal tuner plugin.
ja3:926945:926953 [0] NCCL INFO ncclCommInitRank comm 0x2979bf00 rank 1 nranks 2 cudaDev 0 nvmlDev 0 busId 1000 commId 0xe91a3ca04368bfb9 - Init COMPLETE
ja3:926945:926953 [0] NCCL INFO Init timings - ncclCommInitRank: rank 1 nranks 2 total 0.03 (kernels 0.00, alloc 0.02, bootstrap 0.00, allgathers 0.00, topo 0.00, graphs 0.00, connections 0.00, rest 0.00)
ja2:1310743:1310750 [0] NCCL INFO MSCCL: Initialization finished
ja2:1310743:1310750 [0] NCCL INFO TUNER/Plugin: Could not find: libnccl-tuner.so libnccl-net.so. Using internal tuner plugin.
ja2:1310743:1310750 [0] NCCL INFO ncclCommInitRank comm 0x20e5ad70 rank 0 nranks 2 cudaDev 0 nvmlDev 0 busId 1000 commId 0xe91a3ca04368bfb9 - Init COMPLETE
ja2:1310743:1310750 [0] NCCL INFO Init timings - ncclCommInitRank: rank 0 nranks 2 total 0.10 (kernels 0.00, alloc 0.02, bootstrap 0.07, allgathers 0.00, topo 0.00, graphs 0.00, connections 0.00, rest 0.00)
#
#                                                              out-of-place                       in-place          
#       size         count      type   redop    root     time   algbw   busbw #wrong     time   algbw   busbw #wrong
#        (B)    (elements)                               (us)  (GB/s)  (GB/s)            (us)  (GB/s)  (GB/s)       
ja2:1310743:1310754 [0] NCCL INFO NCCL_NET_SHARED_BUFFERS set by environment to 0.
ja3:926945:926957 [0] NCCL INFO NCCL_NET_SHARED_BUFFERS set by environment to 0.
ja3:926945:926955 [0] NCCL INFO New proxy recv connection 0 from local rank 0, transport 2
ja3:926945:926957 [0] NCCL INFO Connected to proxy localRank 0 -> connection 0x145af8000d10
ja3:926945:926958 [0] NCCL INFO [Proxy Progress] Device 0 CPU core 192
ja3:926945:926957 [0] NCCL INFO Channel 00/1 : 0[0] -> 1[0] [receive] via NET/IB/0
ja3:926945:926955 [0] NCCL INFO New proxy recv connection 1 from local rank 0, transport 2
ja3:926945:926957 [0] NCCL INFO Connected to proxy localRank 0 -> connection 0x145af8000d88
ja3:926945:926957 [0] NCCL INFO Channel 01/1 : 0[0] -> 1[0] [receive] via NET/IB/0
ja3:926945:926955 [0] NCCL INFO New proxy send connection 2 from local rank 0, transport 2
ja3:926945:926957 [0] NCCL INFO Connected to proxy localRank 0 -> connection 0x145af8000e00
ja3:926945:926957 [0] NCCL INFO Channel 00/1 : 1[0] -> 0[0] [send] via NET/IB/0
ja3:926945:926955 [0] NCCL INFO New proxy send connection 3 from local rank 0, transport 2
ja3:926945:926957 [0] NCCL INFO Connected to proxy localRank 0 -> connection 0x145af8000e78
ja3:926945:926957 [0] NCCL INFO Channel 01/1 : 1[0] -> 0[0] [send] via NET/IB/0
ja2:1310743:1310752 [0] NCCL INFO New proxy recv connection 0 from local rank 0, transport 2
ja2:1310743:1310754 [0] NCCL INFO Connected to proxy localRank 0 -> connection 0x14fa00000cd0
ja2:1310743:1310755 [0] NCCL INFO [Proxy Progress] Device 0 CPU core 192
ja2:1310743:1310754 [0] NCCL INFO Channel 00/1 : 1[0] -> 0[0] [receive] via NET/IB/0
ja2:1310743:1310752 [0] NCCL INFO New proxy recv connection 1 from local rank 0, transport 2
ja2:1310743:1310754 [0] NCCL INFO Connected to proxy localRank 0 -> connection 0x14fa00000d48
ja2:1310743:1310754 [0] NCCL INFO Channel 01/1 : 1[0] -> 0[0] [receive] via NET/IB/0
ja2:1310743:1310752 [0] NCCL INFO New proxy send connection 2 from local rank 0, transport 2
ja2:1310743:1310754 [0] NCCL INFO Connected to proxy localRank 0 -> connection 0x14fa00000dc0
ja2:1310743:1310754 [0] NCCL INFO Channel 00/1 : 0[0] -> 1[0] [send] via NET/IB/0
ja2:1310743:1310752 [0] NCCL INFO New proxy send connection 3 from local rank 0, transport 2
ja2:1310743:1310754 [0] NCCL INFO Connected to proxy localRank 0 -> connection 0x14fa00000e38
ja2:1310743:1310754 [0] NCCL INFO Channel 01/1 : 0[0] -> 1[0] [send] via NET/IB/0
ja2:1310743:1310752 [0] NCCL INFO NCCL_IB_QPS_PER_CONNECTION set by environment to 4.
ja3:926945:926955 [0] NCCL INFO NCCL_IB_QPS_PER_CONNECTION set by environment to 4.
ja2:1310743:1310752 [0] NCCL INFO NCCL_IB_FRAG_SIZE set by environment to -1.
ja3:926945:926955 [0] NCCL INFO NCCL_IB_FRAG_SIZE set by environment to -1.
ja2:1310743:1310752 [0] NCCL INFO NET/IB: NCCL Dev 0 IbDev 0 Port 1 qpn 3353 mtu 5 LID 22 subnet-prefix 33022  FLID 0 fifoRkey=0x183af9 fifoLkey=0x183af9
ja2:1310743:1310752 [0] NCCL INFO NET/IB: NCCL Dev 0 IbDev 0 Port 1 qpn 3354 mtu 5 LID 22 subnet-prefix 33022  FLID 0 fifoRkey=0x183af9 fifoLkey=0x183af9
ja2:1310743:1310752 [0] NCCL INFO NET/IB: NCCL Dev 0 IbDev 0 Port 1 qpn 3355 mtu 5 LID 22 subnet-prefix 33022  FLID 0 fifoRkey=0x183af9 fifoLkey=0x183af9
ja2:1310743:1310752 [0] NCCL INFO NET/IB: NCCL Dev 0 IbDev 0 Port 1 qpn 3356 mtu 5 LID 22 subnet-prefix 33022  FLID 0 fifoRkey=0x183af9 fifoLkey=0x183af9
ja3:926945:926955 [0] NCCL INFO NET/IB: NCCL Dev 0 IbDev 0 Port 1 qpn 3272 mtu 5 LID 23 subnet-prefix 33022  FLID 0 fifoRkey=0x1800c0 fifoLkey=0x1800c0
ja3:926945:926955 [0] NCCL INFO NET/IB: NCCL Dev 0 IbDev 0 Port 1 qpn 3273 mtu 5 LID 23 subnet-prefix 33022  FLID 0 fifoRkey=0x1800c0 fifoLkey=0x1800c0
ja3:926945:926955 [0] NCCL INFO NET/IB: NCCL Dev 0 IbDev 0 Port 1 qpn 3274 mtu 5 LID 23 subnet-prefix 33022  FLID 0 fifoRkey=0x1800c0 fifoLkey=0x1800c0
ja3:926945:926955 [0] NCCL INFO NET/IB: NCCL Dev 0 IbDev 0 Port 1 qpn 3275 mtu 5 LID 23 subnet-prefix 33022  FLID 0 fifoRkey=0x1800c0 fifoLkey=0x1800c0
ja2:1310743:1310752 [0] NCCL INFO NET/IB: NCCL Dev 0 IbDev 0 Port 1 qpn 3357 mtu 5 LID 22 subnet-prefix 33022  FLID 0 fifoRkey=0x17be7d fifoLkey=0x17be7d
ja2:1310743:1310752 [0] NCCL INFO NET/IB: NCCL Dev 0 IbDev 0 Port 1 qpn 3358 mtu 5 LID 22 subnet-prefix 33022  FLID 0 fifoRkey=0x17be7d fifoLkey=0x17be7d
ja2:1310743:1310752 [0] NCCL INFO NET/IB: NCCL Dev 0 IbDev 0 Port 1 qpn 3359 mtu 5 LID 22 subnet-prefix 33022  FLID 0 fifoRkey=0x17be7d fifoLkey=0x17be7d
ja2:1310743:1310752 [0] NCCL INFO NET/IB: NCCL Dev 0 IbDev 0 Port 1 qpn 3360 mtu 5 LID 22 subnet-prefix 33022  FLID 0 fifoRkey=0x17be7d fifoLkey=0x17be7d
ja2:1310743:1310752 [0] NCCL INFO NCCL_IB_FRAG_BATCH set by environment to 2.
ja2:1310743:1310752 [0] NCCL INFO NET/IB: MTU fragmentation on: fragSize=4096 batch=2 sqDepth=2048 nqps=4
ja3:926945:926955 [0] NCCL INFO NET/IB: NCCL Dev 0 IbDev 0 Port 1 qpn 3281 mtu 5 LID 23 subnet-prefix 33022  FLID 0 fifoRkey=0x1827e6 fifoLkey=0x1827e6
ja3:926945:926955 [0] NCCL INFO NET/IB: NCCL Dev 0 IbDev 0 Port 1 qpn 3282 mtu 5 LID 23 subnet-prefix 33022  FLID 0 fifoRkey=0x1827e6 fifoLkey=0x1827e6
ja3:926945:926955 [0] NCCL INFO NET/IB: NCCL Dev 0 IbDev 0 Port 1 qpn 3283 mtu 5 LID 23 subnet-prefix 33022  FLID 0 fifoRkey=0x1827e6 fifoLkey=0x1827e6
ja3:926945:926955 [0] NCCL INFO NET/IB: NCCL Dev 0 IbDev 0 Port 1 qpn 3284 mtu 5 LID 23 subnet-prefix 33022  FLID 0 fifoRkey=0x1827e6 fifoLkey=0x1827e6
ja3:926945:926955 [0] NCCL INFO NCCL_IB_FRAG_BATCH set by environment to 2.
ja3:926945:926955 [0] NCCL INFO NET/IB: MTU fragmentation on: fragSize=4096 batch=2 sqDepth=2048 nqps=4
ja2:1310743:1310752 [0] NCCL INFO NET/IB: MTU fragmentation on: fragSize=4096 batch=2 sqDepth=2048 nqps=4
ja3:926945:926955 [0] NCCL INFO NET/IB: MTU fragmentation on: fragSize=4096 batch=2 sqDepth=2048 nqps=4
ja2:1310743:1310755 [0] NCCL INFO NCCL_IB_SPLIT_DATA_ON_QPS set by environment to 0.
ja3:926945:926958 [0] NCCL INFO NCCL_IB_SPLIT_DATA_ON_QPS set by environment to 0.
       65536         16384     float     sum      -1    41.68    1.57    1.57      0    41.12    1.59    1.59    N/A
      131072         32768     float     sum      -1    56.69    2.31    2.31      0    60.82    2.15    2.15    N/A
      262144         65536     float     sum      -1    76.31    3.44    3.44      0    78.73    3.33    3.33    N/A
      524288        131072     float     sum      -1    116.9    4.48    4.48      0    134.6    3.89    3.89    N/A
     1048576        262144     float     sum      -1    204.2    5.13    5.13      0    193.5    5.42    5.42    N/A
     2097152        524288     float     sum      -1    311.9    6.72    6.72      0    315.0    6.66    6.66    N/A
ja3:926945:926945 [0] NCCL INFO comm 0x2979bf00 rank 1 nranks 2 cudaDev 0 busId 1000 - Destroy COMPLETE
ja3:926945:926945 [0] NCCL INFO MSCCL: Teardown finished
ja2:1310743:1310743 [0] NCCL INFO comm 0x20e5ad70 rank 0 nranks 2 cudaDev 0 busId 1000 - Destroy COMPLETE
ja2:1310743:1310743 [0] NCCL INFO MSCCL: Teardown finished
# Out of bounds values : 0 OK
# Avg bus bandwidth    : 3.89252 
#

--- checks for CASE F_r2_qp4_split0_fragon ---
  ACTIVE: ja2:1310743:1310752 [0] NCCL INFO NET/IB: MTU fragmentation on: fragSize=4096 batch=2 sqDepth=2048 nqps=4
  RESULT: # Out of bounds values : 0 OK

========================================================
  CASE F_r2_qp4_split1_fragoff
  NCCL_IB_FRAG_SIZE=0
  NCCL_IB_FRAG_BATCH=2
  NCCL_IB_SEND_QUEUE_DEPTH=
  NCCL_IB_QPS_PER_CONNECTION=4
  NCCL_IB_SPLIT_DATA_ON_QPS=1
  sizes: -b 64K -e 2M -f 2  iters: -n 50 -w 20
  Wed Aug 12 17:01:45 CST 2026
========================================================
# nThread 1 nGpus 1 minBytes 65536 maxBytes 2097152 step: 2(factor) warmup iters: 20 iters: 50 agg iters: 1 validation: 1 graph: 0
#
# Using devices
#  Rank  0 Group  0 Pid 1310800 on        ja2 device  0 [0000:01:00] Tesla V100-PCIE-16GB
#  Rank  1 Group  0 Pid 926984 on        ja3 device  0 [0000:01:00] Tesla V100-PCIE-16GB
ja2:1310800:1310800 [0] NCCL INFO cudaDriverVersion 12000
ja2:1310800:1310800 [0] NCCL INFO NCCL version 2.23.4+cuda12.2
ja2:1310800:1310807 [0] NCCL INFO NET/Plugin: Could not find: libnccl-net.so. Using internal network plugin.
ja2:1310800:1310807 [0] NCCL INFO NCCL_IB_HCA set to mlx5_0
ja2:1310800:1310807 [0] NCCL INFO NET/IB : Using [0]mlx5_0:1/IB [RO]; OOB enp68s0f0:172.23.15.12<0>
ja2:1310800:1310807 [0] NCCL INFO PROFILER/Plugin: Could not find: libnccl-profiler.so.
ja2:1310800:1310807 [0] NCCL INFO Using network IB
ja2:1310800:1310807 [0] NCCL INFO ncclCommInitRank comm 0x4419ee10 rank 0 nranks 2 cudaDev 0 nvmlDev 0 busId 1000 commId 0xdc0a468404f30093 - Init START
ja3:926984:926984 [0] NCCL INFO cudaDriverVersion 12000
ja3:926984:926984 [0] NCCL INFO NCCL version 2.23.4+cuda12.2
ja3:926984:926992 [0] NCCL INFO NET/Plugin: Could not find: libnccl-net.so. Using internal network plugin.
ja3:926984:926992 [0] NCCL INFO NCCL_IB_HCA set to mlx5_0
ja3:926984:926992 [0] NCCL INFO NET/IB : Using [0]mlx5_0:1/IB [RO]; OOB enp68s0f0:172.23.15.13<0>
ja3:926984:926992 [0] NCCL INFO PROFILER/Plugin: Could not find: libnccl-profiler.so.
ja3:926984:926992 [0] NCCL INFO Using network IB
ja3:926984:926992 [0] NCCL INFO ncclCommInitRank comm 0x40d8f1d0 rank 1 nranks 2 cudaDev 0 nvmlDev 0 busId 1000 commId 0xdc0a468404f30093 - Init START
ja3:926984:926992 [0] NCCL INFO NET/IB : GPU Direct RDMA Disabled for HCA 0 'mlx5_0'
ja2:1310800:1310807 [0] NCCL INFO NET/IB : GPU Direct RDMA Disabled for HCA 0 'mlx5_0'
ja2:1310800:1310807 [0] NCCL INFO comm 0x4419ee10 rank 0 nRanks 2 nNodes 2 localRanks 1 localRank 0 MNNVL 0
ja3:926984:926992 [0] NCCL INFO comm 0x40d8f1d0 rank 1 nRanks 2 nNodes 2 localRanks 1 localRank 0 MNNVL 0
ja2:1310800:1310807 [0] NCCL INFO MSCCL: No external scheduler found, using internal implementation
ja2:1310800:1310807 [0] NCCL INFO MSCCL: Internal Scheduler will use /home/wangyj05/msccl_azure/executor/msccl-executor-nccl/build/lib/msccl-algorithms as algorithm directory and /home/wangyj05/msccl_azure/executor/msccl-executor-nccl/build/lib/../share/nccl/msccl-algorithms as share algorithm directory and /usr/share/nccl/msccl-algorithms as package installed share algorithm directory 
ja3:926984:926992 [0] NCCL INFO MSCCL: No external scheduler found, using internal implementation
ja3:926984:926992 [0] NCCL INFO MSCCL: Internal Scheduler will use /home/wangyj05/msccl_azure/executor/msccl-executor-nccl/build/lib/msccl-algorithms as algorithm directory and /home/wangyj05/msccl_azure/executor/msccl-executor-nccl/build/lib/../share/nccl/msccl-algorithms as share algorithm directory and /usr/share/nccl/msccl-algorithms as package installed share algorithm directory 
ja2:1310800:1310807 [0] NCCL INFO Using MSCCL Algo files from /home/wangyj05/msccl_azure/executor/msccl-executor-nccl/build/lib/msccl-algorithms
ja2:1310800:1310807 [0] NCCL INFO Channel 00/02 : 0 1
ja2:1310800:1310807 [0] NCCL INFO Channel 01/02 : 0 1
ja2:1310800:1310807 [0] NCCL INFO Trees [0] 1/-1/-1->0->-1 [1] -1/-1/-1->0->1
ja2:1310800:1310807 [0] NCCL INFO NCCL_BUFFSIZE set by environment to 4194304.
ja2:1310800:1310807 [0] NCCL INFO NCCL_P2P_NET_CHUNKSIZE set by environment to 524288.
ja2:1310800:1310807 [0] NCCL INFO P2P Chunksize set to 524288
ja3:926984:926992 [0] NCCL INFO Using MSCCL Algo files from /home/wangyj05/msccl_azure/executor/msccl-executor-nccl/build/lib/msccl-algorithms
ja3:926984:926992 [0] NCCL INFO Trees [0] -1/-1/-1->1->0 [1] 0/-1/-1->1->-1
ja3:926984:926992 [0] NCCL INFO NCCL_BUFFSIZE set by environment to 4194304.
ja3:926984:926992 [0] NCCL INFO NCCL_P2P_NET_CHUNKSIZE set by environment to 524288.
ja3:926984:926992 [0] NCCL INFO P2P Chunksize set to 524288
ja2:1310800:1310809 [0] NCCL INFO [Proxy Service] Device 0 CPU core 192
ja3:926984:926994 [0] NCCL INFO [Proxy Service] Device 0 CPU core 64
ja2:1310800:1310810 [0] NCCL INFO [Proxy Service UDS] Device 0 CPU core 192
ja3:926984:926995 [0] NCCL INFO [Proxy Service UDS] Device 0 CPU core 64
ja2:1310800:1310807 [0] NCCL INFO NCCL_PROTO set by environment to Simple
ja3:926984:926992 [0] NCCL INFO NCCL_PROTO set by environment to Simple
ja3:926984:926992 [0] NCCL INFO threadThresholds 8/8/64 | 16/8/64 | 512 | 512
ja3:926984:926992 [0] NCCL INFO 2 coll channels, 2 collnet channels, 0 nvls channels, 2 p2p channels, 2 p2p channels per peer
ja2:1310800:1310807 [0] NCCL INFO threadThresholds 8/8/64 | 16/8/64 | 512 | 512
ja2:1310800:1310807 [0] NCCL INFO 2 coll channels, 2 collnet channels, 0 nvls channels, 2 p2p channels, 2 p2p channels per peer
ja2:1310800:1310807 [0] NCCL INFO CC Off, Multi-GPU CC Off, workFifoBytes 1048576
ja3:926984:926992 [0] NCCL INFO MSCCL: Initialization finished
ja2:1310800:1310807 [0] NCCL INFO MSCCL: Initialization finished
ja3:926984:926992 [0] NCCL INFO TUNER/Plugin: Could not find: libnccl-tuner.so libnccl-net.so. Using internal tuner plugin.
ja3:926984:926992 [0] NCCL INFO ncclCommInitRank comm 0x40d8f1d0 rank 1 nranks 2 cudaDev 0 nvmlDev 0 busId 1000 commId 0xdc0a468404f30093 - Init COMPLETE
ja3:926984:926992 [0] NCCL INFO Init timings - ncclCommInitRank: rank 1 nranks 2 total 0.03 (kernels 0.00, alloc 0.02, bootstrap 0.00, allgathers 0.00, topo 0.00, graphs 0.00, connections 0.00, rest 0.00)
ja2:1310800:1310807 [0] NCCL INFO TUNER/Plugin: Could not find: libnccl-tuner.so libnccl-net.so. Using internal tuner plugin.
ja2:1310800:1310807 [0] NCCL INFO ncclCommInitRank comm 0x4419ee10 rank 0 nranks 2 cudaDev 0 nvmlDev 0 busId 1000 commId 0xdc0a468404f30093 - Init COMPLETE
ja2:1310800:1310807 [0] NCCL INFO Init timings - ncclCommInitRank: rank 0 nranks 2 total 0.12 (kernels 0.00, alloc 0.02, bootstrap 0.09, allgathers 0.00, topo 0.00, graphs 0.00, connections 0.00, rest 0.00)
#
#                                                              out-of-place                       in-place          
#       size         count      type   redop    root     time   algbw   busbw #wrong     time   algbw   busbw #wrong
#        (B)    (elements)                               (us)  (GB/s)  (GB/s)            (us)  (GB/s)  (GB/s)       
ja2:1310800:1310811 [0] NCCL INFO NCCL_NET_SHARED_BUFFERS set by environment to 0.
ja3:926984:926996 [0] NCCL INFO NCCL_NET_SHARED_BUFFERS set by environment to 0.
ja3:926984:926994 [0] NCCL INFO New proxy recv connection 0 from local rank 0, transport 2
ja2:1310800:1310809 [0] NCCL INFO New proxy recv connection 0 from local rank 0, transport 2
ja3:926984:926996 [0] NCCL INFO Connected to proxy localRank 0 -> connection 0x14dcf0000d10
ja2:1310800:1310812 [0] NCCL INFO [Proxy Progress] Device 0 CPU core 64
ja2:1310800:1310811 [0] NCCL INFO Connected to proxy localRank 0 -> connection 0x14eaa0000cd0
ja3:926984:926997 [0] NCCL INFO [Proxy Progress] Device 0 CPU core 192
ja3:926984:926996 [0] NCCL INFO Channel 00/1 : 0[0] -> 1[0] [receive] via NET/IB/0
ja3:926984:926994 [0] NCCL INFO New proxy recv connection 1 from local rank 0, transport 2
ja2:1310800:1310811 [0] NCCL INFO Channel 00/1 : 1[0] -> 0[0] [receive] via NET/IB/0
ja2:1310800:1310809 [0] NCCL INFO New proxy recv connection 1 from local rank 0, transport 2
ja3:926984:926996 [0] NCCL INFO Connected to proxy localRank 0 -> connection 0x14dcf0000d88
ja2:1310800:1310811 [0] NCCL INFO Connected to proxy localRank 0 -> connection 0x14eaa0000d48
ja3:926984:926996 [0] NCCL INFO Channel 01/1 : 0[0] -> 1[0] [receive] via NET/IB/0
ja3:926984:926994 [0] NCCL INFO New proxy send connection 2 from local rank 0, transport 2
ja3:926984:926996 [0] NCCL INFO Connected to proxy localRank 0 -> connection 0x14dcf0000e00
ja2:1310800:1310811 [0] NCCL INFO Channel 01/1 : 1[0] -> 0[0] [receive] via NET/IB/0
ja3:926984:926996 [0] NCCL INFO Channel 00/1 : 1[0] -> 0[0] [send] via NET/IB/0
ja3:926984:926994 [0] NCCL INFO New proxy send connection 3 from local rank 0, transport 2
ja3:926984:926996 [0] NCCL INFO Connected to proxy localRank 0 -> connection 0x14dcf0000e78
ja3:926984:926996 [0] NCCL INFO Channel 01/1 : 1[0] -> 0[0] [send] via NET/IB/0
ja2:1310800:1310809 [0] NCCL INFO New proxy send connection 2 from local rank 0, transport 2
ja2:1310800:1310811 [0] NCCL INFO Connected to proxy localRank 0 -> connection 0x14eaa0000dc0
ja2:1310800:1310811 [0] NCCL INFO Channel 00/1 : 0[0] -> 1[0] [send] via NET/IB/0
ja2:1310800:1310809 [0] NCCL INFO New proxy send connection 3 from local rank 0, transport 2
ja2:1310800:1310811 [0] NCCL INFO Connected to proxy localRank 0 -> connection 0x14eaa0000e38
ja2:1310800:1310811 [0] NCCL INFO Channel 01/1 : 0[0] -> 1[0] [send] via NET/IB/0
ja2:1310800:1310809 [0] NCCL INFO NCCL_IB_QPS_PER_CONNECTION set by environment to 4.
ja3:926984:926994 [0] NCCL INFO NCCL_IB_QPS_PER_CONNECTION set by environment to 4.
ja2:1310800:1310809 [0] NCCL INFO NCCL_IB_FRAG_SIZE set by environment to 0.
ja3:926984:926994 [0] NCCL INFO NCCL_IB_FRAG_SIZE set by environment to 0.
ja2:1310800:1310809 [0] NCCL INFO NET/IB: NCCL Dev 0 IbDev 0 Port 1 qpn 3382 mtu 5 LID 22 subnet-prefix 33022  FLID 0 fifoRkey=0x183af9 fifoLkey=0x183af9
ja2:1310800:1310809 [0] NCCL INFO NET/IB: NCCL Dev 0 IbDev 0 Port 1 qpn 3383 mtu 5 LID 22 subnet-prefix 33022  FLID 0 fifoRkey=0x183af9 fifoLkey=0x183af9
ja2:1310800:1310809 [0] NCCL INFO NET/IB: NCCL Dev 0 IbDev 0 Port 1 qpn 3384 mtu 5 LID 22 subnet-prefix 33022  FLID 0 fifoRkey=0x183af9 fifoLkey=0x183af9
ja2:1310800:1310809 [0] NCCL INFO NET/IB: NCCL Dev 0 IbDev 0 Port 1 qpn 3385 mtu 5 LID 22 subnet-prefix 33022  FLID 0 fifoRkey=0x183af9 fifoLkey=0x183af9
ja3:926984:926994 [0] NCCL INFO NET/IB: NCCL Dev 0 IbDev 0 Port 1 qpn 3301 mtu 5 LID 23 subnet-prefix 33022  FLID 0 fifoRkey=0x180bca fifoLkey=0x180bca
ja3:926984:926994 [0] NCCL INFO NET/IB: NCCL Dev 0 IbDev 0 Port 1 qpn 3302 mtu 5 LID 23 subnet-prefix 33022  FLID 0 fifoRkey=0x180bca fifoLkey=0x180bca
ja3:926984:926994 [0] NCCL INFO NET/IB: NCCL Dev 0 IbDev 0 Port 1 qpn 3303 mtu 5 LID 23 subnet-prefix 33022  FLID 0 fifoRkey=0x180bca fifoLkey=0x180bca
ja3:926984:926994 [0] NCCL INFO NET/IB: NCCL Dev 0 IbDev 0 Port 1 qpn 3304 mtu 5 LID 23 subnet-prefix 33022  FLID 0 fifoRkey=0x180bca fifoLkey=0x180bca
ja2:1310800:1310809 [0] NCCL INFO NET/IB: NCCL Dev 0 IbDev 0 Port 1 qpn 3391 mtu 5 LID 22 subnet-prefix 33022  FLID 0 fifoRkey=0x17fcbb fifoLkey=0x17fcbb
ja2:1310800:1310809 [0] NCCL INFO NET/IB: NCCL Dev 0 IbDev 0 Port 1 qpn 3392 mtu 5 LID 22 subnet-prefix 33022  FLID 0 fifoRkey=0x17fcbb fifoLkey=0x17fcbb
ja2:1310800:1310809 [0] NCCL INFO NET/IB: NCCL Dev 0 IbDev 0 Port 1 qpn 3393 mtu 5 LID 22 subnet-prefix 33022  FLID 0 fifoRkey=0x17fcbb fifoLkey=0x17fcbb
ja2:1310800:1310809 [0] NCCL INFO NET/IB: NCCL Dev 0 IbDev 0 Port 1 qpn 3394 mtu 5 LID 22 subnet-prefix 33022  FLID 0 fifoRkey=0x17fcbb fifoLkey=0x17fcbb
ja3:926984:926994 [0] NCCL INFO NET/IB: NCCL Dev 0 IbDev 0 Port 1 qpn 3310 mtu 5 LID 23 subnet-prefix 33022  FLID 0 fifoRkey=0x1827e6 fifoLkey=0x1827e6
ja3:926984:926994 [0] NCCL INFO NET/IB: NCCL Dev 0 IbDev 0 Port 1 qpn 3311 mtu 5 LID 23 subnet-prefix 33022  FLID 0 fifoRkey=0x1827e6 fifoLkey=0x1827e6
ja3:926984:926994 [0] NCCL INFO NET/IB: NCCL Dev 0 IbDev 0 Port 1 qpn 3312 mtu 5 LID 23 subnet-prefix 33022  FLID 0 fifoRkey=0x1827e6 fifoLkey=0x1827e6
ja3:926984:926994 [0] NCCL INFO NET/IB: NCCL Dev 0 IbDev 0 Port 1 qpn 3313 mtu 5 LID 23 subnet-prefix 33022  FLID 0 fifoRkey=0x1827e6 fifoLkey=0x1827e6
ja2:1310800:1310812 [0] NCCL INFO NCCL_IB_SPLIT_DATA_ON_QPS set by environment to 1.
ja2:1310800:1310812 [0] NCCL INFO NCCL_IB_AR_THRESHOLD set by environment to 0.
ja3:926984:926997 [0] NCCL INFO NCCL_IB_SPLIT_DATA_ON_QPS set by environment to 1.
ja3:926984:926997 [0] NCCL INFO NCCL_IB_AR_THRESHOLD set by environment to 0.
       65536         16384     float     sum      -1    39.85    1.64    1.64      0    39.07    1.68    1.68    N/A
      131072         32768     float     sum      -1    54.00    2.43    2.43      0    56.40    2.32    2.32    N/A
      262144         65536     float     sum      -1    74.57    3.52    3.52      0    75.34    3.48    3.48    N/A
      524288        131072     float     sum      -1    114.3    4.59    4.59      0    128.2    4.09    4.09    N/A
     1048576        262144     float     sum      -1    191.1    5.49    5.49      0    189.6    5.53    5.53    N/A
     2097152        524288     float     sum      -1    318.4    6.59    6.59      0    344.6    6.09    6.09    N/A
ja2:1310800:1310800 [0] NCCL INFO comm 0x4419ee10 rank 0 nranks 2 cudaDev 0 busId 1000 - Destroy COMPLETE
ja2:1310800:1310800 [0] NCCL INFO MSCCL: Teardown finished
ja3:926984:926984 [0] NCCL INFO comm 0x40d8f1d0 rank 1 nranks 2 cudaDev 0 busId 1000 - Destroy COMPLETE
ja3:926984:926984 [0] NCCL INFO MSCCL: Teardown finished
# Out of bounds values : 0 OK
# Avg bus bandwidth    : 3.95289 
#

--- checks for CASE F_r2_qp4_split1_fragoff ---
  ACTIVE: fragmentation NOT active (expected for cases A and B)
  RESULT: # Out of bounds values : 0 OK

========================================================
  CASE F_r2_qp4_split1_fragon
  NCCL_IB_FRAG_SIZE=-1
  NCCL_IB_FRAG_BATCH=2
  NCCL_IB_SEND_QUEUE_DEPTH=
  NCCL_IB_QPS_PER_CONNECTION=4
  NCCL_IB_SPLIT_DATA_ON_QPS=1
  sizes: -b 64K -e 2M -f 2  iters: -n 50 -w 20
  Wed Aug 12 17:01:48 CST 2026
========================================================
# nThread 1 nGpus 1 minBytes 65536 maxBytes 2097152 step: 2(factor) warmup iters: 20 iters: 50 agg iters: 1 validation: 1 graph: 0
#
# Using devices
#  Rank  0 Group  0 Pid 1310855 on        ja2 device  0 [0000:01:00] Tesla V100-PCIE-16GB
#  Rank  1 Group  0 Pid 927023 on        ja3 device  0 [0000:01:00] Tesla V100-PCIE-16GB
ja2:1310855:1310855 [0] NCCL INFO cudaDriverVersion 12000
ja2:1310855:1310855 [0] NCCL INFO NCCL version 2.23.4+cuda12.2
ja2:1310855:1310862 [0] NCCL INFO NET/Plugin: Could not find: libnccl-net.so. Using internal network plugin.
ja2:1310855:1310862 [0] NCCL INFO NCCL_IB_HCA set to mlx5_0
ja2:1310855:1310862 [0] NCCL INFO NET/IB : Using [0]mlx5_0:1/IB [RO]; OOB enp68s0f0:172.23.15.12<0>
ja2:1310855:1310862 [0] NCCL INFO PROFILER/Plugin: Could not find: libnccl-profiler.so.
ja2:1310855:1310862 [0] NCCL INFO Using network IB
ja2:1310855:1310862 [0] NCCL INFO ncclCommInitRank comm 0x1e584480 rank 0 nranks 2 cudaDev 0 nvmlDev 0 busId 1000 commId 0x7f29df7843267e2d - Init START
ja3:927023:927023 [0] NCCL INFO cudaDriverVersion 12000
ja3:927023:927023 [0] NCCL INFO NCCL version 2.23.4+cuda12.2
ja3:927023:927031 [0] NCCL INFO NET/Plugin: Could not find: libnccl-net.so. Using internal network plugin.
ja3:927023:927031 [0] NCCL INFO NCCL_IB_HCA set to mlx5_0
ja3:927023:927031 [0] NCCL INFO NET/IB : Using [0]mlx5_0:1/IB [RO]; OOB enp68s0f0:172.23.15.13<0>
ja3:927023:927031 [0] NCCL INFO PROFILER/Plugin: Could not find: libnccl-profiler.so.
ja3:927023:927031 [0] NCCL INFO Using network IB
ja3:927023:927031 [0] NCCL INFO ncclCommInitRank comm 0x4696aa20 rank 1 nranks 2 cudaDev 0 nvmlDev 0 busId 1000 commId 0x7f29df7843267e2d - Init START
ja3:927023:927031 [0] NCCL INFO NET/IB : GPU Direct RDMA Disabled for HCA 0 'mlx5_0'
ja2:1310855:1310862 [0] NCCL INFO NET/IB : GPU Direct RDMA Disabled for HCA 0 'mlx5_0'
ja2:1310855:1310862 [0] NCCL INFO comm 0x1e584480 rank 0 nRanks 2 nNodes 2 localRanks 1 localRank 0 MNNVL 0
ja3:927023:927031 [0] NCCL INFO comm 0x4696aa20 rank 1 nRanks 2 nNodes 2 localRanks 1 localRank 0 MNNVL 0
ja2:1310855:1310862 [0] NCCL INFO MSCCL: No external scheduler found, using internal implementation
ja2:1310855:1310862 [0] NCCL INFO MSCCL: Internal Scheduler will use /home/wangyj05/msccl_azure/executor/msccl-executor-nccl/build/lib/msccl-algorithms as algorithm directory and /home/wangyj05/msccl_azure/executor/msccl-executor-nccl/build/lib/../share/nccl/msccl-algorithms as share algorithm directory and /usr/share/nccl/msccl-algorithms as package installed share algorithm directory 
ja3:927023:927031 [0] NCCL INFO MSCCL: No external scheduler found, using internal implementation
ja3:927023:927031 [0] NCCL INFO MSCCL: Internal Scheduler will use /home/wangyj05/msccl_azure/executor/msccl-executor-nccl/build/lib/msccl-algorithms as algorithm directory and /home/wangyj05/msccl_azure/executor/msccl-executor-nccl/build/lib/../share/nccl/msccl-algorithms as share algorithm directory and /usr/share/nccl/msccl-algorithms as package installed share algorithm directory 
ja2:1310855:1310862 [0] NCCL INFO Using MSCCL Algo files from /home/wangyj05/msccl_azure/executor/msccl-executor-nccl/build/lib/msccl-algorithms
ja2:1310855:1310862 [0] NCCL INFO Channel 00/02 : 0 1
ja2:1310855:1310862 [0] NCCL INFO Channel 01/02 : 0 1
ja2:1310855:1310862 [0] NCCL INFO Trees [0] 1/-1/-1->0->-1 [1] -1/-1/-1->0->1
ja2:1310855:1310862 [0] NCCL INFO NCCL_BUFFSIZE set by environment to 4194304.
ja2:1310855:1310862 [0] NCCL INFO NCCL_P2P_NET_CHUNKSIZE set by environment to 524288.
ja2:1310855:1310862 [0] NCCL INFO P2P Chunksize set to 524288
ja3:927023:927031 [0] NCCL INFO Using MSCCL Algo files from /home/wangyj05/msccl_azure/executor/msccl-executor-nccl/build/lib/msccl-algorithms
ja3:927023:927031 [0] NCCL INFO Trees [0] -1/-1/-1->1->0 [1] 0/-1/-1->1->-1
ja3:927023:927031 [0] NCCL INFO NCCL_BUFFSIZE set by environment to 4194304.
ja3:927023:927031 [0] NCCL INFO NCCL_P2P_NET_CHUNKSIZE set by environment to 524288.
ja3:927023:927031 [0] NCCL INFO P2P Chunksize set to 524288
ja2:1310855:1310864 [0] NCCL INFO [Proxy Service] Device 0 CPU core 192
ja3:927023:927033 [0] NCCL INFO [Proxy Service] Device 0 CPU core 192
ja2:1310855:1310865 [0] NCCL INFO [Proxy Service UDS] Device 0 CPU core 192
ja3:927023:927034 [0] NCCL INFO [Proxy Service UDS] Device 0 CPU core 192
ja2:1310855:1310862 [0] NCCL INFO NCCL_PROTO set by environment to Simple
ja2:1310855:1310862 [0] NCCL INFO threadThresholds 8/8/64 | 16/8/64 | 512 | 512
ja2:1310855:1310862 [0] NCCL INFO 2 coll channels, 2 collnet channels, 0 nvls channels, 2 p2p channels, 2 p2p channels per peer
ja3:927023:927031 [0] NCCL INFO NCCL_PROTO set by environment to Simple
ja3:927023:927031 [0] NCCL INFO threadThresholds 8/8/64 | 16/8/64 | 512 | 512
ja3:927023:927031 [0] NCCL INFO 2 coll channels, 2 collnet channels, 0 nvls channels, 2 p2p channels, 2 p2p channels per peer
ja2:1310855:1310862 [0] NCCL INFO CC Off, Multi-GPU CC Off, workFifoBytes 1048576
ja2:1310855:1310862 [0] NCCL INFO MSCCL: Initialization finished
ja3:927023:927031 [0] NCCL INFO MSCCL: Initialization finished
ja2:1310855:1310862 [0] NCCL INFO TUNER/Plugin: Could not find: libnccl-tuner.so libnccl-net.so. Using internal tuner plugin.
ja2:1310855:1310862 [0] NCCL INFO ncclCommInitRank comm 0x1e584480 rank 0 nranks 2 cudaDev 0 nvmlDev 0 busId 1000 commId 0x7f29df7843267e2d - Init COMPLETE
ja2:1310855:1310862 [0] NCCL INFO Init timings - ncclCommInitRank: rank 0 nranks 2 total 0.10 (kernels 0.00, alloc 0.02, bootstrap 0.07, allgathers 0.00, topo 0.00, graphs 0.00, connections 0.00, rest 0.00)
#
#                                                              out-of-place                       in-place          
#       size         count      type   redop    root     time   algbw   busbw #wrong     time   algbw   busbw #wrong
#        (B)    (elements)                               (us)  (GB/s)  (GB/s)            (us)  (GB/s)  (GB/s)       
ja3:927023:927031 [0] NCCL INFO TUNER/Plugin: Could not find: libnccl-tuner.so libnccl-net.so. Using internal tuner plugin.
ja3:927023:927031 [0] NCCL INFO ncclCommInitRank comm 0x4696aa20 rank 1 nranks 2 cudaDev 0 nvmlDev 0 busId 1000 commId 0x7f29df7843267e2d - Init COMPLETE
ja3:927023:927031 [0] NCCL INFO Init timings - ncclCommInitRank: rank 1 nranks 2 total 0.04 (kernels 0.00, alloc 0.03, bootstrap 0.00, allgathers 0.00, topo 0.00, graphs 0.00, connections 0.00, rest 0.00)
ja2:1310855:1310866 [0] NCCL INFO NCCL_NET_SHARED_BUFFERS set by environment to 0.
ja3:927023:927035 [0] NCCL INFO NCCL_NET_SHARED_BUFFERS set by environment to 0.
ja2:1310855:1310864 [0] NCCL INFO New proxy recv connection 0 from local rank 0, transport 2
ja2:1310855:1310866 [0] NCCL INFO Connected to proxy localRank 0 -> connection 0x14f170000cd0
ja2:1310855:1310867 [0] NCCL INFO [Proxy Progress] Device 0 CPU core 192
ja2:1310855:1310866 [0] NCCL INFO Channel 00/1 : 1[0] -> 0[0] [receive] via NET/IB/0
ja2:1310855:1310864 [0] NCCL INFO New proxy recv connection 1 from local rank 0, transport 2
ja2:1310855:1310866 [0] NCCL INFO Connected to proxy localRank 0 -> connection 0x14f170000d48
ja2:1310855:1310866 [0] NCCL INFO Channel 01/1 : 1[0] -> 0[0] [receive] via NET/IB/0
ja2:1310855:1310864 [0] NCCL INFO New proxy send connection 2 from local rank 0, transport 2
ja2:1310855:1310866 [0] NCCL INFO Connected to proxy localRank 0 -> connection 0x14f170000dc0
ja2:1310855:1310866 [0] NCCL INFO Channel 00/1 : 0[0] -> 1[0] [send] via NET/IB/0
ja2:1310855:1310864 [0] NCCL INFO New proxy send connection 3 from local rank 0, transport 2
ja2:1310855:1310866 [0] NCCL INFO Connected to proxy localRank 0 -> connection 0x14f170000e38
ja2:1310855:1310866 [0] NCCL INFO Channel 01/1 : 0[0] -> 1[0] [send] via NET/IB/0
ja3:927023:927033 [0] NCCL INFO New proxy recv connection 0 from local rank 0, transport 2
ja3:927023:927035 [0] NCCL INFO Connected to proxy localRank 0 -> connection 0x148720000d10
ja3:927023:927036 [0] NCCL INFO [Proxy Progress] Device 0 CPU core 192
ja3:927023:927035 [0] NCCL INFO Channel 00/1 : 0[0] -> 1[0] [receive] via NET/IB/0
ja3:927023:927033 [0] NCCL INFO New proxy recv connection 1 from local rank 0, transport 2
ja3:927023:927035 [0] NCCL INFO Connected to proxy localRank 0 -> connection 0x148720000d88
ja3:927023:927035 [0] NCCL INFO Channel 01/1 : 0[0] -> 1[0] [receive] via NET/IB/0
ja3:927023:927033 [0] NCCL INFO New proxy send connection 2 from local rank 0, transport 2
ja3:927023:927035 [0] NCCL INFO Connected to proxy localRank 0 -> connection 0x148720000e00
ja3:927023:927035 [0] NCCL INFO Channel 00/1 : 1[0] -> 0[0] [send] via NET/IB/0
ja3:927023:927033 [0] NCCL INFO New proxy send connection 3 from local rank 0, transport 2
ja3:927023:927035 [0] NCCL INFO Connected to proxy localRank 0 -> connection 0x148720000e78
ja3:927023:927035 [0] NCCL INFO Channel 01/1 : 1[0] -> 0[0] [send] via NET/IB/0
ja2:1310855:1310864 [0] NCCL INFO NCCL_IB_QPS_PER_CONNECTION set by environment to 4.
ja3:927023:927033 [0] NCCL INFO NCCL_IB_QPS_PER_CONNECTION set by environment to 4.
ja2:1310855:1310864 [0] NCCL INFO NCCL_IB_FRAG_SIZE set by environment to -1.
ja3:927023:927033 [0] NCCL INFO NCCL_IB_FRAG_SIZE set by environment to -1.
ja2:1310855:1310864 [0] NCCL INFO NET/IB: NCCL Dev 0 IbDev 0 Port 1 qpn 3411 mtu 5 LID 22 subnet-prefix 33022  FLID 0 fifoRkey=0x17fcbb fifoLkey=0x17fcbb
ja2:1310855:1310864 [0] NCCL INFO NET/IB: NCCL Dev 0 IbDev 0 Port 1 qpn 3412 mtu 5 LID 22 subnet-prefix 33022  FLID 0 fifoRkey=0x17fcbb fifoLkey=0x17fcbb
ja2:1310855:1310864 [0] NCCL INFO NET/IB: NCCL Dev 0 IbDev 0 Port 1 qpn 3413 mtu 5 LID 22 subnet-prefix 33022  FLID 0 fifoRkey=0x17fcbb fifoLkey=0x17fcbb
ja2:1310855:1310864 [0] NCCL INFO NET/IB: NCCL Dev 0 IbDev 0 Port 1 qpn 3414 mtu 5 LID 22 subnet-prefix 33022  FLID 0 fifoRkey=0x17fcbb fifoLkey=0x17fcbb
ja3:927023:927033 [0] NCCL INFO NET/IB: NCCL Dev 0 IbDev 0 Port 1 qpn 3330 mtu 5 LID 23 subnet-prefix 33022  FLID 0 fifoRkey=0x1827e6 fifoLkey=0x1827e6
ja3:927023:927033 [0] NCCL INFO NET/IB: NCCL Dev 0 IbDev 0 Port 1 qpn 3331 mtu 5 LID 23 subnet-prefix 33022  FLID 0 fifoRkey=0x1827e6 fifoLkey=0x1827e6
ja3:927023:927033 [0] NCCL INFO NET/IB: NCCL Dev 0 IbDev 0 Port 1 qpn 3332 mtu 5 LID 23 subnet-prefix 33022  FLID 0 fifoRkey=0x1827e6 fifoLkey=0x1827e6
ja3:927023:927033 [0] NCCL INFO NET/IB: NCCL Dev 0 IbDev 0 Port 1 qpn 3333 mtu 5 LID 23 subnet-prefix 33022  FLID 0 fifoRkey=0x1827e6 fifoLkey=0x1827e6
ja2:1310855:1310864 [0] NCCL INFO NET/IB: NCCL Dev 0 IbDev 0 Port 1 qpn 3415 mtu 5 LID 22 subnet-prefix 33022  FLID 0 fifoRkey=0x17be7d fifoLkey=0x17be7d
ja2:1310855:1310864 [0] NCCL INFO NET/IB: NCCL Dev 0 IbDev 0 Port 1 qpn 3416 mtu 5 LID 22 subnet-prefix 33022  FLID 0 fifoRkey=0x17be7d fifoLkey=0x17be7d
ja2:1310855:1310864 [0] NCCL INFO NET/IB: NCCL Dev 0 IbDev 0 Port 1 qpn 3417 mtu 5 LID 22 subnet-prefix 33022  FLID 0 fifoRkey=0x17be7d fifoLkey=0x17be7d
ja2:1310855:1310864 [0] NCCL INFO NET/IB: NCCL Dev 0 IbDev 0 Port 1 qpn 3418 mtu 5 LID 22 subnet-prefix 33022  FLID 0 fifoRkey=0x17be7d fifoLkey=0x17be7d
ja2:1310855:1310864 [0] NCCL INFO NCCL_IB_FRAG_BATCH set by environment to 2.
ja2:1310855:1310864 [0] NCCL INFO NET/IB: MTU fragmentation on: fragSize=4096 batch=2 sqDepth=2048 nqps=4
ja3:927023:927033 [0] NCCL INFO NET/IB: NCCL Dev 0 IbDev 0 Port 1 qpn 3339 mtu 5 LID 23 subnet-prefix 33022  FLID 0 fifoRkey=0x180bca fifoLkey=0x180bca
ja3:927023:927033 [0] NCCL INFO NET/IB: NCCL Dev 0 IbDev 0 Port 1 qpn 3340 mtu 5 LID 23 subnet-prefix 33022  FLID 0 fifoRkey=0x180bca fifoLkey=0x180bca
ja3:927023:927033 [0] NCCL INFO NET/IB: NCCL Dev 0 IbDev 0 Port 1 qpn 3341 mtu 5 LID 23 subnet-prefix 33022  FLID 0 fifoRkey=0x180bca fifoLkey=0x180bca
ja3:927023:927033 [0] NCCL INFO NET/IB: NCCL Dev 0 IbDev 0 Port 1 qpn 3342 mtu 5 LID 23 subnet-prefix 33022  FLID 0 fifoRkey=0x180bca fifoLkey=0x180bca
ja3:927023:927033 [0] NCCL INFO NCCL_IB_FRAG_BATCH set by environment to 2.
ja3:927023:927033 [0] NCCL INFO NET/IB: MTU fragmentation on: fragSize=4096 batch=2 sqDepth=2048 nqps=4
ja3:927023:927033 [0] NCCL INFO NET/IB: MTU fragmentation on: fragSize=4096 batch=2 sqDepth=2048 nqps=4
ja2:1310855:1310864 [0] NCCL INFO NET/IB: MTU fragmentation on: fragSize=4096 batch=2 sqDepth=2048 nqps=4
ja2:1310855:1310867 [0] NCCL INFO NCCL_IB_SPLIT_DATA_ON_QPS set by environment to 1.
ja3:927023:927036 [0] NCCL INFO NCCL_IB_SPLIT_DATA_ON_QPS set by environment to 1.
       65536         16384     float     sum      -1    41.41    1.58    1.58      0    41.30    1.59    1.59    N/A
      131072         32768     float     sum      -1    57.38    2.28    2.28      0    64.02    2.05    2.05    N/A
      262144         65536     float     sum      -1    78.13    3.36    3.36      0    78.89    3.32    3.32    N/A
      524288        131072     float     sum      -1    117.6    4.46    4.46      0    135.5    3.87    3.87    N/A
     1048576        262144     float     sum      -1    205.4    5.10    5.10      0    192.3    5.45    5.45    N/A
     2097152        524288     float     sum      -1    311.1    6.74    6.74      0    334.2    6.27    6.27    N/A
ja2:1310855:1310855 [0] NCCL INFO comm 0x1e584480 rank 0 nranks 2 cudaDev 0 busId 1000 - Destroy COMPLETE
ja3:927023:927023 [0] NCCL INFO comm 0x4696aa20 rank 1 nranks 2 cudaDev 0 busId 1000 - Destroy COMPLETE
ja2:1310855:1310855 [0] NCCL INFO MSCCL: Teardown finished
ja3:927023:927023 [0] NCCL INFO MSCCL: Teardown finished
# Out of bounds values : 0 OK
# Avg bus bandwidth    : 3.84041 
#

--- checks for CASE F_r2_qp4_split1_fragon ---
  ACTIVE: ja2:1310855:1310864 [0] NCCL INFO NET/IB: MTU fragmentation on: fragSize=4096 batch=2 sqDepth=2048 nqps=4
  RESULT: # Out of bounds values : 0 OK

========================================================
  CASE F_r3_qp1_split0_fragoff
  NCCL_IB_FRAG_SIZE=0
  NCCL_IB_FRAG_BATCH=2
  NCCL_IB_SEND_QUEUE_DEPTH=
  NCCL_IB_QPS_PER_CONNECTION=1
  NCCL_IB_SPLIT_DATA_ON_QPS=0
  sizes: -b 64K -e 2M -f 2  iters: -n 50 -w 20
  Wed Aug 12 17:01:52 CST 2026
========================================================
# nThread 1 nGpus 1 minBytes 65536 maxBytes 2097152 step: 2(factor) warmup iters: 20 iters: 50 agg iters: 1 validation: 1 graph: 0
#
# Using devices
#  Rank  0 Group  0 Pid 1310912 on        ja2 device  0 [0000:01:00] Tesla V100-PCIE-16GB
#  Rank  1 Group  0 Pid 927062 on        ja3 device  0 [0000:01:00] Tesla V100-PCIE-16GB
ja2:1310912:1310912 [0] NCCL INFO cudaDriverVersion 12000
ja2:1310912:1310912 [0] NCCL INFO NCCL version 2.23.4+cuda12.2
ja2:1310912:1310919 [0] NCCL INFO NET/Plugin: Could not find: libnccl-net.so. Using internal network plugin.
ja2:1310912:1310919 [0] NCCL INFO NCCL_IB_HCA set to mlx5_0
ja2:1310912:1310919 [0] NCCL INFO NET/IB : Using [0]mlx5_0:1/IB [RO]; OOB enp68s0f0:172.23.15.12<0>
ja2:1310912:1310919 [0] NCCL INFO PROFILER/Plugin: Could not find: libnccl-profiler.so.
ja2:1310912:1310919 [0] NCCL INFO Using network IB
ja2:1310912:1310919 [0] NCCL INFO ncclCommInitRank comm 0x17135760 rank 0 nranks 2 cudaDev 0 nvmlDev 0 busId 1000 commId 0x40ed82ddc070985c - Init START
ja3:927062:927062 [0] NCCL INFO cudaDriverVersion 12000
ja3:927062:927062 [0] NCCL INFO NCCL version 2.23.4+cuda12.2
ja3:927062:927070 [0] NCCL INFO NET/Plugin: Could not find: libnccl-net.so. Using internal network plugin.
ja3:927062:927070 [0] NCCL INFO NCCL_IB_HCA set to mlx5_0
ja3:927062:927070 [0] NCCL INFO NET/IB : Using [0]mlx5_0:1/IB [RO]; OOB enp68s0f0:172.23.15.13<0>
ja3:927062:927070 [0] NCCL INFO PROFILER/Plugin: Could not find: libnccl-profiler.so.
ja3:927062:927070 [0] NCCL INFO Using network IB
ja3:927062:927070 [0] NCCL INFO ncclCommInitRank comm 0x42ee0250 rank 1 nranks 2 cudaDev 0 nvmlDev 0 busId 1000 commId 0x40ed82ddc070985c - Init START
ja2:1310912:1310919 [0] NCCL INFO NET/IB : GPU Direct RDMA Disabled for HCA 0 'mlx5_0'
ja3:927062:927070 [0] NCCL INFO NET/IB : GPU Direct RDMA Disabled for HCA 0 'mlx5_0'
ja2:1310912:1310919 [0] NCCL INFO comm 0x17135760 rank 0 nRanks 2 nNodes 2 localRanks 1 localRank 0 MNNVL 0
ja3:927062:927070 [0] NCCL INFO comm 0x42ee0250 rank 1 nRanks 2 nNodes 2 localRanks 1 localRank 0 MNNVL 0
ja2:1310912:1310919 [0] NCCL INFO MSCCL: No external scheduler found, using internal implementation
ja2:1310912:1310919 [0] NCCL INFO MSCCL: Internal Scheduler will use /home/wangyj05/msccl_azure/executor/msccl-executor-nccl/build/lib/msccl-algorithms as algorithm directory and /home/wangyj05/msccl_azure/executor/msccl-executor-nccl/build/lib/../share/nccl/msccl-algorithms as share algorithm directory and /usr/share/nccl/msccl-algorithms as package installed share algorithm directory 
ja3:927062:927070 [0] NCCL INFO MSCCL: No external scheduler found, using internal implementation
ja3:927062:927070 [0] NCCL INFO MSCCL: Internal Scheduler will use /home/wangyj05/msccl_azure/executor/msccl-executor-nccl/build/lib/msccl-algorithms as algorithm directory and /home/wangyj05/msccl_azure/executor/msccl-executor-nccl/build/lib/../share/nccl/msccl-algorithms as share algorithm directory and /usr/share/nccl/msccl-algorithms as package installed share algorithm directory 
ja2:1310912:1310919 [0] NCCL INFO Using MSCCL Algo files from /home/wangyj05/msccl_azure/executor/msccl-executor-nccl/build/lib/msccl-algorithms
ja2:1310912:1310919 [0] NCCL INFO Channel 00/02 : 0 1
ja2:1310912:1310919 [0] NCCL INFO Channel 01/02 : 0 1
ja2:1310912:1310919 [0] NCCL INFO Trees [0] 1/-1/-1->0->-1 [1] -1/-1/-1->0->1
ja2:1310912:1310919 [0] NCCL INFO NCCL_BUFFSIZE set by environment to 4194304.
ja2:1310912:1310919 [0] NCCL INFO NCCL_P2P_NET_CHUNKSIZE set by environment to 524288.
ja2:1310912:1310919 [0] NCCL INFO P2P Chunksize set to 524288
ja3:927062:927070 [0] NCCL INFO Using MSCCL Algo files from /home/wangyj05/msccl_azure/executor/msccl-executor-nccl/build/lib/msccl-algorithms
ja3:927062:927070 [0] NCCL INFO Trees [0] -1/-1/-1->1->0 [1] 0/-1/-1->1->-1
ja3:927062:927070 [0] NCCL INFO NCCL_BUFFSIZE set by environment to 4194304.
ja3:927062:927070 [0] NCCL INFO NCCL_P2P_NET_CHUNKSIZE set by environment to 524288.
ja3:927062:927070 [0] NCCL INFO P2P Chunksize set to 524288
ja2:1310912:1310921 [0] NCCL INFO [Proxy Service] Device 0 CPU core 64
ja2:1310912:1310922 [0] NCCL INFO [Proxy Service UDS] Device 0 CPU core 64
ja3:927062:927072 [0] NCCL INFO [Proxy Service] Device 0 CPU core 192
ja3:927062:927073 [0] NCCL INFO [Proxy Service UDS] Device 0 CPU core 192
ja2:1310912:1310919 [0] NCCL INFO NCCL_PROTO set by environment to Simple
ja2:1310912:1310919 [0] NCCL INFO threadThresholds 8/8/64 | 16/8/64 | 512 | 512
ja2:1310912:1310919 [0] NCCL INFO 2 coll channels, 2 collnet channels, 0 nvls channels, 2 p2p channels, 2 p2p channels per peer
ja3:927062:927070 [0] NCCL INFO NCCL_PROTO set by environment to Simple
ja3:927062:927070 [0] NCCL INFO threadThresholds 8/8/64 | 16/8/64 | 512 | 512
ja3:927062:927070 [0] NCCL INFO 2 coll channels, 2 collnet channels, 0 nvls channels, 2 p2p channels, 2 p2p channels per peer
ja2:1310912:1310919 [0] NCCL INFO CC Off, Multi-GPU CC Off, workFifoBytes 1048576
ja2:1310912:1310919 [0] NCCL INFO MSCCL: Initialization finished
ja3:927062:927070 [0] NCCL INFO MSCCL: Initialization finished
ja3:927062:927070 [0] NCCL INFO TUNER/Plugin: Could not find: libnccl-tuner.so libnccl-net.so. Using internal tuner plugin.
ja3:927062:927070 [0] NCCL INFO ncclCommInitRank comm 0x42ee0250 rank 1 nranks 2 cudaDev 0 nvmlDev 0 busId 1000 commId 0x40ed82ddc070985c - Init COMPLETE
ja3:927062:927070 [0] NCCL INFO Init timings - ncclCommInitRank: rank 1 nranks 2 total 0.04 (kernels 0.00, alloc 0.03, bootstrap 0.00, allgathers 0.00, topo 0.00, graphs 0.00, connections 0.00, rest 0.00)
ja2:1310912:1310919 [0] NCCL INFO TUNER/Plugin: Could not find: libnccl-tuner.so libnccl-net.so. Using internal tuner plugin.
ja2:1310912:1310919 [0] NCCL INFO ncclCommInitRank comm 0x17135760 rank 0 nranks 2 cudaDev 0 nvmlDev 0 busId 1000 commId 0x40ed82ddc070985c - Init COMPLETE
ja2:1310912:1310919 [0] NCCL INFO Init timings - ncclCommInitRank: rank 0 nranks 2 total 0.13 (kernels 0.00, alloc 0.02, bootstrap 0.10, allgathers 0.00, topo 0.00, graphs 0.00, connections 0.00, rest 0.00)
#
#                                                              out-of-place                       in-place          
#       size         count      type   redop    root     time   algbw   busbw #wrong     time   algbw   busbw #wrong
#        (B)    (elements)                               (us)  (GB/s)  (GB/s)            (us)  (GB/s)  (GB/s)       
ja2:1310912:1310923 [0] NCCL INFO NCCL_NET_SHARED_BUFFERS set by environment to 0.
ja3:927062:927074 [0] NCCL INFO NCCL_NET_SHARED_BUFFERS set by environment to 0.
ja2:1310912:1310921 [0] NCCL INFO New proxy recv connection 0 from local rank 0, transport 2
ja2:1310912:1310924 [0] NCCL INFO [Proxy Progress] Device 0 CPU core 192
ja2:1310912:1310923 [0] NCCL INFO Connected to proxy localRank 0 -> connection 0x154544000cd0
ja2:1310912:1310923 [0] NCCL INFO Channel 00/1 : 1[0] -> 0[0] [receive] via NET/IB/0
ja2:1310912:1310921 [0] NCCL INFO New proxy recv connection 1 from local rank 0, transport 2
ja2:1310912:1310923 [0] NCCL INFO Connected to proxy localRank 0 -> connection 0x154544000d48
ja2:1310912:1310923 [0] NCCL INFO Channel 01/1 : 1[0] -> 0[0] [receive] via NET/IB/0
ja2:1310912:1310921 [0] NCCL INFO New proxy send connection 2 from local rank 0, transport 2
ja2:1310912:1310923 [0] NCCL INFO Connected to proxy localRank 0 -> connection 0x154544000dc0
ja2:1310912:1310923 [0] NCCL INFO Channel 00/1 : 0[0] -> 1[0] [send] via NET/IB/0
ja2:1310912:1310921 [0] NCCL INFO New proxy send connection 3 from local rank 0, transport 2
ja2:1310912:1310923 [0] NCCL INFO Connected to proxy localRank 0 -> connection 0x154544000e38
ja2:1310912:1310923 [0] NCCL INFO Channel 01/1 : 0[0] -> 1[0] [send] via NET/IB/0
ja3:927062:927072 [0] NCCL INFO New proxy recv connection 0 from local rank 0, transport 2
ja3:927062:927074 [0] NCCL INFO Connected to proxy localRank 0 -> connection 0x148a10000d10
ja3:927062:927075 [0] NCCL INFO [Proxy Progress] Device 0 CPU core 192
ja3:927062:927074 [0] NCCL INFO Channel 00/1 : 0[0] -> 1[0] [receive] via NET/IB/0
ja3:927062:927072 [0] NCCL INFO New proxy recv connection 1 from local rank 0, transport 2
ja3:927062:927074 [0] NCCL INFO Connected to proxy localRank 0 -> connection 0x148a10000d88
ja3:927062:927074 [0] NCCL INFO Channel 01/1 : 0[0] -> 1[0] [receive] via NET/IB/0
ja3:927062:927072 [0] NCCL INFO New proxy send connection 2 from local rank 0, transport 2
ja3:927062:927074 [0] NCCL INFO Connected to proxy localRank 0 -> connection 0x148a10000e00
ja3:927062:927074 [0] NCCL INFO Channel 00/1 : 1[0] -> 0[0] [send] via NET/IB/0
ja3:927062:927072 [0] NCCL INFO New proxy send connection 3 from local rank 0, transport 2
ja3:927062:927074 [0] NCCL INFO Connected to proxy localRank 0 -> connection 0x148a10000e78
ja3:927062:927074 [0] NCCL INFO Channel 01/1 : 1[0] -> 0[0] [send] via NET/IB/0
ja2:1310912:1310921 [0] NCCL INFO NCCL_IB_QPS_PER_CONNECTION set by environment to 1.
ja3:927062:927072 [0] NCCL INFO NCCL_IB_QPS_PER_CONNECTION set by environment to 1.
ja2:1310912:1310921 [0] NCCL INFO NCCL_IB_FRAG_SIZE set by environment to 0.
ja3:927062:927072 [0] NCCL INFO NCCL_IB_FRAG_SIZE set by environment to 0.
ja2:1310912:1310921 [0] NCCL INFO NET/IB: NCCL Dev 0 IbDev 0 Port 1 qpn 3440 mtu 5 LID 22 subnet-prefix 33022  FLID 0 fifoRkey=0x17fcbb fifoLkey=0x17fcbb
ja3:927062:927072 [0] NCCL INFO NET/IB: NCCL Dev 0 IbDev 0 Port 1 qpn 3359 mtu 5 LID 23 subnet-prefix 33022  FLID 0 fifoRkey=0x180bca fifoLkey=0x180bca
ja2:1310912:1310921 [0] NCCL INFO NET/IB: NCCL Dev 0 IbDev 0 Port 1 qpn 3441 mtu 5 LID 22 subnet-prefix 33022  FLID 0 fifoRkey=0x1fecab fifoLkey=0x1fecab
ja3:927062:927072 [0] NCCL INFO NET/IB: NCCL Dev 0 IbDev 0 Port 1 qpn 3362 mtu 5 LID 23 subnet-prefix 33022  FLID 0 fifoRkey=0x1827e6 fifoLkey=0x1827e6
ja2:1310912:1310924 [0] NCCL INFO NCCL_IB_SPLIT_DATA_ON_QPS set by environment to 0.
ja2:1310912:1310924 [0] NCCL INFO NCCL_IB_AR_THRESHOLD set by environment to 0.
ja3:927062:927075 [0] NCCL INFO NCCL_IB_SPLIT_DATA_ON_QPS set by environment to 0.
ja3:927062:927075 [0] NCCL INFO NCCL_IB_AR_THRESHOLD set by environment to 0.
       65536         16384     float     sum      -1    39.45    1.66    1.66      0    39.24    1.67    1.67    N/A
      131072         32768     float     sum      -1    53.84    2.43    2.43      0    56.43    2.32    2.32    N/A
      262144         65536     float     sum      -1    73.74    3.55    3.55      0    74.26    3.53    3.53    N/A
      524288        131072     float     sum      -1    113.2    4.63    4.63      0    127.7    4.10    4.10    N/A
     1048576        262144     float     sum      -1    186.4    5.63    5.63      0    186.2    5.63    5.63    N/A
     2097152        524288     float     sum      -1    310.3    6.76    6.76      0    335.0    6.26    6.26    N/A
ja2:1310912:1310912 [0] NCCL INFO comm 0x17135760 rank 0 nranks 2 cudaDev 0 busId 1000 - Destroy COMPLETE
ja2:1310912:1310912 [0] NCCL INFO MSCCL: Teardown finished
ja3:927062:927062 [0] NCCL INFO comm 0x42ee0250 rank 1 nranks 2 cudaDev 0 busId 1000 - Destroy COMPLETE
ja3:927062:927062 [0] NCCL INFO MSCCL: Teardown finished
# Out of bounds values : 0 OK
# Avg bus bandwidth    : 4.01542 
#

--- checks for CASE F_r3_qp1_split0_fragoff ---
  ACTIVE: fragmentation NOT active (expected for cases A and B)
  RESULT: # Out of bounds values : 0 OK

========================================================
  CASE F_r3_qp1_split0_fragon
  NCCL_IB_FRAG_SIZE=-1
  NCCL_IB_FRAG_BATCH=2
  NCCL_IB_SEND_QUEUE_DEPTH=
  NCCL_IB_QPS_PER_CONNECTION=1
  NCCL_IB_SPLIT_DATA_ON_QPS=0
  sizes: -b 64K -e 2M -f 2  iters: -n 50 -w 20
  Wed Aug 12 17:01:55 CST 2026
========================================================
# nThread 1 nGpus 1 minBytes 65536 maxBytes 2097152 step: 2(factor) warmup iters: 20 iters: 50 agg iters: 1 validation: 1 graph: 0
#
# Using devices
#  Rank  0 Group  0 Pid 1310967 on        ja2 device  0 [0000:01:00] Tesla V100-PCIE-16GB
#  Rank  1 Group  0 Pid 927101 on        ja3 device  0 [0000:01:00] Tesla V100-PCIE-16GB
ja2:1310967:1310967 [0] NCCL INFO cudaDriverVersion 12000
ja2:1310967:1310967 [0] NCCL INFO NCCL version 2.23.4+cuda12.2
ja2:1310967:1310974 [0] NCCL INFO NET/Plugin: Could not find: libnccl-net.so. Using internal network plugin.
ja2:1310967:1310974 [0] NCCL INFO NCCL_IB_HCA set to mlx5_0
ja2:1310967:1310974 [0] NCCL INFO NET/IB : Using [0]mlx5_0:1/IB [RO]; OOB enp68s0f0:172.23.15.12<0>
ja2:1310967:1310974 [0] NCCL INFO PROFILER/Plugin: Could not find: libnccl-profiler.so.
ja2:1310967:1310974 [0] NCCL INFO Using network IB
ja2:1310967:1310974 [0] NCCL INFO ncclCommInitRank comm 0x4ab334a0 rank 0 nranks 2 cudaDev 0 nvmlDev 0 busId 1000 commId 0x2fcfe5ecb71ea5f4 - Init START
ja3:927101:927101 [0] NCCL INFO cudaDriverVersion 12000
ja3:927101:927101 [0] NCCL INFO NCCL version 2.23.4+cuda12.2
ja3:927101:927109 [0] NCCL INFO NET/Plugin: Could not find: libnccl-net.so. Using internal network plugin.
ja3:927101:927109 [0] NCCL INFO NCCL_IB_HCA set to mlx5_0
ja3:927101:927109 [0] NCCL INFO NET/IB : Using [0]mlx5_0:1/IB [RO]; OOB enp68s0f0:172.23.15.13<0>
ja3:927101:927109 [0] NCCL INFO PROFILER/Plugin: Could not find: libnccl-profiler.so.
ja3:927101:927109 [0] NCCL INFO Using network IB
ja3:927101:927109 [0] NCCL INFO ncclCommInitRank comm 0x15009640 rank 1 nranks 2 cudaDev 0 nvmlDev 0 busId 1000 commId 0x2fcfe5ecb71ea5f4 - Init START
ja3:927101:927109 [0] NCCL INFO NET/IB : GPU Direct RDMA Disabled for HCA 0 'mlx5_0'
ja2:1310967:1310974 [0] NCCL INFO NET/IB : GPU Direct RDMA Disabled for HCA 0 'mlx5_0'
ja3:927101:927109 [0] NCCL INFO comm 0x15009640 rank 1 nRanks 2 nNodes 2 localRanks 1 localRank 0 MNNVL 0
ja2:1310967:1310974 [0] NCCL INFO comm 0x4ab334a0 rank 0 nRanks 2 nNodes 2 localRanks 1 localRank 0 MNNVL 0
ja3:927101:927109 [0] NCCL INFO MSCCL: No external scheduler found, using internal implementation
ja3:927101:927109 [0] NCCL INFO MSCCL: Internal Scheduler will use /home/wangyj05/msccl_azure/executor/msccl-executor-nccl/build/lib/msccl-algorithms as algorithm directory and /home/wangyj05/msccl_azure/executor/msccl-executor-nccl/build/lib/../share/nccl/msccl-algorithms as share algorithm directory and /usr/share/nccl/msccl-algorithms as package installed share algorithm directory 
ja2:1310967:1310974 [0] NCCL INFO MSCCL: No external scheduler found, using internal implementation
ja2:1310967:1310974 [0] NCCL INFO MSCCL: Internal Scheduler will use /home/wangyj05/msccl_azure/executor/msccl-executor-nccl/build/lib/msccl-algorithms as algorithm directory and /home/wangyj05/msccl_azure/executor/msccl-executor-nccl/build/lib/../share/nccl/msccl-algorithms as share algorithm directory and /usr/share/nccl/msccl-algorithms as package installed share algorithm directory 
ja3:927101:927109 [0] NCCL INFO Using MSCCL Algo files from /home/wangyj05/msccl_azure/executor/msccl-executor-nccl/build/lib/msccl-algorithms
ja2:1310967:1310974 [0] NCCL INFO Using MSCCL Algo files from /home/wangyj05/msccl_azure/executor/msccl-executor-nccl/build/lib/msccl-algorithms
ja2:1310967:1310974 [0] NCCL INFO Channel 00/02 : 0 1
ja2:1310967:1310974 [0] NCCL INFO Channel 01/02 : 0 1
ja2:1310967:1310974 [0] NCCL INFO Trees [0] 1/-1/-1->0->-1 [1] -1/-1/-1->0->1
ja2:1310967:1310974 [0] NCCL INFO NCCL_BUFFSIZE set by environment to 4194304.
ja2:1310967:1310974 [0] NCCL INFO NCCL_P2P_NET_CHUNKSIZE set by environment to 524288.
ja2:1310967:1310974 [0] NCCL INFO P2P Chunksize set to 524288
ja3:927101:927109 [0] NCCL INFO Trees [0] -1/-1/-1->1->0 [1] 0/-1/-1->1->-1
ja3:927101:927109 [0] NCCL INFO NCCL_BUFFSIZE set by environment to 4194304.
ja3:927101:927109 [0] NCCL INFO NCCL_P2P_NET_CHUNKSIZE set by environment to 524288.
ja3:927101:927109 [0] NCCL INFO P2P Chunksize set to 524288
ja2:1310967:1310976 [0] NCCL INFO [Proxy Service] Device 0 CPU core 192
ja2:1310967:1310977 [0] NCCL INFO [Proxy Service UDS] Device 0 CPU core 192
ja3:927101:927111 [0] NCCL INFO [Proxy Service] Device 0 CPU core 64
ja3:927101:927112 [0] NCCL INFO [Proxy Service UDS] Device 0 CPU core 64
ja3:927101:927109 [0] NCCL INFO NCCL_PROTO set by environment to Simple
ja3:927101:927109 [0] NCCL INFO threadThresholds 8/8/64 | 16/8/64 | 512 | 512
ja3:927101:927109 [0] NCCL INFO 2 coll channels, 2 collnet channels, 0 nvls channels, 2 p2p channels, 2 p2p channels per peer
ja2:1310967:1310974 [0] NCCL INFO NCCL_PROTO set by environment to Simple
ja2:1310967:1310974 [0] NCCL INFO threadThresholds 8/8/64 | 16/8/64 | 512 | 512
ja2:1310967:1310974 [0] NCCL INFO 2 coll channels, 2 collnet channels, 0 nvls channels, 2 p2p channels, 2 p2p channels per peer
ja2:1310967:1310974 [0] NCCL INFO CC Off, Multi-GPU CC Off, workFifoBytes 1048576
ja3:927101:927109 [0] NCCL INFO MSCCL: Initialization finished
ja2:1310967:1310974 [0] NCCL INFO MSCCL: Initialization finished
ja3:927101:927109 [0] NCCL INFO TUNER/Plugin: Could not find: libnccl-tuner.so libnccl-net.so. Using internal tuner plugin.
ja3:927101:927109 [0] NCCL INFO ncclCommInitRank comm 0x15009640 rank 1 nranks 2 cudaDev 0 nvmlDev 0 busId 1000 commId 0x2fcfe5ecb71ea5f4 - Init COMPLETE
ja3:927101:927109 [0] NCCL INFO Init timings - ncclCommInitRank: rank 1 nranks 2 total 0.03 (kernels 0.00, alloc 0.02, bootstrap 0.00, allgathers 0.00, topo 0.00, graphs 0.00, connections 0.00, rest 0.00)
ja2:1310967:1310974 [0] NCCL INFO TUNER/Plugin: Could not find: libnccl-tuner.so libnccl-net.so. Using internal tuner plugin.
ja2:1310967:1310974 [0] NCCL INFO ncclCommInitRank comm 0x4ab334a0 rank 0 nranks 2 cudaDev 0 nvmlDev 0 busId 1000 commId 0x2fcfe5ecb71ea5f4 - Init COMPLETE
ja2:1310967:1310974 [0] NCCL INFO Init timings - ncclCommInitRank: rank 0 nranks 2 total 0.08 (kernels 0.00, alloc 0.02, bootstrap 0.05, allgathers 0.00, topo 0.00, graphs 0.00, connections 0.00, rest 0.00)
#
#                                                              out-of-place                       in-place          
#       size         count      type   redop    root     time   algbw   busbw #wrong     time   algbw   busbw #wrong
#        (B)    (elements)                               (us)  (GB/s)  (GB/s)            (us)  (GB/s)  (GB/s)       
ja2:1310967:1310978 [0] NCCL INFO NCCL_NET_SHARED_BUFFERS set by environment to 0.
ja3:927101:927113 [0] NCCL INFO NCCL_NET_SHARED_BUFFERS set by environment to 0.
ja3:927101:927111 [0] NCCL INFO New proxy recv connection 0 from local rank 0, transport 2
ja3:927101:927113 [0] NCCL INFO Connected to proxy localRank 0 -> connection 0x149174000d10
ja3:927101:927114 [0] NCCL INFO [Proxy Progress] Device 0 CPU core 64
ja3:927101:927113 [0] NCCL INFO Channel 00/1 : 0[0] -> 1[0] [receive] via NET/IB/0
ja3:927101:927111 [0] NCCL INFO New proxy recv connection 1 from local rank 0, transport 2
ja3:927101:927113 [0] NCCL INFO Connected to proxy localRank 0 -> connection 0x149174000d88
ja3:927101:927113 [0] NCCL INFO Channel 01/1 : 0[0] -> 1[0] [receive] via NET/IB/0
ja3:927101:927111 [0] NCCL INFO New proxy send connection 2 from local rank 0, transport 2
ja3:927101:927113 [0] NCCL INFO Connected to proxy localRank 0 -> connection 0x149174000e00
ja3:927101:927113 [0] NCCL INFO Channel 00/1 : 1[0] -> 0[0] [send] via NET/IB/0
ja3:927101:927111 [0] NCCL INFO New proxy send connection 3 from local rank 0, transport 2
ja3:927101:927113 [0] NCCL INFO Connected to proxy localRank 0 -> connection 0x149174000e78
ja3:927101:927113 [0] NCCL INFO Channel 01/1 : 1[0] -> 0[0] [send] via NET/IB/0
ja2:1310967:1310976 [0] NCCL INFO New proxy recv connection 0 from local rank 0, transport 2
ja2:1310967:1310978 [0] NCCL INFO Connected to proxy localRank 0 -> connection 0x146cb4000cd0
ja2:1310967:1310979 [0] NCCL INFO [Proxy Progress] Device 0 CPU core 64
ja2:1310967:1310978 [0] NCCL INFO Channel 00/1 : 1[0] -> 0[0] [receive] via NET/IB/0
ja2:1310967:1310976 [0] NCCL INFO New proxy recv connection 1 from local rank 0, transport 2
ja2:1310967:1310978 [0] NCCL INFO Connected to proxy localRank 0 -> connection 0x146cb4000d48
ja2:1310967:1310978 [0] NCCL INFO Channel 01/1 : 1[0] -> 0[0] [receive] via NET/IB/0
ja2:1310967:1310976 [0] NCCL INFO New proxy send connection 2 from local rank 0, transport 2
ja2:1310967:1310978 [0] NCCL INFO Connected to proxy localRank 0 -> connection 0x146cb4000dc0
ja2:1310967:1310978 [0] NCCL INFO Channel 00/1 : 0[0] -> 1[0] [send] via NET/IB/0
ja2:1310967:1310976 [0] NCCL INFO New proxy send connection 3 from local rank 0, transport 2
ja2:1310967:1310978 [0] NCCL INFO Connected to proxy localRank 0 -> connection 0x146cb4000e38
ja2:1310967:1310978 [0] NCCL INFO Channel 01/1 : 0[0] -> 1[0] [send] via NET/IB/0
ja2:1310967:1310976 [0] NCCL INFO NCCL_IB_QPS_PER_CONNECTION set by environment to 1.
ja3:927101:927111 [0] NCCL INFO NCCL_IB_QPS_PER_CONNECTION set by environment to 1.
ja2:1310967:1310976 [0] NCCL INFO NCCL_IB_FRAG_SIZE set by environment to -1.
ja3:927101:927111 [0] NCCL INFO NCCL_IB_FRAG_SIZE set by environment to -1.
ja2:1310967:1310976 [0] NCCL INFO NET/IB: NCCL Dev 0 IbDev 0 Port 1 qpn 3457 mtu 5 LID 22 subnet-prefix 33022  FLID 0 fifoRkey=0x183af9 fifoLkey=0x183af9
ja3:927101:927111 [0] NCCL INFO NET/IB: NCCL Dev 0 IbDev 0 Port 1 qpn 3376 mtu 5 LID 23 subnet-prefix 33022  FLID 0 fifoRkey=0x1827e6 fifoLkey=0x1827e6
ja3:927101:927111 [0] NCCL INFO NCCL_IB_FRAG_BATCH set by environment to 2.
ja3:927101:927111 [0] NCCL INFO NET/IB: MTU fragmentation on: fragSize=4096 batch=2 sqDepth=2048 nqps=1
ja2:1310967:1310976 [0] NCCL INFO NET/IB: NCCL Dev 0 IbDev 0 Port 1 qpn 3460 mtu 5 LID 22 subnet-prefix 33022  FLID 0 fifoRkey=0x1836f5 fifoLkey=0x1836f5
ja2:1310967:1310976 [0] NCCL INFO NCCL_IB_FRAG_BATCH set by environment to 2.
ja2:1310967:1310976 [0] NCCL INFO NET/IB: MTU fragmentation on: fragSize=4096 batch=2 sqDepth=2048 nqps=1
ja3:927101:927111 [0] NCCL INFO NET/IB: NCCL Dev 0 IbDev 0 Port 1 qpn 3379 mtu 5 LID 23 subnet-prefix 33022  FLID 0 fifoRkey=0x180bca fifoLkey=0x180bca
ja3:927101:927111 [0] NCCL INFO NET/IB: MTU fragmentation on: fragSize=4096 batch=2 sqDepth=2048 nqps=1
ja2:1310967:1310976 [0] NCCL INFO NET/IB: MTU fragmentation on: fragSize=4096 batch=2 sqDepth=2048 nqps=1
ja2:1310967:1310979 [0] NCCL INFO NCCL_IB_SPLIT_DATA_ON_QPS set by environment to 0.
ja3:927101:927114 [0] NCCL INFO NCCL_IB_SPLIT_DATA_ON_QPS set by environment to 0.
       65536         16384     float     sum      -1    41.36    1.58    1.58      0    41.12    1.59    1.59    N/A
      131072         32768     float     sum      -1    56.42    2.32    2.32      0    59.73    2.19    2.19    N/A
      262144         65536     float     sum      -1    77.01    3.40    3.40      0    77.17    3.40    3.40    N/A
      524288        131072     float     sum      -1    116.4    4.50    4.50      0    125.8    4.17    4.17    N/A
     1048576        262144     float     sum      -1    199.2    5.26    5.26      0    192.3    5.45    5.45    N/A
     2097152        524288     float     sum      -1    312.6    6.71    6.71      0    319.2    6.57    6.57    N/A
ja3:927101:927101 [0] NCCL INFO comm 0x15009640 rank 1 nranks 2 cudaDev 0 busId 1000 - Destroy COMPLETE
ja3:927101:927101 [0] NCCL INFO MSCCL: Teardown finished
ja2:1310967:1310967 [0] NCCL INFO comm 0x4ab334a0 rank 0 nranks 2 cudaDev 0 busId 1000 - Destroy COMPLETE
ja2:1310967:1310967 [0] NCCL INFO MSCCL: Teardown finished
# Out of bounds values : 0 OK
# Avg bus bandwidth    : 3.93031 
#

--- checks for CASE F_r3_qp1_split0_fragon ---
  ACTIVE: ja3:927101:927111 [0] NCCL INFO NET/IB: MTU fragmentation on: fragSize=4096 batch=2 sqDepth=2048 nqps=1
  RESULT: # Out of bounds values : 0 OK

========================================================
  CASE F_r3_qp2_split0_fragoff
  NCCL_IB_FRAG_SIZE=0
  NCCL_IB_FRAG_BATCH=2
  NCCL_IB_SEND_QUEUE_DEPTH=
  NCCL_IB_QPS_PER_CONNECTION=2
  NCCL_IB_SPLIT_DATA_ON_QPS=0
  sizes: -b 64K -e 2M -f 2  iters: -n 50 -w 20
  Wed Aug 12 17:01:58 CST 2026
========================================================
# nThread 1 nGpus 1 minBytes 65536 maxBytes 2097152 step: 2(factor) warmup iters: 20 iters: 50 agg iters: 1 validation: 1 graph: 0
#
# Using devices
#  Rank  0 Group  0 Pid 1311024 on        ja2 device  0 [0000:01:00] Tesla V100-PCIE-16GB
#  Rank  1 Group  0 Pid 927140 on        ja3 device  0 [0000:01:00] Tesla V100-PCIE-16GB
ja2:1311024:1311024 [0] NCCL INFO cudaDriverVersion 12000
ja2:1311024:1311024 [0] NCCL INFO NCCL version 2.23.4+cuda12.2
ja2:1311024:1311033 [0] NCCL INFO NET/Plugin: Could not find: libnccl-net.so. Using internal network plugin.
ja2:1311024:1311033 [0] NCCL INFO NCCL_IB_HCA set to mlx5_0
ja2:1311024:1311033 [0] NCCL INFO NET/IB : Using [0]mlx5_0:1/IB [RO]; OOB enp68s0f0:172.23.15.12<0>
ja2:1311024:1311033 [0] NCCL INFO PROFILER/Plugin: Could not find: libnccl-profiler.so.
ja2:1311024:1311033 [0] NCCL INFO Using network IB
ja2:1311024:1311033 [0] NCCL INFO ncclCommInitRank comm 0x21c34a40 rank 0 nranks 2 cudaDev 0 nvmlDev 0 busId 1000 commId 0x48e8f62dae5352c1 - Init START
ja3:927140:927140 [0] NCCL INFO cudaDriverVersion 12000
ja3:927140:927140 [0] NCCL INFO NCCL version 2.23.4+cuda12.2
ja3:927140:927146 [0] NCCL INFO NET/Plugin: Could not find: libnccl-net.so. Using internal network plugin.
ja3:927140:927146 [0] NCCL INFO NCCL_IB_HCA set to mlx5_0
ja3:927140:927146 [0] NCCL INFO NET/IB : Using [0]mlx5_0:1/IB [RO]; OOB enp68s0f0:172.23.15.13<0>
ja3:927140:927146 [0] NCCL INFO PROFILER/Plugin: Could not find: libnccl-profiler.so.
ja3:927140:927146 [0] NCCL INFO Using network IB
ja3:927140:927146 [0] NCCL INFO ncclCommInitRank comm 0x2a55b290 rank 1 nranks 2 cudaDev 0 nvmlDev 0 busId 1000 commId 0x48e8f62dae5352c1 - Init START
ja3:927140:927146 [0] NCCL INFO NET/IB : GPU Direct RDMA Disabled for HCA 0 'mlx5_0'
ja2:1311024:1311033 [0] NCCL INFO NET/IB : GPU Direct RDMA Disabled for HCA 0 'mlx5_0'
ja2:1311024:1311033 [0] NCCL INFO comm 0x21c34a40 rank 0 nRanks 2 nNodes 2 localRanks 1 localRank 0 MNNVL 0
ja3:927140:927146 [0] NCCL INFO comm 0x2a55b290 rank 1 nRanks 2 nNodes 2 localRanks 1 localRank 0 MNNVL 0
ja3:927140:927146 [0] NCCL INFO MSCCL: No external scheduler found, using internal implementation
ja3:927140:927146 [0] NCCL INFO MSCCL: Internal Scheduler will use /home/wangyj05/msccl_azure/executor/msccl-executor-nccl/build/lib/msccl-algorithms as algorithm directory and /home/wangyj05/msccl_azure/executor/msccl-executor-nccl/build/lib/../share/nccl/msccl-algorithms as share algorithm directory and /usr/share/nccl/msccl-algorithms as package installed share algorithm directory 
ja2:1311024:1311033 [0] NCCL INFO MSCCL: No external scheduler found, using internal implementation
ja2:1311024:1311033 [0] NCCL INFO MSCCL: Internal Scheduler will use /home/wangyj05/msccl_azure/executor/msccl-executor-nccl/build/lib/msccl-algorithms as algorithm directory and /home/wangyj05/msccl_azure/executor/msccl-executor-nccl/build/lib/../share/nccl/msccl-algorithms as share algorithm directory and /usr/share/nccl/msccl-algorithms as package installed share algorithm directory 
ja2:1311024:1311033 [0] NCCL INFO Using MSCCL Algo files from /home/wangyj05/msccl_azure/executor/msccl-executor-nccl/build/lib/msccl-algorithms
ja2:1311024:1311033 [0] NCCL INFO Channel 00/02 : 0 1
ja2:1311024:1311033 [0] NCCL INFO Channel 01/02 : 0 1
ja2:1311024:1311033 [0] NCCL INFO Trees [0] 1/-1/-1->0->-1 [1] -1/-1/-1->0->1
ja2:1311024:1311033 [0] NCCL INFO NCCL_BUFFSIZE set by environment to 4194304.
ja2:1311024:1311033 [0] NCCL INFO NCCL_P2P_NET_CHUNKSIZE set by environment to 524288.
ja2:1311024:1311033 [0] NCCL INFO P2P Chunksize set to 524288
ja3:927140:927146 [0] NCCL INFO Using MSCCL Algo files from /home/wangyj05/msccl_azure/executor/msccl-executor-nccl/build/lib/msccl-algorithms
ja3:927140:927146 [0] NCCL INFO Trees [0] -1/-1/-1->1->0 [1] 0/-1/-1->1->-1
ja3:927140:927146 [0] NCCL INFO NCCL_BUFFSIZE set by environment to 4194304.
ja3:927140:927146 [0] NCCL INFO NCCL_P2P_NET_CHUNKSIZE set by environment to 524288.
ja3:927140:927146 [0] NCCL INFO P2P Chunksize set to 524288
ja2:1311024:1311035 [0] NCCL INFO [Proxy Service] Device 0 CPU core 192
ja3:927140:927148 [0] NCCL INFO [Proxy Service] Device 0 CPU core 64
ja3:927140:927149 [0] NCCL INFO [Proxy Service UDS] Device 0 CPU core 64
ja2:1311024:1311036 [0] NCCL INFO [Proxy Service UDS] Device 0 CPU core 192
ja3:927140:927146 [0] NCCL INFO NCCL_PROTO set by environment to Simple
ja3:927140:927146 [0] NCCL INFO threadThresholds 8/8/64 | 16/8/64 | 512 | 512
ja3:927140:927146 [0] NCCL INFO 2 coll channels, 2 collnet channels, 0 nvls channels, 2 p2p channels, 2 p2p channels per peer
ja2:1311024:1311033 [0] NCCL INFO NCCL_PROTO set by environment to Simple
ja2:1311024:1311033 [0] NCCL INFO threadThresholds 8/8/64 | 16/8/64 | 512 | 512
ja2:1311024:1311033 [0] NCCL INFO 2 coll channels, 2 collnet channels, 0 nvls channels, 2 p2p channels, 2 p2p channels per peer
ja2:1311024:1311033 [0] NCCL INFO CC Off, Multi-GPU CC Off, workFifoBytes 1048576
ja3:927140:927146 [0] NCCL INFO MSCCL: Initialization finished
ja2:1311024:1311033 [0] NCCL INFO MSCCL: Initialization finished
ja3:927140:927146 [0] NCCL INFO TUNER/Plugin: Could not find: libnccl-tuner.so libnccl-net.so. Using internal tuner plugin.
ja3:927140:927146 [0] NCCL INFO ncclCommInitRank comm 0x2a55b290 rank 1 nranks 2 cudaDev 0 nvmlDev 0 busId 1000 commId 0x48e8f62dae5352c1 - Init COMPLETE
ja3:927140:927146 [0] NCCL INFO Init timings - ncclCommInitRank: rank 1 nranks 2 total 0.03 (kernels 0.00, alloc 0.02, bootstrap 0.00, allgathers 0.00, topo 0.00, graphs 0.00, connections 0.00, rest 0.00)
ja2:1311024:1311033 [0] NCCL INFO TUNER/Plugin: Could not find: libnccl-tuner.so libnccl-net.so. Using internal tuner plugin.
ja2:1311024:1311033 [0] NCCL INFO ncclCommInitRank comm 0x21c34a40 rank 0 nranks 2 cudaDev 0 nvmlDev 0 busId 1000 commId 0x48e8f62dae5352c1 - Init COMPLETE
ja2:1311024:1311033 [0] NCCL INFO Init timings - ncclCommInitRank: rank 0 nranks 2 total 0.13 (kernels 0.00, alloc 0.02, bootstrap 0.10, allgathers 0.00, topo 0.00, graphs 0.00, connections 0.00, rest 0.00)
#
#                                                              out-of-place                       in-place          
#       size         count      type   redop    root     time   algbw   busbw #wrong     time   algbw   busbw #wrong
#        (B)    (elements)                               (us)  (GB/s)  (GB/s)            (us)  (GB/s)  (GB/s)       
ja2:1311024:1311037 [0] NCCL INFO NCCL_NET_SHARED_BUFFERS set by environment to 0.
ja3:927140:927150 [0] NCCL INFO NCCL_NET_SHARED_BUFFERS set by environment to 0.
ja3:927140:927148 [0] NCCL INFO New proxy recv connection 0 from local rank 0, transport 2
ja3:927140:927150 [0] NCCL INFO Connected to proxy localRank 0 -> connection 0x147958000d10
ja3:927140:927151 [0] NCCL INFO [Proxy Progress] Device 0 CPU core 64
ja2:1311024:1311035 [0] NCCL INFO New proxy recv connection 0 from local rank 0, transport 2
ja2:1311024:1311038 [0] NCCL INFO [Proxy Progress] Device 0 CPU core 64
ja3:927140:927150 [0] NCCL INFO Channel 00/1 : 0[0] -> 1[0] [receive] via NET/IB/0
ja2:1311024:1311037 [0] NCCL INFO Connected to proxy localRank 0 -> connection 0x150760000cd0
ja3:927140:927148 [0] NCCL INFO New proxy recv connection 1 from local rank 0, transport 2
ja3:927140:927150 [0] NCCL INFO Connected to proxy localRank 0 -> connection 0x147958000d88
ja3:927140:927150 [0] NCCL INFO Channel 01/1 : 0[0] -> 1[0] [receive] via NET/IB/0
ja2:1311024:1311037 [0] NCCL INFO Channel 00/1 : 1[0] -> 0[0] [receive] via NET/IB/0
ja3:927140:927148 [0] NCCL INFO New proxy send connection 2 from local rank 0, transport 2
ja3:927140:927150 [0] NCCL INFO Connected to proxy localRank 0 -> connection 0x147958000e00
ja3:927140:927150 [0] NCCL INFO Channel 00/1 : 1[0] -> 0[0] [send] via NET/IB/0
ja3:927140:927148 [0] NCCL INFO New proxy send connection 3 from local rank 0, transport 2
ja2:1311024:1311035 [0] NCCL INFO New proxy recv connection 1 from local rank 0, transport 2
ja3:927140:927150 [0] NCCL INFO Connected to proxy localRank 0 -> connection 0x147958000e78
ja3:927140:927150 [0] NCCL INFO Channel 01/1 : 1[0] -> 0[0] [send] via NET/IB/0
ja2:1311024:1311037 [0] NCCL INFO Connected to proxy localRank 0 -> connection 0x150760000d48
ja2:1311024:1311037 [0] NCCL INFO Channel 01/1 : 1[0] -> 0[0] [receive] via NET/IB/0
ja2:1311024:1311035 [0] NCCL INFO New proxy send connection 2 from local rank 0, transport 2
ja2:1311024:1311037 [0] NCCL INFO Connected to proxy localRank 0 -> connection 0x150760000dc0
ja2:1311024:1311037 [0] NCCL INFO Channel 00/1 : 0[0] -> 1[0] [send] via NET/IB/0
ja2:1311024:1311035 [0] NCCL INFO New proxy send connection 3 from local rank 0, transport 2
ja2:1311024:1311037 [0] NCCL INFO Connected to proxy localRank 0 -> connection 0x150760000e38
ja2:1311024:1311037 [0] NCCL INFO Channel 01/1 : 0[0] -> 1[0] [send] via NET/IB/0
ja2:1311024:1311035 [0] NCCL INFO NCCL_IB_QPS_PER_CONNECTION set by environment to 2.
ja3:927140:927148 [0] NCCL INFO NCCL_IB_QPS_PER_CONNECTION set by environment to 2.
ja2:1311024:1311035 [0] NCCL INFO NCCL_IB_FRAG_SIZE set by environment to 0.
ja3:927140:927148 [0] NCCL INFO NCCL_IB_FRAG_SIZE set by environment to 0.
ja3:927140:927148 [0] NCCL INFO NET/IB: NCCL Dev 0 IbDev 0 Port 1 qpn 3393 mtu 5 LID 23 subnet-prefix 33022  FLID 0 fifoRkey=0x180bca fifoLkey=0x180bca
ja3:927140:927148 [0] NCCL INFO NET/IB: NCCL Dev 0 IbDev 0 Port 1 qpn 3394 mtu 5 LID 23 subnet-prefix 33022  FLID 0 fifoRkey=0x180bca fifoLkey=0x180bca
ja2:1311024:1311035 [0] NCCL INFO NET/IB: NCCL Dev 0 IbDev 0 Port 1 qpn 3474 mtu 5 LID 22 subnet-prefix 33022  FLID 0 fifoRkey=0x17fcbb fifoLkey=0x17fcbb
ja2:1311024:1311035 [0] NCCL INFO NET/IB: NCCL Dev 0 IbDev 0 Port 1 qpn 3475 mtu 5 LID 22 subnet-prefix 33022  FLID 0 fifoRkey=0x17fcbb fifoLkey=0x17fcbb
ja3:927140:927148 [0] NCCL INFO NET/IB: NCCL Dev 0 IbDev 0 Port 1 qpn 3395 mtu 5 LID 23 subnet-prefix 33022  FLID 0 fifoRkey=0x1ffbba fifoLkey=0x1ffbba
ja3:927140:927148 [0] NCCL INFO NET/IB: NCCL Dev 0 IbDev 0 Port 1 qpn 3396 mtu 5 LID 23 subnet-prefix 33022  FLID 0 fifoRkey=0x1ffbba fifoLkey=0x1ffbba
ja2:1311024:1311035 [0] NCCL INFO NET/IB: NCCL Dev 0 IbDev 0 Port 1 qpn 3479 mtu 5 LID 22 subnet-prefix 33022  FLID 0 fifoRkey=0x1836f5 fifoLkey=0x1836f5
ja2:1311024:1311035 [0] NCCL INFO NET/IB: NCCL Dev 0 IbDev 0 Port 1 qpn 3480 mtu 5 LID 22 subnet-prefix 33022  FLID 0 fifoRkey=0x1836f5 fifoLkey=0x1836f5
ja2:1311024:1311038 [0] NCCL INFO NCCL_IB_SPLIT_DATA_ON_QPS set by environment to 0.
ja2:1311024:1311038 [0] NCCL INFO NCCL_IB_AR_THRESHOLD set by environment to 0.
ja3:927140:927151 [0] NCCL INFO NCCL_IB_SPLIT_DATA_ON_QPS set by environment to 0.
ja3:927140:927151 [0] NCCL INFO NCCL_IB_AR_THRESHOLD set by environment to 0.
       65536         16384     float     sum      -1    39.50    1.66    1.66      0    39.41    1.66    1.66    N/A
      131072         32768     float     sum      -1    54.05    2.43    2.43      0    57.29    2.29    2.29    N/A
      262144         65536     float     sum      -1    73.32    3.58    3.58      0    74.97    3.50    3.50    N/A
      524288        131072     float     sum      -1    114.3    4.59    4.59      0    127.6    4.11    4.11    N/A
     1048576        262144     float     sum      -1    200.2    5.24    5.24      0    187.0    5.61    5.61    N/A
     2097152        524288     float     sum      -1    311.2    6.74    6.74      0    314.0    6.68    6.68    N/A
ja2:1311024:1311024 [0] NCCL INFO comm 0x21c34a40 rank 0 nranks 2 cudaDev 0 busId 1000 - Destroy COMPLETE
ja2:1311024:1311024 [0] NCCL INFO MSCCL: Teardown finished
ja3:927140:927140 [0] NCCL INFO comm 0x2a55b290 rank 1 nranks 2 cudaDev 0 busId 1000 - Destroy COMPLETE
ja3:927140:927140 [0] NCCL INFO MSCCL: Teardown finished
# Out of bounds values : 0 OK
# Avg bus bandwidth    : 4.00567 
#

--- checks for CASE F_r3_qp2_split0_fragoff ---
  ACTIVE: fragmentation NOT active (expected for cases A and B)
  RESULT: # Out of bounds values : 0 OK

========================================================
  CASE F_r3_qp2_split0_fragon
  NCCL_IB_FRAG_SIZE=-1
  NCCL_IB_FRAG_BATCH=2
  NCCL_IB_SEND_QUEUE_DEPTH=
  NCCL_IB_QPS_PER_CONNECTION=2
  NCCL_IB_SPLIT_DATA_ON_QPS=0
  sizes: -b 64K -e 2M -f 2  iters: -n 50 -w 20
  Wed Aug 12 17:02:02 CST 2026
========================================================
# nThread 1 nGpus 1 minBytes 65536 maxBytes 2097152 step: 2(factor) warmup iters: 20 iters: 50 agg iters: 1 validation: 1 graph: 0
#
# Using devices
#  Rank  0 Group  0 Pid 1311081 on        ja2 device  0 [0000:01:00] Tesla V100-PCIE-16GB
#  Rank  1 Group  0 Pid 927177 on        ja3 device  0 [0000:01:00] Tesla V100-PCIE-16GB
ja2:1311081:1311081 [0] NCCL INFO cudaDriverVersion 12000
ja2:1311081:1311081 [0] NCCL INFO NCCL version 2.23.4+cuda12.2
ja2:1311081:1311090 [0] NCCL INFO NET/Plugin: Could not find: libnccl-net.so. Using internal network plugin.
ja2:1311081:1311090 [0] NCCL INFO NCCL_IB_HCA set to mlx5_0
ja2:1311081:1311090 [0] NCCL INFO NET/IB : Using [0]mlx5_0:1/IB [RO]; OOB enp68s0f0:172.23.15.12<0>
ja2:1311081:1311090 [0] NCCL INFO PROFILER/Plugin: Could not find: libnccl-profiler.so.
ja2:1311081:1311090 [0] NCCL INFO Using network IB
ja2:1311081:1311090 [0] NCCL INFO ncclCommInitRank comm 0x140243b0 rank 0 nranks 2 cudaDev 0 nvmlDev 0 busId 1000 commId 0x95b505d7fec233ad - Init START
ja3:927177:927177 [0] NCCL INFO cudaDriverVersion 12000
ja3:927177:927177 [0] NCCL INFO NCCL version 2.23.4+cuda12.2
ja3:927177:927183 [0] NCCL INFO NET/Plugin: Could not find: libnccl-net.so. Using internal network plugin.
ja3:927177:927183 [0] NCCL INFO NCCL_IB_HCA set to mlx5_0
ja3:927177:927183 [0] NCCL INFO NET/IB : Using [0]mlx5_0:1/IB [RO]; OOB enp68s0f0:172.23.15.13<0>
ja3:927177:927183 [0] NCCL INFO PROFILER/Plugin: Could not find: libnccl-profiler.so.
ja3:927177:927183 [0] NCCL INFO Using network IB
ja3:927177:927183 [0] NCCL INFO ncclCommInitRank comm 0x3608b270 rank 1 nranks 2 cudaDev 0 nvmlDev 0 busId 1000 commId 0x95b505d7fec233ad - Init START
ja3:927177:927183 [0] NCCL INFO NET/IB : GPU Direct RDMA Disabled for HCA 0 'mlx5_0'
ja2:1311081:1311090 [0] NCCL INFO NET/IB : GPU Direct RDMA Disabled for HCA 0 'mlx5_0'
ja3:927177:927183 [0] NCCL INFO comm 0x3608b270 rank 1 nRanks 2 nNodes 2 localRanks 1 localRank 0 MNNVL 0
ja2:1311081:1311090 [0] NCCL INFO comm 0x140243b0 rank 0 nRanks 2 nNodes 2 localRanks 1 localRank 0 MNNVL 0
ja3:927177:927183 [0] NCCL INFO MSCCL: No external scheduler found, using internal implementation
ja3:927177:927183 [0] NCCL INFO MSCCL: Internal Scheduler will use /home/wangyj05/msccl_azure/executor/msccl-executor-nccl/build/lib/msccl-algorithms as algorithm directory and /home/wangyj05/msccl_azure/executor/msccl-executor-nccl/build/lib/../share/nccl/msccl-algorithms as share algorithm directory and /usr/share/nccl/msccl-algorithms as package installed share algorithm directory 
ja2:1311081:1311090 [0] NCCL INFO MSCCL: No external scheduler found, using internal implementation
ja2:1311081:1311090 [0] NCCL INFO MSCCL: Internal Scheduler will use /home/wangyj05/msccl_azure/executor/msccl-executor-nccl/build/lib/msccl-algorithms as algorithm directory and /home/wangyj05/msccl_azure/executor/msccl-executor-nccl/build/lib/../share/nccl/msccl-algorithms as share algorithm directory and /usr/share/nccl/msccl-algorithms as package installed share algorithm directory 
ja3:927177:927183 [0] NCCL INFO Using MSCCL Algo files from /home/wangyj05/msccl_azure/executor/msccl-executor-nccl/build/lib/msccl-algorithms
ja3:927177:927183 [0] NCCL INFO Trees [0] -1/-1/-1->1->0 [1] 0/-1/-1->1->-1
ja3:927177:927183 [0] NCCL INFO NCCL_BUFFSIZE set by environment to 4194304.
ja3:927177:927183 [0] NCCL INFO NCCL_P2P_NET_CHUNKSIZE set by environment to 524288.
ja3:927177:927183 [0] NCCL INFO P2P Chunksize set to 524288
ja2:1311081:1311090 [0] NCCL INFO Using MSCCL Algo files from /home/wangyj05/msccl_azure/executor/msccl-executor-nccl/build/lib/msccl-algorithms
ja2:1311081:1311090 [0] NCCL INFO Channel 00/02 : 0 1
ja2:1311081:1311090 [0] NCCL INFO Channel 01/02 : 0 1
ja2:1311081:1311090 [0] NCCL INFO Trees [0] 1/-1/-1->0->-1 [1] -1/-1/-1->0->1
ja2:1311081:1311090 [0] NCCL INFO NCCL_BUFFSIZE set by environment to 4194304.
ja2:1311081:1311090 [0] NCCL INFO NCCL_P2P_NET_CHUNKSIZE set by environment to 524288.
ja2:1311081:1311090 [0] NCCL INFO P2P Chunksize set to 524288
ja3:927177:927185 [0] NCCL INFO [Proxy Service] Device 0 CPU core 192
ja3:927177:927186 [0] NCCL INFO [Proxy Service UDS] Device 0 CPU core 192
ja2:1311081:1311092 [0] NCCL INFO [Proxy Service] Device 0 CPU core 192
ja2:1311081:1311093 [0] NCCL INFO [Proxy Service UDS] Device 0 CPU core 192
ja3:927177:927183 [0] NCCL INFO NCCL_PROTO set by environment to Simple
ja3:927177:927183 [0] NCCL INFO threadThresholds 8/8/64 | 16/8/64 | 512 | 512
ja3:927177:927183 [0] NCCL INFO 2 coll channels, 2 collnet channels, 0 nvls channels, 2 p2p channels, 2 p2p channels per peer
ja2:1311081:1311090 [0] NCCL INFO NCCL_PROTO set by environment to Simple
ja2:1311081:1311090 [0] NCCL INFO threadThresholds 8/8/64 | 16/8/64 | 512 | 512
ja2:1311081:1311090 [0] NCCL INFO 2 coll channels, 2 collnet channels, 0 nvls channels, 2 p2p channels, 2 p2p channels per peer
ja3:927177:927183 [0] NCCL INFO MSCCL: Initialization finished
ja2:1311081:1311090 [0] NCCL INFO CC Off, Multi-GPU CC Off, workFifoBytes 1048576
ja3:927177:927183 [0] NCCL INFO TUNER/Plugin: Could not find: libnccl-tuner.so libnccl-net.so. Using internal tuner plugin.
ja3:927177:927183 [0] NCCL INFO ncclCommInitRank comm 0x3608b270 rank 1 nranks 2 cudaDev 0 nvmlDev 0 busId 1000 commId 0x95b505d7fec233ad - Init COMPLETE
ja3:927177:927183 [0] NCCL INFO Init timings - ncclCommInitRank: rank 1 nranks 2 total 0.03 (kernels 0.00, alloc 0.02, bootstrap 0.00, allgathers 0.00, topo 0.00, graphs 0.00, connections 0.00, rest 0.00)
ja2:1311081:1311090 [0] NCCL INFO MSCCL: Initialization finished
ja2:1311081:1311090 [0] NCCL INFO TUNER/Plugin: Could not find: libnccl-tuner.so libnccl-net.so. Using internal tuner plugin.
ja2:1311081:1311090 [0] NCCL INFO ncclCommInitRank comm 0x140243b0 rank 0 nranks 2 cudaDev 0 nvmlDev 0 busId 1000 commId 0x95b505d7fec233ad - Init COMPLETE
ja2:1311081:1311090 [0] NCCL INFO Init timings - ncclCommInitRank: rank 0 nranks 2 total 0.10 (kernels 0.00, alloc 0.02, bootstrap 0.07, allgathers 0.00, topo 0.00, graphs 0.00, connections 0.00, rest 0.00)
#
#                                                              out-of-place                       in-place          
#       size         count      type   redop    root     time   algbw   busbw #wrong     time   algbw   busbw #wrong
#        (B)    (elements)                               (us)  (GB/s)  (GB/s)            (us)  (GB/s)  (GB/s)       
ja2:1311081:1311094 [0] NCCL INFO NCCL_NET_SHARED_BUFFERS set by environment to 0.
ja3:927177:927187 [0] NCCL INFO NCCL_NET_SHARED_BUFFERS set by environment to 0.
ja3:927177:927185 [0] NCCL INFO New proxy recv connection 0 from local rank 0, transport 2
ja3:927177:927187 [0] NCCL INFO Connected to proxy localRank 0 -> connection 0x152f74000d10
ja3:927177:927188 [0] NCCL INFO [Proxy Progress] Device 0 CPU core 192
ja3:927177:927187 [0] NCCL INFO Channel 00/1 : 0[0] -> 1[0] [receive] via NET/IB/0
ja3:927177:927185 [0] NCCL INFO New proxy recv connection 1 from local rank 0, transport 2
ja3:927177:927187 [0] NCCL INFO Connected to proxy localRank 0 -> connection 0x152f74000d88
ja3:927177:927187 [0] NCCL INFO Channel 01/1 : 0[0] -> 1[0] [receive] via NET/IB/0
ja3:927177:927185 [0] NCCL INFO New proxy send connection 2 from local rank 0, transport 2
ja3:927177:927187 [0] NCCL INFO Connected to proxy localRank 0 -> connection 0x152f74000e00
ja3:927177:927187 [0] NCCL INFO Channel 00/1 : 1[0] -> 0[0] [send] via NET/IB/0
ja3:927177:927185 [0] NCCL INFO New proxy send connection 3 from local rank 0, transport 2
ja3:927177:927187 [0] NCCL INFO Connected to proxy localRank 0 -> connection 0x152f74000e78
ja3:927177:927187 [0] NCCL INFO Channel 01/1 : 1[0] -> 0[0] [send] via NET/IB/0
ja2:1311081:1311092 [0] NCCL INFO New proxy recv connection 0 from local rank 0, transport 2
ja2:1311081:1311094 [0] NCCL INFO Connected to proxy localRank 0 -> connection 0x14a6e8000cd0
ja2:1311081:1311095 [0] NCCL INFO [Proxy Progress] Device 0 CPU core 192
ja2:1311081:1311094 [0] NCCL INFO Channel 00/1 : 1[0] -> 0[0] [receive] via NET/IB/0
ja2:1311081:1311092 [0] NCCL INFO New proxy recv connection 1 from local rank 0, transport 2
ja2:1311081:1311094 [0] NCCL INFO Connected to proxy localRank 0 -> connection 0x14a6e8000d48
ja2:1311081:1311094 [0] NCCL INFO Channel 01/1 : 1[0] -> 0[0] [receive] via NET/IB/0
ja2:1311081:1311092 [0] NCCL INFO New proxy send connection 2 from local rank 0, transport 2
ja2:1311081:1311094 [0] NCCL INFO Connected to proxy localRank 0 -> connection 0x14a6e8000dc0
ja2:1311081:1311094 [0] NCCL INFO Channel 00/1 : 0[0] -> 1[0] [send] via NET/IB/0
ja2:1311081:1311092 [0] NCCL INFO New proxy send connection 3 from local rank 0, transport 2
ja2:1311081:1311094 [0] NCCL INFO Connected to proxy localRank 0 -> connection 0x14a6e8000e38
ja2:1311081:1311094 [0] NCCL INFO Channel 01/1 : 0[0] -> 1[0] [send] via NET/IB/0
ja2:1311081:1311092 [0] NCCL INFO NCCL_IB_QPS_PER_CONNECTION set by environment to 2.
ja3:927177:927185 [0] NCCL INFO NCCL_IB_QPS_PER_CONNECTION set by environment to 2.
ja2:1311081:1311092 [0] NCCL INFO NCCL_IB_FRAG_SIZE set by environment to -1.
ja3:927177:927185 [0] NCCL INFO NCCL_IB_FRAG_SIZE set by environment to -1.
ja2:1311081:1311092 [0] NCCL INFO NET/IB: NCCL Dev 0 IbDev 0 Port 1 qpn 3495 mtu 5 LID 22 subnet-prefix 33022  FLID 0 fifoRkey=0x1836f5 fifoLkey=0x1836f5
ja2:1311081:1311092 [0] NCCL INFO NET/IB: NCCL Dev 0 IbDev 0 Port 1 qpn 3496 mtu 5 LID 22 subnet-prefix 33022  FLID 0 fifoRkey=0x1836f5 fifoLkey=0x1836f5
ja3:927177:927185 [0] NCCL INFO NET/IB: NCCL Dev 0 IbDev 0 Port 1 qpn 3414 mtu 5 LID 23 subnet-prefix 33022  FLID 0 fifoRkey=0x180bca fifoLkey=0x180bca
ja3:927177:927185 [0] NCCL INFO NET/IB: NCCL Dev 0 IbDev 0 Port 1 qpn 3415 mtu 5 LID 23 subnet-prefix 33022  FLID 0 fifoRkey=0x180bca fifoLkey=0x180bca
ja3:927177:927185 [0] NCCL INFO NCCL_IB_FRAG_BATCH set by environment to 2.
ja3:927177:927185 [0] NCCL INFO NET/IB: MTU fragmentation on: fragSize=4096 batch=2 sqDepth=2048 nqps=2
ja2:1311081:1311092 [0] NCCL INFO NET/IB: NCCL Dev 0 IbDev 0 Port 1 qpn 3500 mtu 5 LID 22 subnet-prefix 33022  FLID 0 fifoRkey=0x17fcbb fifoLkey=0x17fcbb
ja2:1311081:1311092 [0] NCCL INFO NET/IB: NCCL Dev 0 IbDev 0 Port 1 qpn 3501 mtu 5 LID 22 subnet-prefix 33022  FLID 0 fifoRkey=0x17fcbb fifoLkey=0x17fcbb
ja2:1311081:1311092 [0] NCCL INFO NCCL_IB_FRAG_BATCH set by environment to 2.
ja2:1311081:1311092 [0] NCCL INFO NET/IB: MTU fragmentation on: fragSize=4096 batch=2 sqDepth=2048 nqps=2
ja3:927177:927185 [0] NCCL INFO NET/IB: NCCL Dev 0 IbDev 0 Port 1 qpn 3419 mtu 5 LID 23 subnet-prefix 33022  FLID 0 fifoRkey=0x1827e6 fifoLkey=0x1827e6
ja3:927177:927185 [0] NCCL INFO NET/IB: NCCL Dev 0 IbDev 0 Port 1 qpn 3420 mtu 5 LID 23 subnet-prefix 33022  FLID 0 fifoRkey=0x1827e6 fifoLkey=0x1827e6
ja2:1311081:1311092 [0] NCCL INFO NET/IB: MTU fragmentation on: fragSize=4096 batch=2 sqDepth=2048 nqps=2
ja3:927177:927185 [0] NCCL INFO NET/IB: MTU fragmentation on: fragSize=4096 batch=2 sqDepth=2048 nqps=2
ja2:1311081:1311095 [0] NCCL INFO NCCL_IB_SPLIT_DATA_ON_QPS set by environment to 0.
ja3:927177:927188 [0] NCCL INFO NCCL_IB_SPLIT_DATA_ON_QPS set by environment to 0.
       65536         16384     float     sum      -1    41.38    1.58    1.58      0    42.30    1.55    1.55    N/A
      131072         32768     float     sum      -1    55.92    2.34    2.34      0    59.72    2.19    2.19    N/A
      262144         65536     float     sum      -1    77.37    3.39    3.39      0    76.83    3.41    3.41    N/A
      524288        131072     float     sum      -1    116.0    4.52    4.52      0    129.5    4.05    4.05    N/A
     1048576        262144     float     sum      -1    198.9    5.27    5.27      0    192.8    5.44    5.44    N/A
     2097152        524288     float     sum      -1    313.0    6.70    6.70      0    369.4    5.68    5.68    N/A
ja3:927177:927177 [0] NCCL INFO comm 0x3608b270 rank 1 nranks 2 cudaDev 0 busId 1000 - Destroy COMPLETE
ja3:927177:927177 [0] NCCL INFO MSCCL: Teardown finished
ja2:1311081:1311081 [0] NCCL INFO comm 0x140243b0 rank 0 nranks 2 cudaDev 0 busId 1000 - Destroy COMPLETE
ja2:1311081:1311081 [0] NCCL INFO MSCCL: Teardown finished
# Out of bounds values : 0 OK
# Avg bus bandwidth    : 3.84411 
#

--- checks for CASE F_r3_qp2_split0_fragon ---
  ACTIVE: ja3:927177:927185 [0] NCCL INFO NET/IB: MTU fragmentation on: fragSize=4096 batch=2 sqDepth=2048 nqps=2
  RESULT: # Out of bounds values : 0 OK

========================================================
  CASE F_r3_qp2_split1_fragoff
  NCCL_IB_FRAG_SIZE=0
  NCCL_IB_FRAG_BATCH=2
  NCCL_IB_SEND_QUEUE_DEPTH=
  NCCL_IB_QPS_PER_CONNECTION=2
  NCCL_IB_SPLIT_DATA_ON_QPS=1
  sizes: -b 64K -e 2M -f 2  iters: -n 50 -w 20
  Wed Aug 12 17:02:05 CST 2026
========================================================
# nThread 1 nGpus 1 minBytes 65536 maxBytes 2097152 step: 2(factor) warmup iters: 20 iters: 50 agg iters: 1 validation: 1 graph: 0
#
# Using devices
#  Rank  0 Group  0 Pid 1311140 on        ja2 device  0 [0000:01:00] Tesla V100-PCIE-16GB
#  Rank  1 Group  0 Pid 927214 on        ja3 device  0 [0000:01:00] Tesla V100-PCIE-16GB
ja2:1311140:1311140 [0] NCCL INFO cudaDriverVersion 12000
ja2:1311140:1311140 [0] NCCL INFO NCCL version 2.23.4+cuda12.2
ja2:1311140:1311147 [0] NCCL INFO NET/Plugin: Could not find: libnccl-net.so. Using internal network plugin.
ja2:1311140:1311147 [0] NCCL INFO NCCL_IB_HCA set to mlx5_0
ja2:1311140:1311147 [0] NCCL INFO NET/IB : Using [0]mlx5_0:1/IB [RO]; OOB enp68s0f0:172.23.15.12<0>
ja2:1311140:1311147 [0] NCCL INFO PROFILER/Plugin: Could not find: libnccl-profiler.so.
ja2:1311140:1311147 [0] NCCL INFO Using network IB
ja2:1311140:1311147 [0] NCCL INFO ncclCommInitRank comm 0x3a0a12b0 rank 0 nranks 2 cudaDev 0 nvmlDev 0 busId 1000 commId 0x163666ba370cbab - Init START
ja3:927214:927214 [0] NCCL INFO cudaDriverVersion 12000
ja3:927214:927214 [0] NCCL INFO NCCL version 2.23.4+cuda12.2
ja3:927214:927222 [0] NCCL INFO NET/Plugin: Could not find: libnccl-net.so. Using internal network plugin.
ja3:927214:927222 [0] NCCL INFO NCCL_IB_HCA set to mlx5_0
ja3:927214:927222 [0] NCCL INFO NET/IB : Using [0]mlx5_0:1/IB [RO]; OOB enp68s0f0:172.23.15.13<0>
ja3:927214:927222 [0] NCCL INFO PROFILER/Plugin: Could not find: libnccl-profiler.so.
ja3:927214:927222 [0] NCCL INFO Using network IB
ja3:927214:927222 [0] NCCL INFO ncclCommInitRank comm 0x3c14da20 rank 1 nranks 2 cudaDev 0 nvmlDev 0 busId 1000 commId 0x163666ba370cbab - Init START
ja3:927214:927222 [0] NCCL INFO NET/IB : GPU Direct RDMA Disabled for HCA 0 'mlx5_0'
ja2:1311140:1311147 [0] NCCL INFO NET/IB : GPU Direct RDMA Disabled for HCA 0 'mlx5_0'
ja2:1311140:1311147 [0] NCCL INFO comm 0x3a0a12b0 rank 0 nRanks 2 nNodes 2 localRanks 1 localRank 0 MNNVL 0
ja3:927214:927222 [0] NCCL INFO comm 0x3c14da20 rank 1 nRanks 2 nNodes 2 localRanks 1 localRank 0 MNNVL 0
ja2:1311140:1311147 [0] NCCL INFO MSCCL: No external scheduler found, using internal implementation
ja2:1311140:1311147 [0] NCCL INFO MSCCL: Internal Scheduler will use /home/wangyj05/msccl_azure/executor/msccl-executor-nccl/build/lib/msccl-algorithms as algorithm directory and /home/wangyj05/msccl_azure/executor/msccl-executor-nccl/build/lib/../share/nccl/msccl-algorithms as share algorithm directory and /usr/share/nccl/msccl-algorithms as package installed share algorithm directory 
ja3:927214:927222 [0] NCCL INFO MSCCL: No external scheduler found, using internal implementation
ja3:927214:927222 [0] NCCL INFO MSCCL: Internal Scheduler will use /home/wangyj05/msccl_azure/executor/msccl-executor-nccl/build/lib/msccl-algorithms as algorithm directory and /home/wangyj05/msccl_azure/executor/msccl-executor-nccl/build/lib/../share/nccl/msccl-algorithms as share algorithm directory and /usr/share/nccl/msccl-algorithms as package installed share algorithm directory 
ja2:1311140:1311147 [0] NCCL INFO Using MSCCL Algo files from /home/wangyj05/msccl_azure/executor/msccl-executor-nccl/build/lib/msccl-algorithms
ja2:1311140:1311147 [0] NCCL INFO Channel 00/02 : 0 1
ja2:1311140:1311147 [0] NCCL INFO Channel 01/02 : 0 1
ja2:1311140:1311147 [0] NCCL INFO Trees [0] 1/-1/-1->0->-1 [1] -1/-1/-1->0->1
ja2:1311140:1311147 [0] NCCL INFO NCCL_BUFFSIZE set by environment to 4194304.
ja2:1311140:1311147 [0] NCCL INFO NCCL_P2P_NET_CHUNKSIZE set by environment to 524288.
ja2:1311140:1311147 [0] NCCL INFO P2P Chunksize set to 524288
ja3:927214:927222 [0] NCCL INFO Using MSCCL Algo files from /home/wangyj05/msccl_azure/executor/msccl-executor-nccl/build/lib/msccl-algorithms
ja3:927214:927222 [0] NCCL INFO Trees [0] -1/-1/-1->1->0 [1] 0/-1/-1->1->-1
ja3:927214:927222 [0] NCCL INFO NCCL_BUFFSIZE set by environment to 4194304.
ja3:927214:927222 [0] NCCL INFO NCCL_P2P_NET_CHUNKSIZE set by environment to 524288.
ja3:927214:927222 [0] NCCL INFO P2P Chunksize set to 524288
ja2:1311140:1311149 [0] NCCL INFO [Proxy Service] Device 0 CPU core 64
ja3:927214:927224 [0] NCCL INFO [Proxy Service] Device 0 CPU core 192
ja2:1311140:1311150 [0] NCCL INFO [Proxy Service UDS] Device 0 CPU core 64
ja3:927214:927225 [0] NCCL INFO [Proxy Service UDS] Device 0 CPU core 192
ja3:927214:927222 [0] NCCL INFO NCCL_PROTO set by environment to Simple
ja3:927214:927222 [0] NCCL INFO threadThresholds 8/8/64 | 16/8/64 | 512 | 512
ja3:927214:927222 [0] NCCL INFO 2 coll channels, 2 collnet channels, 0 nvls channels, 2 p2p channels, 2 p2p channels per peer
ja2:1311140:1311147 [0] NCCL INFO NCCL_PROTO set by environment to Simple
ja2:1311140:1311147 [0] NCCL INFO threadThresholds 8/8/64 | 16/8/64 | 512 | 512
ja2:1311140:1311147 [0] NCCL INFO 2 coll channels, 2 collnet channels, 0 nvls channels, 2 p2p channels, 2 p2p channels per peer
ja2:1311140:1311147 [0] NCCL INFO CC Off, Multi-GPU CC Off, workFifoBytes 1048576
ja3:927214:927222 [0] NCCL INFO MSCCL: Initialization finished
ja3:927214:927222 [0] NCCL INFO TUNER/Plugin: Could not find: libnccl-tuner.so libnccl-net.so. Using internal tuner plugin.
ja3:927214:927222 [0] NCCL INFO ncclCommInitRank comm 0x3c14da20 rank 1 nranks 2 cudaDev 0 nvmlDev 0 busId 1000 commId 0x163666ba370cbab - Init COMPLETE
ja3:927214:927222 [0] NCCL INFO Init timings - ncclCommInitRank: rank 1 nranks 2 total 0.03 (kernels 0.00, alloc 0.02, bootstrap 0.00, allgathers 0.00, topo 0.00, graphs 0.00, connections 0.00, rest 0.00)
ja2:1311140:1311147 [0] NCCL INFO MSCCL: Initialization finished
ja2:1311140:1311147 [0] NCCL INFO TUNER/Plugin: Could not find: libnccl-tuner.so libnccl-net.so. Using internal tuner plugin.
ja2:1311140:1311147 [0] NCCL INFO ncclCommInitRank comm 0x3a0a12b0 rank 0 nranks 2 cudaDev 0 nvmlDev 0 busId 1000 commId 0x163666ba370cbab - Init COMPLETE
ja2:1311140:1311147 [0] NCCL INFO Init timings - ncclCommInitRank: rank 0 nranks 2 total 0.10 (kernels 0.00, alloc 0.02, bootstrap 0.08, allgathers 0.00, topo 0.00, graphs 0.00, connections 0.00, rest 0.00)
#
#                                                              out-of-place                       in-place          
#       size         count      type   redop    root     time   algbw   busbw #wrong     time   algbw   busbw #wrong
#        (B)    (elements)                               (us)  (GB/s)  (GB/s)            (us)  (GB/s)  (GB/s)       
ja2:1311140:1311151 [0] NCCL INFO NCCL_NET_SHARED_BUFFERS set by environment to 0.
ja3:927214:927226 [0] NCCL INFO NCCL_NET_SHARED_BUFFERS set by environment to 0.
ja3:927214:927224 [0] NCCL INFO New proxy recv connection 0 from local rank 0, transport 2
ja3:927214:927226 [0] NCCL INFO Connected to proxy localRank 0 -> connection 0x14dbf0000d10
ja2:1311140:1311149 [0] NCCL INFO New proxy recv connection 0 from local rank 0, transport 2
ja3:927214:927227 [0] NCCL INFO [Proxy Progress] Device 0 CPU core 192
ja3:927214:927226 [0] NCCL INFO Channel 00/1 : 0[0] -> 1[0] [receive] via NET/IB/0
ja3:927214:927224 [0] NCCL INFO New proxy recv connection 1 from local rank 0, transport 2
ja3:927214:927226 [0] NCCL INFO Connected to proxy localRank 0 -> connection 0x14dbf0000d88
ja2:1311140:1311152 [0] NCCL INFO [Proxy Progress] Device 0 CPU core 64
ja2:1311140:1311151 [0] NCCL INFO Connected to proxy localRank 0 -> connection 0x14fa44000cd0
ja3:927214:927226 [0] NCCL INFO Channel 01/1 : 0[0] -> 1[0] [receive] via NET/IB/0
ja3:927214:927224 [0] NCCL INFO New proxy send connection 2 from local rank 0, transport 2
ja3:927214:927226 [0] NCCL INFO Connected to proxy localRank 0 -> connection 0x14dbf0000e00
ja3:927214:927226 [0] NCCL INFO Channel 00/1 : 1[0] -> 0[0] [send] via NET/IB/0
ja2:1311140:1311151 [0] NCCL INFO Channel 00/1 : 1[0] -> 0[0] [receive] via NET/IB/0
ja2:1311140:1311149 [0] NCCL INFO New proxy recv connection 1 from local rank 0, transport 2
ja3:927214:927224 [0] NCCL INFO New proxy send connection 3 from local rank 0, transport 2
ja2:1311140:1311151 [0] NCCL INFO Connected to proxy localRank 0 -> connection 0x14fa44000d48
ja3:927214:927226 [0] NCCL INFO Connected to proxy localRank 0 -> connection 0x14dbf0000e78
ja3:927214:927226 [0] NCCL INFO Channel 01/1 : 1[0] -> 0[0] [send] via NET/IB/0
ja2:1311140:1311151 [0] NCCL INFO Channel 01/1 : 1[0] -> 0[0] [receive] via NET/IB/0
ja2:1311140:1311149 [0] NCCL INFO New proxy send connection 2 from local rank 0, transport 2
ja2:1311140:1311151 [0] NCCL INFO Connected to proxy localRank 0 -> connection 0x14fa44000dc0
ja2:1311140:1311151 [0] NCCL INFO Channel 00/1 : 0[0] -> 1[0] [send] via NET/IB/0
ja2:1311140:1311149 [0] NCCL INFO New proxy send connection 3 from local rank 0, transport 2
ja2:1311140:1311151 [0] NCCL INFO Connected to proxy localRank 0 -> connection 0x14fa44000e38
ja2:1311140:1311151 [0] NCCL INFO Channel 01/1 : 0[0] -> 1[0] [send] via NET/IB/0
ja2:1311140:1311149 [0] NCCL INFO NCCL_IB_QPS_PER_CONNECTION set by environment to 2.
ja3:927214:927224 [0] NCCL INFO NCCL_IB_QPS_PER_CONNECTION set by environment to 2.
ja2:1311140:1311149 [0] NCCL INFO NCCL_IB_FRAG_SIZE set by environment to 0.
ja3:927214:927224 [0] NCCL INFO NCCL_IB_FRAG_SIZE set by environment to 0.
ja3:927214:927224 [0] NCCL INFO NET/IB: NCCL Dev 0 IbDev 0 Port 1 qpn 3435 mtu 5 LID 23 subnet-prefix 33022  FLID 0 fifoRkey=0x1827e6 fifoLkey=0x1827e6
ja3:927214:927224 [0] NCCL INFO NET/IB: NCCL Dev 0 IbDev 0 Port 1 qpn 3436 mtu 5 LID 23 subnet-prefix 33022  FLID 0 fifoRkey=0x1827e6 fifoLkey=0x1827e6
ja2:1311140:1311149 [0] NCCL INFO NET/IB: NCCL Dev 0 IbDev 0 Port 1 qpn 3516 mtu 5 LID 22 subnet-prefix 33022  FLID 0 fifoRkey=0x17fcbb fifoLkey=0x17fcbb
ja2:1311140:1311149 [0] NCCL INFO NET/IB: NCCL Dev 0 IbDev 0 Port 1 qpn 3517 mtu 5 LID 22 subnet-prefix 33022  FLID 0 fifoRkey=0x17fcbb fifoLkey=0x17fcbb
ja3:927214:927224 [0] NCCL INFO NET/IB: NCCL Dev 0 IbDev 0 Port 1 qpn 3437 mtu 5 LID 23 subnet-prefix 33022  FLID 0 fifoRkey=0x1ffbba fifoLkey=0x1ffbba
ja3:927214:927224 [0] NCCL INFO NET/IB: NCCL Dev 0 IbDev 0 Port 1 qpn 3438 mtu 5 LID 23 subnet-prefix 33022  FLID 0 fifoRkey=0x1ffbba fifoLkey=0x1ffbba
ja2:1311140:1311149 [0] NCCL INFO NET/IB: NCCL Dev 0 IbDev 0 Port 1 qpn 3521 mtu 5 LID 22 subnet-prefix 33022  FLID 0 fifoRkey=0x1836f5 fifoLkey=0x1836f5
ja2:1311140:1311149 [0] NCCL INFO NET/IB: NCCL Dev 0 IbDev 0 Port 1 qpn 3522 mtu 5 LID 22 subnet-prefix 33022  FLID 0 fifoRkey=0x1836f5 fifoLkey=0x1836f5
ja2:1311140:1311152 [0] NCCL INFO NCCL_IB_SPLIT_DATA_ON_QPS set by environment to 1.
ja2:1311140:1311152 [0] NCCL INFO NCCL_IB_AR_THRESHOLD set by environment to 0.
ja3:927214:927227 [0] NCCL INFO NCCL_IB_SPLIT_DATA_ON_QPS set by environment to 1.
ja3:927214:927227 [0] NCCL INFO NCCL_IB_AR_THRESHOLD set by environment to 0.
       65536         16384     float     sum      -1    39.28    1.67    1.67      0    39.93    1.64    1.64    N/A
      131072         32768     float     sum      -1    54.28    2.41    2.41      0    57.09    2.30    2.30    N/A
      262144         65536     float     sum      -1    73.32    3.58    3.58      0    74.63    3.51    3.51    N/A
      524288        131072     float     sum      -1    115.1    4.55    4.55      0    127.4    4.12    4.12    N/A
     1048576        262144     float     sum      -1    198.6    5.28    5.28      0    189.7    5.53    5.53    N/A
     2097152        524288     float     sum      -1    313.6    6.69    6.69      0    314.9    6.66    6.66    N/A
ja2:1311140:1311140 [0] NCCL INFO comm 0x3a0a12b0 rank 0 nranks 2 cudaDev 0 busId 1000 - Destroy COMPLETE
ja2:1311140:1311140 [0] NCCL INFO MSCCL: Teardown finished
ja3:927214:927214 [0] NCCL INFO comm 0x3c14da20 rank 1 nranks 2 cudaDev 0 busId 1000 - Destroy COMPLETE
ja3:927214:927214 [0] NCCL INFO MSCCL: Teardown finished
# Out of bounds values : 0 OK
# Avg bus bandwidth    : 3.9944 
#

--- checks for CASE F_r3_qp2_split1_fragoff ---
  ACTIVE: fragmentation NOT active (expected for cases A and B)
  RESULT: # Out of bounds values : 0 OK

========================================================
  CASE F_r3_qp2_split1_fragon
  NCCL_IB_FRAG_SIZE=-1
  NCCL_IB_FRAG_BATCH=2
  NCCL_IB_SEND_QUEUE_DEPTH=
  NCCL_IB_QPS_PER_CONNECTION=2
  NCCL_IB_SPLIT_DATA_ON_QPS=1
  sizes: -b 64K -e 2M -f 2  iters: -n 50 -w 20
  Wed Aug 12 17:02:09 CST 2026
========================================================
# nThread 1 nGpus 1 minBytes 65536 maxBytes 2097152 step: 2(factor) warmup iters: 20 iters: 50 agg iters: 1 validation: 1 graph: 0
#
# Using devices
#  Rank  0 Group  0 Pid 1311195 on        ja2 device  0 [0000:01:00] Tesla V100-PCIE-16GB
#  Rank  1 Group  0 Pid 927253 on        ja3 device  0 [0000:01:00] Tesla V100-PCIE-16GB
ja2:1311195:1311195 [0] NCCL INFO cudaDriverVersion 12000
ja2:1311195:1311195 [0] NCCL INFO NCCL version 2.23.4+cuda12.2
ja2:1311195:1311202 [0] NCCL INFO NET/Plugin: Could not find: libnccl-net.so. Using internal network plugin.
ja2:1311195:1311202 [0] NCCL INFO NCCL_IB_HCA set to mlx5_0
ja2:1311195:1311202 [0] NCCL INFO NET/IB : Using [0]mlx5_0:1/IB [RO]; OOB enp68s0f0:172.23.15.12<0>
ja2:1311195:1311202 [0] NCCL INFO PROFILER/Plugin: Could not find: libnccl-profiler.so.
ja2:1311195:1311202 [0] NCCL INFO Using network IB
ja2:1311195:1311202 [0] NCCL INFO ncclCommInitRank comm 0x4244f310 rank 0 nranks 2 cudaDev 0 nvmlDev 0 busId 1000 commId 0xa47daa83fc1b47e6 - Init START
ja3:927253:927253 [0] NCCL INFO cudaDriverVersion 12000
ja3:927253:927253 [0] NCCL INFO NCCL version 2.23.4+cuda12.2
ja3:927253:927261 [0] NCCL INFO NET/Plugin: Could not find: libnccl-net.so. Using internal network plugin.
ja3:927253:927261 [0] NCCL INFO NCCL_IB_HCA set to mlx5_0
ja3:927253:927261 [0] NCCL INFO NET/IB : Using [0]mlx5_0:1/IB [RO]; OOB enp68s0f0:172.23.15.13<0>
ja3:927253:927261 [0] NCCL INFO PROFILER/Plugin: Could not find: libnccl-profiler.so.
ja3:927253:927261 [0] NCCL INFO Using network IB
ja3:927253:927261 [0] NCCL INFO ncclCommInitRank comm 0x405d6a20 rank 1 nranks 2 cudaDev 0 nvmlDev 0 busId 1000 commId 0xa47daa83fc1b47e6 - Init START
ja3:927253:927261 [0] NCCL INFO NET/IB : GPU Direct RDMA Disabled for HCA 0 'mlx5_0'
ja2:1311195:1311202 [0] NCCL INFO NET/IB : GPU Direct RDMA Disabled for HCA 0 'mlx5_0'
ja2:1311195:1311202 [0] NCCL INFO comm 0x4244f310 rank 0 nRanks 2 nNodes 2 localRanks 1 localRank 0 MNNVL 0
ja3:927253:927261 [0] NCCL INFO comm 0x405d6a20 rank 1 nRanks 2 nNodes 2 localRanks 1 localRank 0 MNNVL 0
ja2:1311195:1311202 [0] NCCL INFO MSCCL: No external scheduler found, using internal implementation
ja2:1311195:1311202 [0] NCCL INFO MSCCL: Internal Scheduler will use /home/wangyj05/msccl_azure/executor/msccl-executor-nccl/build/lib/msccl-algorithms as algorithm directory and /home/wangyj05/msccl_azure/executor/msccl-executor-nccl/build/lib/../share/nccl/msccl-algorithms as share algorithm directory and /usr/share/nccl/msccl-algorithms as package installed share algorithm directory 
ja3:927253:927261 [0] NCCL INFO MSCCL: No external scheduler found, using internal implementation
ja3:927253:927261 [0] NCCL INFO MSCCL: Internal Scheduler will use /home/wangyj05/msccl_azure/executor/msccl-executor-nccl/build/lib/msccl-algorithms as algorithm directory and /home/wangyj05/msccl_azure/executor/msccl-executor-nccl/build/lib/../share/nccl/msccl-algorithms as share algorithm directory and /usr/share/nccl/msccl-algorithms as package installed share algorithm directory 
ja2:1311195:1311202 [0] NCCL INFO Using MSCCL Algo files from /home/wangyj05/msccl_azure/executor/msccl-executor-nccl/build/lib/msccl-algorithms
ja2:1311195:1311202 [0] NCCL INFO Channel 00/02 : 0 1
ja2:1311195:1311202 [0] NCCL INFO Channel 01/02 : 0 1
ja2:1311195:1311202 [0] NCCL INFO Trees [0] 1/-1/-1->0->-1 [1] -1/-1/-1->0->1
ja2:1311195:1311202 [0] NCCL INFO NCCL_BUFFSIZE set by environment to 4194304.
ja2:1311195:1311202 [0] NCCL INFO NCCL_P2P_NET_CHUNKSIZE set by environment to 524288.
ja2:1311195:1311202 [0] NCCL INFO P2P Chunksize set to 524288
ja3:927253:927261 [0] NCCL INFO Using MSCCL Algo files from /home/wangyj05/msccl_azure/executor/msccl-executor-nccl/build/lib/msccl-algorithms
ja3:927253:927261 [0] NCCL INFO Trees [0] -1/-1/-1->1->0 [1] 0/-1/-1->1->-1
ja3:927253:927261 [0] NCCL INFO NCCL_BUFFSIZE set by environment to 4194304.
ja3:927253:927261 [0] NCCL INFO NCCL_P2P_NET_CHUNKSIZE set by environment to 524288.
ja3:927253:927261 [0] NCCL INFO P2P Chunksize set to 524288
ja2:1311195:1311204 [0] NCCL INFO [Proxy Service] Device 0 CPU core 64
ja2:1311195:1311205 [0] NCCL INFO [Proxy Service UDS] Device 0 CPU core 64
ja3:927253:927263 [0] NCCL INFO [Proxy Service] Device 0 CPU core 192
ja3:927253:927264 [0] NCCL INFO [Proxy Service UDS] Device 0 CPU core 192
ja3:927253:927261 [0] NCCL INFO NCCL_PROTO set by environment to Simple
ja3:927253:927261 [0] NCCL INFO threadThresholds 8/8/64 | 16/8/64 | 512 | 512
ja3:927253:927261 [0] NCCL INFO 2 coll channels, 2 collnet channels, 0 nvls channels, 2 p2p channels, 2 p2p channels per peer
ja2:1311195:1311202 [0] NCCL INFO NCCL_PROTO set by environment to Simple
ja2:1311195:1311202 [0] NCCL INFO threadThresholds 8/8/64 | 16/8/64 | 512 | 512
ja2:1311195:1311202 [0] NCCL INFO 2 coll channels, 2 collnet channels, 0 nvls channels, 2 p2p channels, 2 p2p channels per peer
ja3:927253:927261 [0] NCCL INFO MSCCL: Initialization finished
ja2:1311195:1311202 [0] NCCL INFO CC Off, Multi-GPU CC Off, workFifoBytes 1048576
ja3:927253:927261 [0] NCCL INFO TUNER/Plugin: Could not find: libnccl-tuner.so libnccl-net.so. Using internal tuner plugin.
ja3:927253:927261 [0] NCCL INFO ncclCommInitRank comm 0x405d6a20 rank 1 nranks 2 cudaDev 0 nvmlDev 0 busId 1000 commId 0xa47daa83fc1b47e6 - Init COMPLETE
ja3:927253:927261 [0] NCCL INFO Init timings - ncclCommInitRank: rank 1 nranks 2 total 0.03 (kernels 0.00, alloc 0.02, bootstrap 0.00, allgathers 0.00, topo 0.00, graphs 0.00, connections 0.00, rest 0.00)
ja2:1311195:1311202 [0] NCCL INFO MSCCL: Initialization finished
ja2:1311195:1311202 [0] NCCL INFO TUNER/Plugin: Could not find: libnccl-tuner.so libnccl-net.so. Using internal tuner plugin.
ja2:1311195:1311202 [0] NCCL INFO ncclCommInitRank comm 0x4244f310 rank 0 nranks 2 cudaDev 0 nvmlDev 0 busId 1000 commId 0xa47daa83fc1b47e6 - Init COMPLETE
ja2:1311195:1311202 [0] NCCL INFO Init timings - ncclCommInitRank: rank 0 nranks 2 total 0.10 (kernels 0.00, alloc 0.02, bootstrap 0.07, allgathers 0.00, topo 0.00, graphs 0.00, connections 0.00, rest 0.00)
#
#                                                              out-of-place                       in-place          
#       size         count      type   redop    root     time   algbw   busbw #wrong     time   algbw   busbw #wrong
#        (B)    (elements)                               (us)  (GB/s)  (GB/s)            (us)  (GB/s)  (GB/s)       
ja2:1311195:1311206 [0] NCCL INFO NCCL_NET_SHARED_BUFFERS set by environment to 0.
ja3:927253:927265 [0] NCCL INFO NCCL_NET_SHARED_BUFFERS set by environment to 0.
ja3:927253:927263 [0] NCCL INFO New proxy recv connection 0 from local rank 0, transport 2
ja2:1311195:1311204 [0] NCCL INFO New proxy recv connection 0 from local rank 0, transport 2
ja3:927253:927265 [0] NCCL INFO Connected to proxy localRank 0 -> connection 0x146678000d10
ja3:927253:927266 [0] NCCL INFO [Proxy Progress] Device 0 CPU core 192
ja3:927253:927265 [0] NCCL INFO Channel 00/1 : 0[0] -> 1[0] [receive] via NET/IB/0
ja3:927253:927263 [0] NCCL INFO New proxy recv connection 1 from local rank 0, transport 2
ja2:1311195:1311207 [0] NCCL INFO [Proxy Progress] Device 0 CPU core 192
ja3:927253:927265 [0] NCCL INFO Connected to proxy localRank 0 -> connection 0x146678000d88
ja2:1311195:1311206 [0] NCCL INFO Connected to proxy localRank 0 -> connection 0x15144c000cd0
ja3:927253:927265 [0] NCCL INFO Channel 01/1 : 0[0] -> 1[0] [receive] via NET/IB/0
ja3:927253:927263 [0] NCCL INFO New proxy send connection 2 from local rank 0, transport 2
ja2:1311195:1311206 [0] NCCL INFO Channel 00/1 : 1[0] -> 0[0] [receive] via NET/IB/0
ja3:927253:927265 [0] NCCL INFO Connected to proxy localRank 0 -> connection 0x146678000e00
ja2:1311195:1311204 [0] NCCL INFO New proxy recv connection 1 from local rank 0, transport 2
ja2:1311195:1311206 [0] NCCL INFO Connected to proxy localRank 0 -> connection 0x15144c000d48
ja3:927253:927265 [0] NCCL INFO Channel 00/1 : 1[0] -> 0[0] [send] via NET/IB/0
ja3:927253:927263 [0] NCCL INFO New proxy send connection 3 from local rank 0, transport 2
ja3:927253:927265 [0] NCCL INFO Connected to proxy localRank 0 -> connection 0x146678000e78
ja3:927253:927265 [0] NCCL INFO Channel 01/1 : 1[0] -> 0[0] [send] via NET/IB/0
ja2:1311195:1311206 [0] NCCL INFO Channel 01/1 : 1[0] -> 0[0] [receive] via NET/IB/0
ja2:1311195:1311204 [0] NCCL INFO New proxy send connection 2 from local rank 0, transport 2
ja2:1311195:1311206 [0] NCCL INFO Connected to proxy localRank 0 -> connection 0x15144c000dc0
ja2:1311195:1311206 [0] NCCL INFO Channel 00/1 : 0[0] -> 1[0] [send] via NET/IB/0
ja2:1311195:1311204 [0] NCCL INFO New proxy send connection 3 from local rank 0, transport 2
ja2:1311195:1311206 [0] NCCL INFO Connected to proxy localRank 0 -> connection 0x15144c000e38
ja2:1311195:1311206 [0] NCCL INFO Channel 01/1 : 0[0] -> 1[0] [send] via NET/IB/0
ja2:1311195:1311204 [0] NCCL INFO NCCL_IB_QPS_PER_CONNECTION set by environment to 2.
ja3:927253:927263 [0] NCCL INFO NCCL_IB_QPS_PER_CONNECTION set by environment to 2.
ja2:1311195:1311204 [0] NCCL INFO NCCL_IB_FRAG_SIZE set by environment to -1.
ja3:927253:927263 [0] NCCL INFO NCCL_IB_FRAG_SIZE set by environment to -1.
ja2:1311195:1311204 [0] NCCL INFO NET/IB: NCCL Dev 0 IbDev 0 Port 1 qpn 3537 mtu 5 LID 22 subnet-prefix 33022  FLID 0 fifoRkey=0x17fcbb fifoLkey=0x17fcbb
ja2:1311195:1311204 [0] NCCL INFO NET/IB: NCCL Dev 0 IbDev 0 Port 1 qpn 3538 mtu 5 LID 22 subnet-prefix 33022  FLID 0 fifoRkey=0x17fcbb fifoLkey=0x17fcbb
ja3:927253:927263 [0] NCCL INFO NET/IB: NCCL Dev 0 IbDev 0 Port 1 qpn 3456 mtu 5 LID 23 subnet-prefix 33022  FLID 0 fifoRkey=0x180bca fifoLkey=0x180bca
ja3:927253:927263 [0] NCCL INFO NET/IB: NCCL Dev 0 IbDev 0 Port 1 qpn 3457 mtu 5 LID 23 subnet-prefix 33022  FLID 0 fifoRkey=0x180bca fifoLkey=0x180bca
ja2:1311195:1311204 [0] NCCL INFO NET/IB: NCCL Dev 0 IbDev 0 Port 1 qpn 3539 mtu 5 LID 22 subnet-prefix 33022  FLID 0 fifoRkey=0x17e2a1 fifoLkey=0x17e2a1
ja2:1311195:1311204 [0] NCCL INFO NET/IB: NCCL Dev 0 IbDev 0 Port 1 qpn 3540 mtu 5 LID 22 subnet-prefix 33022  FLID 0 fifoRkey=0x17e2a1 fifoLkey=0x17e2a1
ja2:1311195:1311204 [0] NCCL INFO NCCL_IB_FRAG_BATCH set by environment to 2.
ja3:927253:927263 [0] NCCL INFO NET/IB: NCCL Dev 0 IbDev 0 Port 1 qpn 3461 mtu 5 LID 23 subnet-prefix 33022  FLID 0 fifoRkey=0x1800c0 fifoLkey=0x1800c0
ja3:927253:927263 [0] NCCL INFO NET/IB: NCCL Dev 0 IbDev 0 Port 1 qpn 3462 mtu 5 LID 23 subnet-prefix 33022  FLID 0 fifoRkey=0x1800c0 fifoLkey=0x1800c0
ja2:1311195:1311204 [0] NCCL INFO NET/IB: MTU fragmentation on: fragSize=4096 batch=2 sqDepth=2048 nqps=2
ja3:927253:927263 [0] NCCL INFO NCCL_IB_FRAG_BATCH set by environment to 2.
ja3:927253:927263 [0] NCCL INFO NET/IB: MTU fragmentation on: fragSize=4096 batch=2 sqDepth=2048 nqps=2
ja3:927253:927263 [0] NCCL INFO NET/IB: MTU fragmentation on: fragSize=4096 batch=2 sqDepth=2048 nqps=2
ja2:1311195:1311204 [0] NCCL INFO NET/IB: MTU fragmentation on: fragSize=4096 batch=2 sqDepth=2048 nqps=2
ja2:1311195:1311207 [0] NCCL INFO NCCL_IB_SPLIT_DATA_ON_QPS set by environment to 1.
ja3:927253:927266 [0] NCCL INFO NCCL_IB_SPLIT_DATA_ON_QPS set by environment to 1.
       65536         16384     float     sum      -1    41.49    1.58    1.58      0    41.38    1.58    1.58    N/A
      131072         32768     float     sum      -1    56.32    2.33    2.33      0    62.80    2.09    2.09    N/A
      262144         65536     float     sum      -1    76.84    3.41    3.41      0    76.71    3.42    3.42    N/A
      524288        131072     float     sum      -1    116.2    4.51    4.51      0    126.3    4.15    4.15    N/A
     1048576        262144     float     sum      -1    190.9    5.49    5.49      0    191.1    5.49    5.49    N/A
     2097152        524288     float     sum      -1    308.4    6.80    6.80      0    326.6    6.42    6.42    N/A
ja2:1311195:1311195 [0] NCCL INFO comm 0x4244f310 rank 0 nranks 2 cudaDev 0 busId 1000 - Destroy COMPLETE
ja2:1311195:1311195 [0] NCCL INFO MSCCL: Teardown finished
ja3:927253:927253 [0] NCCL INFO comm 0x405d6a20 rank 1 nranks 2 cudaDev 0 busId 1000 - Destroy COMPLETE
ja3:927253:927253 [0] NCCL INFO MSCCL: Teardown finished
# Out of bounds values : 0 OK
# Avg bus bandwidth    : 3.93912 
#

--- checks for CASE F_r3_qp2_split1_fragon ---
  ACTIVE: ja2:1311195:1311204 [0] NCCL INFO NET/IB: MTU fragmentation on: fragSize=4096 batch=2 sqDepth=2048 nqps=2
  RESULT: # Out of bounds values : 0 OK

========================================================
  CASE F_r3_qp4_split0_fragoff
  NCCL_IB_FRAG_SIZE=0
  NCCL_IB_FRAG_BATCH=2
  NCCL_IB_SEND_QUEUE_DEPTH=
  NCCL_IB_QPS_PER_CONNECTION=4
  NCCL_IB_SPLIT_DATA_ON_QPS=0
  sizes: -b 64K -e 2M -f 2  iters: -n 50 -w 20
  Wed Aug 12 17:02:12 CST 2026
========================================================
# nThread 1 nGpus 1 minBytes 65536 maxBytes 2097152 step: 2(factor) warmup iters: 20 iters: 50 agg iters: 1 validation: 1 graph: 0
#
# Using devices
#  Rank  0 Group  0 Pid 1311252 on        ja2 device  0 [0000:01:00] Tesla V100-PCIE-16GB
#  Rank  1 Group  0 Pid 927292 on        ja3 device  0 [0000:01:00] Tesla V100-PCIE-16GB
ja2:1311252:1311252 [0] NCCL INFO cudaDriverVersion 12000
ja2:1311252:1311252 [0] NCCL INFO NCCL version 2.23.4+cuda12.2
ja2:1311252:1311259 [0] NCCL INFO NET/Plugin: Could not find: libnccl-net.so. Using internal network plugin.
ja2:1311252:1311259 [0] NCCL INFO NCCL_IB_HCA set to mlx5_0
ja2:1311252:1311259 [0] NCCL INFO NET/IB : Using [0]mlx5_0:1/IB [RO]; OOB enp68s0f0:172.23.15.12<0>
ja2:1311252:1311259 [0] NCCL INFO PROFILER/Plugin: Could not find: libnccl-profiler.so.
ja2:1311252:1311259 [0] NCCL INFO Using network IB
ja2:1311252:1311259 [0] NCCL INFO ncclCommInitRank comm 0x24cd1a40 rank 0 nranks 2 cudaDev 0 nvmlDev 0 busId 1000 commId 0x2a323c0f718d0c49 - Init START
ja3:927292:927292 [0] NCCL INFO cudaDriverVersion 12000
ja3:927292:927292 [0] NCCL INFO NCCL version 2.23.4+cuda12.2
ja3:927292:927300 [0] NCCL INFO NET/Plugin: Could not find: libnccl-net.so. Using internal network plugin.
ja3:927292:927300 [0] NCCL INFO NCCL_IB_HCA set to mlx5_0
ja3:927292:927300 [0] NCCL INFO NET/IB : Using [0]mlx5_0:1/IB [RO]; OOB enp68s0f0:172.23.15.13<0>
ja3:927292:927300 [0] NCCL INFO PROFILER/Plugin: Could not find: libnccl-profiler.so.
ja3:927292:927300 [0] NCCL INFO Using network IB
ja3:927292:927300 [0] NCCL INFO ncclCommInitRank comm 0x21cfa8d0 rank 1 nranks 2 cudaDev 0 nvmlDev 0 busId 1000 commId 0x2a323c0f718d0c49 - Init START
ja3:927292:927300 [0] NCCL INFO NET/IB : GPU Direct RDMA Disabled for HCA 0 'mlx5_0'
ja2:1311252:1311259 [0] NCCL INFO NET/IB : GPU Direct RDMA Disabled for HCA 0 'mlx5_0'
ja3:927292:927300 [0] NCCL INFO comm 0x21cfa8d0 rank 1 nRanks 2 nNodes 2 localRanks 1 localRank 0 MNNVL 0
ja2:1311252:1311259 [0] NCCL INFO comm 0x24cd1a40 rank 0 nRanks 2 nNodes 2 localRanks 1 localRank 0 MNNVL 0
ja3:927292:927300 [0] NCCL INFO MSCCL: No external scheduler found, using internal implementation
ja3:927292:927300 [0] NCCL INFO MSCCL: Internal Scheduler will use /home/wangyj05/msccl_azure/executor/msccl-executor-nccl/build/lib/msccl-algorithms as algorithm directory and /home/wangyj05/msccl_azure/executor/msccl-executor-nccl/build/lib/../share/nccl/msccl-algorithms as share algorithm directory and /usr/share/nccl/msccl-algorithms as package installed share algorithm directory 
ja2:1311252:1311259 [0] NCCL INFO MSCCL: No external scheduler found, using internal implementation
ja2:1311252:1311259 [0] NCCL INFO MSCCL: Internal Scheduler will use /home/wangyj05/msccl_azure/executor/msccl-executor-nccl/build/lib/msccl-algorithms as algorithm directory and /home/wangyj05/msccl_azure/executor/msccl-executor-nccl/build/lib/../share/nccl/msccl-algorithms as share algorithm directory and /usr/share/nccl/msccl-algorithms as package installed share algorithm directory 
ja2:1311252:1311259 [0] NCCL INFO Using MSCCL Algo files from /home/wangyj05/msccl_azure/executor/msccl-executor-nccl/build/lib/msccl-algorithms
ja2:1311252:1311259 [0] NCCL INFO Channel 00/02 : 0 1
ja2:1311252:1311259 [0] NCCL INFO Channel 01/02 : 0 1
ja2:1311252:1311259 [0] NCCL INFO Trees [0] 1/-1/-1->0->-1 [1] -1/-1/-1->0->1
ja2:1311252:1311259 [0] NCCL INFO NCCL_BUFFSIZE set by environment to 4194304.
ja2:1311252:1311259 [0] NCCL INFO NCCL_P2P_NET_CHUNKSIZE set by environment to 524288.
ja2:1311252:1311259 [0] NCCL INFO P2P Chunksize set to 524288
ja3:927292:927300 [0] NCCL INFO Using MSCCL Algo files from /home/wangyj05/msccl_azure/executor/msccl-executor-nccl/build/lib/msccl-algorithms
ja3:927292:927300 [0] NCCL INFO Trees [0] -1/-1/-1->1->0 [1] 0/-1/-1->1->-1
ja3:927292:927300 [0] NCCL INFO NCCL_BUFFSIZE set by environment to 4194304.
ja3:927292:927300 [0] NCCL INFO NCCL_P2P_NET_CHUNKSIZE set by environment to 524288.
ja3:927292:927300 [0] NCCL INFO P2P Chunksize set to 524288
ja2:1311252:1311261 [0] NCCL INFO [Proxy Service] Device 0 CPU core 192
ja2:1311252:1311262 [0] NCCL INFO [Proxy Service UDS] Device 0 CPU core 192
ja3:927292:927302 [0] NCCL INFO [Proxy Service] Device 0 CPU core 64
ja3:927292:927303 [0] NCCL INFO [Proxy Service UDS] Device 0 CPU core 64
ja2:1311252:1311259 [0] NCCL INFO NCCL_PROTO set by environment to Simple
ja2:1311252:1311259 [0] NCCL INFO threadThresholds 8/8/64 | 16/8/64 | 512 | 512
ja2:1311252:1311259 [0] NCCL INFO 2 coll channels, 2 collnet channels, 0 nvls channels, 2 p2p channels, 2 p2p channels per peer
ja3:927292:927300 [0] NCCL INFO NCCL_PROTO set by environment to Simple
ja3:927292:927300 [0] NCCL INFO threadThresholds 8/8/64 | 16/8/64 | 512 | 512
ja3:927292:927300 [0] NCCL INFO 2 coll channels, 2 collnet channels, 0 nvls channels, 2 p2p channels, 2 p2p channels per peer
ja2:1311252:1311259 [0] NCCL INFO CC Off, Multi-GPU CC Off, workFifoBytes 1048576
ja3:927292:927300 [0] NCCL INFO MSCCL: Initialization finished
ja3:927292:927300 [0] NCCL INFO TUNER/Plugin: Could not find: libnccl-tuner.so libnccl-net.so. Using internal tuner plugin.
ja3:927292:927300 [0] NCCL INFO ncclCommInitRank comm 0x21cfa8d0 rank 1 nranks 2 cudaDev 0 nvmlDev 0 busId 1000 commId 0x2a323c0f718d0c49 - Init COMPLETE
ja3:927292:927300 [0] NCCL INFO Init timings - ncclCommInitRank: rank 1 nranks 2 total 0.03 (kernels 0.00, alloc 0.02, bootstrap 0.00, allgathers 0.00, topo 0.00, graphs 0.00, connections 0.00, rest 0.00)
ja2:1311252:1311259 [0] NCCL INFO MSCCL: Initialization finished
ja2:1311252:1311259 [0] NCCL INFO TUNER/Plugin: Could not find: libnccl-tuner.so libnccl-net.so. Using internal tuner plugin.
ja2:1311252:1311259 [0] NCCL INFO ncclCommInitRank comm 0x24cd1a40 rank 0 nranks 2 cudaDev 0 nvmlDev 0 busId 1000 commId 0x2a323c0f718d0c49 - Init COMPLETE
ja2:1311252:1311259 [0] NCCL INFO Init timings - ncclCommInitRank: rank 0 nranks 2 total 0.09 (kernels 0.00, alloc 0.02, bootstrap 0.06, allgathers 0.00, topo 0.00, graphs 0.00, connections 0.00, rest 0.00)
#
#                                                              out-of-place                       in-place          
#       size         count      type   redop    root     time   algbw   busbw #wrong     time   algbw   busbw #wrong
#        (B)    (elements)                               (us)  (GB/s)  (GB/s)            (us)  (GB/s)  (GB/s)       
ja2:1311252:1311263 [0] NCCL INFO NCCL_NET_SHARED_BUFFERS set by environment to 0.
ja3:927292:927304 [0] NCCL INFO NCCL_NET_SHARED_BUFFERS set by environment to 0.
ja3:927292:927302 [0] NCCL INFO New proxy recv connection 0 from local rank 0, transport 2
ja3:927292:927304 [0] NCCL INFO Connected to proxy localRank 0 -> connection 0x1517b4000d10
ja3:927292:927305 [0] NCCL INFO [Proxy Progress] Device 0 CPU core 64
ja3:927292:927304 [0] NCCL INFO Channel 00/1 : 0[0] -> 1[0] [receive] via NET/IB/0
ja3:927292:927302 [0] NCCL INFO New proxy recv connection 1 from local rank 0, transport 2
ja3:927292:927304 [0] NCCL INFO Connected to proxy localRank 0 -> connection 0x1517b4000d88
ja3:927292:927304 [0] NCCL INFO Channel 01/1 : 0[0] -> 1[0] [receive] via NET/IB/0
ja3:927292:927302 [0] NCCL INFO New proxy send connection 2 from local rank 0, transport 2
ja3:927292:927304 [0] NCCL INFO Connected to proxy localRank 0 -> connection 0x1517b4000e00
ja3:927292:927304 [0] NCCL INFO Channel 00/1 : 1[0] -> 0[0] [send] via NET/IB/0
ja3:927292:927302 [0] NCCL INFO New proxy send connection 3 from local rank 0, transport 2
ja3:927292:927304 [0] NCCL INFO Connected to proxy localRank 0 -> connection 0x1517b4000e78
ja3:927292:927304 [0] NCCL INFO Channel 01/1 : 1[0] -> 0[0] [send] via NET/IB/0
ja2:1311252:1311261 [0] NCCL INFO New proxy recv connection 0 from local rank 0, transport 2
ja2:1311252:1311263 [0] NCCL INFO Connected to proxy localRank 0 -> connection 0x151fe4000cd0
ja2:1311252:1311264 [0] NCCL INFO [Proxy Progress] Device 0 CPU core 192
ja2:1311252:1311263 [0] NCCL INFO Channel 00/1 : 1[0] -> 0[0] [receive] via NET/IB/0
ja2:1311252:1311261 [0] NCCL INFO New proxy recv connection 1 from local rank 0, transport 2
ja2:1311252:1311263 [0] NCCL INFO Connected to proxy localRank 0 -> connection 0x151fe4000d48
ja2:1311252:1311263 [0] NCCL INFO Channel 01/1 : 1[0] -> 0[0] [receive] via NET/IB/0
ja2:1311252:1311261 [0] NCCL INFO New proxy send connection 2 from local rank 0, transport 2
ja2:1311252:1311263 [0] NCCL INFO Connected to proxy localRank 0 -> connection 0x151fe4000dc0
ja2:1311252:1311263 [0] NCCL INFO Channel 00/1 : 0[0] -> 1[0] [send] via NET/IB/0
ja2:1311252:1311261 [0] NCCL INFO New proxy send connection 3 from local rank 0, transport 2
ja2:1311252:1311263 [0] NCCL INFO Connected to proxy localRank 0 -> connection 0x151fe4000e38
ja2:1311252:1311263 [0] NCCL INFO Channel 01/1 : 0[0] -> 1[0] [send] via NET/IB/0
ja2:1311252:1311261 [0] NCCL INFO NCCL_IB_QPS_PER_CONNECTION set by environment to 4.
ja3:927292:927302 [0] NCCL INFO NCCL_IB_QPS_PER_CONNECTION set by environment to 4.
ja2:1311252:1311261 [0] NCCL INFO NCCL_IB_FRAG_SIZE set by environment to 0.
ja3:927292:927302 [0] NCCL INFO NCCL_IB_FRAG_SIZE set by environment to 0.
ja2:1311252:1311261 [0] NCCL INFO NET/IB: NCCL Dev 0 IbDev 0 Port 1 qpn 3558 mtu 5 LID 22 subnet-prefix 33022  FLID 0 fifoRkey=0x1836f5 fifoLkey=0x1836f5
ja2:1311252:1311261 [0] NCCL INFO NET/IB: NCCL Dev 0 IbDev 0 Port 1 qpn 3559 mtu 5 LID 22 subnet-prefix 33022  FLID 0 fifoRkey=0x1836f5 fifoLkey=0x1836f5
ja2:1311252:1311261 [0] NCCL INFO NET/IB: NCCL Dev 0 IbDev 0 Port 1 qpn 3560 mtu 5 LID 22 subnet-prefix 33022  FLID 0 fifoRkey=0x1836f5 fifoLkey=0x1836f5
ja2:1311252:1311261 [0] NCCL INFO NET/IB: NCCL Dev 0 IbDev 0 Port 1 qpn 3561 mtu 5 LID 22 subnet-prefix 33022  FLID 0 fifoRkey=0x1836f5 fifoLkey=0x1836f5
ja3:927292:927302 [0] NCCL INFO NET/IB: NCCL Dev 0 IbDev 0 Port 1 qpn 3477 mtu 5 LID 23 subnet-prefix 33022  FLID 0 fifoRkey=0x1827e6 fifoLkey=0x1827e6
ja3:927292:927302 [0] NCCL INFO NET/IB: NCCL Dev 0 IbDev 0 Port 1 qpn 3478 mtu 5 LID 23 subnet-prefix 33022  FLID 0 fifoRkey=0x1827e6 fifoLkey=0x1827e6
ja3:927292:927302 [0] NCCL INFO NET/IB: NCCL Dev 0 IbDev 0 Port 1 qpn 3479 mtu 5 LID 23 subnet-prefix 33022  FLID 0 fifoRkey=0x1827e6 fifoLkey=0x1827e6
ja3:927292:927302 [0] NCCL INFO NET/IB: NCCL Dev 0 IbDev 0 Port 1 qpn 3480 mtu 5 LID 23 subnet-prefix 33022  FLID 0 fifoRkey=0x1827e6 fifoLkey=0x1827e6
ja2:1311252:1311261 [0] NCCL INFO NET/IB: NCCL Dev 0 IbDev 0 Port 1 qpn 3562 mtu 5 LID 22 subnet-prefix 33022  FLID 0 fifoRkey=0x17e2a1 fifoLkey=0x17e2a1
ja2:1311252:1311261 [0] NCCL INFO NET/IB: NCCL Dev 0 IbDev 0 Port 1 qpn 3563 mtu 5 LID 22 subnet-prefix 33022  FLID 0 fifoRkey=0x17e2a1 fifoLkey=0x17e2a1
ja2:1311252:1311261 [0] NCCL INFO NET/IB: NCCL Dev 0 IbDev 0 Port 1 qpn 3564 mtu 5 LID 22 subnet-prefix 33022  FLID 0 fifoRkey=0x17e2a1 fifoLkey=0x17e2a1
ja2:1311252:1311261 [0] NCCL INFO NET/IB: NCCL Dev 0 IbDev 0 Port 1 qpn 3565 mtu 5 LID 22 subnet-prefix 33022  FLID 0 fifoRkey=0x17e2a1 fifoLkey=0x17e2a1
ja3:927292:927302 [0] NCCL INFO NET/IB: NCCL Dev 0 IbDev 0 Port 1 qpn 3486 mtu 5 LID 23 subnet-prefix 33022  FLID 0 fifoRkey=0x1800c0 fifoLkey=0x1800c0
ja3:927292:927302 [0] NCCL INFO NET/IB: NCCL Dev 0 IbDev 0 Port 1 qpn 3487 mtu 5 LID 23 subnet-prefix 33022  FLID 0 fifoRkey=0x1800c0 fifoLkey=0x1800c0
ja3:927292:927302 [0] NCCL INFO NET/IB: NCCL Dev 0 IbDev 0 Port 1 qpn 3488 mtu 5 LID 23 subnet-prefix 33022  FLID 0 fifoRkey=0x1800c0 fifoLkey=0x1800c0
ja3:927292:927302 [0] NCCL INFO NET/IB: NCCL Dev 0 IbDev 0 Port 1 qpn 3489 mtu 5 LID 23 subnet-prefix 33022  FLID 0 fifoRkey=0x1800c0 fifoLkey=0x1800c0
ja2:1311252:1311264 [0] NCCL INFO NCCL_IB_SPLIT_DATA_ON_QPS set by environment to 0.
ja2:1311252:1311264 [0] NCCL INFO NCCL_IB_AR_THRESHOLD set by environment to 0.
ja3:927292:927305 [0] NCCL INFO NCCL_IB_SPLIT_DATA_ON_QPS set by environment to 0.
ja3:927292:927305 [0] NCCL INFO NCCL_IB_AR_THRESHOLD set by environment to 0.
       65536         16384     float     sum      -1    39.34    1.67    1.67      0    39.64    1.65    1.65    N/A
      131072         32768     float     sum      -1    54.05    2.43    2.43      0    56.74    2.31    2.31    N/A
      262144         65536     float     sum      -1    73.83    3.55    3.55      0    74.70    3.51    3.51    N/A
      524288        131072     float     sum      -1    112.9    4.64    4.64      0    128.6    4.08    4.08    N/A
     1048576        262144     float     sum      -1    186.9    5.61    5.61      0    186.4    5.62    5.62    N/A
     2097152        524288     float     sum      -1    311.7    6.73    6.73      0    331.3    6.33    6.33    N/A
ja2:1311252:1311252 [0] NCCL INFO comm 0x24cd1a40 rank 0 nranks 2 cudaDev 0 busId 1000 - Destroy COMPLETE
ja2:1311252:1311252 [0] NCCL INFO MSCCL: Teardown finished
ja3:927292:927292 [0] NCCL INFO comm 0x21cfa8d0 rank 1 nranks 2 cudaDev 0 busId 1000 - Destroy COMPLETE
ja3:927292:927292 [0] NCCL INFO MSCCL: Teardown finished
# Out of bounds values : 0 OK
# Avg bus bandwidth    : 4.01074 
#

--- checks for CASE F_r3_qp4_split0_fragoff ---
  ACTIVE: fragmentation NOT active (expected for cases A and B)
  RESULT: # Out of bounds values : 0 OK

========================================================
  CASE F_r3_qp4_split0_fragon
  NCCL_IB_FRAG_SIZE=-1
  NCCL_IB_FRAG_BATCH=2
  NCCL_IB_SEND_QUEUE_DEPTH=
  NCCL_IB_QPS_PER_CONNECTION=4
  NCCL_IB_SPLIT_DATA_ON_QPS=0
  sizes: -b 64K -e 2M -f 2  iters: -n 50 -w 20
  Wed Aug 12 17:02:17 CST 2026
========================================================
# nThread 1 nGpus 1 minBytes 65536 maxBytes 2097152 step: 2(factor) warmup iters: 20 iters: 50 agg iters: 1 validation: 1 graph: 0
#
# Using devices
#  Rank  0 Group  0 Pid 1311307 on        ja2 device  0 [0000:01:00] Tesla V100-PCIE-16GB
#  Rank  1 Group  0 Pid 927331 on        ja3 device  0 [0000:01:00] Tesla V100-PCIE-16GB
ja2:1311307:1311307 [0] NCCL INFO cudaDriverVersion 12000
ja2:1311307:1311307 [0] NCCL INFO NCCL version 2.23.4+cuda12.2
ja2:1311307:1311314 [0] NCCL INFO NET/Plugin: Could not find: libnccl-net.so. Using internal network plugin.
ja2:1311307:1311314 [0] NCCL INFO NCCL_IB_HCA set to mlx5_0
ja2:1311307:1311314 [0] NCCL INFO NET/IB : Using [0]mlx5_0:1/IB [RO]; OOB enp68s0f0:172.23.15.12<0>
ja2:1311307:1311314 [0] NCCL INFO PROFILER/Plugin: Could not find: libnccl-profiler.so.
ja2:1311307:1311314 [0] NCCL INFO Using network IB
ja2:1311307:1311314 [0] NCCL INFO ncclCommInitRank comm 0x1d894330 rank 0 nranks 2 cudaDev 0 nvmlDev 0 busId 1000 commId 0x50a8aba8ddda2ae3 - Init START
ja3:927331:927331 [0] NCCL INFO cudaDriverVersion 12000
ja3:927331:927331 [0] NCCL INFO NCCL version 2.23.4+cuda12.2
ja3:927331:927339 [0] NCCL INFO NET/Plugin: Could not find: libnccl-net.so. Using internal network plugin.
ja3:927331:927339 [0] NCCL INFO NCCL_IB_HCA set to mlx5_0
ja3:927331:927339 [0] NCCL INFO NET/IB : Using [0]mlx5_0:1/IB [RO]; OOB enp68s0f0:172.23.15.13<0>
ja3:927331:927339 [0] NCCL INFO PROFILER/Plugin: Could not find: libnccl-profiler.so.
ja3:927331:927339 [0] NCCL INFO Using network IB
ja3:927331:927339 [0] NCCL INFO ncclCommInitRank comm 0x2f05cb90 rank 1 nranks 2 cudaDev 0 nvmlDev 0 busId 1000 commId 0x50a8aba8ddda2ae3 - Init START
ja3:927331:927339 [0] NCCL INFO NET/IB : GPU Direct RDMA Disabled for HCA 0 'mlx5_0'
ja2:1311307:1311314 [0] NCCL INFO NET/IB : GPU Direct RDMA Disabled for HCA 0 'mlx5_0'
ja2:1311307:1311314 [0] NCCL INFO comm 0x1d894330 rank 0 nRanks 2 nNodes 2 localRanks 1 localRank 0 MNNVL 0
ja3:927331:927339 [0] NCCL INFO comm 0x2f05cb90 rank 1 nRanks 2 nNodes 2 localRanks 1 localRank 0 MNNVL 0
ja3:927331:927339 [0] NCCL INFO MSCCL: No external scheduler found, using internal implementation
ja2:1311307:1311314 [0] NCCL INFO MSCCL: No external scheduler found, using internal implementation
ja2:1311307:1311314 [0] NCCL INFO MSCCL: Internal Scheduler will use /home/wangyj05/msccl_azure/executor/msccl-executor-nccl/build/lib/msccl-algorithms as algorithm directory and /home/wangyj05/msccl_azure/executor/msccl-executor-nccl/build/lib/../share/nccl/msccl-algorithms as share algorithm directory and /usr/share/nccl/msccl-algorithms as package installed share algorithm directory 
ja3:927331:927339 [0] NCCL INFO MSCCL: Internal Scheduler will use /home/wangyj05/msccl_azure/executor/msccl-executor-nccl/build/lib/msccl-algorithms as algorithm directory and /home/wangyj05/msccl_azure/executor/msccl-executor-nccl/build/lib/../share/nccl/msccl-algorithms as share algorithm directory and /usr/share/nccl/msccl-algorithms as package installed share algorithm directory 
ja2:1311307:1311314 [0] NCCL INFO Using MSCCL Algo files from /home/wangyj05/msccl_azure/executor/msccl-executor-nccl/build/lib/msccl-algorithms
ja2:1311307:1311314 [0] NCCL INFO Channel 00/02 : 0 1
ja2:1311307:1311314 [0] NCCL INFO Channel 01/02 : 0 1
ja2:1311307:1311314 [0] NCCL INFO Trees [0] 1/-1/-1->0->-1 [1] -1/-1/-1->0->1
ja2:1311307:1311314 [0] NCCL INFO NCCL_BUFFSIZE set by environment to 4194304.
ja2:1311307:1311314 [0] NCCL INFO NCCL_P2P_NET_CHUNKSIZE set by environment to 524288.
ja2:1311307:1311314 [0] NCCL INFO P2P Chunksize set to 524288
ja3:927331:927339 [0] NCCL INFO Using MSCCL Algo files from /home/wangyj05/msccl_azure/executor/msccl-executor-nccl/build/lib/msccl-algorithms
ja3:927331:927339 [0] NCCL INFO Trees [0] -1/-1/-1->1->0 [1] 0/-1/-1->1->-1
ja3:927331:927339 [0] NCCL INFO NCCL_BUFFSIZE set by environment to 4194304.
ja3:927331:927339 [0] NCCL INFO NCCL_P2P_NET_CHUNKSIZE set by environment to 524288.
ja3:927331:927339 [0] NCCL INFO P2P Chunksize set to 524288
ja2:1311307:1311316 [0] NCCL INFO [Proxy Service] Device 0 CPU core 192
ja3:927331:927341 [0] NCCL INFO [Proxy Service] Device 0 CPU core 64
ja2:1311307:1311317 [0] NCCL INFO [Proxy Service UDS] Device 0 CPU core 192
ja3:927331:927342 [0] NCCL INFO [Proxy Service UDS] Device 0 CPU core 64
ja3:927331:927339 [0] NCCL INFO NCCL_PROTO set by environment to Simple
ja3:927331:927339 [0] NCCL INFO threadThresholds 8/8/64 | 16/8/64 | 512 | 512
ja3:927331:927339 [0] NCCL INFO 2 coll channels, 2 collnet channels, 0 nvls channels, 2 p2p channels, 2 p2p channels per peer
ja2:1311307:1311314 [0] NCCL INFO NCCL_PROTO set by environment to Simple
ja2:1311307:1311314 [0] NCCL INFO threadThresholds 8/8/64 | 16/8/64 | 512 | 512
ja2:1311307:1311314 [0] NCCL INFO 2 coll channels, 2 collnet channels, 0 nvls channels, 2 p2p channels, 2 p2p channels per peer
ja2:1311307:1311314 [0] NCCL INFO CC Off, Multi-GPU CC Off, workFifoBytes 1048576
ja3:927331:927339 [0] NCCL INFO MSCCL: Initialization finished
ja2:1311307:1311314 [0] NCCL INFO MSCCL: Initialization finished
ja3:927331:927339 [0] NCCL INFO TUNER/Plugin: Could not find: libnccl-tuner.so libnccl-net.so. Using internal tuner plugin.
ja3:927331:927339 [0] NCCL INFO ncclCommInitRank comm 0x2f05cb90 rank 1 nranks 2 cudaDev 0 nvmlDev 0 busId 1000 commId 0x50a8aba8ddda2ae3 - Init COMPLETE
ja3:927331:927339 [0] NCCL INFO Init timings - ncclCommInitRank: rank 1 nranks 2 total 0.03 (kernels 0.00, alloc 0.02, bootstrap 0.00, allgathers 0.00, topo 0.00, graphs 0.00, connections 0.00, rest 0.00)
ja2:1311307:1311314 [0] NCCL INFO TUNER/Plugin: Could not find: libnccl-tuner.so libnccl-net.so. Using internal tuner plugin.
ja2:1311307:1311314 [0] NCCL INFO ncclCommInitRank comm 0x1d894330 rank 0 nranks 2 cudaDev 0 nvmlDev 0 busId 1000 commId 0x50a8aba8ddda2ae3 - Init COMPLETE
ja2:1311307:1311314 [0] NCCL INFO Init timings - ncclCommInitRank: rank 0 nranks 2 total 0.11 (kernels 0.00, alloc 0.02, bootstrap 0.08, allgathers 0.00, topo 0.00, graphs 0.00, connections 0.00, rest 0.00)
#
#                                                              out-of-place                       in-place          
#       size         count      type   redop    root     time   algbw   busbw #wrong     time   algbw   busbw #wrong
#        (B)    (elements)                               (us)  (GB/s)  (GB/s)            (us)  (GB/s)  (GB/s)       
ja2:1311307:1311318 [0] NCCL INFO NCCL_NET_SHARED_BUFFERS set by environment to 0.
ja3:927331:927343 [0] NCCL INFO NCCL_NET_SHARED_BUFFERS set by environment to 0.
ja3:927331:927341 [0] NCCL INFO New proxy recv connection 0 from local rank 0, transport 2
ja3:927331:927343 [0] NCCL INFO Connected to proxy localRank 0 -> connection 0x14e490000d10
ja2:1311307:1311316 [0] NCCL INFO New proxy recv connection 0 from local rank 0, transport 2
ja3:927331:927344 [0] NCCL INFO [Proxy Progress] Device 0 CPU core 64
ja2:1311307:1311318 [0] NCCL INFO Connected to proxy localRank 0 -> connection 0x1517a4000cd0
ja2:1311307:1311319 [0] NCCL INFO [Proxy Progress] Device 0 CPU core 192
ja3:927331:927343 [0] NCCL INFO Channel 00/1 : 0[0] -> 1[0] [receive] via NET/IB/0
ja3:927331:927341 [0] NCCL INFO New proxy recv connection 1 from local rank 0, transport 2
ja3:927331:927343 [0] NCCL INFO Connected to proxy localRank 0 -> connection 0x14e490000d88
ja3:927331:927343 [0] NCCL INFO Channel 01/1 : 0[0] -> 1[0] [receive] via NET/IB/0
ja3:927331:927341 [0] NCCL INFO New proxy send connection 2 from local rank 0, transport 2
ja3:927331:927343 [0] NCCL INFO Connected to proxy localRank 0 -> connection 0x14e490000e00
ja2:1311307:1311318 [0] NCCL INFO Channel 00/1 : 1[0] -> 0[0] [receive] via NET/IB/0
ja3:927331:927343 [0] NCCL INFO Channel 00/1 : 1[0] -> 0[0] [send] via NET/IB/0
ja2:1311307:1311316 [0] NCCL INFO New proxy recv connection 1 from local rank 0, transport 2
ja2:1311307:1311318 [0] NCCL INFO Connected to proxy localRank 0 -> connection 0x1517a4000d48
ja3:927331:927341 [0] NCCL INFO New proxy send connection 3 from local rank 0, transport 2
ja3:927331:927343 [0] NCCL INFO Connected to proxy localRank 0 -> connection 0x14e490000e78
ja3:927331:927343 [0] NCCL INFO Channel 01/1 : 1[0] -> 0[0] [send] via NET/IB/0
ja2:1311307:1311318 [0] NCCL INFO Channel 01/1 : 1[0] -> 0[0] [receive] via NET/IB/0
ja2:1311307:1311316 [0] NCCL INFO New proxy send connection 2 from local rank 0, transport 2
ja2:1311307:1311318 [0] NCCL INFO Connected to proxy localRank 0 -> connection 0x1517a4000dc0
ja2:1311307:1311318 [0] NCCL INFO Channel 00/1 : 0[0] -> 1[0] [send] via NET/IB/0
ja2:1311307:1311316 [0] NCCL INFO New proxy send connection 3 from local rank 0, transport 2
ja2:1311307:1311318 [0] NCCL INFO Connected to proxy localRank 0 -> connection 0x1517a4000e38
ja2:1311307:1311318 [0] NCCL INFO Channel 01/1 : 0[0] -> 1[0] [send] via NET/IB/0
ja2:1311307:1311316 [0] NCCL INFO NCCL_IB_QPS_PER_CONNECTION set by environment to 4.
ja3:927331:927341 [0] NCCL INFO NCCL_IB_QPS_PER_CONNECTION set by environment to 4.
ja2:1311307:1311316 [0] NCCL INFO NCCL_IB_FRAG_SIZE set by environment to -1.
ja3:927331:927341 [0] NCCL INFO NCCL_IB_FRAG_SIZE set by environment to -1.
ja2:1311307:1311316 [0] NCCL INFO NET/IB: NCCL Dev 0 IbDev 0 Port 1 qpn 3587 mtu 5 LID 22 subnet-prefix 33022  FLID 0 fifoRkey=0x1836f5 fifoLkey=0x1836f5
ja2:1311307:1311316 [0] NCCL INFO NET/IB: NCCL Dev 0 IbDev 0 Port 1 qpn 3588 mtu 5 LID 22 subnet-prefix 33022  FLID 0 fifoRkey=0x1836f5 fifoLkey=0x1836f5
ja2:1311307:1311316 [0] NCCL INFO NET/IB: NCCL Dev 0 IbDev 0 Port 1 qpn 3589 mtu 5 LID 22 subnet-prefix 33022  FLID 0 fifoRkey=0x1836f5 fifoLkey=0x1836f5
ja2:1311307:1311316 [0] NCCL INFO NET/IB: NCCL Dev 0 IbDev 0 Port 1 qpn 3590 mtu 5 LID 22 subnet-prefix 33022  FLID 0 fifoRkey=0x1836f5 fifoLkey=0x1836f5
ja3:927331:927341 [0] NCCL INFO NET/IB: NCCL Dev 0 IbDev 0 Port 1 qpn 3506 mtu 5 LID 23 subnet-prefix 33022  FLID 0 fifoRkey=0x1800c0 fifoLkey=0x1800c0
ja3:927331:927341 [0] NCCL INFO NET/IB: NCCL Dev 0 IbDev 0 Port 1 qpn 3507 mtu 5 LID 23 subnet-prefix 33022  FLID 0 fifoRkey=0x1800c0 fifoLkey=0x1800c0
ja3:927331:927341 [0] NCCL INFO NET/IB: NCCL Dev 0 IbDev 0 Port 1 qpn 3508 mtu 5 LID 23 subnet-prefix 33022  FLID 0 fifoRkey=0x1800c0 fifoLkey=0x1800c0
ja3:927331:927341 [0] NCCL INFO NET/IB: NCCL Dev 0 IbDev 0 Port 1 qpn 3509 mtu 5 LID 23 subnet-prefix 33022  FLID 0 fifoRkey=0x1800c0 fifoLkey=0x1800c0
ja2:1311307:1311316 [0] NCCL INFO NET/IB: NCCL Dev 0 IbDev 0 Port 1 qpn 3591 mtu 5 LID 22 subnet-prefix 33022  FLID 0 fifoRkey=0x17e2a1 fifoLkey=0x17e2a1
ja2:1311307:1311316 [0] NCCL INFO NET/IB: NCCL Dev 0 IbDev 0 Port 1 qpn 3592 mtu 5 LID 22 subnet-prefix 33022  FLID 0 fifoRkey=0x17e2a1 fifoLkey=0x17e2a1
ja2:1311307:1311316 [0] NCCL INFO NET/IB: NCCL Dev 0 IbDev 0 Port 1 qpn 3593 mtu 5 LID 22 subnet-prefix 33022  FLID 0 fifoRkey=0x17e2a1 fifoLkey=0x17e2a1
ja2:1311307:1311316 [0] NCCL INFO NET/IB: NCCL Dev 0 IbDev 0 Port 1 qpn 3594 mtu 5 LID 22 subnet-prefix 33022  FLID 0 fifoRkey=0x17e2a1 fifoLkey=0x17e2a1
ja3:927331:927341 [0] NCCL INFO NET/IB: NCCL Dev 0 IbDev 0 Port 1 qpn 3515 mtu 5 LID 23 subnet-prefix 33022  FLID 0 fifoRkey=0x1827e6 fifoLkey=0x1827e6
ja3:927331:927341 [0] NCCL INFO NET/IB: NCCL Dev 0 IbDev 0 Port 1 qpn 3516 mtu 5 LID 23 subnet-prefix 33022  FLID 0 fifoRkey=0x1827e6 fifoLkey=0x1827e6
ja3:927331:927341 [0] NCCL INFO NET/IB: NCCL Dev 0 IbDev 0 Port 1 qpn 3517 mtu 5 LID 23 subnet-prefix 33022  FLID 0 fifoRkey=0x1827e6 fifoLkey=0x1827e6
ja3:927331:927341 [0] NCCL INFO NET/IB: NCCL Dev 0 IbDev 0 Port 1 qpn 3518 mtu 5 LID 23 subnet-prefix 33022  FLID 0 fifoRkey=0x1827e6 fifoLkey=0x1827e6
ja2:1311307:1311316 [0] NCCL INFO NCCL_IB_FRAG_BATCH set by environment to 2.
ja3:927331:927341 [0] NCCL INFO NCCL_IB_FRAG_BATCH set by environment to 2.
ja2:1311307:1311316 [0] NCCL INFO NET/IB: MTU fragmentation on: fragSize=4096 batch=2 sqDepth=2048 nqps=4
ja3:927331:927341 [0] NCCL INFO NET/IB: MTU fragmentation on: fragSize=4096 batch=2 sqDepth=2048 nqps=4
ja2:1311307:1311316 [0] NCCL INFO NET/IB: MTU fragmentation on: fragSize=4096 batch=2 sqDepth=2048 nqps=4
ja3:927331:927341 [0] NCCL INFO NET/IB: MTU fragmentation on: fragSize=4096 batch=2 sqDepth=2048 nqps=4
ja2:1311307:1311319 [0] NCCL INFO NCCL_IB_SPLIT_DATA_ON_QPS set by environment to 0.
ja3:927331:927344 [0] NCCL INFO NCCL_IB_SPLIT_DATA_ON_QPS set by environment to 0.
       65536         16384     float     sum      -1    42.85    1.53    1.53      0    42.72    1.53    1.53    N/A
      131072         32768     float     sum      -1    58.21    2.25    2.25      0    61.70    2.12    2.12    N/A
      262144         65536     float     sum      -1    78.70    3.33    3.33      0    80.58    3.25    3.25    N/A
      524288        131072     float     sum      -1    119.1    4.40    4.40      0    129.4    4.05    4.05    N/A
     1048576        262144     float     sum      -1    193.5    5.42    5.42      0    192.8    5.44    5.44    N/A
     2097152        524288     float     sum      -1    312.4    6.71    6.71      0    330.8    6.34    6.34    N/A
ja2:1311307:1311307 [0] NCCL INFO comm 0x1d894330 rank 0 nranks 2 cudaDev 0 busId 1000 - Destroy COMPLETE
ja2:1311307:1311307 [0] NCCL INFO MSCCL: Teardown finished
ja3:927331:927331 [0] NCCL INFO comm 0x2f05cb90 rank 1 nranks 2 cudaDev 0 busId 1000 - Destroy COMPLETE
ja3:927331:927331 [0] NCCL INFO MSCCL: Teardown finished
# Out of bounds values : 0 OK
# Avg bus bandwidth    : 3.86569 
#

--- checks for CASE F_r3_qp4_split0_fragon ---
  ACTIVE: ja2:1311307:1311316 [0] NCCL INFO NET/IB: MTU fragmentation on: fragSize=4096 batch=2 sqDepth=2048 nqps=4
  RESULT: # Out of bounds values : 0 OK

========================================================
  CASE F_r3_qp4_split1_fragoff
  NCCL_IB_FRAG_SIZE=0
  NCCL_IB_FRAG_BATCH=2
  NCCL_IB_SEND_QUEUE_DEPTH=
  NCCL_IB_QPS_PER_CONNECTION=4
  NCCL_IB_SPLIT_DATA_ON_QPS=1
  sizes: -b 64K -e 2M -f 2  iters: -n 50 -w 20
  Wed Aug 12 17:02:20 CST 2026
========================================================
# nThread 1 nGpus 1 minBytes 65536 maxBytes 2097152 step: 2(factor) warmup iters: 20 iters: 50 agg iters: 1 validation: 1 graph: 0
#
# Using devices
#  Rank  0 Group  0 Pid 1311365 on        ja2 device  0 [0000:01:00] Tesla V100-PCIE-16GB
#  Rank  1 Group  0 Pid 927370 on        ja3 device  0 [0000:01:00] Tesla V100-PCIE-16GB
ja2:1311365:1311365 [0] NCCL INFO cudaDriverVersion 12000
ja2:1311365:1311365 [0] NCCL INFO NCCL version 2.23.4+cuda12.2
ja2:1311365:1311372 [0] NCCL INFO NET/Plugin: Could not find: libnccl-net.so. Using internal network plugin.
ja2:1311365:1311372 [0] NCCL INFO NCCL_IB_HCA set to mlx5_0
ja2:1311365:1311372 [0] NCCL INFO NET/IB : Using [0]mlx5_0:1/IB [RO]; OOB enp68s0f0:172.23.15.12<0>
ja2:1311365:1311372 [0] NCCL INFO PROFILER/Plugin: Could not find: libnccl-profiler.so.
ja2:1311365:1311372 [0] NCCL INFO Using network IB
ja2:1311365:1311372 [0] NCCL INFO ncclCommInitRank comm 0x43fbc8f0 rank 0 nranks 2 cudaDev 0 nvmlDev 0 busId 1000 commId 0x80811d86f1ded972 - Init START
ja3:927370:927370 [0] NCCL INFO cudaDriverVersion 12000
ja3:927370:927370 [0] NCCL INFO NCCL version 2.23.4+cuda12.2
ja3:927370:927378 [0] NCCL INFO NET/Plugin: Could not find: libnccl-net.so. Using internal network plugin.
ja3:927370:927378 [0] NCCL INFO NCCL_IB_HCA set to mlx5_0
ja3:927370:927378 [0] NCCL INFO NET/IB : Using [0]mlx5_0:1/IB [RO]; OOB enp68s0f0:172.23.15.13<0>
ja3:927370:927378 [0] NCCL INFO PROFILER/Plugin: Could not find: libnccl-profiler.so.
ja3:927370:927378 [0] NCCL INFO Using network IB
ja3:927370:927378 [0] NCCL INFO ncclCommInitRank comm 0x48b51a70 rank 1 nranks 2 cudaDev 0 nvmlDev 0 busId 1000 commId 0x80811d86f1ded972 - Init START
ja3:927370:927378 [0] NCCL INFO NET/IB : GPU Direct RDMA Disabled for HCA 0 'mlx5_0'
ja2:1311365:1311372 [0] NCCL INFO NET/IB : GPU Direct RDMA Disabled for HCA 0 'mlx5_0'
ja2:1311365:1311372 [0] NCCL INFO comm 0x43fbc8f0 rank 0 nRanks 2 nNodes 2 localRanks 1 localRank 0 MNNVL 0
ja3:927370:927378 [0] NCCL INFO comm 0x48b51a70 rank 1 nRanks 2 nNodes 2 localRanks 1 localRank 0 MNNVL 0
ja2:1311365:1311372 [0] NCCL INFO MSCCL: No external scheduler found, using internal implementation
ja2:1311365:1311372 [0] NCCL INFO MSCCL: Internal Scheduler will use /home/wangyj05/msccl_azure/executor/msccl-executor-nccl/build/lib/msccl-algorithms as algorithm directory and /home/wangyj05/msccl_azure/executor/msccl-executor-nccl/build/lib/../share/nccl/msccl-algorithms as share algorithm directory and /usr/share/nccl/msccl-algorithms as package installed share algorithm directory 
ja3:927370:927378 [0] NCCL INFO MSCCL: No external scheduler found, using internal implementation
ja3:927370:927378 [0] NCCL INFO MSCCL: Internal Scheduler will use /home/wangyj05/msccl_azure/executor/msccl-executor-nccl/build/lib/msccl-algorithms as algorithm directory and /home/wangyj05/msccl_azure/executor/msccl-executor-nccl/build/lib/../share/nccl/msccl-algorithms as share algorithm directory and /usr/share/nccl/msccl-algorithms as package installed share algorithm directory 
ja2:1311365:1311372 [0] NCCL INFO Using MSCCL Algo files from /home/wangyj05/msccl_azure/executor/msccl-executor-nccl/build/lib/msccl-algorithms
ja2:1311365:1311372 [0] NCCL INFO Channel 00/02 : 0 1
ja2:1311365:1311372 [0] NCCL INFO Channel 01/02 : 0 1
ja2:1311365:1311372 [0] NCCL INFO Trees [0] 1/-1/-1->0->-1 [1] -1/-1/-1->0->1
ja2:1311365:1311372 [0] NCCL INFO NCCL_BUFFSIZE set by environment to 4194304.
ja2:1311365:1311372 [0] NCCL INFO NCCL_P2P_NET_CHUNKSIZE set by environment to 524288.
ja2:1311365:1311372 [0] NCCL INFO P2P Chunksize set to 524288
ja3:927370:927378 [0] NCCL INFO Using MSCCL Algo files from /home/wangyj05/msccl_azure/executor/msccl-executor-nccl/build/lib/msccl-algorithms
ja3:927370:927378 [0] NCCL INFO Trees [0] -1/-1/-1->1->0 [1] 0/-1/-1->1->-1
ja3:927370:927378 [0] NCCL INFO NCCL_BUFFSIZE set by environment to 4194304.
ja3:927370:927378 [0] NCCL INFO NCCL_P2P_NET_CHUNKSIZE set by environment to 524288.
ja3:927370:927378 [0] NCCL INFO P2P Chunksize set to 524288
ja2:1311365:1311374 [0] NCCL INFO [Proxy Service] Device 0 CPU core 192
ja3:927370:927380 [0] NCCL INFO [Proxy Service] Device 0 CPU core 64
ja2:1311365:1311375 [0] NCCL INFO [Proxy Service UDS] Device 0 CPU core 192
ja3:927370:927381 [0] NCCL INFO [Proxy Service UDS] Device 0 CPU core 64
ja2:1311365:1311372 [0] NCCL INFO NCCL_PROTO set by environment to Simple
ja2:1311365:1311372 [0] NCCL INFO threadThresholds 8/8/64 | 16/8/64 | 512 | 512
ja2:1311365:1311372 [0] NCCL INFO 2 coll channels, 2 collnet channels, 0 nvls channels, 2 p2p channels, 2 p2p channels per peer
ja2:1311365:1311372 [0] NCCL INFO CC Off, Multi-GPU CC Off, workFifoBytes 1048576
ja3:927370:927378 [0] NCCL INFO NCCL_PROTO set by environment to Simple
ja3:927370:927378 [0] NCCL INFO threadThresholds 8/8/64 | 16/8/64 | 512 | 512
ja3:927370:927378 [0] NCCL INFO 2 coll channels, 2 collnet channels, 0 nvls channels, 2 p2p channels, 2 p2p channels per peer
ja2:1311365:1311372 [0] NCCL INFO MSCCL: Initialization finished
ja2:1311365:1311372 [0] NCCL INFO TUNER/Plugin: Could not find: libnccl-tuner.so libnccl-net.so. Using internal tuner plugin.
ja2:1311365:1311372 [0] NCCL INFO ncclCommInitRank comm 0x43fbc8f0 rank 0 nranks 2 cudaDev 0 nvmlDev 0 busId 1000 commId 0x80811d86f1ded972 - Init COMPLETE
ja2:1311365:1311372 [0] NCCL INFO Init timings - ncclCommInitRank: rank 0 nranks 2 total 0.12 (kernels 0.00, alloc 0.02, bootstrap 0.09, allgathers 0.00, topo 0.00, graphs 0.00, connections 0.00, rest 0.00)
ja3:927370:927378 [0] NCCL INFO MSCCL: Initialization finished
#
#                                                              out-of-place                       in-place          
#       size         count      type   redop    root     time   algbw   busbw #wrong     time   algbw   busbw #wrong
#        (B)    (elements)                               (us)  (GB/s)  (GB/s)            (us)  (GB/s)  (GB/s)       
ja3:927370:927378 [0] NCCL INFO TUNER/Plugin: Could not find: libnccl-tuner.so libnccl-net.so. Using internal tuner plugin.
ja3:927370:927378 [0] NCCL INFO ncclCommInitRank comm 0x48b51a70 rank 1 nranks 2 cudaDev 0 nvmlDev 0 busId 1000 commId 0x80811d86f1ded972 - Init COMPLETE
ja3:927370:927378 [0] NCCL INFO Init timings - ncclCommInitRank: rank 1 nranks 2 total 0.03 (kernels 0.00, alloc 0.02, bootstrap 0.00, allgathers 0.00, topo 0.00, graphs 0.00, connections 0.00, rest 0.00)
ja2:1311365:1311376 [0] NCCL INFO NCCL_NET_SHARED_BUFFERS set by environment to 0.
ja3:927370:927382 [0] NCCL INFO NCCL_NET_SHARED_BUFFERS set by environment to 0.
ja2:1311365:1311374 [0] NCCL INFO New proxy recv connection 0 from local rank 0, transport 2
ja2:1311365:1311376 [0] NCCL INFO Connected to proxy localRank 0 -> connection 0x1475c0000cd0
ja3:927370:927380 [0] NCCL INFO New proxy recv connection 0 from local rank 0, transport 2
ja3:927370:927382 [0] NCCL INFO Connected to proxy localRank 0 -> connection 0x147a88000d10
ja3:927370:927383 [0] NCCL INFO [Proxy Progress] Device 0 CPU core 64
ja2:1311365:1311377 [0] NCCL INFO [Proxy Progress] Device 0 CPU core 64
ja3:927370:927382 [0] NCCL INFO Channel 00/1 : 0[0] -> 1[0] [receive] via NET/IB/0
ja3:927370:927380 [0] NCCL INFO New proxy recv connection 1 from local rank 0, transport 2
ja3:927370:927382 [0] NCCL INFO Connected to proxy localRank 0 -> connection 0x147a88000d88
ja2:1311365:1311376 [0] NCCL INFO Channel 00/1 : 1[0] -> 0[0] [receive] via NET/IB/0
ja3:927370:927382 [0] NCCL INFO Channel 01/1 : 0[0] -> 1[0] [receive] via NET/IB/0
ja2:1311365:1311374 [0] NCCL INFO New proxy recv connection 1 from local rank 0, transport 2
ja2:1311365:1311376 [0] NCCL INFO Connected to proxy localRank 0 -> connection 0x1475c0000d48
ja3:927370:927380 [0] NCCL INFO New proxy send connection 2 from local rank 0, transport 2
ja3:927370:927382 [0] NCCL INFO Connected to proxy localRank 0 -> connection 0x147a88000e00
ja2:1311365:1311376 [0] NCCL INFO Channel 01/1 : 1[0] -> 0[0] [receive] via NET/IB/0
ja3:927370:927382 [0] NCCL INFO Channel 00/1 : 1[0] -> 0[0] [send] via NET/IB/0
ja3:927370:927380 [0] NCCL INFO New proxy send connection 3 from local rank 0, transport 2
ja2:1311365:1311374 [0] NCCL INFO New proxy send connection 2 from local rank 0, transport 2
ja2:1311365:1311376 [0] NCCL INFO Connected to proxy localRank 0 -> connection 0x1475c0000dc0
ja3:927370:927382 [0] NCCL INFO Connected to proxy localRank 0 -> connection 0x147a88000e78
ja3:927370:927382 [0] NCCL INFO Channel 01/1 : 1[0] -> 0[0] [send] via NET/IB/0
ja2:1311365:1311376 [0] NCCL INFO Channel 00/1 : 0[0] -> 1[0] [send] via NET/IB/0
ja2:1311365:1311374 [0] NCCL INFO New proxy send connection 3 from local rank 0, transport 2
ja2:1311365:1311376 [0] NCCL INFO Connected to proxy localRank 0 -> connection 0x1475c0000e38
ja2:1311365:1311376 [0] NCCL INFO Channel 01/1 : 0[0] -> 1[0] [send] via NET/IB/0
ja2:1311365:1311374 [0] NCCL INFO NCCL_IB_QPS_PER_CONNECTION set by environment to 4.
ja3:927370:927380 [0] NCCL INFO NCCL_IB_QPS_PER_CONNECTION set by environment to 4.
ja2:1311365:1311374 [0] NCCL INFO NCCL_IB_FRAG_SIZE set by environment to 0.
ja3:927370:927380 [0] NCCL INFO NCCL_IB_FRAG_SIZE set by environment to 0.
ja2:1311365:1311374 [0] NCCL INFO NET/IB: NCCL Dev 0 IbDev 0 Port 1 qpn 3616 mtu 5 LID 22 subnet-prefix 33022  FLID 0 fifoRkey=0x17fcbb fifoLkey=0x17fcbb
ja2:1311365:1311374 [0] NCCL INFO NET/IB: NCCL Dev 0 IbDev 0 Port 1 qpn 3617 mtu 5 LID 22 subnet-prefix 33022  FLID 0 fifoRkey=0x17fcbb fifoLkey=0x17fcbb
ja2:1311365:1311374 [0] NCCL INFO NET/IB: NCCL Dev 0 IbDev 0 Port 1 qpn 3618 mtu 5 LID 22 subnet-prefix 33022  FLID 0 fifoRkey=0x17fcbb fifoLkey=0x17fcbb
ja2:1311365:1311374 [0] NCCL INFO NET/IB: NCCL Dev 0 IbDev 0 Port 1 qpn 3619 mtu 5 LID 22 subnet-prefix 33022  FLID 0 fifoRkey=0x17fcbb fifoLkey=0x17fcbb
ja3:927370:927380 [0] NCCL INFO NET/IB: NCCL Dev 0 IbDev 0 Port 1 qpn 3535 mtu 5 LID 23 subnet-prefix 33022  FLID 0 fifoRkey=0x1827e6 fifoLkey=0x1827e6
ja3:927370:927380 [0] NCCL INFO NET/IB: NCCL Dev 0 IbDev 0 Port 1 qpn 3536 mtu 5 LID 23 subnet-prefix 33022  FLID 0 fifoRkey=0x1827e6 fifoLkey=0x1827e6
ja3:927370:927380 [0] NCCL INFO NET/IB: NCCL Dev 0 IbDev 0 Port 1 qpn 3537 mtu 5 LID 23 subnet-prefix 33022  FLID 0 fifoRkey=0x1827e6 fifoLkey=0x1827e6
ja3:927370:927380 [0] NCCL INFO NET/IB: NCCL Dev 0 IbDev 0 Port 1 qpn 3538 mtu 5 LID 23 subnet-prefix 33022  FLID 0 fifoRkey=0x1827e6 fifoLkey=0x1827e6
ja3:927370:927380 [0] NCCL INFO NET/IB: NCCL Dev 0 IbDev 0 Port 1 qpn 3544 mtu 5 LID 23 subnet-prefix 33022  FLID 0 fifoRkey=0x1800c0 fifoLkey=0x1800c0
ja3:927370:927380 [0] NCCL INFO NET/IB: NCCL Dev 0 IbDev 0 Port 1 qpn 3545 mtu 5 LID 23 subnet-prefix 33022  FLID 0 fifoRkey=0x1800c0 fifoLkey=0x1800c0
ja3:927370:927380 [0] NCCL INFO NET/IB: NCCL Dev 0 IbDev 0 Port 1 qpn 3546 mtu 5 LID 23 subnet-prefix 33022  FLID 0 fifoRkey=0x1800c0 fifoLkey=0x1800c0
ja3:927370:927380 [0] NCCL INFO NET/IB: NCCL Dev 0 IbDev 0 Port 1 qpn 3547 mtu 5 LID 23 subnet-prefix 33022  FLID 0 fifoRkey=0x1800c0 fifoLkey=0x1800c0
ja2:1311365:1311374 [0] NCCL INFO NET/IB: NCCL Dev 0 IbDev 0 Port 1 qpn 3625 mtu 5 LID 22 subnet-prefix 33022  FLID 0 fifoRkey=0x183af9 fifoLkey=0x183af9
ja2:1311365:1311374 [0] NCCL INFO NET/IB: NCCL Dev 0 IbDev 0 Port 1 qpn 3626 mtu 5 LID 22 subnet-prefix 33022  FLID 0 fifoRkey=0x183af9 fifoLkey=0x183af9
ja2:1311365:1311374 [0] NCCL INFO NET/IB: NCCL Dev 0 IbDev 0 Port 1 qpn 3627 mtu 5 LID 22 subnet-prefix 33022  FLID 0 fifoRkey=0x183af9 fifoLkey=0x183af9
ja2:1311365:1311374 [0] NCCL INFO NET/IB: NCCL Dev 0 IbDev 0 Port 1 qpn 3628 mtu 5 LID 22 subnet-prefix 33022  FLID 0 fifoRkey=0x183af9 fifoLkey=0x183af9
ja2:1311365:1311377 [0] NCCL INFO NCCL_IB_SPLIT_DATA_ON_QPS set by environment to 1.
ja2:1311365:1311377 [0] NCCL INFO NCCL_IB_AR_THRESHOLD set by environment to 0.
ja3:927370:927383 [0] NCCL INFO NCCL_IB_SPLIT_DATA_ON_QPS set by environment to 1.
ja3:927370:927383 [0] NCCL INFO NCCL_IB_AR_THRESHOLD set by environment to 0.
       65536         16384     float     sum      -1    39.43    1.66    1.66      0    38.94    1.68    1.68    N/A
      131072         32768     float     sum      -1    53.82    2.44    2.44      0    56.91    2.30    2.30    N/A
      262144         65536     float     sum      -1    73.62    3.56    3.56      0    74.67    3.51    3.51    N/A
      524288        131072     float     sum      -1    113.8    4.61    4.61      0    127.4    4.12    4.12    N/A
     1048576        262144     float     sum      -1    201.3    5.21    5.21      0    189.0    5.55    5.55    N/A
     2097152        524288     float     sum      -1    315.8    6.64    6.64      0    322.5    6.50    6.50    N/A
ja2:1311365:1311365 [0] NCCL INFO comm 0x43fbc8f0 rank 0 nranks 2 cudaDev 0 busId 1000 - Destroy COMPLETE
ja2:1311365:1311365 [0] NCCL INFO MSCCL: Teardown finished
ja3:927370:927370 [0] NCCL INFO comm 0x48b51a70 rank 1 nranks 2 cudaDev 0 busId 1000 - Destroy COMPLETE
ja3:927370:927370 [0] NCCL INFO MSCCL: Teardown finished
# Out of bounds values : 0 OK
# Avg bus bandwidth    : 3.98144 
#

--- checks for CASE F_r3_qp4_split1_fragoff ---
  ACTIVE: fragmentation NOT active (expected for cases A and B)
  RESULT: # Out of bounds values : 0 OK

========================================================
  CASE F_r3_qp4_split1_fragon
  NCCL_IB_FRAG_SIZE=-1
  NCCL_IB_FRAG_BATCH=2
  NCCL_IB_SEND_QUEUE_DEPTH=
  NCCL_IB_QPS_PER_CONNECTION=4
  NCCL_IB_SPLIT_DATA_ON_QPS=1
  sizes: -b 64K -e 2M -f 2  iters: -n 50 -w 20
  Wed Aug 12 17:02:24 CST 2026
========================================================
# nThread 1 nGpus 1 minBytes 65536 maxBytes 2097152 step: 2(factor) warmup iters: 20 iters: 50 agg iters: 1 validation: 1 graph: 0
#
# Using devices
#  Rank  0 Group  0 Pid 1311420 on        ja2 device  0 [0000:01:00] Tesla V100-PCIE-16GB
#  Rank  1 Group  0 Pid 927409 on        ja3 device  0 [0000:01:00] Tesla V100-PCIE-16GB
ja2:1311420:1311420 [0] NCCL INFO cudaDriverVersion 12000
ja2:1311420:1311420 [0] NCCL INFO NCCL version 2.23.4+cuda12.2
ja2:1311420:1311427 [0] NCCL INFO NET/Plugin: Could not find: libnccl-net.so. Using internal network plugin.
ja2:1311420:1311427 [0] NCCL INFO NCCL_IB_HCA set to mlx5_0
ja2:1311420:1311427 [0] NCCL INFO NET/IB : Using [0]mlx5_0:1/IB [RO]; OOB enp68s0f0:172.23.15.12<0>
ja2:1311420:1311427 [0] NCCL INFO PROFILER/Plugin: Could not find: libnccl-profiler.so.
ja2:1311420:1311427 [0] NCCL INFO Using network IB
ja2:1311420:1311427 [0] NCCL INFO ncclCommInitRank comm 0x1814a990 rank 0 nranks 2 cudaDev 0 nvmlDev 0 busId 1000 commId 0x7bd019553e2c490b - Init START
ja3:927409:927409 [0] NCCL INFO cudaDriverVersion 12000
ja3:927409:927409 [0] NCCL INFO NCCL version 2.23.4+cuda12.2
ja3:927409:927417 [0] NCCL INFO NET/Plugin: Could not find: libnccl-net.so. Using internal network plugin.
ja3:927409:927417 [0] NCCL INFO NCCL_IB_HCA set to mlx5_0
ja3:927409:927417 [0] NCCL INFO NET/IB : Using [0]mlx5_0:1/IB [RO]; OOB enp68s0f0:172.23.15.13<0>
ja3:927409:927417 [0] NCCL INFO PROFILER/Plugin: Could not find: libnccl-profiler.so.
ja3:927409:927417 [0] NCCL INFO Using network IB
ja3:927409:927417 [0] NCCL INFO ncclCommInitRank comm 0x44dc3260 rank 1 nranks 2 cudaDev 0 nvmlDev 0 busId 1000 commId 0x7bd019553e2c490b - Init START
ja3:927409:927417 [0] NCCL INFO NET/IB : GPU Direct RDMA Disabled for HCA 0 'mlx5_0'
ja2:1311420:1311427 [0] NCCL INFO NET/IB : GPU Direct RDMA Disabled for HCA 0 'mlx5_0'
ja3:927409:927417 [0] NCCL INFO comm 0x44dc3260 rank 1 nRanks 2 nNodes 2 localRanks 1 localRank 0 MNNVL 0
ja2:1311420:1311427 [0] NCCL INFO comm 0x1814a990 rank 0 nRanks 2 nNodes 2 localRanks 1 localRank 0 MNNVL 0
ja3:927409:927417 [0] NCCL INFO MSCCL: No external scheduler found, using internal implementation
ja3:927409:927417 [0] NCCL INFO MSCCL: Internal Scheduler will use /home/wangyj05/msccl_azure/executor/msccl-executor-nccl/build/lib/msccl-algorithms as algorithm directory and /home/wangyj05/msccl_azure/executor/msccl-executor-nccl/build/lib/../share/nccl/msccl-algorithms as share algorithm directory and /usr/share/nccl/msccl-algorithms as package installed share algorithm directory 
ja3:927409:927417 [0] NCCL INFO Using MSCCL Algo files from /home/wangyj05/msccl_azure/executor/msccl-executor-nccl/build/lib/msccl-algorithms
ja3:927409:927417 [0] NCCL INFO Trees [0] -1/-1/-1->1->0 [1] 0/-1/-1->1->-1
ja3:927409:927417 [0] NCCL INFO NCCL_BUFFSIZE set by environment to 4194304.
ja3:927409:927417 [0] NCCL INFO NCCL_P2P_NET_CHUNKSIZE set by environment to 524288.
ja3:927409:927417 [0] NCCL INFO P2P Chunksize set to 524288
ja3:927409:927419 [0] NCCL INFO [Proxy Service] Device 0 CPU core 64
ja3:927409:927420 [0] NCCL INFO [Proxy Service UDS] Device 0 CPU core 64
ja3:927409:927417 [0] NCCL INFO NCCL_PROTO set by environment to Simple
ja3:927409:927417 [0] NCCL INFO threadThresholds 8/8/64 | 16/8/64 | 512 | 512
ja3:927409:927417 [0] NCCL INFO 2 coll channels, 2 collnet channels, 0 nvls channels, 2 p2p channels, 2 p2p channels per peer
ja3:927409:927417 [0] NCCL INFO MSCCL: Initialization finished
ja2:1311420:1311427 [0] NCCL INFO MSCCL: No external scheduler found, using internal implementation
ja2:1311420:1311427 [0] NCCL INFO MSCCL: Internal Scheduler will use /home/wangyj05/msccl_azure/executor/msccl-executor-nccl/build/lib/msccl-algorithms as algorithm directory and /home/wangyj05/msccl_azure/executor/msccl-executor-nccl/build/lib/../share/nccl/msccl-algorithms as share algorithm directory and /usr/share/nccl/msccl-algorithms as package installed share algorithm directory 
ja3:927409:927417 [0] NCCL INFO TUNER/Plugin: Could not find: libnccl-tuner.so libnccl-net.so. Using internal tuner plugin.
ja3:927409:927417 [0] NCCL INFO ncclCommInitRank comm 0x44dc3260 rank 1 nranks 2 cudaDev 0 nvmlDev 0 busId 1000 commId 0x7bd019553e2c490b - Init COMPLETE
ja3:927409:927417 [0] NCCL INFO Init timings - ncclCommInitRank: rank 1 nranks 2 total 0.03 (kernels 0.00, alloc 0.02, bootstrap 0.00, allgathers 0.00, topo 0.00, graphs 0.00, connections 0.00, rest 0.00)
ja2:1311420:1311427 [0] NCCL INFO Using MSCCL Algo files from /home/wangyj05/msccl_azure/executor/msccl-executor-nccl/build/lib/msccl-algorithms
ja2:1311420:1311427 [0] NCCL INFO Channel 00/02 : 0 1
ja2:1311420:1311427 [0] NCCL INFO Channel 01/02 : 0 1
ja2:1311420:1311427 [0] NCCL INFO Trees [0] 1/-1/-1->0->-1 [1] -1/-1/-1->0->1
ja2:1311420:1311427 [0] NCCL INFO NCCL_BUFFSIZE set by environment to 4194304.
ja2:1311420:1311427 [0] NCCL INFO NCCL_P2P_NET_CHUNKSIZE set by environment to 524288.
ja2:1311420:1311427 [0] NCCL INFO P2P Chunksize set to 524288
ja2:1311420:1311429 [0] NCCL INFO [Proxy Service] Device 0 CPU core 64
ja2:1311420:1311430 [0] NCCL INFO [Proxy Service UDS] Device 0 CPU core 64
ja2:1311420:1311427 [0] NCCL INFO NCCL_PROTO set by environment to Simple
ja2:1311420:1311427 [0] NCCL INFO threadThresholds 8/8/64 | 16/8/64 | 512 | 512
ja2:1311420:1311427 [0] NCCL INFO 2 coll channels, 2 collnet channels, 0 nvls channels, 2 p2p channels, 2 p2p channels per peer
ja2:1311420:1311427 [0] NCCL INFO CC Off, Multi-GPU CC Off, workFifoBytes 1048576
ja2:1311420:1311427 [0] NCCL INFO MSCCL: Initialization finished
ja2:1311420:1311427 [0] NCCL INFO TUNER/Plugin: Could not find: libnccl-tuner.so libnccl-net.so. Using internal tuner plugin.
ja2:1311420:1311427 [0] NCCL INFO ncclCommInitRank comm 0x1814a990 rank 0 nranks 2 cudaDev 0 nvmlDev 0 busId 1000 commId 0x7bd019553e2c490b - Init COMPLETE
ja2:1311420:1311427 [0] NCCL INFO Init timings - ncclCommInitRank: rank 0 nranks 2 total 0.11 (kernels 0.00, alloc 0.02, bootstrap 0.08, allgathers 0.00, topo 0.00, graphs 0.00, connections 0.00, rest 0.00)
#
#                                                              out-of-place                       in-place          
#       size         count      type   redop    root     time   algbw   busbw #wrong     time   algbw   busbw #wrong
#        (B)    (elements)                               (us)  (GB/s)  (GB/s)            (us)  (GB/s)  (GB/s)       
ja3:927409:927421 [0] NCCL INFO NCCL_NET_SHARED_BUFFERS set by environment to 0.
ja2:1311420:1311431 [0] NCCL INFO NCCL_NET_SHARED_BUFFERS set by environment to 0.
ja3:927409:927419 [0] NCCL INFO New proxy recv connection 0 from local rank 0, transport 2
ja3:927409:927421 [0] NCCL INFO Connected to proxy localRank 0 -> connection 0x14e778000d10
ja3:927409:927422 [0] NCCL INFO [Proxy Progress] Device 0 CPU core 64
ja3:927409:927421 [0] NCCL INFO Channel 00/1 : 0[0] -> 1[0] [receive] via NET/IB/0
ja3:927409:927419 [0] NCCL INFO New proxy recv connection 1 from local rank 0, transport 2
ja3:927409:927421 [0] NCCL INFO Connected to proxy localRank 0 -> connection 0x14e778000d88
ja3:927409:927421 [0] NCCL INFO Channel 01/1 : 0[0] -> 1[0] [receive] via NET/IB/0
ja3:927409:927419 [0] NCCL INFO New proxy send connection 2 from local rank 0, transport 2
ja3:927409:927421 [0] NCCL INFO Connected to proxy localRank 0 -> connection 0x14e778000e00
ja3:927409:927421 [0] NCCL INFO Channel 00/1 : 1[0] -> 0[0] [send] via NET/IB/0
ja3:927409:927419 [0] NCCL INFO New proxy send connection 3 from local rank 0, transport 2
ja3:927409:927421 [0] NCCL INFO Connected to proxy localRank 0 -> connection 0x14e778000e78
ja3:927409:927421 [0] NCCL INFO Channel 01/1 : 1[0] -> 0[0] [send] via NET/IB/0
ja2:1311420:1311429 [0] NCCL INFO New proxy recv connection 0 from local rank 0, transport 2
ja2:1311420:1311431 [0] NCCL INFO Connected to proxy localRank 0 -> connection 0x146828000cd0
ja2:1311420:1311432 [0] NCCL INFO [Proxy Progress] Device 0 CPU core 192
ja2:1311420:1311431 [0] NCCL INFO Channel 00/1 : 1[0] -> 0[0] [receive] via NET/IB/0
ja2:1311420:1311429 [0] NCCL INFO New proxy recv connection 1 from local rank 0, transport 2
ja2:1311420:1311431 [0] NCCL INFO Connected to proxy localRank 0 -> connection 0x146828000d48
ja2:1311420:1311431 [0] NCCL INFO Channel 01/1 : 1[0] -> 0[0] [receive] via NET/IB/0
ja2:1311420:1311429 [0] NCCL INFO New proxy send connection 2 from local rank 0, transport 2
ja2:1311420:1311431 [0] NCCL INFO Connected to proxy localRank 0 -> connection 0x146828000dc0
ja2:1311420:1311431 [0] NCCL INFO Channel 00/1 : 0[0] -> 1[0] [send] via NET/IB/0
ja2:1311420:1311429 [0] NCCL INFO New proxy send connection 3 from local rank 0, transport 2
ja2:1311420:1311431 [0] NCCL INFO Connected to proxy localRank 0 -> connection 0x146828000e38
ja2:1311420:1311431 [0] NCCL INFO Channel 01/1 : 0[0] -> 1[0] [send] via NET/IB/0
ja2:1311420:1311429 [0] NCCL INFO NCCL_IB_QPS_PER_CONNECTION set by environment to 4.
ja3:927409:927419 [0] NCCL INFO NCCL_IB_QPS_PER_CONNECTION set by environment to 4.
ja2:1311420:1311429 [0] NCCL INFO NCCL_IB_FRAG_SIZE set by environment to -1.
ja3:927409:927419 [0] NCCL INFO NCCL_IB_FRAG_SIZE set by environment to -1.
ja2:1311420:1311429 [0] NCCL INFO NET/IB: NCCL Dev 0 IbDev 0 Port 1 qpn 3645 mtu 5 LID 22 subnet-prefix 33022  FLID 0 fifoRkey=0x183af9 fifoLkey=0x183af9
ja2:1311420:1311429 [0] NCCL INFO NET/IB: NCCL Dev 0 IbDev 0 Port 1 qpn 3646 mtu 5 LID 22 subnet-prefix 33022  FLID 0 fifoRkey=0x183af9 fifoLkey=0x183af9
ja2:1311420:1311429 [0] NCCL INFO NET/IB: NCCL Dev 0 IbDev 0 Port 1 qpn 3647 mtu 5 LID 22 subnet-prefix 33022  FLID 0 fifoRkey=0x183af9 fifoLkey=0x183af9
ja2:1311420:1311429 [0] NCCL INFO NET/IB: NCCL Dev 0 IbDev 0 Port 1 qpn 3648 mtu 5 LID 22 subnet-prefix 33022  FLID 0 fifoRkey=0x183af9 fifoLkey=0x183af9
ja3:927409:927419 [0] NCCL INFO NET/IB: NCCL Dev 0 IbDev 0 Port 1 qpn 3564 mtu 5 LID 23 subnet-prefix 33022  FLID 0 fifoRkey=0x1800c0 fifoLkey=0x1800c0
ja3:927409:927419 [0] NCCL INFO NET/IB: NCCL Dev 0 IbDev 0 Port 1 qpn 3565 mtu 5 LID 23 subnet-prefix 33022  FLID 0 fifoRkey=0x1800c0 fifoLkey=0x1800c0
ja3:927409:927419 [0] NCCL INFO NET/IB: NCCL Dev 0 IbDev 0 Port 1 qpn 3566 mtu 5 LID 23 subnet-prefix 33022  FLID 0 fifoRkey=0x1800c0 fifoLkey=0x1800c0
ja3:927409:927419 [0] NCCL INFO NET/IB: NCCL Dev 0 IbDev 0 Port 1 qpn 3567 mtu 5 LID 23 subnet-prefix 33022  FLID 0 fifoRkey=0x1800c0 fifoLkey=0x1800c0
ja2:1311420:1311429 [0] NCCL INFO NET/IB: NCCL Dev 0 IbDev 0 Port 1 qpn 3649 mtu 5 LID 22 subnet-prefix 33022  FLID 0 fifoRkey=0x17e2a1 fifoLkey=0x17e2a1
ja2:1311420:1311429 [0] NCCL INFO NET/IB: NCCL Dev 0 IbDev 0 Port 1 qpn 3650 mtu 5 LID 22 subnet-prefix 33022  FLID 0 fifoRkey=0x17e2a1 fifoLkey=0x17e2a1
ja2:1311420:1311429 [0] NCCL INFO NET/IB: NCCL Dev 0 IbDev 0 Port 1 qpn 3651 mtu 5 LID 22 subnet-prefix 33022  FLID 0 fifoRkey=0x17e2a1 fifoLkey=0x17e2a1
ja2:1311420:1311429 [0] NCCL INFO NET/IB: NCCL Dev 0 IbDev 0 Port 1 qpn 3652 mtu 5 LID 22 subnet-prefix 33022  FLID 0 fifoRkey=0x17e2a1 fifoLkey=0x17e2a1
ja2:1311420:1311429 [0] NCCL INFO NCCL_IB_FRAG_BATCH set by environment to 2.
ja3:927409:927419 [0] NCCL INFO NET/IB: NCCL Dev 0 IbDev 0 Port 1 qpn 3573 mtu 5 LID 23 subnet-prefix 33022  FLID 0 fifoRkey=0x1827e6 fifoLkey=0x1827e6
ja3:927409:927419 [0] NCCL INFO NET/IB: NCCL Dev 0 IbDev 0 Port 1 qpn 3574 mtu 5 LID 23 subnet-prefix 33022  FLID 0 fifoRkey=0x1827e6 fifoLkey=0x1827e6
ja3:927409:927419 [0] NCCL INFO NET/IB: NCCL Dev 0 IbDev 0 Port 1 qpn 3575 mtu 5 LID 23 subnet-prefix 33022  FLID 0 fifoRkey=0x1827e6 fifoLkey=0x1827e6
ja3:927409:927419 [0] NCCL INFO NET/IB: NCCL Dev 0 IbDev 0 Port 1 qpn 3576 mtu 5 LID 23 subnet-prefix 33022  FLID 0 fifoRkey=0x1827e6 fifoLkey=0x1827e6
ja3:927409:927419 [0] NCCL INFO NCCL_IB_FRAG_BATCH set by environment to 2.
ja2:1311420:1311429 [0] NCCL INFO NET/IB: MTU fragmentation on: fragSize=4096 batch=2 sqDepth=2048 nqps=4
ja3:927409:927419 [0] NCCL INFO NET/IB: MTU fragmentation on: fragSize=4096 batch=2 sqDepth=2048 nqps=4
ja3:927409:927419 [0] NCCL INFO NET/IB: MTU fragmentation on: fragSize=4096 batch=2 sqDepth=2048 nqps=4
ja2:1311420:1311429 [0] NCCL INFO NET/IB: MTU fragmentation on: fragSize=4096 batch=2 sqDepth=2048 nqps=4
ja2:1311420:1311432 [0] NCCL INFO NCCL_IB_SPLIT_DATA_ON_QPS set by environment to 1.
ja3:927409:927422 [0] NCCL INFO NCCL_IB_SPLIT_DATA_ON_QPS set by environment to 1.
       65536         16384     float     sum      -1    41.51    1.58    1.58      0    41.47    1.58    1.58    N/A
      131072         32768     float     sum      -1    56.93    2.30    2.30      0    60.54    2.16    2.16    N/A
      262144         65536     float     sum      -1    79.15    3.31    3.31      0    77.89    3.37    3.37    N/A
      524288        131072     float     sum      -1    117.7    4.46    4.46      0    131.6    3.98    3.98    N/A
     1048576        262144     float     sum      -1    190.8    5.50    5.50      0    191.2    5.48    5.48    N/A
     2097152        524288     float     sum      -1    308.9    6.79    6.79      0    326.6    6.42    6.42    N/A
ja3:927409:927409 [0] NCCL INFO comm 0x44dc3260 rank 1 nranks 2 cudaDev 0 busId 1000 - Destroy COMPLETE
ja3:927409:927409 [0] NCCL INFO MSCCL: Teardown finished
ja2:1311420:1311420 [0] NCCL INFO comm 0x1814a990 rank 0 nranks 2 cudaDev 0 busId 1000 - Destroy COMPLETE
ja2:1311420:1311420 [0] NCCL INFO MSCCL: Teardown finished
# Out of bounds values : 0 OK
# Avg bus bandwidth    : 3.91105 
#

--- checks for CASE F_r3_qp4_split1_fragon ---
  ACTIVE: ja2:1311420:1311429 [0] NCCL INFO NET/IB: MTU fragmentation on: fragSize=4096 batch=2 sqDepth=2048 nqps=4
  RESULT: # Out of bounds values : 0 OK

========================================================
  CASE G_split_small_qp2
  NCCL_IB_FRAG_SIZE=-1
  NCCL_IB_FRAG_BATCH=2
  NCCL_IB_SEND_QUEUE_DEPTH=
  NCCL_IB_QPS_PER_CONNECTION=2
  NCCL_IB_SPLIT_DATA_ON_QPS=1
  sizes: -b 8 -e 8K -f 2  iters: -n 20 -w 5
  Wed Aug 12 17:02:28 CST 2026
========================================================
# nThread 1 nGpus 1 minBytes 8 maxBytes 8192 step: 2(factor) warmup iters: 5 iters: 20 agg iters: 1 validation: 1 graph: 0
#
# Using devices
#  Rank  0 Group  0 Pid 1311477 on        ja2 device  0 [0000:01:00] Tesla V100-PCIE-16GB
#  Rank  1 Group  0 Pid 927448 on        ja3 device  0 [0000:01:00] Tesla V100-PCIE-16GB
ja2:1311477:1311477 [0] NCCL INFO cudaDriverVersion 12000
ja2:1311477:1311477 [0] NCCL INFO NCCL version 2.23.4+cuda12.2
ja2:1311477:1311486 [0] NCCL INFO NET/Plugin: Could not find: libnccl-net.so. Using internal network plugin.
ja2:1311477:1311486 [0] NCCL INFO NCCL_IB_HCA set to mlx5_0
ja2:1311477:1311486 [0] NCCL INFO NET/IB : Using [0]mlx5_0:1/IB [RO]; OOB enp68s0f0:172.23.15.12<0>
ja2:1311477:1311486 [0] NCCL INFO PROFILER/Plugin: Could not find: libnccl-profiler.so.
ja2:1311477:1311486 [0] NCCL INFO Using network IB
ja2:1311477:1311486 [0] NCCL INFO ncclCommInitRank comm 0x23b0e370 rank 0 nranks 2 cudaDev 0 nvmlDev 0 busId 1000 commId 0x57e05fe0e7563221 - Init START
ja3:927448:927448 [0] NCCL INFO cudaDriverVersion 12000
ja3:927448:927448 [0] NCCL INFO NCCL version 2.23.4+cuda12.2
ja3:927448:927454 [0] NCCL INFO NET/Plugin: Could not find: libnccl-net.so. Using internal network plugin.
ja3:927448:927454 [0] NCCL INFO NCCL_IB_HCA set to mlx5_0
ja3:927448:927454 [0] NCCL INFO NET/IB : Using [0]mlx5_0:1/IB [RO]; OOB enp68s0f0:172.23.15.13<0>
ja3:927448:927454 [0] NCCL INFO PROFILER/Plugin: Could not find: libnccl-profiler.so.
ja3:927448:927454 [0] NCCL INFO Using network IB
ja3:927448:927454 [0] NCCL INFO ncclCommInitRank comm 0x1712cd30 rank 1 nranks 2 cudaDev 0 nvmlDev 0 busId 1000 commId 0x57e05fe0e7563221 - Init START
ja3:927448:927454 [0] NCCL INFO NET/IB : GPU Direct RDMA Disabled for HCA 0 'mlx5_0'
ja2:1311477:1311486 [0] NCCL INFO NET/IB : GPU Direct RDMA Disabled for HCA 0 'mlx5_0'
ja2:1311477:1311486 [0] NCCL INFO comm 0x23b0e370 rank 0 nRanks 2 nNodes 2 localRanks 1 localRank 0 MNNVL 0
ja3:927448:927454 [0] NCCL INFO comm 0x1712cd30 rank 1 nRanks 2 nNodes 2 localRanks 1 localRank 0 MNNVL 0
ja3:927448:927454 [0] NCCL INFO MSCCL: No external scheduler found, using internal implementation
ja3:927448:927454 [0] NCCL INFO MSCCL: Internal Scheduler will use /home/wangyj05/msccl_azure/executor/msccl-executor-nccl/build/lib/msccl-algorithms as algorithm directory and /home/wangyj05/msccl_azure/executor/msccl-executor-nccl/build/lib/../share/nccl/msccl-algorithms as share algorithm directory and /usr/share/nccl/msccl-algorithms as package installed share algorithm directory 
ja2:1311477:1311486 [0] NCCL INFO MSCCL: No external scheduler found, using internal implementation
ja2:1311477:1311486 [0] NCCL INFO MSCCL: Internal Scheduler will use /home/wangyj05/msccl_azure/executor/msccl-executor-nccl/build/lib/msccl-algorithms as algorithm directory and /home/wangyj05/msccl_azure/executor/msccl-executor-nccl/build/lib/../share/nccl/msccl-algorithms as share algorithm directory and /usr/share/nccl/msccl-algorithms as package installed share algorithm directory 
ja2:1311477:1311486 [0] NCCL INFO Using MSCCL Algo files from /home/wangyj05/msccl_azure/executor/msccl-executor-nccl/build/lib/msccl-algorithms
ja2:1311477:1311486 [0] NCCL INFO Channel 00/02 : 0 1
ja2:1311477:1311486 [0] NCCL INFO Channel 01/02 : 0 1
ja3:927448:927454 [0] NCCL INFO Using MSCCL Algo files from /home/wangyj05/msccl_azure/executor/msccl-executor-nccl/build/lib/msccl-algorithms
ja3:927448:927454 [0] NCCL INFO Trees [0] -1/-1/-1->1->0 [1] 0/-1/-1->1->-1
ja3:927448:927454 [0] NCCL INFO NCCL_BUFFSIZE set by environment to 4194304.
ja3:927448:927454 [0] NCCL INFO NCCL_P2P_NET_CHUNKSIZE set by environment to 524288.
ja3:927448:927454 [0] NCCL INFO P2P Chunksize set to 524288
ja2:1311477:1311486 [0] NCCL INFO Trees [0] 1/-1/-1->0->-1 [1] -1/-1/-1->0->1
ja2:1311477:1311486 [0] NCCL INFO NCCL_BUFFSIZE set by environment to 4194304.
ja2:1311477:1311486 [0] NCCL INFO NCCL_P2P_NET_CHUNKSIZE set by environment to 524288.
ja2:1311477:1311486 [0] NCCL INFO P2P Chunksize set to 524288
ja3:927448:927456 [0] NCCL INFO [Proxy Service] Device 0 CPU core 64
ja2:1311477:1311488 [0] NCCL INFO [Proxy Service] Device 0 CPU core 64
ja3:927448:927457 [0] NCCL INFO [Proxy Service UDS] Device 0 CPU core 64
ja2:1311477:1311489 [0] NCCL INFO [Proxy Service UDS] Device 0 CPU core 64
ja3:927448:927454 [0] NCCL INFO NCCL_PROTO set by environment to Simple
ja3:927448:927454 [0] NCCL INFO threadThresholds 8/8/64 | 16/8/64 | 512 | 512
ja3:927448:927454 [0] NCCL INFO 2 coll channels, 2 collnet channels, 0 nvls channels, 2 p2p channels, 2 p2p channels per peer
ja2:1311477:1311486 [0] NCCL INFO NCCL_PROTO set by environment to Simple
ja2:1311477:1311486 [0] NCCL INFO threadThresholds 8/8/64 | 16/8/64 | 512 | 512
ja2:1311477:1311486 [0] NCCL INFO 2 coll channels, 2 collnet channels, 0 nvls channels, 2 p2p channels, 2 p2p channels per peer
ja2:1311477:1311486 [0] NCCL INFO CC Off, Multi-GPU CC Off, workFifoBytes 1048576
ja3:927448:927454 [0] NCCL INFO MSCCL: Initialization finished
ja2:1311477:1311486 [0] NCCL INFO MSCCL: Initialization finished
ja3:927448:927454 [0] NCCL INFO TUNER/Plugin: Could not find: libnccl-tuner.so libnccl-net.so. Using internal tuner plugin.
ja3:927448:927454 [0] NCCL INFO ncclCommInitRank comm 0x1712cd30 rank 1 nranks 2 cudaDev 0 nvmlDev 0 busId 1000 commId 0x57e05fe0e7563221 - Init COMPLETE
ja3:927448:927454 [0] NCCL INFO Init timings - ncclCommInitRank: rank 1 nranks 2 total 0.03 (kernels 0.00, alloc 0.02, bootstrap 0.00, allgathers 0.00, topo 0.00, graphs 0.00, connections 0.00, rest 0.00)
ja2:1311477:1311486 [0] NCCL INFO TUNER/Plugin: Could not find: libnccl-tuner.so libnccl-net.so. Using internal tuner plugin.
ja2:1311477:1311486 [0] NCCL INFO ncclCommInitRank comm 0x23b0e370 rank 0 nranks 2 cudaDev 0 nvmlDev 0 busId 1000 commId 0x57e05fe0e7563221 - Init COMPLETE
ja2:1311477:1311486 [0] NCCL INFO Init timings - ncclCommInitRank: rank 0 nranks 2 total 0.10 (kernels 0.00, alloc 0.02, bootstrap 0.07, allgathers 0.00, topo 0.00, graphs 0.00, connections 0.00, rest 0.00)
#
#                                                              out-of-place                       in-place          
#       size         count      type   redop    root     time   algbw   busbw #wrong     time   algbw   busbw #wrong
#        (B)    (elements)                               (us)  (GB/s)  (GB/s)            (us)  (GB/s)  (GB/s)       
ja2:1311477:1311490 [0] NCCL INFO NCCL_NET_SHARED_BUFFERS set by environment to 0.
ja3:927448:927458 [0] NCCL INFO NCCL_NET_SHARED_BUFFERS set by environment to 0.
ja3:927448:927456 [0] NCCL INFO New proxy recv connection 0 from local rank 0, transport 2
ja3:927448:927458 [0] NCCL INFO Connected to proxy localRank 0 -> connection 0x149e78000d10
ja2:1311477:1311488 [0] NCCL INFO New proxy recv connection 0 from local rank 0, transport 2
ja3:927448:927459 [0] NCCL INFO [Proxy Progress] Device 0 CPU core 64
ja3:927448:927458 [0] NCCL INFO Channel 00/1 : 0[0] -> 1[0] [receive] via NET/IB/0
ja3:927448:927456 [0] NCCL INFO New proxy recv connection 1 from local rank 0, transport 2
ja2:1311477:1311491 [0] NCCL INFO [Proxy Progress] Device 0 CPU core 64
ja2:1311477:1311490 [0] NCCL INFO Connected to proxy localRank 0 -> connection 0x146714000cd0
ja3:927448:927458 [0] NCCL INFO Connected to proxy localRank 0 -> connection 0x149e78000d88
ja3:927448:927458 [0] NCCL INFO Channel 01/1 : 0[0] -> 1[0] [receive] via NET/IB/0
ja2:1311477:1311490 [0] NCCL INFO Channel 00/1 : 1[0] -> 0[0] [receive] via NET/IB/0
ja3:927448:927456 [0] NCCL INFO New proxy send connection 2 from local rank 0, transport 2
ja3:927448:927458 [0] NCCL INFO Connected to proxy localRank 0 -> connection 0x149e78000e00
ja3:927448:927458 [0] NCCL INFO Channel 00/1 : 1[0] -> 0[0] [send] via NET/IB/0
ja3:927448:927456 [0] NCCL INFO New proxy send connection 3 from local rank 0, transport 2
ja3:927448:927458 [0] NCCL INFO Connected to proxy localRank 0 -> connection 0x149e78000e78
ja2:1311477:1311488 [0] NCCL INFO New proxy recv connection 1 from local rank 0, transport 2
ja3:927448:927458 [0] NCCL INFO Channel 01/1 : 1[0] -> 0[0] [send] via NET/IB/0
ja2:1311477:1311490 [0] NCCL INFO Connected to proxy localRank 0 -> connection 0x146714000d48
ja2:1311477:1311490 [0] NCCL INFO Channel 01/1 : 1[0] -> 0[0] [receive] via NET/IB/0
ja2:1311477:1311488 [0] NCCL INFO New proxy send connection 2 from local rank 0, transport 2
ja2:1311477:1311490 [0] NCCL INFO Connected to proxy localRank 0 -> connection 0x146714000dc0
ja2:1311477:1311490 [0] NCCL INFO Channel 00/1 : 0[0] -> 1[0] [send] via NET/IB/0
ja2:1311477:1311488 [0] NCCL INFO New proxy send connection 3 from local rank 0, transport 2
ja2:1311477:1311490 [0] NCCL INFO Connected to proxy localRank 0 -> connection 0x146714000e38
ja2:1311477:1311490 [0] NCCL INFO Channel 01/1 : 0[0] -> 1[0] [send] via NET/IB/0
ja2:1311477:1311488 [0] NCCL INFO NCCL_IB_QPS_PER_CONNECTION set by environment to 2.
ja3:927448:927456 [0] NCCL INFO NCCL_IB_QPS_PER_CONNECTION set by environment to 2.
ja2:1311477:1311488 [0] NCCL INFO NCCL_IB_FRAG_SIZE set by environment to -1.
ja3:927448:927456 [0] NCCL INFO NCCL_IB_FRAG_SIZE set by environment to -1.
ja2:1311477:1311488 [0] NCCL INFO NET/IB: NCCL Dev 0 IbDev 0 Port 1 qpn 3674 mtu 5 LID 22 subnet-prefix 33022  FLID 0 fifoRkey=0x183af9 fifoLkey=0x183af9
ja2:1311477:1311488 [0] NCCL INFO NET/IB: NCCL Dev 0 IbDev 0 Port 1 qpn 3675 mtu 5 LID 22 subnet-prefix 33022  FLID 0 fifoRkey=0x183af9 fifoLkey=0x183af9
ja3:927448:927456 [0] NCCL INFO NET/IB: NCCL Dev 0 IbDev 0 Port 1 qpn 3593 mtu 5 LID 23 subnet-prefix 33022  FLID 0 fifoRkey=0x1827e6 fifoLkey=0x1827e6
ja3:927448:927456 [0] NCCL INFO NET/IB: NCCL Dev 0 IbDev 0 Port 1 qpn 3594 mtu 5 LID 23 subnet-prefix 33022  FLID 0 fifoRkey=0x1827e6 fifoLkey=0x1827e6
ja3:927448:927456 [0] NCCL INFO NCCL_IB_FRAG_BATCH set by environment to 2.
ja3:927448:927456 [0] NCCL INFO NET/IB: MTU fragmentation on: fragSize=4096 batch=2 sqDepth=2048 nqps=2
ja2:1311477:1311488 [0] NCCL INFO NET/IB: NCCL Dev 0 IbDev 0 Port 1 qpn 3679 mtu 5 LID 22 subnet-prefix 33022  FLID 0 fifoRkey=0x17fcbb fifoLkey=0x17fcbb
ja2:1311477:1311488 [0] NCCL INFO NET/IB: NCCL Dev 0 IbDev 0 Port 1 qpn 3680 mtu 5 LID 22 subnet-prefix 33022  FLID 0 fifoRkey=0x17fcbb fifoLkey=0x17fcbb
ja2:1311477:1311488 [0] NCCL INFO NCCL_IB_FRAG_BATCH set by environment to 2.
ja2:1311477:1311488 [0] NCCL INFO NET/IB: MTU fragmentation on: fragSize=4096 batch=2 sqDepth=2048 nqps=2
ja3:927448:927456 [0] NCCL INFO NET/IB: NCCL Dev 0 IbDev 0 Port 1 qpn 3598 mtu 5 LID 23 subnet-prefix 33022  FLID 0 fifoRkey=0x1800c0 fifoLkey=0x1800c0
ja3:927448:927456 [0] NCCL INFO NET/IB: NCCL Dev 0 IbDev 0 Port 1 qpn 3599 mtu 5 LID 23 subnet-prefix 33022  FLID 0 fifoRkey=0x1800c0 fifoLkey=0x1800c0
ja3:927448:927456 [0] NCCL INFO NET/IB: MTU fragmentation on: fragSize=4096 batch=2 sqDepth=2048 nqps=2
ja2:1311477:1311488 [0] NCCL INFO NET/IB: MTU fragmentation on: fragSize=4096 batch=2 sqDepth=2048 nqps=2
ja2:1311477:1311491 [0] NCCL INFO NCCL_IB_SPLIT_DATA_ON_QPS set by environment to 1.
ja3:927448:927459 [0] NCCL INFO NCCL_IB_SPLIT_DATA_ON_QPS set by environment to 1.
           8             2     float     sum      -1    14.63    0.00    0.00      0    14.34    0.00    0.00    N/A
          16             4     float     sum      -1    16.67    0.00    0.00      0    14.30    0.00    0.00    N/A
          32             8     float     sum      -1    22.56    0.00    0.00      0    14.62    0.00    0.00    N/A
          64            16     float     sum      -1    17.38    0.00    0.00      0    14.80    0.00    0.00    N/A
         128            32     float     sum      -1    16.93    0.01    0.01      0    15.07    0.01    0.01    N/A
         256            64     float     sum      -1    18.65    0.01    0.01      0    15.73    0.02    0.02    N/A
         512           128     float     sum      -1    19.90    0.03    0.03      0    16.13    0.03    0.03    N/A
        1024           256     float     sum      -1    18.92    0.05    0.05      0    16.14    0.06    0.06    N/A
        2048           512     float     sum      -1    18.49    0.11    0.11      0    17.51    0.12    0.12    N/A
        4096          1024     float     sum      -1    25.98    0.16    0.16      0    20.06    0.20    0.20    N/A
        8192          2048     float     sum      -1    29.76    0.28    0.28      0    26.36    0.31    0.31    N/A
ja3:927448:927448 [0] NCCL INFO comm 0x1712cd30 rank 1 nranks 2 cudaDev 0 busId 1000 - Destroy COMPLETE
ja2:1311477:1311477 [0] NCCL INFO comm 0x23b0e370 rank 0 nranks 2 cudaDev 0 busId 1000 - Destroy COMPLETE
ja3:927448:927448 [0] NCCL INFO MSCCL: Teardown finished
ja2:1311477:1311477 [0] NCCL INFO MSCCL: Teardown finished
# Out of bounds values : 0 OK
# Avg bus bandwidth    : 0.0641586 
#

--- checks for CASE G_split_small_qp2 ---
  ACTIVE: ja3:927448:927456 [0] NCCL INFO NET/IB: MTU fragmentation on: fragSize=4096 batch=2 sqDepth=2048 nqps=2
  RESULT: # Out of bounds values : 0 OK

========================================================
  CASE G_split_small_qp4
  NCCL_IB_FRAG_SIZE=-1
  NCCL_IB_FRAG_BATCH=2
  NCCL_IB_SEND_QUEUE_DEPTH=
  NCCL_IB_QPS_PER_CONNECTION=4
  NCCL_IB_SPLIT_DATA_ON_QPS=1
  sizes: -b 8 -e 8K -f 2  iters: -n 20 -w 5
  Wed Aug 12 17:02:32 CST 2026
========================================================
# nThread 1 nGpus 1 minBytes 8 maxBytes 8192 step: 2(factor) warmup iters: 5 iters: 20 agg iters: 1 validation: 1 graph: 0
#
# Using devices
#  Rank  0 Group  0 Pid 1311536 on        ja2 device  0 [0000:01:00] Tesla V100-PCIE-16GB
#  Rank  1 Group  0 Pid 927485 on        ja3 device  0 [0000:01:00] Tesla V100-PCIE-16GB
ja2:1311536:1311536 [0] NCCL INFO cudaDriverVersion 12000
ja2:1311536:1311536 [0] NCCL INFO NCCL version 2.23.4+cuda12.2
ja2:1311536:1311545 [0] NCCL INFO NET/Plugin: Could not find: libnccl-net.so. Using internal network plugin.
ja2:1311536:1311545 [0] NCCL INFO NCCL_IB_HCA set to mlx5_0
ja2:1311536:1311545 [0] NCCL INFO NET/IB : Using [0]mlx5_0:1/IB [RO]; OOB enp68s0f0:172.23.15.12<0>
ja2:1311536:1311545 [0] NCCL INFO PROFILER/Plugin: Could not find: libnccl-profiler.so.
ja2:1311536:1311545 [0] NCCL INFO Using network IB
ja2:1311536:1311545 [0] NCCL INFO ncclCommInitRank comm 0x144328c0 rank 0 nranks 2 cudaDev 0 nvmlDev 0 busId 1000 commId 0x8140105e4f4f0c31 - Init START
ja3:927485:927485 [0] NCCL INFO cudaDriverVersion 12000
ja3:927485:927485 [0] NCCL INFO NCCL version 2.23.4+cuda12.2
ja3:927485:927491 [0] NCCL INFO NET/Plugin: Could not find: libnccl-net.so. Using internal network plugin.
ja3:927485:927491 [0] NCCL INFO NCCL_IB_HCA set to mlx5_0
ja3:927485:927491 [0] NCCL INFO NET/IB : Using [0]mlx5_0:1/IB [RO]; OOB enp68s0f0:172.23.15.13<0>
ja3:927485:927491 [0] NCCL INFO PROFILER/Plugin: Could not find: libnccl-profiler.so.
ja3:927485:927491 [0] NCCL INFO Using network IB
ja3:927485:927491 [0] NCCL INFO ncclCommInitRank comm 0x174f73b0 rank 1 nranks 2 cudaDev 0 nvmlDev 0 busId 1000 commId 0x8140105e4f4f0c31 - Init START
ja3:927485:927491 [0] NCCL INFO NET/IB : GPU Direct RDMA Disabled for HCA 0 'mlx5_0'
ja2:1311536:1311545 [0] NCCL INFO NET/IB : GPU Direct RDMA Disabled for HCA 0 'mlx5_0'
ja2:1311536:1311545 [0] NCCL INFO comm 0x144328c0 rank 0 nRanks 2 nNodes 2 localRanks 1 localRank 0 MNNVL 0
ja3:927485:927491 [0] NCCL INFO comm 0x174f73b0 rank 1 nRanks 2 nNodes 2 localRanks 1 localRank 0 MNNVL 0
ja2:1311536:1311545 [0] NCCL INFO MSCCL: No external scheduler found, using internal implementation
ja2:1311536:1311545 [0] NCCL INFO MSCCL: Internal Scheduler will use /home/wangyj05/msccl_azure/executor/msccl-executor-nccl/build/lib/msccl-algorithms as algorithm directory and /home/wangyj05/msccl_azure/executor/msccl-executor-nccl/build/lib/../share/nccl/msccl-algorithms as share algorithm directory and /usr/share/nccl/msccl-algorithms as package installed share algorithm directory 
ja3:927485:927491 [0] NCCL INFO MSCCL: No external scheduler found, using internal implementation
ja3:927485:927491 [0] NCCL INFO MSCCL: Internal Scheduler will use /home/wangyj05/msccl_azure/executor/msccl-executor-nccl/build/lib/msccl-algorithms as algorithm directory and /home/wangyj05/msccl_azure/executor/msccl-executor-nccl/build/lib/../share/nccl/msccl-algorithms as share algorithm directory and /usr/share/nccl/msccl-algorithms as package installed share algorithm directory 
ja2:1311536:1311545 [0] NCCL INFO Using MSCCL Algo files from /home/wangyj05/msccl_azure/executor/msccl-executor-nccl/build/lib/msccl-algorithms
ja2:1311536:1311545 [0] NCCL INFO Channel 00/02 : 0 1
ja2:1311536:1311545 [0] NCCL INFO Channel 01/02 : 0 1
ja2:1311536:1311545 [0] NCCL INFO Trees [0] 1/-1/-1->0->-1 [1] -1/-1/-1->0->1
ja2:1311536:1311545 [0] NCCL INFO NCCL_BUFFSIZE set by environment to 4194304.
ja2:1311536:1311545 [0] NCCL INFO NCCL_P2P_NET_CHUNKSIZE set by environment to 524288.
ja2:1311536:1311545 [0] NCCL INFO P2P Chunksize set to 524288
ja3:927485:927491 [0] NCCL INFO Using MSCCL Algo files from /home/wangyj05/msccl_azure/executor/msccl-executor-nccl/build/lib/msccl-algorithms
ja3:927485:927491 [0] NCCL INFO Trees [0] -1/-1/-1->1->0 [1] 0/-1/-1->1->-1
ja3:927485:927491 [0] NCCL INFO NCCL_BUFFSIZE set by environment to 4194304.
ja3:927485:927491 [0] NCCL INFO NCCL_P2P_NET_CHUNKSIZE set by environment to 524288.
ja3:927485:927491 [0] NCCL INFO P2P Chunksize set to 524288
ja2:1311536:1311547 [0] NCCL INFO [Proxy Service] Device 0 CPU core 192
ja3:927485:927493 [0] NCCL INFO [Proxy Service] Device 0 CPU core 192
ja3:927485:927494 [0] NCCL INFO [Proxy Service UDS] Device 0 CPU core 192
ja2:1311536:1311548 [0] NCCL INFO [Proxy Service UDS] Device 0 CPU core 192
ja3:927485:927491 [0] NCCL INFO NCCL_PROTO set by environment to Simple
ja3:927485:927491 [0] NCCL INFO threadThresholds 8/8/64 | 16/8/64 | 512 | 512
ja3:927485:927491 [0] NCCL INFO 2 coll channels, 2 collnet channels, 0 nvls channels, 2 p2p channels, 2 p2p channels per peer
ja2:1311536:1311545 [0] NCCL INFO NCCL_PROTO set by environment to Simple
ja2:1311536:1311545 [0] NCCL INFO threadThresholds 8/8/64 | 16/8/64 | 512 | 512
ja2:1311536:1311545 [0] NCCL INFO 2 coll channels, 2 collnet channels, 0 nvls channels, 2 p2p channels, 2 p2p channels per peer
ja2:1311536:1311545 [0] NCCL INFO CC Off, Multi-GPU CC Off, workFifoBytes 1048576
ja3:927485:927491 [0] NCCL INFO MSCCL: Initialization finished
ja3:927485:927491 [0] NCCL INFO TUNER/Plugin: Could not find: libnccl-tuner.so libnccl-net.so. Using internal tuner plugin.
ja3:927485:927491 [0] NCCL INFO ncclCommInitRank comm 0x174f73b0 rank 1 nranks 2 cudaDev 0 nvmlDev 0 busId 1000 commId 0x8140105e4f4f0c31 - Init COMPLETE
ja3:927485:927491 [0] NCCL INFO Init timings - ncclCommInitRank: rank 1 nranks 2 total 0.03 (kernels 0.00, alloc 0.02, bootstrap 0.00, allgathers 0.00, topo 0.00, graphs 0.00, connections 0.00, rest 0.00)
ja2:1311536:1311545 [0] NCCL INFO MSCCL: Initialization finished
ja2:1311536:1311545 [0] NCCL INFO TUNER/Plugin: Could not find: libnccl-tuner.so libnccl-net.so. Using internal tuner plugin.
ja2:1311536:1311545 [0] NCCL INFO ncclCommInitRank comm 0x144328c0 rank 0 nranks 2 cudaDev 0 nvmlDev 0 busId 1000 commId 0x8140105e4f4f0c31 - Init COMPLETE
ja2:1311536:1311545 [0] NCCL INFO Init timings - ncclCommInitRank: rank 0 nranks 2 total 0.11 (kernels 0.00, alloc 0.02, bootstrap 0.08, allgathers 0.00, topo 0.00, graphs 0.00, connections 0.00, rest 0.00)
#
#                                                              out-of-place                       in-place          
#       size         count      type   redop    root     time   algbw   busbw #wrong     time   algbw   busbw #wrong
#        (B)    (elements)                               (us)  (GB/s)  (GB/s)            (us)  (GB/s)  (GB/s)       
ja2:1311536:1311549 [0] NCCL INFO NCCL_NET_SHARED_BUFFERS set by environment to 0.
ja3:927485:927495 [0] NCCL INFO NCCL_NET_SHARED_BUFFERS set by environment to 0.
ja3:927485:927493 [0] NCCL INFO New proxy recv connection 0 from local rank 0, transport 2
ja3:927485:927495 [0] NCCL INFO Connected to proxy localRank 0 -> connection 0x1477d8000d10
ja2:1311536:1311547 [0] NCCL INFO New proxy recv connection 0 from local rank 0, transport 2
ja3:927485:927496 [0] NCCL INFO [Proxy Progress] Device 0 CPU core 192
ja2:1311536:1311550 [0] NCCL INFO [Proxy Progress] Device 0 CPU core 192
ja2:1311536:1311549 [0] NCCL INFO Connected to proxy localRank 0 -> connection 0x14ff58000cd0
ja3:927485:927495 [0] NCCL INFO Channel 00/1 : 0[0] -> 1[0] [receive] via NET/IB/0
ja3:927485:927493 [0] NCCL INFO New proxy recv connection 1 from local rank 0, transport 2
ja3:927485:927495 [0] NCCL INFO Connected to proxy localRank 0 -> connection 0x1477d8000d88
ja2:1311536:1311549 [0] NCCL INFO Channel 00/1 : 1[0] -> 0[0] [receive] via NET/IB/0
ja3:927485:927495 [0] NCCL INFO Channel 01/1 : 0[0] -> 1[0] [receive] via NET/IB/0
ja3:927485:927493 [0] NCCL INFO New proxy send connection 2 from local rank 0, transport 2
ja3:927485:927495 [0] NCCL INFO Connected to proxy localRank 0 -> connection 0x1477d8000e00
ja3:927485:927495 [0] NCCL INFO Channel 00/1 : 1[0] -> 0[0] [send] via NET/IB/0
ja3:927485:927493 [0] NCCL INFO New proxy send connection 3 from local rank 0, transport 2
ja3:927485:927495 [0] NCCL INFO Connected to proxy localRank 0 -> connection 0x1477d8000e78
ja2:1311536:1311547 [0] NCCL INFO New proxy recv connection 1 from local rank 0, transport 2
ja3:927485:927495 [0] NCCL INFO Channel 01/1 : 1[0] -> 0[0] [send] via NET/IB/0
ja2:1311536:1311549 [0] NCCL INFO Connected to proxy localRank 0 -> connection 0x14ff58000d48
ja2:1311536:1311549 [0] NCCL INFO Channel 01/1 : 1[0] -> 0[0] [receive] via NET/IB/0
ja2:1311536:1311547 [0] NCCL INFO New proxy send connection 2 from local rank 0, transport 2
ja2:1311536:1311549 [0] NCCL INFO Connected to proxy localRank 0 -> connection 0x14ff58000dc0
ja2:1311536:1311549 [0] NCCL INFO Channel 00/1 : 0[0] -> 1[0] [send] via NET/IB/0
ja2:1311536:1311547 [0] NCCL INFO New proxy send connection 3 from local rank 0, transport 2
ja2:1311536:1311549 [0] NCCL INFO Connected to proxy localRank 0 -> connection 0x14ff58000e38
ja2:1311536:1311549 [0] NCCL INFO Channel 01/1 : 0[0] -> 1[0] [send] via NET/IB/0
ja2:1311536:1311547 [0] NCCL INFO NCCL_IB_QPS_PER_CONNECTION set by environment to 4.
ja3:927485:927493 [0] NCCL INFO NCCL_IB_QPS_PER_CONNECTION set by environment to 4.
ja2:1311536:1311547 [0] NCCL INFO NCCL_IB_FRAG_SIZE set by environment to -1.
ja3:927485:927493 [0] NCCL INFO NCCL_IB_FRAG_SIZE set by environment to -1.
ja3:927485:927493 [0] NCCL INFO NET/IB: NCCL Dev 0 IbDev 0 Port 1 qpn 3614 mtu 5 LID 23 subnet-prefix 33022  FLID 0 fifoRkey=0x1800c0 fifoLkey=0x1800c0
ja3:927485:927493 [0] NCCL INFO NET/IB: NCCL Dev 0 IbDev 0 Port 1 qpn 3615 mtu 5 LID 23 subnet-prefix 33022  FLID 0 fifoRkey=0x1800c0 fifoLkey=0x1800c0
ja3:927485:927493 [0] NCCL INFO NET/IB: NCCL Dev 0 IbDev 0 Port 1 qpn 3616 mtu 5 LID 23 subnet-prefix 33022  FLID 0 fifoRkey=0x1800c0 fifoLkey=0x1800c0
ja3:927485:927493 [0] NCCL INFO NET/IB: NCCL Dev 0 IbDev 0 Port 1 qpn 3617 mtu 5 LID 23 subnet-prefix 33022  FLID 0 fifoRkey=0x1800c0 fifoLkey=0x1800c0
ja2:1311536:1311547 [0] NCCL INFO NET/IB: NCCL Dev 0 IbDev 0 Port 1 qpn 3695 mtu 5 LID 22 subnet-prefix 33022  FLID 0 fifoRkey=0x1836f5 fifoLkey=0x1836f5
ja2:1311536:1311547 [0] NCCL INFO NET/IB: NCCL Dev 0 IbDev 0 Port 1 qpn 3696 mtu 5 LID 22 subnet-prefix 33022  FLID 0 fifoRkey=0x1836f5 fifoLkey=0x1836f5
ja2:1311536:1311547 [0] NCCL INFO NET/IB: NCCL Dev 0 IbDev 0 Port 1 qpn 3697 mtu 5 LID 22 subnet-prefix 33022  FLID 0 fifoRkey=0x1836f5 fifoLkey=0x1836f5
ja2:1311536:1311547 [0] NCCL INFO NET/IB: NCCL Dev 0 IbDev 0 Port 1 qpn 3698 mtu 5 LID 22 subnet-prefix 33022  FLID 0 fifoRkey=0x1836f5 fifoLkey=0x1836f5
ja3:927485:927493 [0] NCCL INFO NET/IB: NCCL Dev 0 IbDev 0 Port 1 qpn 3618 mtu 5 LID 23 subnet-prefix 33022  FLID 0 fifoRkey=0x178c4b fifoLkey=0x178c4b
ja3:927485:927493 [0] NCCL INFO NET/IB: NCCL Dev 0 IbDev 0 Port 1 qpn 3619 mtu 5 LID 23 subnet-prefix 33022  FLID 0 fifoRkey=0x178c4b fifoLkey=0x178c4b
ja3:927485:927493 [0] NCCL INFO NET/IB: NCCL Dev 0 IbDev 0 Port 1 qpn 3620 mtu 5 LID 23 subnet-prefix 33022  FLID 0 fifoRkey=0x178c4b fifoLkey=0x178c4b
ja3:927485:927493 [0] NCCL INFO NET/IB: NCCL Dev 0 IbDev 0 Port 1 qpn 3621 mtu 5 LID 23 subnet-prefix 33022  FLID 0 fifoRkey=0x178c4b fifoLkey=0x178c4b
ja3:927485:927493 [0] NCCL INFO NCCL_IB_FRAG_BATCH set by environment to 2.
ja3:927485:927493 [0] NCCL INFO NET/IB: MTU fragmentation on: fragSize=4096 batch=2 sqDepth=2048 nqps=4
ja2:1311536:1311547 [0] NCCL INFO NET/IB: NCCL Dev 0 IbDev 0 Port 1 qpn 3704 mtu 5 LID 22 subnet-prefix 33022  FLID 0 fifoRkey=0x17fcbb fifoLkey=0x17fcbb
ja2:1311536:1311547 [0] NCCL INFO NET/IB: NCCL Dev 0 IbDev 0 Port 1 qpn 3705 mtu 5 LID 22 subnet-prefix 33022  FLID 0 fifoRkey=0x17fcbb fifoLkey=0x17fcbb
ja2:1311536:1311547 [0] NCCL INFO NET/IB: NCCL Dev 0 IbDev 0 Port 1 qpn 3706 mtu 5 LID 22 subnet-prefix 33022  FLID 0 fifoRkey=0x17fcbb fifoLkey=0x17fcbb
ja2:1311536:1311547 [0] NCCL INFO NET/IB: NCCL Dev 0 IbDev 0 Port 1 qpn 3707 mtu 5 LID 22 subnet-prefix 33022  FLID 0 fifoRkey=0x17fcbb fifoLkey=0x17fcbb
ja2:1311536:1311547 [0] NCCL INFO NCCL_IB_FRAG_BATCH set by environment to 2.
ja2:1311536:1311547 [0] NCCL INFO NET/IB: MTU fragmentation on: fragSize=4096 batch=2 sqDepth=2048 nqps=4
ja3:927485:927493 [0] NCCL INFO NET/IB: MTU fragmentation on: fragSize=4096 batch=2 sqDepth=2048 nqps=4
ja2:1311536:1311547 [0] NCCL INFO NET/IB: MTU fragmentation on: fragSize=4096 batch=2 sqDepth=2048 nqps=4
ja2:1311536:1311550 [0] NCCL INFO NCCL_IB_SPLIT_DATA_ON_QPS set by environment to 1.
ja3:927485:927496 [0] NCCL INFO NCCL_IB_SPLIT_DATA_ON_QPS set by environment to 1.
           8             2     float     sum      -1    15.20    0.00    0.00      0    14.65    0.00    0.00    N/A
          16             4     float     sum      -1    17.23    0.00    0.00      0    14.25    0.00    0.00    N/A
          32             8     float     sum      -1    17.64    0.00    0.00      0    14.83    0.00    0.00    N/A
          64            16     float     sum      -1    17.98    0.00    0.00      0    14.57    0.00    0.00    N/A
         128            32     float     sum      -1    17.55    0.01    0.01      0    15.85    0.01    0.01    N/A
         256            64     float     sum      -1    19.29    0.01    0.01      0    16.42    0.02    0.02    N/A
         512           128     float     sum      -1    18.66    0.03    0.03      0    25.11    0.02    0.02    N/A
        1024           256     float     sum      -1    20.18    0.05    0.05      0    16.81    0.06    0.06    N/A
        2048           512     float     sum      -1    20.17    0.10    0.10      0    18.13    0.11    0.11    N/A
        4096          1024     float     sum      -1    22.60    0.18    0.18      0    20.12    0.20    0.20    N/A
        8192          2048     float     sum      -1    27.31    0.30    0.30      0    26.94    0.30    0.30    N/A
ja3:927485:927485 [0] NCCL INFO comm 0x174f73b0 rank 1 nranks 2 cudaDev 0 busId 1000 - Destroy COMPLETE
ja3:927485:927485 [0] NCCL INFO MSCCL: Teardown finished
ja2:1311536:1311536 [0] NCCL INFO comm 0x144328c0 rank 0 nranks 2 cudaDev 0 busId 1000 - Destroy COMPLETE
ja2:1311536:1311536 [0] NCCL INFO MSCCL: Teardown finished
# Out of bounds values : 0 OK
# Avg bus bandwidth    : 0.0646435 
#

--- checks for CASE G_split_small_qp4 ---
  ACTIVE: ja3:927485:927493 [0] NCCL INFO NET/IB: MTU fragmentation on: fragSize=4096 batch=2 sqDepth=2048 nqps=4
  RESULT: # Out of bounds values : 0 OK

========================================================
  Stage 1 run complete (PHASE=qp): Wed Aug 12 17:02:35 CST 2026
  Per-case logs: logs/stage1/312280_*.log
========================================================
